ISO-10303-21;
HEADER;
FILE_DESCRIPTION(('FreeCAD Model'),'2;1');
FILE_NAME('Open CASCADE Shape Model','2025-03-07T12:33:44',(''),(''),
  'Open CASCADE STEP processor 7.8','FreeCAD','Unknown');
FILE_SCHEMA(('AUTOMOTIVE_DESIGN { 1 0 10303 214 1 1 1 1 }'));
ENDSEC;
DATA;
#1 = APPLICATION_PROTOCOL_DEFINITION('international standard',
  'automotive_design',2000,#2);
#2 = APPLICATION_CONTEXT(
  'core data for automotive mechanical design processes');
#3 = SHAPE_DEFINITION_REPRESENTATION(#4,#10);
#4 = PRODUCT_DEFINITION_SHAPE('','',#5);
#5 = PRODUCT_DEFINITION('design','',#6,#9);
#6 = PRODUCT_DEFINITION_FORMATION('','',#7);
#7 = PRODUCT('Part','Part','',(#8));
#8 = PRODUCT_CONTEXT('',#2,'mechanical');
#9 = PRODUCT_DEFINITION_CONTEXT('part definition',#2,'design');
#10 = SHAPE_REPRESENTATION('',(#11,#15,#19,#23,#27,#31),#35);
#11 = AXIS2_PLACEMENT_3D('',#12,#13,#14);
#12 = CARTESIAN_POINT('',(0.,0.,0.));
#13 = DIRECTION('',(0.,0.,1.));
#14 = DIRECTION('',(1.,0.,-0.));
#15 = AXIS2_PLACEMENT_3D('',#16,#17,#18);
#16 = CARTESIAN_POINT('',(0.,0.,0.));
#17 = DIRECTION('',(0.,0.,1.));
#18 = DIRECTION('',(1.,0.,0.));
#19 = AXIS2_PLACEMENT_3D('',#20,#21,#22);
#20 = CARTESIAN_POINT('',(0.,0.,0.));
#21 = DIRECTION('',(0.,0.,1.));
#22 = DIRECTION('',(1.,0.,0.));
#23 = AXIS2_PLACEMENT_3D('',#24,#25,#26);
#24 = CARTESIAN_POINT('',(3.65,0.,0.));
#25 = DIRECTION('',(0.,0.,1.));
#26 = DIRECTION('',(1.,0.,0.));
#27 = AXIS2_PLACEMENT_3D('',#28,#29,#30);
#28 = CARTESIAN_POINT('',(122.5,0.,0.));
#29 = DIRECTION('',(0.,0.,1.));
#30 = DIRECTION('',(1.,0.,0.));
#31 = AXIS2_PLACEMENT_3D('',#32,#33,#34);
#32 = CARTESIAN_POINT('',(92.2,0.,0.));
#33 = DIRECTION('',(0.,0.,1.));
#34 = DIRECTION('',(1.,0.,0.));
#35 = ( GEOMETRIC_REPRESENTATION_CONTEXT(3) 
GLOBAL_UNCERTAINTY_ASSIGNED_CONTEXT((#39)) GLOBAL_UNIT_ASSIGNED_CONTEXT(
(#36,#37,#38)) REPRESENTATION_CONTEXT('Context #1',
  '3D Context with UNIT and UNCERTAINTY') );
#36 = ( LENGTH_UNIT() NAMED_UNIT(*) SI_UNIT(.MILLI.,.METRE.) );
#37 = ( NAMED_UNIT(*) PLANE_ANGLE_UNIT() SI_UNIT($,.RADIAN.) );
#38 = ( NAMED_UNIT(*) SI_UNIT($,.STERADIAN.) SOLID_ANGLE_UNIT() );
#39 = UNCERTAINTY_MEASURE_WITH_UNIT(LENGTH_MEASURE(5.E-05),#36,
  'distance_accuracy_value','confusion accuracy');
#40 = PRODUCT_RELATED_PRODUCT_CATEGORY('part',$,(#7));
#41 = SHAPE_DEFINITION_REPRESENTATION(#42,#48);
#42 = PRODUCT_DEFINITION_SHAPE('','',#43);
#43 = PRODUCT_DEFINITION('design','',#44,#47);
#44 = PRODUCT_DEFINITION_FORMATION('','',#45);
#45 = PRODUCT('Body','Body','',(#46));
#46 = PRODUCT_CONTEXT('',#2,'mechanical');
#47 = PRODUCT_DEFINITION_CONTEXT('part definition',#2,'design');
#48 = ADVANCED_BREP_SHAPE_REPRESENTATION('',(#11,#49),#6324);
#49 = MANIFOLD_SOLID_BREP('',#50);
#50 = CLOSED_SHELL('',(#51,#347,#396,#421,#445,#478,#502,#535,#567,#608,
    #648,#672,#696,#720,#760,#793,#817,#861,#885,#913,#937,#981,#1014,
    #1039,#1072,#1097,#1121,#1146,#1178,#1222,#1246,#1273,#1297,#1341,
    #1372,#1405,#1436,#1453,#1511,#1536,#1587,#1604,#1674,#1691,#1715,
    #1732,#1789,#1807,#1819,#2007,#2019,#2041,#2082,#2115,#2135,#2159,
    #2478,#2495,#2539,#2556,#2580,#2617,#2641,#2658,#2676,#2688,#2706,
    #2740,#2763,#2792,#2816,#2837,#2872,#2883,#3080,#3152,#3226,#3252,
    #3313,#3356,#3441,#3492,#3523,#3580,#3683,#3699,#3931,#3967,#3989,
    #4141,#4158,#4190,#4214,#4239,#4286,#4321,#4346,#4380,#4476,#4501,
    #4539,#4703,#4727,#4788,#4804,#4902,#4993,#5010,#5092,#5147,#5165,
    #5182,#5211,#5234,#5246,#5271,#5296,#5321,#5346,#5377,#5489,#5643,
    #5683,#5717,#5776,#5807,#5832,#5857,#5881,#5905,#5930,#5955,#5972,
    #5981,#5990,#5999,#6008,#6039,#6064,#6089,#6106,#6137,#6162,#6187,
    #6211,#6235,#6260,#6285,#6302));
#51 = ADVANCED_FACE('',(#52),#342,.T.);
#52 = FACE_BOUND('',#53,.T.);
#53 = EDGE_LOOP('',(#54,#64,#72,#80,#88,#96,#104,#112,#120,#128,#136,
    #144,#152,#160,#168,#176,#184,#192,#200,#208,#216,#224,#232,#240,
    #248,#256,#264,#272,#280,#288,#296,#304,#312,#320,#328,#336));
#54 = ORIENTED_EDGE('',*,*,#55,.F.);
#55 = EDGE_CURVE('',#56,#58,#60,.T.);
#56 = VERTEX_POINT('',#57);
#57 = CARTESIAN_POINT('',(-56.4214,-30.78,-8.));
#58 = VERTEX_POINT('',#59);
#59 = CARTESIAN_POINT('',(-64.98952571301,-30.78,-26.95646922746));
#60 = LINE('',#61,#62);
#61 = CARTESIAN_POINT('',(-56.4214,-30.78,-8.));
#62 = VECTOR('',#63,1.);
#63 = DIRECTION('',(-0.411871765211,-0.,-0.911241816985));
#64 = ORIENTED_EDGE('',*,*,#65,.F.);
#65 = EDGE_CURVE('',#66,#56,#68,.T.);
#66 = VERTEX_POINT('',#67);
#67 = CARTESIAN_POINT('',(-56.4214,-30.78,1.4E-14));
#68 = LINE('',#69,#70);
#69 = CARTESIAN_POINT('',(-56.4214,-30.78,1.42108547152E-14));
#70 = VECTOR('',#71,1.);
#71 = DIRECTION('',(0.,0.,-1.));
#72 = ORIENTED_EDGE('',*,*,#73,.F.);
#73 = EDGE_CURVE('',#74,#66,#76,.T.);
#74 = VERTEX_POINT('',#75);
#75 = CARTESIAN_POINT('',(-59.7514,-30.78,1.4E-14));
#76 = LINE('',#77,#78);
#77 = CARTESIAN_POINT('',(-59.7514,-30.78,1.42108547152E-14));
#78 = VECTOR('',#79,1.);
#79 = DIRECTION('',(1.,0.,0.));
#80 = ORIENTED_EDGE('',*,*,#81,.T.);
#81 = EDGE_CURVE('',#74,#82,#84,.T.);
#82 = VERTEX_POINT('',#83);
#83 = CARTESIAN_POINT('',(-59.7514,-30.78,-1.8542));
#84 = LINE('',#85,#86);
#85 = CARTESIAN_POINT('',(-59.7514,-30.78,1.42108547152E-14));
#86 = VECTOR('',#87,1.);
#87 = DIRECTION('',(0.,0.,-1.));
#88 = ORIENTED_EDGE('',*,*,#89,.T.);
#89 = EDGE_CURVE('',#82,#90,#92,.T.);
#90 = VERTEX_POINT('',#91);
#91 = CARTESIAN_POINT('',(-58.4214,-30.78,-1.8542));
#92 = LINE('',#93,#94);
#93 = CARTESIAN_POINT('',(-59.7514,-30.78,-1.8542));
#94 = VECTOR('',#95,1.);
#95 = DIRECTION('',(1.,0.,0.));
#96 = ORIENTED_EDGE('',*,*,#97,.T.);
#97 = EDGE_CURVE('',#90,#98,#100,.T.);
#98 = VERTEX_POINT('',#99);
#99 = CARTESIAN_POINT('',(-58.4214,-30.78,-4.4958));
#100 = LINE('',#101,#102);
#101 = CARTESIAN_POINT('',(-58.4214,-30.78,-1.8542));
#102 = VECTOR('',#103,1.);
#103 = DIRECTION('',(0.,0.,-1.));
#104 = ORIENTED_EDGE('',*,*,#105,.F.);
#105 = EDGE_CURVE('',#106,#98,#108,.T.);
#106 = VERTEX_POINT('',#107);
#107 = CARTESIAN_POINT('',(-59.7514,-30.78,-4.4958));
#108 = LINE('',#109,#110);
#109 = CARTESIAN_POINT('',(-59.7514,-30.78,-4.4958));
#110 = VECTOR('',#111,1.);
#111 = DIRECTION('',(1.,0.,0.));
#112 = ORIENTED_EDGE('',*,*,#113,.T.);
#113 = EDGE_CURVE('',#106,#114,#116,.T.);
#114 = VERTEX_POINT('',#115);
#115 = CARTESIAN_POINT('',(-59.7514,-30.78,-5.8928));
#116 = LINE('',#117,#118);
#117 = CARTESIAN_POINT('',(-59.7514,-30.78,-4.4958));
#118 = VECTOR('',#119,1.);
#119 = DIRECTION('',(0.,0.,-1.));
#120 = ORIENTED_EDGE('',*,*,#121,.T.);
#121 = EDGE_CURVE('',#114,#122,#124,.T.);
#122 = VERTEX_POINT('',#123);
#123 = CARTESIAN_POINT('',(-62.7486,-30.78,-5.8928));
#124 = LINE('',#125,#126);
#125 = CARTESIAN_POINT('',(-59.7514,-30.78,-5.8928));
#126 = VECTOR('',#127,1.);
#127 = DIRECTION('',(-1.,0.,0.));
#128 = ORIENTED_EDGE('',*,*,#129,.T.);
#129 = EDGE_CURVE('',#122,#130,#132,.T.);
#130 = VERTEX_POINT('',#131);
#131 = CARTESIAN_POINT('',(-62.7486,-30.78,-4.4958));
#132 = LINE('',#133,#134);
#133 = CARTESIAN_POINT('',(-62.7486,-30.78,-5.8928));
#134 = VECTOR('',#135,1.);
#135 = DIRECTION('',(0.,0.,1.));
#136 = ORIENTED_EDGE('',*,*,#137,.T.);
#137 = EDGE_CURVE('',#130,#138,#140,.T.);
#138 = VERTEX_POINT('',#139);
#139 = CARTESIAN_POINT('',(-64.0786,-30.78,-4.4958));
#140 = LINE('',#141,#142);
#141 = CARTESIAN_POINT('',(-62.7486,-30.78,-4.4958));
#142 = VECTOR('',#143,1.);
#143 = DIRECTION('',(-1.,0.,0.));
#144 = ORIENTED_EDGE('',*,*,#145,.T.);
#145 = EDGE_CURVE('',#138,#146,#148,.T.);
#146 = VERTEX_POINT('',#147);
#147 = CARTESIAN_POINT('',(-64.0786,-30.78,-1.8542));
#148 = LINE('',#149,#150);
#149 = CARTESIAN_POINT('',(-64.0786,-30.78,-4.4958));
#150 = VECTOR('',#151,1.);
#151 = DIRECTION('',(0.,0.,1.));
#152 = ORIENTED_EDGE('',*,*,#153,.F.);
#153 = EDGE_CURVE('',#154,#146,#156,.T.);
#154 = VERTEX_POINT('',#155);
#155 = CARTESIAN_POINT('',(-62.7486,-30.78,-1.8542));
#156 = LINE('',#157,#158);
#157 = CARTESIAN_POINT('',(-62.7486,-30.78,-1.8542));
#158 = VECTOR('',#159,1.);
#159 = DIRECTION('',(-1.,0.,0.));
#160 = ORIENTED_EDGE('',*,*,#161,.F.);
#161 = EDGE_CURVE('',#162,#154,#164,.T.);
#162 = VERTEX_POINT('',#163);
#163 = CARTESIAN_POINT('',(-62.7486,-30.78,1.4E-14));
#164 = LINE('',#165,#166);
#165 = CARTESIAN_POINT('',(-62.7486,-30.78,1.42108547152E-14));
#166 = VECTOR('',#167,1.);
#167 = DIRECTION('',(0.,0.,-1.));
#168 = ORIENTED_EDGE('',*,*,#169,.T.);
#169 = EDGE_CURVE('',#162,#170,#172,.T.);
#170 = VERTEX_POINT('',#171);
#171 = CARTESIAN_POINT('',(-65.1486,-30.78,1.4E-14));
#172 = LINE('',#173,#174);
#173 = CARTESIAN_POINT('',(-62.7486,-30.78,1.42108547152E-14));
#174 = VECTOR('',#175,1.);
#175 = DIRECTION('',(-1.,0.,0.));
#176 = ORIENTED_EDGE('',*,*,#177,.T.);
#177 = EDGE_CURVE('',#170,#178,#180,.T.);
#178 = VERTEX_POINT('',#179);
#179 = CARTESIAN_POINT('',(-65.1486,-30.78,1.9));
#180 = LINE('',#181,#182);
#181 = CARTESIAN_POINT('',(-65.1486,-30.78,1.42108547152E-14));
#182 = VECTOR('',#183,1.);
#183 = DIRECTION('',(0.,0.,1.));
#184 = ORIENTED_EDGE('',*,*,#185,.T.);
#185 = EDGE_CURVE('',#178,#186,#188,.T.);
#186 = VERTEX_POINT('',#187);
#187 = CARTESIAN_POINT('',(65.1486,-30.78,1.9));
#188 = LINE('',#189,#190);
#189 = CARTESIAN_POINT('',(-65.1486,-30.78,1.9));
#190 = VECTOR('',#191,1.);
#191 = DIRECTION('',(1.,0.,0.));
#192 = ORIENTED_EDGE('',*,*,#193,.F.);
#193 = EDGE_CURVE('',#194,#186,#196,.T.);
#194 = VERTEX_POINT('',#195);
#195 = CARTESIAN_POINT('',(65.1486,-30.78,1.4E-14));
#196 = LINE('',#197,#198);
#197 = CARTESIAN_POINT('',(65.1486,-30.78,1.42108547152E-14));
#198 = VECTOR('',#199,1.);
#199 = DIRECTION('',(0.,0.,1.));
#200 = ORIENTED_EDGE('',*,*,#201,.F.);
#201 = EDGE_CURVE('',#202,#194,#204,.T.);
#202 = VERTEX_POINT('',#203);
#203 = CARTESIAN_POINT('',(62.7486,-30.78,1.4E-14));
#204 = LINE('',#205,#206);
#205 = CARTESIAN_POINT('',(62.7486,-30.78,1.42108547152E-14));
#206 = VECTOR('',#207,1.);
#207 = DIRECTION('',(1.,0.,0.));
#208 = ORIENTED_EDGE('',*,*,#209,.F.);
#209 = EDGE_CURVE('',#210,#202,#212,.T.);
#210 = VERTEX_POINT('',#211);
#211 = CARTESIAN_POINT('',(62.7486,-30.78,-1.8542));
#212 = LINE('',#213,#214);
#213 = CARTESIAN_POINT('',(62.7486,-30.78,-1.8542));
#214 = VECTOR('',#215,1.);
#215 = DIRECTION('',(0.,0.,1.));
#216 = ORIENTED_EDGE('',*,*,#217,.T.);
#217 = EDGE_CURVE('',#210,#218,#220,.T.);
#218 = VERTEX_POINT('',#219);
#219 = CARTESIAN_POINT('',(64.0786,-30.78,-1.8542));
#220 = LINE('',#221,#222);
#221 = CARTESIAN_POINT('',(62.7486,-30.78,-1.8542));
#222 = VECTOR('',#223,1.);
#223 = DIRECTION('',(1.,0.,0.));
#224 = ORIENTED_EDGE('',*,*,#225,.F.);
#225 = EDGE_CURVE('',#226,#218,#228,.T.);
#226 = VERTEX_POINT('',#227);
#227 = CARTESIAN_POINT('',(64.0786,-30.78,-4.4958));
#228 = LINE('',#229,#230);
#229 = CARTESIAN_POINT('',(64.0786,-30.78,-4.4958));
#230 = VECTOR('',#231,1.);
#231 = DIRECTION('',(0.,0.,1.));
#232 = ORIENTED_EDGE('',*,*,#233,.F.);
#233 = EDGE_CURVE('',#234,#226,#236,.T.);
#234 = VERTEX_POINT('',#235);
#235 = CARTESIAN_POINT('',(62.7486,-30.78,-4.4958));
#236 = LINE('',#237,#238);
#237 = CARTESIAN_POINT('',(62.7486,-30.78,-4.4958));
#238 = VECTOR('',#239,1.);
#239 = DIRECTION('',(1.,0.,0.));
#240 = ORIENTED_EDGE('',*,*,#241,.F.);
#241 = EDGE_CURVE('',#242,#234,#244,.T.);
#242 = VERTEX_POINT('',#243);
#243 = CARTESIAN_POINT('',(62.7486,-30.78,-5.8928));
#244 = LINE('',#245,#246);
#245 = CARTESIAN_POINT('',(62.7486,-30.78,-5.8928));
#246 = VECTOR('',#247,1.);
#247 = DIRECTION('',(0.,0.,1.));
#248 = ORIENTED_EDGE('',*,*,#249,.F.);
#249 = EDGE_CURVE('',#250,#242,#252,.T.);
#250 = VERTEX_POINT('',#251);
#251 = CARTESIAN_POINT('',(59.7514,-30.78,-5.8928));
#252 = LINE('',#253,#254);
#253 = CARTESIAN_POINT('',(59.7514,-30.78,-5.8928));
#254 = VECTOR('',#255,1.);
#255 = DIRECTION('',(1.,0.,0.));
#256 = ORIENTED_EDGE('',*,*,#257,.F.);
#257 = EDGE_CURVE('',#258,#250,#260,.T.);
#258 = VERTEX_POINT('',#259);
#259 = CARTESIAN_POINT('',(59.7514,-30.78,-4.4958));
#260 = LINE('',#261,#262);
#261 = CARTESIAN_POINT('',(59.7514,-30.78,-4.4958));
#262 = VECTOR('',#263,1.);
#263 = DIRECTION('',(0.,0.,-1.));
#264 = ORIENTED_EDGE('',*,*,#265,.F.);
#265 = EDGE_CURVE('',#266,#258,#268,.T.);
#266 = VERTEX_POINT('',#267);
#267 = CARTESIAN_POINT('',(58.4214,-30.78,-4.4958));
#268 = LINE('',#269,#270);
#269 = CARTESIAN_POINT('',(58.4214,-30.78,-4.4958));
#270 = VECTOR('',#271,1.);
#271 = DIRECTION('',(1.,0.,0.));
#272 = ORIENTED_EDGE('',*,*,#273,.F.);
#273 = EDGE_CURVE('',#274,#266,#276,.T.);
#274 = VERTEX_POINT('',#275);
#275 = CARTESIAN_POINT('',(58.4214,-30.78,-1.8542));
#276 = LINE('',#277,#278);
#277 = CARTESIAN_POINT('',(58.4214,-30.78,-1.8542));
#278 = VECTOR('',#279,1.);
#279 = DIRECTION('',(0.,0.,-1.));
#280 = ORIENTED_EDGE('',*,*,#281,.F.);
#281 = EDGE_CURVE('',#282,#274,#284,.T.);
#282 = VERTEX_POINT('',#283);
#283 = CARTESIAN_POINT('',(59.7514,-30.78,-1.8542));
#284 = LINE('',#285,#286);
#285 = CARTESIAN_POINT('',(59.7514,-30.78,-1.8542));
#286 = VECTOR('',#287,1.);
#287 = DIRECTION('',(-1.,0.,0.));
#288 = ORIENTED_EDGE('',*,*,#289,.F.);
#289 = EDGE_CURVE('',#290,#282,#292,.T.);
#290 = VERTEX_POINT('',#291);
#291 = CARTESIAN_POINT('',(59.7514,-30.78,1.4E-14));
#292 = LINE('',#293,#294);
#293 = CARTESIAN_POINT('',(59.7514,-30.78,1.42108547152E-14));
#294 = VECTOR('',#295,1.);
#295 = DIRECTION('',(0.,0.,-1.));
#296 = ORIENTED_EDGE('',*,*,#297,.F.);
#297 = EDGE_CURVE('',#298,#290,#300,.T.);
#298 = VERTEX_POINT('',#299);
#299 = CARTESIAN_POINT('',(56.4214,-30.78,1.4E-14));
#300 = LINE('',#301,#302);
#301 = CARTESIAN_POINT('',(56.4214,-30.78,1.42108547152E-14));
#302 = VECTOR('',#303,1.);
#303 = DIRECTION('',(1.,0.,0.));
#304 = ORIENTED_EDGE('',*,*,#305,.F.);
#305 = EDGE_CURVE('',#306,#298,#308,.T.);
#306 = VERTEX_POINT('',#307);
#307 = CARTESIAN_POINT('',(56.4214,-30.78,-8.));
#308 = LINE('',#309,#310);
#309 = CARTESIAN_POINT('',(56.4214,-30.78,-8.));
#310 = VECTOR('',#311,1.);
#311 = DIRECTION('',(0.,0.,1.));
#312 = ORIENTED_EDGE('',*,*,#313,.F.);
#313 = EDGE_CURVE('',#314,#306,#316,.T.);
#314 = VERTEX_POINT('',#315);
#315 = CARTESIAN_POINT('',(69.995188659313,-30.78,-19.11890987779));
#316 = LINE('',#317,#318);
#317 = CARTESIAN_POINT('',(73.605674003396,-30.78,-22.07642322676));
#318 = VECTOR('',#319,1.);
#319 = DIRECTION('',(-0.773591748044,0.,0.633684312066));
#320 = ORIENTED_EDGE('',*,*,#321,.T.);
#321 = EDGE_CURVE('',#314,#322,#324,.T.);
#322 = VERTEX_POINT('',#323);
#323 = CARTESIAN_POINT('',(71.102460000409,-30.78,-24.99160134871));
#324 = LINE('',#325,#326);
#325 = CARTESIAN_POINT('',(70.657617393752,-30.78,-22.63226693351));
#326 = VECTOR('',#327,1.);
#327 = DIRECTION('',(0.185281235583,0.,-0.982685536548));
#328 = ORIENTED_EDGE('',*,*,#329,.F.);
#329 = EDGE_CURVE('',#330,#322,#332,.T.);
#330 = VERTEX_POINT('',#331);
#331 = CARTESIAN_POINT('',(-60.67535515509,-30.78,-49.8377555927));
#332 = LINE('',#333,#334);
#333 = CARTESIAN_POINT('',(-63.62341176473,-30.78,-50.39359929945));
#334 = VECTOR('',#335,1.);
#335 = DIRECTION('',(0.982685536548,0.,0.185281235583));
#336 = ORIENTED_EDGE('',*,*,#337,.T.);
#337 = EDGE_CURVE('',#330,#58,#338,.T.);
#338 = LINE('',#339,#340);
#339 = CARTESIAN_POINT('',(-60.11951144834,-30.78,-52.78581220235));
#340 = VECTOR('',#341,1.);
#341 = DIRECTION('',(-0.185281235583,0.,0.982685536548));
#342 = PLANE('',#343);
#343 = AXIS2_PLACEMENT_3D('',#344,#345,#346);
#344 = CARTESIAN_POINT('',(-1.94450525424,-30.78,-20.68705893713));
#345 = DIRECTION('',(0.,1.,0.));
#346 = DIRECTION('',(0.,0.,1.));
#347 = ADVANCED_FACE('',(#348),#391,.T.);
#348 = FACE_BOUND('',#349,.T.);
#349 = EDGE_LOOP('',(#350,#360,#369,#377,#383,#384));
#350 = ORIENTED_EDGE('',*,*,#351,.F.);
#351 = EDGE_CURVE('',#352,#354,#356,.T.);
#352 = VERTEX_POINT('',#353);
#353 = CARTESIAN_POINT('',(-67.1437552408,27.78,-31.72257410504));
#354 = VERTEX_POINT('',#355);
#355 = CARTESIAN_POINT('',(-67.1437552408,-27.78,-31.72257410504));
#356 = LINE('',#357,#358);
#357 = CARTESIAN_POINT('',(-67.1437552408,30.78,-31.72257410504));
#358 = VECTOR('',#359,1.);
#359 = DIRECTION('',(0.,-1.,4.4E-16));
#360 = ORIENTED_EDGE('',*,*,#361,.F.);
#361 = EDGE_CURVE('',#362,#352,#364,.T.);
#362 = VERTEX_POINT('',#363);
#363 = CARTESIAN_POINT('',(-64.98952571301,30.78,-26.95646922746));
#364 = ELLIPSE('',#365,5.230340386863,3.);
#365 = AXIS2_PLACEMENT_3D('',#366,#367,#368);
#366 = CARTESIAN_POINT('',(-64.98952571301,27.78,-26.95646922746));
#367 = DIRECTION('',(-0.911241816985,1.8E-16,0.411871765211));
#368 = DIRECTION('',(0.411871765211,-1.3E-16,0.911241816985));
#369 = ORIENTED_EDGE('',*,*,#370,.F.);
#370 = EDGE_CURVE('',#371,#362,#373,.T.);
#371 = VERTEX_POINT('',#372);
#372 = CARTESIAN_POINT('',(-56.4214,30.78,-8.));
#373 = LINE('',#374,#375);
#374 = CARTESIAN_POINT('',(-56.4214,30.78,-8.));
#375 = VECTOR('',#376,1.);
#376 = DIRECTION('',(-0.411871765211,-0.,-0.911241816985));
#377 = ORIENTED_EDGE('',*,*,#378,.T.);
#378 = EDGE_CURVE('',#371,#56,#379,.T.);
#379 = LINE('',#380,#381);
#380 = CARTESIAN_POINT('',(-56.4214,30.78,-8.));
#381 = VECTOR('',#382,1.);
#382 = DIRECTION('',(0.,-1.,4.4E-16));
#383 = ORIENTED_EDGE('',*,*,#55,.T.);
#384 = ORIENTED_EDGE('',*,*,#385,.T.);
#385 = EDGE_CURVE('',#58,#354,#386,.T.);
#386 = ELLIPSE('',#387,5.230340386863,3.);
#387 = AXIS2_PLACEMENT_3D('',#388,#389,#390);
#388 = CARTESIAN_POINT('',(-64.98952571301,-27.78,-26.95646922746));
#389 = DIRECTION('',(0.911241816985,-1.8E-16,-0.411871765211));
#390 = DIRECTION('',(0.411871765211,-1.3E-16,0.911241816985));
#391 = PLANE('',#392);
#392 = AXIS2_PLACEMENT_3D('',#393,#394,#395);
#393 = CARTESIAN_POINT('',(-56.4214,30.78,-8.));
#394 = DIRECTION('',(0.911241816985,-1.8E-16,-0.411871765211));
#395 = DIRECTION('',(-0.411871765211,-4.E-16,-0.911241816985));
#396 = ADVANCED_FACE('',(#397),#416,.F.);
#397 = FACE_BOUND('',#398,.T.);
#398 = EDGE_LOOP('',(#399,#408,#414,#415));
#399 = ORIENTED_EDGE('',*,*,#400,.T.);
#400 = EDGE_CURVE('',#330,#401,#403,.T.);
#401 = VERTEX_POINT('',#402);
#402 = CARTESIAN_POINT('',(-63.62341176473,-27.78,-50.39359929945));
#403 = CIRCLE('',#404,3.);
#404 = AXIS2_PLACEMENT_3D('',#405,#406,#407);
#405 = CARTESIAN_POINT('',(-60.67535515509,-27.78,-49.8377555927));
#406 = DIRECTION('',(0.185281235583,0.,-0.982685536548));
#407 = DIRECTION('',(-0.982685536548,-0.,-0.185281235583));
#408 = ORIENTED_EDGE('',*,*,#409,.T.);
#409 = EDGE_CURVE('',#401,#354,#410,.T.);
#410 = LINE('',#411,#412);
#411 = CARTESIAN_POINT('',(-63.06756805798,-27.78,-53.3416559091));
#412 = VECTOR('',#413,1.);
#413 = DIRECTION('',(-0.185281235583,0.,0.982685536548));
#414 = ORIENTED_EDGE('',*,*,#385,.F.);
#415 = ORIENTED_EDGE('',*,*,#337,.F.);
#416 = CYLINDRICAL_SURFACE('',#417,3.);
#417 = AXIS2_PLACEMENT_3D('',#418,#419,#420);
#418 = CARTESIAN_POINT('',(-60.11951144834,-27.78,-52.78581220235));
#419 = DIRECTION('',(-0.185281235583,0.,0.982685536548));
#420 = DIRECTION('',(0.,-1.,0.));
#421 = ADVANCED_FACE('',(#422),#440,.T.);
#422 = FACE_BOUND('',#423,.T.);
#423 = EDGE_LOOP('',(#424,#432,#433,#434));
#424 = ORIENTED_EDGE('',*,*,#425,.T.);
#425 = EDGE_CURVE('',#426,#66,#428,.T.);
#426 = VERTEX_POINT('',#427);
#427 = CARTESIAN_POINT('',(-56.4214,30.78,-1.4E-14));
#428 = LINE('',#429,#430);
#429 = CARTESIAN_POINT('',(-56.4214,30.78,-1.367E-14));
#430 = VECTOR('',#431,1.);
#431 = DIRECTION('',(0.,-1.,4.4E-16));
#432 = ORIENTED_EDGE('',*,*,#65,.T.);
#433 = ORIENTED_EDGE('',*,*,#378,.F.);
#434 = ORIENTED_EDGE('',*,*,#435,.F.);
#435 = EDGE_CURVE('',#426,#371,#436,.T.);
#436 = LINE('',#437,#438);
#437 = CARTESIAN_POINT('',(-56.4214,30.78,-1.42108547152E-14));
#438 = VECTOR('',#439,1.);
#439 = DIRECTION('',(0.,0.,-1.));
#440 = PLANE('',#441);
#441 = AXIS2_PLACEMENT_3D('',#442,#443,#444);
#442 = CARTESIAN_POINT('',(-56.4214,30.78,-1.367E-14));
#443 = DIRECTION('',(1.,0.,0.));
#444 = DIRECTION('',(0.,-4.4E-16,-1.));
#445 = ADVANCED_FACE('',(#446),#473,.F.);
#446 = FACE_BOUND('',#447,.F.);
#447 = EDGE_LOOP('',(#448,#457,#465,#472));
#448 = ORIENTED_EDGE('',*,*,#449,.T.);
#449 = EDGE_CURVE('',#330,#450,#452,.T.);
#450 = VERTEX_POINT('',#451);
#451 = CARTESIAN_POINT('',(-60.11951144834,-27.78,-52.78581220235));
#452 = CIRCLE('',#453,3.);
#453 = AXIS2_PLACEMENT_3D('',#454,#455,#456);
#454 = CARTESIAN_POINT('',(-60.67535515509,-27.78,-49.8377555927));
#455 = DIRECTION('',(0.982685536548,-0.,0.185281235583));
#456 = DIRECTION('',(0.185281235583,0.,-0.982685536548));
#457 = ORIENTED_EDGE('',*,*,#458,.T.);
#458 = EDGE_CURVE('',#450,#459,#461,.T.);
#459 = VERTEX_POINT('',#460);
#460 = CARTESIAN_POINT('',(71.658303707157,-27.78,-27.93965795836));
#461 = LINE('',#462,#463);
#462 = CARTESIAN_POINT('',(-63.06756805798,-27.78,-53.3416559091));
#463 = VECTOR('',#464,1.);
#464 = DIRECTION('',(0.982685536548,0.,0.185281235583));
#465 = ORIENTED_EDGE('',*,*,#466,.T.);
#466 = EDGE_CURVE('',#459,#322,#467,.T.);
#467 = CIRCLE('',#468,3.);
#468 = AXIS2_PLACEMENT_3D('',#469,#470,#471);
#469 = CARTESIAN_POINT('',(71.102460000409,-27.78,-24.99160134871));
#470 = DIRECTION('',(-0.982685536548,-8.E-17,-0.185281235583));
#471 = DIRECTION('',(0.185281235583,-4.74E-15,-0.982685536548));
#472 = ORIENTED_EDGE('',*,*,#329,.F.);
#473 = CYLINDRICAL_SURFACE('',#474,3.);
#474 = AXIS2_PLACEMENT_3D('',#475,#476,#477);
#475 = CARTESIAN_POINT('',(-63.62341176473,-27.78,-50.39359929945));
#476 = DIRECTION('',(0.982685536548,0.,0.185281235583));
#477 = DIRECTION('',(0.,-1.,0.));
#478 = ADVANCED_FACE('',(#479),#497,.T.);
#479 = FACE_BOUND('',#480,.T.);
#480 = EDGE_LOOP('',(#481,#489,#490,#491));
#481 = ORIENTED_EDGE('',*,*,#482,.T.);
#482 = EDGE_CURVE('',#483,#74,#485,.T.);
#483 = VERTEX_POINT('',#484);
#484 = CARTESIAN_POINT('',(-59.7514,30.78,-1.4E-14));
#485 = LINE('',#486,#487);
#486 = CARTESIAN_POINT('',(-59.7514,30.78,-1.367E-14));
#487 = VECTOR('',#488,1.);
#488 = DIRECTION('',(0.,-1.,4.4E-16));
#489 = ORIENTED_EDGE('',*,*,#73,.T.);
#490 = ORIENTED_EDGE('',*,*,#425,.F.);
#491 = ORIENTED_EDGE('',*,*,#492,.F.);
#492 = EDGE_CURVE('',#483,#426,#493,.T.);
#493 = LINE('',#494,#495);
#494 = CARTESIAN_POINT('',(-59.7514,30.78,-1.42108547152E-14));
#495 = VECTOR('',#496,1.);
#496 = DIRECTION('',(1.,0.,0.));
#497 = PLANE('',#498);
#498 = AXIS2_PLACEMENT_3D('',#499,#500,#501);
#499 = CARTESIAN_POINT('',(-59.7514,30.78,-1.367E-14));
#500 = DIRECTION('',(0.,4.4E-16,1.));
#501 = DIRECTION('',(1.,0.,0.));
#502 = ADVANCED_FACE('',(#503),#530,.F.);
#503 = FACE_BOUND('',#504,.T.);
#504 = EDGE_LOOP('',(#505,#514,#522,#529));
#505 = ORIENTED_EDGE('',*,*,#506,.T.);
#506 = EDGE_CURVE('',#314,#507,#509,.T.);
#507 = VERTEX_POINT('',#508);
#508 = CARTESIAN_POINT('',(73.605674003396,-27.78,-22.07642322676));
#509 = ELLIPSE('',#510,4.667171480581,3.);
#510 = AXIS2_PLACEMENT_3D('',#511,#512,#513);
#511 = CARTESIAN_POINT('',(69.995188659313,-27.78,-19.11890987779));
#512 = DIRECTION('',(0.633684312066,3.4E-16,0.773591748044));
#513 = DIRECTION('',(0.773591748044,2.9E-16,-0.633684312066));
#514 = ORIENTED_EDGE('',*,*,#515,.T.);
#515 = EDGE_CURVE('',#507,#516,#518,.T.);
#516 = VERTEX_POINT('',#517);
#517 = CARTESIAN_POINT('',(74.050516610053,-27.78,-24.43575764197));
#518 = LINE('',#519,#520);
#519 = CARTESIAN_POINT('',(73.605674003396,-27.78,-22.07642322676));
#520 = VECTOR('',#521,1.);
#521 = DIRECTION('',(0.185281235583,0.,-0.982685536548));
#522 = ORIENTED_EDGE('',*,*,#523,.T.);
#523 = EDGE_CURVE('',#516,#322,#524,.T.);
#524 = CIRCLE('',#525,3.);
#525 = AXIS2_PLACEMENT_3D('',#526,#527,#528);
#526 = CARTESIAN_POINT('',(71.102460000409,-27.78,-24.99160134871));
#527 = DIRECTION('',(0.185281235583,-6.45E-15,-0.982685536548));
#528 = DIRECTION('',(-1.118629845949E-15,-1.,6.352733044094E-15));
#529 = ORIENTED_EDGE('',*,*,#321,.F.);
#530 = CYLINDRICAL_SURFACE('',#531,3.);
#531 = AXIS2_PLACEMENT_3D('',#532,#533,#534);
#532 = CARTESIAN_POINT('',(70.657617393752,-27.78,-22.63226693351));
#533 = DIRECTION('',(0.185281235583,0.,-0.982685536548));
#534 = DIRECTION('',(0.,-1.,0.));
#535 = ADVANCED_FACE('',(#536),#562,.T.);
#536 = FACE_BOUND('',#537,.T.);
#537 = EDGE_LOOP('',(#538,#539,#547,#555,#561));
#538 = ORIENTED_EDGE('',*,*,#482,.F.);
#539 = ORIENTED_EDGE('',*,*,#540,.T.);
#540 = EDGE_CURVE('',#483,#541,#543,.T.);
#541 = VERTEX_POINT('',#542);
#542 = CARTESIAN_POINT('',(-59.7514,35.381622303024,-1.6E-14));
#543 = LINE('',#544,#545);
#544 = CARTESIAN_POINT('',(-59.7514,30.78,-1.367E-14));
#545 = VECTOR('',#546,1.);
#546 = DIRECTION('',(0.,1.,-4.4E-16));
#547 = ORIENTED_EDGE('',*,*,#548,.F.);
#548 = EDGE_CURVE('',#549,#541,#551,.T.);
#549 = VERTEX_POINT('',#550);
#550 = CARTESIAN_POINT('',(-59.7514,35.467619329082,-1.8542));
#551 = LINE('',#552,#553);
#552 = CARTESIAN_POINT('',(-59.7514,34.726431174129,14.126713991058));
#553 = VECTOR('',#554,1.);
#554 = DIRECTION('',(0.,-4.632978231831E-02,0.998926199111));
#555 = ORIENTED_EDGE('',*,*,#556,.F.);
#556 = EDGE_CURVE('',#82,#549,#557,.T.);
#557 = LINE('',#558,#559);
#558 = CARTESIAN_POINT('',(-59.7514,30.78,-1.8542));
#559 = VECTOR('',#560,1.);
#560 = DIRECTION('',(0.,1.,-4.4E-16));
#561 = ORIENTED_EDGE('',*,*,#81,.F.);
#562 = PLANE('',#563);
#563 = AXIS2_PLACEMENT_3D('',#564,#565,#566);
#564 = CARTESIAN_POINT('',(-59.7514,2.322808703499,-0.927685718901));
#565 = DIRECTION('',(-1.,0.,0.));
#566 = DIRECTION('',(0.,1.,0.));
#567 = ADVANCED_FACE('',(#568),#603,.T.);
#568 = FACE_BOUND('',#569,.T.);
#569 = EDGE_LOOP('',(#570,#578,#579,#580,#588,#596));
#570 = ORIENTED_EDGE('',*,*,#571,.T.);
#571 = EDGE_CURVE('',#572,#507,#574,.T.);
#572 = VERTEX_POINT('',#573);
#573 = CARTESIAN_POINT('',(73.605674003396,27.78,-22.07642322676));
#574 = LINE('',#575,#576);
#575 = CARTESIAN_POINT('',(73.605674003396,30.78,-22.07642322676));
#576 = VECTOR('',#577,1.);
#577 = DIRECTION('',(0.,-1.,4.4E-16));
#578 = ORIENTED_EDGE('',*,*,#506,.F.);
#579 = ORIENTED_EDGE('',*,*,#313,.T.);
#580 = ORIENTED_EDGE('',*,*,#581,.F.);
#581 = EDGE_CURVE('',#582,#306,#584,.T.);
#582 = VERTEX_POINT('',#583);
#583 = CARTESIAN_POINT('',(56.4214,30.78,-8.));
#584 = LINE('',#585,#586);
#585 = CARTESIAN_POINT('',(56.4214,30.78,-8.));
#586 = VECTOR('',#587,1.);
#587 = DIRECTION('',(0.,-1.,4.4E-16));
#588 = ORIENTED_EDGE('',*,*,#589,.F.);
#589 = EDGE_CURVE('',#590,#582,#592,.T.);
#590 = VERTEX_POINT('',#591);
#591 = CARTESIAN_POINT('',(69.995188659313,30.78,-19.11890987779));
#592 = LINE('',#593,#594);
#593 = CARTESIAN_POINT('',(73.605674003396,30.78,-22.07642322676));
#594 = VECTOR('',#595,1.);
#595 = DIRECTION('',(-0.773591748044,0.,0.633684312066));
#596 = ORIENTED_EDGE('',*,*,#597,.T.);
#597 = EDGE_CURVE('',#590,#572,#598,.T.);
#598 = ELLIPSE('',#599,4.667171480581,3.);
#599 = AXIS2_PLACEMENT_3D('',#600,#601,#602);
#600 = CARTESIAN_POINT('',(69.995188659313,27.78,-19.11890987779));
#601 = DIRECTION('',(-0.633684312066,-3.4E-16,-0.773591748044));
#602 = DIRECTION('',(0.773591748044,2.9E-16,-0.633684312066));
#603 = PLANE('',#604);
#604 = AXIS2_PLACEMENT_3D('',#605,#606,#607);
#605 = CARTESIAN_POINT('',(73.605674003396,30.78,-22.07642322676));
#606 = DIRECTION('',(-0.633684312066,-3.4E-16,-0.773591748044));
#607 = DIRECTION('',(-0.773591748044,2.8E-16,0.633684312066));
#608 = ADVANCED_FACE('',(#609),#643,.T.);
#609 = FACE_BOUND('',#610,.T.);
#610 = EDGE_LOOP('',(#611,#619,#620,#621,#629,#637));
#611 = ORIENTED_EDGE('',*,*,#612,.F.);
#612 = EDGE_CURVE('',#90,#613,#615,.T.);
#613 = VERTEX_POINT('',#614);
#614 = CARTESIAN_POINT('',(-58.4214,34.878604775249,-1.8542));
#615 = LINE('',#616,#617);
#616 = CARTESIAN_POINT('',(-58.4214,30.78,-1.8542));
#617 = VECTOR('',#618,1.);
#618 = DIRECTION('',(0.,1.,-4.4E-16));
#619 = ORIENTED_EDGE('',*,*,#89,.F.);
#620 = ORIENTED_EDGE('',*,*,#556,.T.);
#621 = ORIENTED_EDGE('',*,*,#622,.F.);
#622 = EDGE_CURVE('',#623,#549,#625,.T.);
#623 = VERTEX_POINT('',#624);
#624 = CARTESIAN_POINT('',(-58.4214,35.479249748355,-1.8542));
#625 = LINE('',#626,#627);
#626 = CARTESIAN_POINT('',(3.188720940081,36.018010303244,-1.8542));
#627 = VECTOR('',#628,1.);
#628 = DIRECTION('',(-0.999961767512,-8.744341814506E-03,0.));
#629 = ORIENTED_EDGE('',*,*,#630,.T.);
#630 = EDGE_CURVE('',#623,#631,#633,.T.);
#631 = VERTEX_POINT('',#632);
#632 = CARTESIAN_POINT('',(-57.82142289025,35.484496353874,-1.8542));
#633 = LINE('',#634,#635);
#634 = CARTESIAN_POINT('',(3.396913760598,36.019830882036,-1.8542));
#635 = VECTOR('',#636,1.);
#636 = DIRECTION('',(0.999961767512,8.744341814506E-03,0.));
#637 = ORIENTED_EDGE('',*,*,#638,.T.);
#638 = EDGE_CURVE('',#631,#613,#639,.T.);
#639 = LINE('',#640,#641);
#640 = CARTESIAN_POINT('',(-66.53780083364,26.682193888911,-1.8542));
#641 = VECTOR('',#642,1.);
#642 = DIRECTION('',(-0.70363014496,-0.710566407244,2.6E-16));
#643 = PLANE('',#644);
#644 = AXIS2_PLACEMENT_3D('',#645,#646,#647);
#645 = CARTESIAN_POINT('',(-59.08634278016,2.346729982147,-1.8542));
#646 = DIRECTION('',(0.,-3.6E-16,-1.));
#647 = DIRECTION('',(0.,1.,-3.6E-16));
#648 = ADVANCED_FACE('',(#649),#667,.T.);
#649 = FACE_BOUND('',#650,.T.);
#650 = EDGE_LOOP('',(#651,#652,#653,#661));
#651 = ORIENTED_EDGE('',*,*,#581,.T.);
#652 = ORIENTED_EDGE('',*,*,#305,.T.);
#653 = ORIENTED_EDGE('',*,*,#654,.F.);
#654 = EDGE_CURVE('',#655,#298,#657,.T.);
#655 = VERTEX_POINT('',#656);
#656 = CARTESIAN_POINT('',(56.4214,30.78,-1.4E-14));
#657 = LINE('',#658,#659);
#658 = CARTESIAN_POINT('',(56.4214,30.78,-1.367E-14));
#659 = VECTOR('',#660,1.);
#660 = DIRECTION('',(0.,-1.,4.4E-16));
#661 = ORIENTED_EDGE('',*,*,#662,.F.);
#662 = EDGE_CURVE('',#582,#655,#663,.T.);
#663 = LINE('',#664,#665);
#664 = CARTESIAN_POINT('',(56.4214,30.78,-8.));
#665 = VECTOR('',#666,1.);
#666 = DIRECTION('',(0.,0.,1.));
#667 = PLANE('',#668);
#668 = AXIS2_PLACEMENT_3D('',#669,#670,#671);
#669 = CARTESIAN_POINT('',(56.4214,30.78,-8.));
#670 = DIRECTION('',(-1.,0.,0.));
#671 = DIRECTION('',(0.,4.4E-16,1.));
#672 = ADVANCED_FACE('',(#673),#691,.T.);
#673 = FACE_BOUND('',#674,.T.);
#674 = EDGE_LOOP('',(#675,#676,#684,#690));
#675 = ORIENTED_EDGE('',*,*,#612,.T.);
#676 = ORIENTED_EDGE('',*,*,#677,.F.);
#677 = EDGE_CURVE('',#678,#613,#680,.T.);
#678 = VERTEX_POINT('',#679);
#679 = CARTESIAN_POINT('',(-58.4214,35.001121086345,-4.4958));
#680 = LINE('',#681,#682);
#681 = CARTESIAN_POINT('',(-58.4214,35.002410339984,-4.523597869391));
#682 = VECTOR('',#683,1.);
#683 = DIRECTION('',(0.,-4.632978231831E-02,0.998926199111));
#684 = ORIENTED_EDGE('',*,*,#685,.F.);
#685 = EDGE_CURVE('',#98,#678,#686,.T.);
#686 = LINE('',#687,#688);
#687 = CARTESIAN_POINT('',(-58.4214,30.78,-4.4958));
#688 = VECTOR('',#689,1.);
#689 = DIRECTION('',(0.,1.,-4.4E-16));
#690 = ORIENTED_EDGE('',*,*,#97,.F.);
#691 = PLANE('',#692);
#692 = AXIS2_PLACEMENT_3D('',#693,#694,#695);
#693 = CARTESIAN_POINT('',(-58.4214,2.38096385235,-3.176173225537));
#694 = DIRECTION('',(-1.,0.,0.));
#695 = DIRECTION('',(0.,1.,0.));
#696 = ADVANCED_FACE('',(#697),#715,.T.);
#697 = FACE_BOUND('',#698,.T.);
#698 = EDGE_LOOP('',(#699,#700,#701,#709));
#699 = ORIENTED_EDGE('',*,*,#654,.T.);
#700 = ORIENTED_EDGE('',*,*,#297,.T.);
#701 = ORIENTED_EDGE('',*,*,#702,.F.);
#702 = EDGE_CURVE('',#703,#290,#705,.T.);
#703 = VERTEX_POINT('',#704);
#704 = CARTESIAN_POINT('',(59.7514,30.78,-1.4E-14));
#705 = LINE('',#706,#707);
#706 = CARTESIAN_POINT('',(59.7514,30.78,-1.367E-14));
#707 = VECTOR('',#708,1.);
#708 = DIRECTION('',(0.,-1.,4.4E-16));
#709 = ORIENTED_EDGE('',*,*,#710,.F.);
#710 = EDGE_CURVE('',#655,#703,#711,.T.);
#711 = LINE('',#712,#713);
#712 = CARTESIAN_POINT('',(56.4214,30.78,-1.42108547152E-14));
#713 = VECTOR('',#714,1.);
#714 = DIRECTION('',(1.,0.,0.));
#715 = PLANE('',#716);
#716 = AXIS2_PLACEMENT_3D('',#717,#718,#719);
#717 = CARTESIAN_POINT('',(56.4214,30.78,-1.367E-14));
#718 = DIRECTION('',(0.,4.4E-16,1.));
#719 = DIRECTION('',(1.,0.,0.));
#720 = ADVANCED_FACE('',(#721),#755,.T.);
#721 = FACE_BOUND('',#722,.T.);
#722 = EDGE_LOOP('',(#723,#724,#732,#740,#748,#754));
#723 = ORIENTED_EDGE('',*,*,#685,.T.);
#724 = ORIENTED_EDGE('',*,*,#725,.F.);
#725 = EDGE_CURVE('',#726,#678,#728,.T.);
#726 = VERTEX_POINT('',#727);
#727 = CARTESIAN_POINT('',(-57.82142289025,35.60701266497,-4.4958));
#728 = LINE('',#729,#730);
#729 = CARTESIAN_POINT('',(-66.5837422655,26.758315885582,-4.4958));
#730 = VECTOR('',#731,1.);
#731 = DIRECTION('',(-0.70363014496,-0.710566407244,3.1E-16));
#732 = ORIENTED_EDGE('',*,*,#733,.F.);
#733 = EDGE_CURVE('',#734,#726,#736,.T.);
#734 = VERTEX_POINT('',#735);
#735 = CARTESIAN_POINT('',(-58.4214,35.601766059451,-4.4958));
#736 = LINE('',#737,#738);
#737 = CARTESIAN_POINT('',(3.396110246174,36.142340166658,-4.4958));
#738 = VECTOR('',#739,1.);
#739 = DIRECTION('',(0.999961767512,8.744341814506E-03,0.));
#740 = ORIENTED_EDGE('',*,*,#741,.F.);
#741 = EDGE_CURVE('',#742,#734,#744,.T.);
#742 = VERTEX_POINT('',#743);
#743 = CARTESIAN_POINT('',(-59.7514,35.590135640178,-4.4958));
#744 = LINE('',#745,#746);
#745 = CARTESIAN_POINT('',(3.852598808301,36.146332011298,-4.4958));
#746 = VECTOR('',#747,1.);
#747 = DIRECTION('',(0.999961767512,8.744341814506E-03,0.));
#748 = ORIENTED_EDGE('',*,*,#749,.T.);
#749 = EDGE_CURVE('',#742,#106,#750,.T.);
#750 = LINE('',#751,#752);
#751 = CARTESIAN_POINT('',(-59.7514,30.78,-4.4958));
#752 = VECTOR('',#753,1.);
#753 = DIRECTION('',(0.,-1.,4.4E-16));
#754 = ORIENTED_EDGE('',*,*,#105,.T.);
#755 = PLANE('',#756);
#756 = AXIS2_PLACEMENT_3D('',#757,#758,#759);
#757 = CARTESIAN_POINT('',(-59.0863428837,2.407988137695,-4.4958));
#758 = DIRECTION('',(0.,4.4E-16,1.));
#759 = DIRECTION('',(0.,-1.,4.4E-16));
#760 = ADVANCED_FACE('',(#761),#788,.T.);
#761 = FACE_BOUND('',#762,.T.);
#762 = EDGE_LOOP('',(#763,#764,#765,#773,#782));
#763 = ORIENTED_EDGE('',*,*,#702,.T.);
#764 = ORIENTED_EDGE('',*,*,#289,.T.);
#765 = ORIENTED_EDGE('',*,*,#766,.T.);
#766 = EDGE_CURVE('',#282,#767,#769,.T.);
#767 = VERTEX_POINT('',#768);
#768 = CARTESIAN_POINT('',(59.7514,35.838303570464,-1.8542));
#769 = LINE('',#770,#771);
#770 = CARTESIAN_POINT('',(59.7514,30.78,-1.8542));
#771 = VECTOR('',#772,1.);
#772 = DIRECTION('',(0.,1.,-4.4E-16));
#773 = ORIENTED_EDGE('',*,*,#774,.T.);
#774 = EDGE_CURVE('',#767,#775,#777,.T.);
#775 = VERTEX_POINT('',#776);
#776 = CARTESIAN_POINT('',(59.7514,35.889262060377,-1.6E-14));
#777 = ELLIPSE('',#778,217.66208610157,213.89338386691);
#778 = AXIS2_PLACEMENT_3D('',#779,#780,#781);
#779 = CARTESIAN_POINT('',(59.7514,-177.9440605806,5.157814467443));
#780 = DIRECTION('',(1.,0.,-0.));
#781 = DIRECTION('',(0.,2.2E-16,1.));
#782 = ORIENTED_EDGE('',*,*,#783,.F.);
#783 = EDGE_CURVE('',#703,#775,#784,.T.);
#784 = LINE('',#785,#786);
#785 = CARTESIAN_POINT('',(59.7514,30.78,-1.367E-14));
#786 = VECTOR('',#787,1.);
#787 = DIRECTION('',(0.,1.,-4.4E-16));
#788 = PLANE('',#789);
#789 = AXIS2_PLACEMENT_3D('',#790,#791,#792);
#790 = CARTESIAN_POINT('',(59.7514,2.542083180696,-0.926755575729));
#791 = DIRECTION('',(1.,0.,0.));
#792 = DIRECTION('',(0.,-1.,0.));
#793 = ADVANCED_FACE('',(#794),#812,.T.);
#794 = FACE_BOUND('',#795,.T.);
#795 = EDGE_LOOP('',(#796,#797,#805,#811));
#796 = ORIENTED_EDGE('',*,*,#749,.F.);
#797 = ORIENTED_EDGE('',*,*,#798,.F.);
#798 = EDGE_CURVE('',#799,#742,#801,.T.);
#799 = VERTEX_POINT('',#800);
#800 = CARTESIAN_POINT('',(-59.7514,35.654927920084,-5.8928));
#801 = LINE('',#802,#803);
#802 = CARTESIAN_POINT('',(-59.7514,34.830464061112,11.883638993157));
#803 = VECTOR('',#804,1.);
#804 = DIRECTION('',(0.,-4.632978231831E-02,0.998926199111));
#805 = ORIENTED_EDGE('',*,*,#806,.F.);
#806 = EDGE_CURVE('',#114,#799,#807,.T.);
#807 = LINE('',#808,#809);
#808 = CARTESIAN_POINT('',(-59.7514,30.78,-5.8928));
#809 = VECTOR('',#810,1.);
#810 = DIRECTION('',(0.,1.,-4.4E-16));
#811 = ORIENTED_EDGE('',*,*,#113,.F.);
#812 = PLANE('',#813);
#813 = AXIS2_PLACEMENT_3D('',#814,#815,#816);
#814 = CARTESIAN_POINT('',(-59.7514,2.421641318161,-5.194633755301));
#815 = DIRECTION('',(-1.,0.,0.));
#816 = DIRECTION('',(0.,1.,0.));
#817 = ADVANCED_FACE('',(#818),#856,.T.);
#818 = FACE_BOUND('',#819,.T.);
#819 = EDGE_LOOP('',(#820,#828,#838,#847,#854,#855));
#820 = ORIENTED_EDGE('',*,*,#821,.F.);
#821 = EDGE_CURVE('',#822,#274,#824,.T.);
#822 = VERTEX_POINT('',#823);
#823 = CARTESIAN_POINT('',(58.4214,35.245823877179,-1.8542));
#824 = LINE('',#825,#826);
#825 = CARTESIAN_POINT('',(58.4214,30.78,-1.8542));
#826 = VECTOR('',#827,1.);
#827 = DIRECTION('',(0.,-1.,4.4E-16));
#828 = ORIENTED_EDGE('',*,*,#829,.F.);
#829 = EDGE_CURVE('',#830,#822,#832,.T.);
#830 = VERTEX_POINT('',#831);
#831 = CARTESIAN_POINT('',(57.821409765268,35.849530032403,-1.8542));
#832 = B_SPLINE_CURVE_WITH_KNOTS('',4,(#833,#834,#835,#836,#837),
  .UNSPECIFIED.,.F.,.F.,(5,5),(0.,1.),.PIECEWISE_BEZIER_KNOTS.);
#833 = CARTESIAN_POINT('',(57.821409765268,35.849530032403,-1.8542));
#834 = CARTESIAN_POINT('',(57.97140737274,35.698606224227,-1.8542));
#835 = CARTESIAN_POINT('',(58.12140494779,35.547680751595,-1.8542));
#836 = CARTESIAN_POINT('',(58.271402490263,35.396753607918,-1.8542));
#837 = CARTESIAN_POINT('',(58.4214,35.245824786524,-1.8542));
#838 = ORIENTED_EDGE('',*,*,#839,.F.);
#839 = EDGE_CURVE('',#840,#830,#842,.T.);
#840 = VERTEX_POINT('',#841);
#841 = CARTESIAN_POINT('',(58.4214,35.84610411085,-1.8542));
#842 = ELLIPSE('',#843,1.154425504526E+03,213.89338386691);
#843 = AXIS2_PLACEMENT_3D('',#844,#845,#846);
#844 = CARTESIAN_POINT('',(22.561421330285,-177.9440605806,-1.8542));
#845 = DIRECTION('',(-1.24E-15,3.8E-16,1.));
#846 = DIRECTION('',(1.,-3.E-17,1.24E-15));
#847 = ORIENTED_EDGE('',*,*,#848,.T.);
#848 = EDGE_CURVE('',#840,#767,#849,.T.);
#849 = ELLIPSE('',#850,1.154425504526E+03,213.89338386691);
#850 = AXIS2_PLACEMENT_3D('',#851,#852,#853);
#851 = CARTESIAN_POINT('',(22.561421330282,-177.9440605806,
    -1.854200000001));
#852 = DIRECTION('',(1.569E-14,-4.4E-16,-1.));
#853 = DIRECTION('',(1.,-4.E-17,1.569E-14));
#854 = ORIENTED_EDGE('',*,*,#766,.F.);
#855 = ORIENTED_EDGE('',*,*,#281,.T.);
#856 = PLANE('',#857);
#857 = AXIS2_PLACEMENT_3D('',#858,#859,#860);
#858 = CARTESIAN_POINT('',(59.086361832039,2.531107845778,-1.8542));
#859 = DIRECTION('',(1.24E-15,-3.8E-16,-1.));
#860 = DIRECTION('',(-1.,-0.,-1.24E-15));
#861 = ADVANCED_FACE('',(#862),#880,.T.);
#862 = FACE_BOUND('',#863,.T.);
#863 = EDGE_LOOP('',(#864,#865,#873,#879));
#864 = ORIENTED_EDGE('',*,*,#806,.T.);
#865 = ORIENTED_EDGE('',*,*,#866,.F.);
#866 = EDGE_CURVE('',#867,#799,#869,.T.);
#867 = VERTEX_POINT('',#868);
#868 = CARTESIAN_POINT('',(-62.7486,35.628718376742,-5.8928));
#869 = LINE('',#870,#871);
#870 = CARTESIAN_POINT('',(3.187083112357,36.205304571974,-5.8928));
#871 = VECTOR('',#872,1.);
#872 = DIRECTION('',(0.999961767512,8.744341814506E-03,0.));
#873 = ORIENTED_EDGE('',*,*,#874,.T.);
#874 = EDGE_CURVE('',#867,#122,#875,.T.);
#875 = LINE('',#876,#877);
#876 = CARTESIAN_POINT('',(-62.7486,30.78,-5.8928));
#877 = VECTOR('',#878,1.);
#878 = DIRECTION('',(0.,-1.,4.4E-16));
#879 = ORIENTED_EDGE('',*,*,#121,.F.);
#880 = PLANE('',#881);
#881 = AXIS2_PLACEMENT_3D('',#882,#883,#884);
#882 = CARTESIAN_POINT('',(-61.24971709779,2.430940222905,-5.8928));
#883 = DIRECTION('',(0.,4.3E-16,1.));
#884 = DIRECTION('',(0.,-1.,4.3E-16));
#885 = ADVANCED_FACE('',(#886),#908,.T.);
#886 = FACE_BOUND('',#887,.T.);
#887 = EDGE_LOOP('',(#888,#889,#890,#898));
#888 = ORIENTED_EDGE('',*,*,#821,.T.);
#889 = ORIENTED_EDGE('',*,*,#273,.T.);
#890 = ORIENTED_EDGE('',*,*,#891,.T.);
#891 = EDGE_CURVE('',#266,#892,#894,.T.);
#892 = VERTEX_POINT('',#893);
#893 = CARTESIAN_POINT('',(58.4214,35.149106424052,-4.4958));
#894 = LINE('',#895,#896);
#895 = CARTESIAN_POINT('',(58.4214,30.78,-4.4958));
#896 = VECTOR('',#897,1.);
#897 = DIRECTION('',(0.,1.,-4.4E-16));
#898 = ORIENTED_EDGE('',*,*,#899,.T.);
#899 = EDGE_CURVE('',#892,#822,#900,.T.);
#900 = B_SPLINE_CURVE_WITH_KNOTS('',6,(#901,#902,#903,#904,#905,#906,
    #907),.UNSPECIFIED.,.F.,.F.,(7,7),(-1.37457243094,4.017917876928),
  .PIECEWISE_BEZIER_KNOTS.);
#901 = CARTESIAN_POINT('',(58.4214,35.087753663345,-5.839752663637));
#902 = CARTESIAN_POINT('',(58.4214,35.131335515205,-4.944479420671));
#903 = CARTESIAN_POINT('',(58.4214,35.170613503143,-4.049020925711));
#904 = CARTESIAN_POINT('',(58.4214,35.205495310097,-3.153458762409));
#905 = CARTESIAN_POINT('',(58.4214,35.236014448337,-2.257517735275));
#906 = CARTESIAN_POINT('',(58.4214,35.262170022451,-1.361664197266));
#907 = CARTESIAN_POINT('',(58.4214,35.28398738593,-0.465559270226));
#908 = PLANE('',#909);
#909 = AXIS2_PLACEMENT_3D('',#910,#911,#912);
#910 = CARTESIAN_POINT('',(58.4214,2.509426177746,-3.174081388256));
#911 = DIRECTION('',(1.,0.,0.));
#912 = DIRECTION('',(0.,-1.,0.));
#913 = ADVANCED_FACE('',(#914),#932,.T.);
#914 = FACE_BOUND('',#915,.T.);
#915 = EDGE_LOOP('',(#916,#917,#925,#931));
#916 = ORIENTED_EDGE('',*,*,#874,.F.);
#917 = ORIENTED_EDGE('',*,*,#918,.F.);
#918 = EDGE_CURVE('',#919,#867,#921,.T.);
#919 = VERTEX_POINT('',#920);
#920 = CARTESIAN_POINT('',(-62.7486,35.563926096835,-4.4958));
#921 = LINE('',#922,#923);
#922 = CARTESIAN_POINT('',(-62.7486,34.83663737851,11.185425309055));
#923 = VECTOR('',#924,1.);
#924 = DIRECTION('',(0.,4.632978231831E-02,-0.998926199111));
#925 = ORIENTED_EDGE('',*,*,#926,.F.);
#926 = EDGE_CURVE('',#130,#919,#927,.T.);
#927 = LINE('',#928,#929);
#928 = CARTESIAN_POINT('',(-62.7486,30.78,-4.4958));
#929 = VECTOR('',#930,1.);
#930 = DIRECTION('',(0.,1.,-4.4E-16));
#931 = ORIENTED_EDGE('',*,*,#129,.F.);
#932 = PLANE('',#933);
#933 = AXIS2_PLACEMENT_3D('',#934,#935,#936);
#934 = CARTESIAN_POINT('',(-62.7486,2.40853654649,-5.194633884371));
#935 = DIRECTION('',(1.,0.,0.));
#936 = DIRECTION('',(0.,-1.,0.));
#937 = ADVANCED_FACE('',(#938),#976,.T.);
#938 = FACE_BOUND('',#939,.T.);
#939 = EDGE_LOOP('',(#940,#941,#942,#950,#959,#968));
#940 = ORIENTED_EDGE('',*,*,#891,.F.);
#941 = ORIENTED_EDGE('',*,*,#265,.T.);
#942 = ORIENTED_EDGE('',*,*,#943,.F.);
#943 = EDGE_CURVE('',#944,#258,#946,.T.);
#944 = VERTEX_POINT('',#945);
#945 = CARTESIAN_POINT('',(59.7514,35.738850762252,-4.4958));
#946 = LINE('',#947,#948);
#947 = CARTESIAN_POINT('',(59.7514,30.78,-4.4958));
#948 = VECTOR('',#949,1.);
#949 = DIRECTION('',(0.,-1.,4.4E-16));
#950 = ORIENTED_EDGE('',*,*,#951,.T.);
#951 = EDGE_CURVE('',#944,#952,#954,.T.);
#952 = VERTEX_POINT('',#953);
#953 = CARTESIAN_POINT('',(58.4214,35.749648410592,-4.4958));
#954 = ELLIPSE('',#955,1.154425504526E+03,213.89338386691);
#955 = AXIS2_PLACEMENT_3D('',#956,#957,#958);
#956 = CARTESIAN_POINT('',(8.551032716563,-177.9440605806,-4.4958));
#957 = DIRECTION('',(0.,4.4E-16,1.));
#958 = DIRECTION('',(1.,-4.E-17,1.76E-32));
#959 = ORIENTED_EDGE('',*,*,#960,.T.);
#960 = EDGE_CURVE('',#952,#961,#963,.T.);
#961 = VERTEX_POINT('',#962);
#962 = CARTESIAN_POINT('',(57.82141897876,35.754426189145,-4.4958));
#963 = ELLIPSE('',#964,1.154425504526E+03,213.89338386691);
#964 = AXIS2_PLACEMENT_3D('',#965,#966,#967);
#965 = CARTESIAN_POINT('',(8.551032716563,-177.9440605806,-4.4958));
#966 = DIRECTION('',(0.,4.4E-16,1.));
#967 = DIRECTION('',(1.,-4.E-17,1.76E-32));
#968 = ORIENTED_EDGE('',*,*,#969,.T.);
#969 = EDGE_CURVE('',#961,#892,#970,.T.);
#970 = B_SPLINE_CURVE_WITH_KNOTS('',4,(#971,#972,#973,#974,#975),
  .UNSPECIFIED.,.F.,.F.,(5,5),(0.,1.),.PIECEWISE_BEZIER_KNOTS.);
#971 = CARTESIAN_POINT('',(57.82141897876,35.754426189145,-4.4958));
#972 = CARTESIAN_POINT('',(57.971414314114,35.60309994095,-4.4958));
#973 = CARTESIAN_POINT('',(58.121409596285,35.45177128081,-4.4958));
#974 = CARTESIAN_POINT('',(58.271404825004,35.300440198956,-4.4958));
#975 = CARTESIAN_POINT('',(58.4214,35.149106685571,-4.4958));
#976 = PLANE('',#977);
#977 = AXIS2_PLACEMENT_3D('',#978,#979,#980);
#978 = CARTESIAN_POINT('',(59.086347090962,2.482135957904,-4.4958));
#979 = DIRECTION('',(0.,4.4E-16,1.));
#980 = DIRECTION('',(0.,-1.,4.4E-16));
#981 = ADVANCED_FACE('',(#982),#1009,.T.);
#982 = FACE_BOUND('',#983,.T.);
#983 = EDGE_LOOP('',(#984,#992,#1001,#1007,#1008));
#984 = ORIENTED_EDGE('',*,*,#985,.F.);
#985 = EDGE_CURVE('',#986,#919,#988,.T.);
#986 = VERTEX_POINT('',#987);
#987 = CARTESIAN_POINT('',(-63.51457300061,35.557227911009,-4.4958));
#988 = LINE('',#989,#990);
#989 = CARTESIAN_POINT('',(1.68916424476,36.127413476678,-4.4958));
#990 = VECTOR('',#991,1.);
#991 = DIRECTION('',(0.999961767512,8.744341814506E-03,0.));
#992 = ORIENTED_EDGE('',*,*,#993,.T.);
#993 = EDGE_CURVE('',#986,#994,#996,.T.);
#994 = VERTEX_POINT('',#995);
#995 = CARTESIAN_POINT('',(-64.0786,35.552295677562,-4.4958));
#996 = ( BOUNDED_CURVE() B_SPLINE_CURVE(3,(#997,#998,#999,#1000),
.UNSPECIFIED.,.F.,.F.) B_SPLINE_CURVE_WITH_KNOTS((4,4),(51.605322250096,
51.612213590806),.PIECEWISE_BEZIER_KNOTS.) CURVE() 
GEOMETRIC_REPRESENTATION_ITEM() RATIONAL_B_SPLINE_CURVE((1.,1.,1.,1.)) 
REPRESENTATION_ITEM('') );
#997 = CARTESIAN_POINT('',(-63.51457300062,35.557227911009,-4.4958));
#998 = CARTESIAN_POINT('',(-63.70258200041,35.555583833193,-4.4958));
#999 = CARTESIAN_POINT('',(-63.8905910002,35.553939755378,-4.4958));
#1000 = CARTESIAN_POINT('',(-64.0786,35.552295677562,-4.4958));
#1001 = ORIENTED_EDGE('',*,*,#1002,.T.);
#1002 = EDGE_CURVE('',#994,#138,#1003,.T.);
#1003 = LINE('',#1004,#1005);
#1004 = CARTESIAN_POINT('',(-64.0786,30.78,-4.4958));
#1005 = VECTOR('',#1006,1.);
#1006 = DIRECTION('',(0.,-1.,4.4E-16));
#1007 = ORIENTED_EDGE('',*,*,#137,.F.);
#1008 = ORIENTED_EDGE('',*,*,#926,.T.);
#1009 = PLANE('',#1010);
#1010 = AXIS2_PLACEMENT_3D('',#1011,#1012,#1013);
#1011 = CARTESIAN_POINT('',(-63.41354285176,2.389068156387,-4.4958));
#1012 = DIRECTION('',(0.,4.4E-16,1.));
#1013 = DIRECTION('',(0.,-1.,4.4E-16));
#1014 = ADVANCED_FACE('',(#1015),#1034,.T.);
#1015 = FACE_BOUND('',#1016,.T.);
#1016 = EDGE_LOOP('',(#1017,#1018,#1019,#1027));
#1017 = ORIENTED_EDGE('',*,*,#943,.T.);
#1018 = ORIENTED_EDGE('',*,*,#257,.T.);
#1019 = ORIENTED_EDGE('',*,*,#1020,.T.);
#1020 = EDGE_CURVE('',#250,#1021,#1023,.T.);
#1021 = VERTEX_POINT('',#1022);
#1022 = CARTESIAN_POINT('',(59.7514,35.673484863296,-5.8928));
#1023 = LINE('',#1024,#1025);
#1024 = CARTESIAN_POINT('',(59.7514,30.78,-5.8928));
#1025 = VECTOR('',#1026,1.);
#1026 = DIRECTION('',(0.,1.,-4.4E-16));
#1027 = ORIENTED_EDGE('',*,*,#1028,.T.);
#1028 = EDGE_CURVE('',#1021,#944,#1029,.T.);
#1029 = ELLIPSE('',#1030,217.66208610157,213.89338386691);
#1030 = AXIS2_PLACEMENT_3D('',#1031,#1032,#1033);
#1031 = CARTESIAN_POINT('',(59.7514,-177.9440605806,5.157814467443));
#1032 = DIRECTION('',(1.,0.,-0.));
#1033 = DIRECTION('',(0.,2.2E-16,1.));
#1034 = PLANE('',#1035);
#1035 = AXIS2_PLACEMENT_3D('',#1036,#1037,#1038);
#1036 = CARTESIAN_POINT('',(59.7514,2.463473244664,-5.193964019763));
#1037 = DIRECTION('',(1.,0.,0.));
#1038 = DIRECTION('',(0.,-1.,0.));
#1039 = ADVANCED_FACE('',(#1040),#1067,.T.);
#1040 = FACE_BOUND('',#1041,.T.);
#1041 = EDGE_LOOP('',(#1042,#1052,#1058,#1059,#1060));
#1042 = ORIENTED_EDGE('',*,*,#1043,.F.);
#1043 = EDGE_CURVE('',#1044,#1046,#1048,.T.);
#1044 = VERTEX_POINT('',#1045);
#1045 = CARTESIAN_POINT('',(-64.0786,35.429779366466,-1.8542));
#1046 = VERTEX_POINT('',#1047);
#1047 = CARTESIAN_POINT('',(-64.0786,35.430080978784,-1.860703126736));
#1048 = LINE('',#1049,#1050);
#1049 = CARTESIAN_POINT('',(-64.0786,34.792705320036,11.881887758425));
#1050 = VECTOR('',#1051,1.);
#1051 = DIRECTION('',(0.,4.632978231831E-02,-0.998926199111));
#1052 = ORIENTED_EDGE('',*,*,#1053,.T.);
#1053 = EDGE_CURVE('',#1044,#146,#1054,.T.);
#1054 = LINE('',#1055,#1056);
#1055 = CARTESIAN_POINT('',(-64.0786,30.78,-1.8542));
#1056 = VECTOR('',#1057,1.);
#1057 = DIRECTION('',(0.,-1.,4.4E-16));
#1058 = ORIENTED_EDGE('',*,*,#145,.F.);
#1059 = ORIENTED_EDGE('',*,*,#1002,.F.);
#1060 = ORIENTED_EDGE('',*,*,#1061,.T.);
#1061 = EDGE_CURVE('',#994,#1046,#1062,.T.);
#1062 = ( BOUNDED_CURVE() B_SPLINE_CURVE(3,(#1063,#1064,#1065,#1066),
.UNSPECIFIED.,.F.,.F.) B_SPLINE_CURVE_WITH_KNOTS((4,4),(51.612213590806,
54.249959025385),.PIECEWISE_BEZIER_KNOTS.) CURVE() 
GEOMETRIC_REPRESENTATION_ITEM() RATIONAL_B_SPLINE_CURVE((1.,1.,1.,1.)) 
REPRESENTATION_ITEM('') );
#1063 = CARTESIAN_POINT('',(-64.0786,35.552295677562,-4.4958));
#1064 = CARTESIAN_POINT('',(-64.0786,35.511557444636,-3.617434375579));
#1065 = CARTESIAN_POINT('',(-64.0786,35.47081921171,-2.739068751157));
#1066 = CARTESIAN_POINT('',(-64.0786,35.430080978784,-1.860703126736));
#1067 = PLANE('',#1068);
#1068 = AXIS2_PLACEMENT_3D('',#1069,#1070,#1071);
#1069 = CARTESIAN_POINT('',(-64.0786,2.356228661406,-3.176174067745));
#1070 = DIRECTION('',(1.,0.,0.));
#1071 = DIRECTION('',(0.,-1.,0.));
#1072 = ADVANCED_FACE('',(#1073),#1092,.T.);
#1073 = FACE_BOUND('',#1074,.T.);
#1074 = EDGE_LOOP('',(#1075,#1076,#1084,#1091));
#1075 = ORIENTED_EDGE('',*,*,#249,.T.);
#1076 = ORIENTED_EDGE('',*,*,#1077,.F.);
#1077 = EDGE_CURVE('',#1078,#242,#1080,.T.);
#1078 = VERTEX_POINT('',#1079);
#1079 = CARTESIAN_POINT('',(62.7486,35.64453106051,-5.8928));
#1080 = LINE('',#1081,#1082);
#1081 = CARTESIAN_POINT('',(62.7486,30.78,-5.8928));
#1082 = VECTOR('',#1083,1.);
#1083 = DIRECTION('',(0.,-1.,4.4E-16));
#1084 = ORIENTED_EDGE('',*,*,#1085,.T.);
#1085 = EDGE_CURVE('',#1078,#1021,#1086,.T.);
#1086 = ELLIPSE('',#1087,1.154425504526E+03,213.89338386691);
#1087 = AXIS2_PLACEMENT_3D('',#1088,#1089,#1090);
#1088 = CARTESIAN_POINT('',(1.141692584307,-177.9440605806,-5.8928));
#1089 = DIRECTION('',(0.,4.4E-16,1.));
#1090 = DIRECTION('',(1.,-4.E-17,1.76E-32));
#1091 = ORIENTED_EDGE('',*,*,#1020,.F.);
#1092 = PLANE('',#1093);
#1093 = AXIS2_PLACEMENT_3D('',#1094,#1095,#1096);
#1094 = CARTESIAN_POINT('',(61.249687576397,2.439541263327,-5.8928));
#1095 = DIRECTION('',(0.,4.4E-16,1.));
#1096 = DIRECTION('',(0.,-1.,4.4E-16));
#1097 = ADVANCED_FACE('',(#1098),#1116,.T.);
#1098 = FACE_BOUND('',#1099,.T.);
#1099 = EDGE_LOOP('',(#1100,#1101,#1102,#1110));
#1100 = ORIENTED_EDGE('',*,*,#153,.T.);
#1101 = ORIENTED_EDGE('',*,*,#1053,.F.);
#1102 = ORIENTED_EDGE('',*,*,#1103,.F.);
#1103 = EDGE_CURVE('',#1104,#1044,#1106,.T.);
#1104 = VERTEX_POINT('',#1105);
#1105 = CARTESIAN_POINT('',(-62.7486,35.441409785739,-1.8542));
#1106 = LINE('',#1107,#1108);
#1107 = CARTESIAN_POINT('',(1.025286376539,35.999091768625,-1.8542));
#1108 = VECTOR('',#1109,1.);
#1109 = DIRECTION('',(-0.999961767512,-8.744341814506E-03,0.));
#1110 = ORIENTED_EDGE('',*,*,#1111,.F.);
#1111 = EDGE_CURVE('',#154,#1104,#1112,.T.);
#1112 = LINE('',#1113,#1114);
#1113 = CARTESIAN_POINT('',(-62.7486,30.78,-1.8542));
#1114 = VECTOR('',#1115,1.);
#1115 = DIRECTION('',(0.,1.,-4.4E-16));
#1116 = PLANE('',#1117);
#1117 = AXIS2_PLACEMENT_3D('',#1118,#1119,#1120);
#1118 = CARTESIAN_POINT('',(-63.41354274811,2.32781000084,-1.8542));
#1119 = DIRECTION('',(0.,-3.6E-16,-1.));
#1120 = DIRECTION('',(0.,1.,-3.6E-16));
#1121 = ADVANCED_FACE('',(#1122),#1141,.T.);
#1122 = FACE_BOUND('',#1123,.T.);
#1123 = EDGE_LOOP('',(#1124,#1125,#1126,#1134));
#1124 = ORIENTED_EDGE('',*,*,#1077,.T.);
#1125 = ORIENTED_EDGE('',*,*,#241,.T.);
#1126 = ORIENTED_EDGE('',*,*,#1127,.T.);
#1127 = EDGE_CURVE('',#234,#1128,#1130,.T.);
#1128 = VERTEX_POINT('',#1129);
#1129 = CARTESIAN_POINT('',(62.7486,35.713473971313,-4.4958));
#1130 = LINE('',#1131,#1132);
#1131 = CARTESIAN_POINT('',(62.7486,30.78,-4.4958));
#1132 = VECTOR('',#1133,1.);
#1133 = DIRECTION('',(0.,1.,-4.4E-16));
#1134 = ORIENTED_EDGE('',*,*,#1135,.T.);
#1135 = EDGE_CURVE('',#1128,#1078,#1136,.T.);
#1136 = ELLIPSE('',#1137,217.66208610157,213.89338386691);
#1137 = AXIS2_PLACEMENT_3D('',#1138,#1139,#1140);
#1138 = CARTESIAN_POINT('',(62.7486,-177.9440605806,5.722923954288));
#1139 = DIRECTION('',(-1.,0.,0.));
#1140 = DIRECTION('',(0.,2.2E-16,1.));
#1141 = PLANE('',#1142);
#1142 = AXIS2_PLACEMENT_3D('',#1143,#1144,#1145);
#1143 = CARTESIAN_POINT('',(62.7486,2.449933538373,-5.193945492619));
#1144 = DIRECTION('',(-1.,0.,0.));
#1145 = DIRECTION('',(0.,1.,0.));
#1146 = ADVANCED_FACE('',(#1147),#1173,.T.);
#1147 = FACE_BOUND('',#1148,.T.);
#1148 = EDGE_LOOP('',(#1149,#1157,#1158,#1159,#1167));
#1149 = ORIENTED_EDGE('',*,*,#1150,.T.);
#1150 = EDGE_CURVE('',#1151,#162,#1153,.T.);
#1151 = VERTEX_POINT('',#1152);
#1152 = CARTESIAN_POINT('',(-62.7486,30.78,-1.4E-14));
#1153 = LINE('',#1154,#1155);
#1154 = CARTESIAN_POINT('',(-62.7486,30.78,-1.367E-14));
#1155 = VECTOR('',#1156,1.);
#1156 = DIRECTION('',(0.,-1.,4.4E-16));
#1157 = ORIENTED_EDGE('',*,*,#161,.T.);
#1158 = ORIENTED_EDGE('',*,*,#1111,.T.);
#1159 = ORIENTED_EDGE('',*,*,#1160,.F.);
#1160 = EDGE_CURVE('',#1161,#1104,#1163,.T.);
#1161 = VERTEX_POINT('',#1162);
#1162 = CARTESIAN_POINT('',(-62.7486,35.355412759682,-1.6E-14));
#1163 = LINE('',#1164,#1165);
#1164 = CARTESIAN_POINT('',(-62.7486,34.743184107152,13.200390985135));
#1165 = VECTOR('',#1166,1.);
#1166 = DIRECTION('',(0.,4.632978231831E-02,-0.998926199111));
#1167 = ORIENTED_EDGE('',*,*,#1168,.F.);
#1168 = EDGE_CURVE('',#1151,#1161,#1169,.T.);
#1169 = LINE('',#1170,#1171);
#1170 = CARTESIAN_POINT('',(-62.7486,30.78,-1.367E-14));
#1171 = VECTOR('',#1172,1.);
#1172 = DIRECTION('',(0.,1.,-4.4E-16));
#1173 = PLANE('',#1174);
#1174 = AXIS2_PLACEMENT_3D('',#1175,#1176,#1177);
#1175 = CARTESIAN_POINT('',(-62.7486,2.309703931827,-0.927685944545));
#1176 = DIRECTION('',(1.,0.,0.));
#1177 = DIRECTION('',(0.,-1.,0.));
#1178 = ADVANCED_FACE('',(#1179),#1217,.T.);
#1179 = FACE_BOUND('',#1180,.T.);
#1180 = EDGE_LOOP('',(#1181,#1189,#1199,#1208,#1215,#1216));
#1181 = ORIENTED_EDGE('',*,*,#1182,.F.);
#1182 = EDGE_CURVE('',#1183,#226,#1185,.T.);
#1183 = VERTEX_POINT('',#1184);
#1184 = CARTESIAN_POINT('',(64.0786,35.10107676236,-4.4958));
#1185 = LINE('',#1186,#1187);
#1186 = CARTESIAN_POINT('',(64.0786,30.78,-4.4958));
#1187 = VECTOR('',#1188,1.);
#1188 = DIRECTION('',(0.,-1.,4.4E-16));
#1189 = ORIENTED_EDGE('',*,*,#1190,.F.);
#1190 = EDGE_CURVE('',#1191,#1183,#1193,.T.);
#1191 = VERTEX_POINT('',#1192);
#1192 = CARTESIAN_POINT('',(64.67857590412,35.696367583489,-4.4958));
#1193 = B_SPLINE_CURVE_WITH_KNOTS('',4,(#1194,#1195,#1196,#1197,#1198),
  .UNSPECIFIED.,.F.,.F.,(5,5),(0.,1.),.PIECEWISE_BEZIER_KNOTS.);
#1194 = CARTESIAN_POINT('',(64.67857590412,35.696367583489,-4.4958));
#1195 = CARTESIAN_POINT('',(64.528581940704,35.547541963071,-4.4958));
#1196 = CARTESIAN_POINT('',(64.378587968856,35.398718395665,-4.4958));
#1197 = CARTESIAN_POINT('',(64.228593988611,35.249896890144,-4.4958));
#1198 = CARTESIAN_POINT('',(64.0786,35.101077455529,-4.4958));
#1199 = ORIENTED_EDGE('',*,*,#1200,.F.);
#1200 = EDGE_CURVE('',#1201,#1191,#1203,.T.);
#1201 = VERTEX_POINT('',#1202);
#1202 = CARTESIAN_POINT('',(64.0786,35.70174974084,-4.4958));
#1203 = ELLIPSE('',#1204,1.154425504526E+03,213.89338386691);
#1204 = AXIS2_PLACEMENT_3D('',#1205,#1206,#1207);
#1205 = CARTESIAN_POINT('',(8.551032716563,-177.9440605806,-4.4958));
#1206 = DIRECTION('',(0.,-3.9E-16,-1.));
#1207 = DIRECTION('',(1.,-3.E-17,1.17E-32));
#1208 = ORIENTED_EDGE('',*,*,#1209,.T.);
#1209 = EDGE_CURVE('',#1201,#1128,#1210,.T.);
#1210 = ELLIPSE('',#1211,1.154425504526E+03,213.89338386691);
#1211 = AXIS2_PLACEMENT_3D('',#1212,#1213,#1214);
#1212 = CARTESIAN_POINT('',(8.551032716563,-177.9440605806,-4.4958));
#1213 = DIRECTION('',(0.,4.4E-16,1.));
#1214 = DIRECTION('',(1.,-4.E-17,1.76E-32));
#1215 = ORIENTED_EDGE('',*,*,#1127,.F.);
#1216 = ORIENTED_EDGE('',*,*,#233,.T.);
#1217 = PLANE('',#1218);
#1218 = AXIS2_PLACEMENT_3D('',#1219,#1220,#1221);
#1219 = CARTESIAN_POINT('',(63.41354251963,2.463819054191,-4.4958));
#1220 = DIRECTION('',(0.,3.9E-16,1.));
#1221 = DIRECTION('',(0.,-1.,3.9E-16));
#1222 = ADVANCED_FACE('',(#1223),#1241,.F.);
#1223 = FACE_BOUND('',#1224,.F.);
#1224 = EDGE_LOOP('',(#1225,#1226,#1227,#1235));
#1225 = ORIENTED_EDGE('',*,*,#1150,.T.);
#1226 = ORIENTED_EDGE('',*,*,#169,.T.);
#1227 = ORIENTED_EDGE('',*,*,#1228,.F.);
#1228 = EDGE_CURVE('',#1229,#170,#1231,.T.);
#1229 = VERTEX_POINT('',#1230);
#1230 = CARTESIAN_POINT('',(-65.1486,30.78,-1.4E-14));
#1231 = LINE('',#1232,#1233);
#1232 = CARTESIAN_POINT('',(-65.1486,30.78,-1.367E-14));
#1233 = VECTOR('',#1234,1.);
#1234 = DIRECTION('',(0.,-1.,4.4E-16));
#1235 = ORIENTED_EDGE('',*,*,#1236,.F.);
#1236 = EDGE_CURVE('',#1151,#1229,#1237,.T.);
#1237 = LINE('',#1238,#1239);
#1238 = CARTESIAN_POINT('',(-62.7486,30.78,-1.42108547152E-14));
#1239 = VECTOR('',#1240,1.);
#1240 = DIRECTION('',(-1.,0.,0.));
#1241 = PLANE('',#1242);
#1242 = AXIS2_PLACEMENT_3D('',#1243,#1244,#1245);
#1243 = CARTESIAN_POINT('',(-62.7486,30.78,-1.367E-14));
#1244 = DIRECTION('',(0.,-4.4E-16,-1.));
#1245 = DIRECTION('',(-1.,0.,0.));
#1246 = ADVANCED_FACE('',(#1247),#1268,.T.);
#1247 = FACE_BOUND('',#1248,.T.);
#1248 = EDGE_LOOP('',(#1249,#1250,#1251,#1259));
#1249 = ORIENTED_EDGE('',*,*,#1182,.T.);
#1250 = ORIENTED_EDGE('',*,*,#225,.T.);
#1251 = ORIENTED_EDGE('',*,*,#1252,.T.);
#1252 = EDGE_CURVE('',#218,#1253,#1255,.T.);
#1253 = VERTEX_POINT('',#1254);
#1254 = CARTESIAN_POINT('',(64.0786,35.210581495597,-1.8542));
#1255 = LINE('',#1256,#1257);
#1256 = CARTESIAN_POINT('',(64.0786,30.78,-1.8542));
#1257 = VECTOR('',#1258,1.);
#1258 = DIRECTION('',(0.,1.,-4.4E-16));
#1259 = ORIENTED_EDGE('',*,*,#1260,.T.);
#1260 = EDGE_CURVE('',#1253,#1183,#1261,.T.);
#1261 = B_SPLINE_CURVE_WITH_KNOTS('',5,(#1262,#1263,#1264,#1265,#1266,
    #1267),.UNSPECIFIED.,.F.,.F.,(6,6),(-0.160102119353,4.018704481265),
  .PIECEWISE_BEZIER_KNOTS.);
#1262 = CARTESIAN_POINT('',(64.0786,35.216917204619,-1.673424201947));
#1263 = CARTESIAN_POINT('',(64.0786,35.188063574257,-2.506432524573));
#1264 = CARTESIAN_POINT('',(64.0786,35.15529152603,-3.339266278442));
#1265 = CARTESIAN_POINT('',(64.0786,35.118560038107,-4.172031340652));
#1266 = CARTESIAN_POINT('',(64.0786,35.077922057909,-5.00446486839));
#1267 = CARTESIAN_POINT('',(64.0786,35.033369432604,-5.836795113285));
#1268 = PLANE('',#1269);
#1269 = AXIS2_PLACEMENT_3D('',#1270,#1271,#1272);
#1270 = CARTESIAN_POINT('',(64.0786,2.488788665219,-3.173959331142));
#1271 = DIRECTION('',(-1.,0.,0.));
#1272 = DIRECTION('',(0.,1.,0.));
#1273 = ADVANCED_FACE('',(#1274),#1292,.F.);
#1274 = FACE_BOUND('',#1275,.F.);
#1275 = EDGE_LOOP('',(#1276,#1284,#1285,#1286));
#1276 = ORIENTED_EDGE('',*,*,#1277,.F.);
#1277 = EDGE_CURVE('',#1229,#1278,#1280,.T.);
#1278 = VERTEX_POINT('',#1279);
#1279 = CARTESIAN_POINT('',(-65.1486,30.78,1.9));
#1280 = LINE('',#1281,#1282);
#1281 = CARTESIAN_POINT('',(-65.1486,30.78,-1.42108547152E-14));
#1282 = VECTOR('',#1283,1.);
#1283 = DIRECTION('',(0.,0.,1.));
#1284 = ORIENTED_EDGE('',*,*,#1228,.T.);
#1285 = ORIENTED_EDGE('',*,*,#177,.T.);
#1286 = ORIENTED_EDGE('',*,*,#1287,.F.);
#1287 = EDGE_CURVE('',#1278,#178,#1288,.T.);
#1288 = LINE('',#1289,#1290);
#1289 = CARTESIAN_POINT('',(-65.1486,30.78,1.9));
#1290 = VECTOR('',#1291,1.);
#1291 = DIRECTION('',(0.,-1.,4.4E-16));
#1292 = PLANE('',#1293);
#1293 = AXIS2_PLACEMENT_3D('',#1294,#1295,#1296);
#1294 = CARTESIAN_POINT('',(-65.1486,30.78,-1.367E-14));
#1295 = DIRECTION('',(-1.,0.,0.));
#1296 = DIRECTION('',(0.,4.4E-16,1.));
#1297 = ADVANCED_FACE('',(#1298),#1336,.T.);
#1298 = FACE_BOUND('',#1299,.T.);
#1299 = EDGE_LOOP('',(#1300,#1301,#1302,#1310,#1319,#1328));
#1300 = ORIENTED_EDGE('',*,*,#1252,.F.);
#1301 = ORIENTED_EDGE('',*,*,#217,.F.);
#1302 = ORIENTED_EDGE('',*,*,#1303,.F.);
#1303 = EDGE_CURVE('',#1304,#210,#1306,.T.);
#1304 = VERTEX_POINT('',#1305);
#1305 = CARTESIAN_POINT('',(62.7486,35.819682338305,-1.8542));
#1306 = LINE('',#1307,#1308);
#1307 = CARTESIAN_POINT('',(62.7486,30.78,-1.8542));
#1308 = VECTOR('',#1309,1.);
#1309 = DIRECTION('',(0.,-1.,4.4E-16));
#1310 = ORIENTED_EDGE('',*,*,#1311,.T.);
#1311 = EDGE_CURVE('',#1304,#1312,#1314,.T.);
#1312 = VERTEX_POINT('',#1313);
#1313 = CARTESIAN_POINT('',(64.0786,35.810956552281,-1.8542));
#1314 = ELLIPSE('',#1315,1.154425504526E+03,213.89338386691);
#1315 = AXIS2_PLACEMENT_3D('',#1316,#1317,#1318);
#1316 = CARTESIAN_POINT('',(22.561421330285,-177.9440605806,-1.8542));
#1317 = DIRECTION('',(0.,-4.4E-16,-1.));
#1318 = DIRECTION('',(1.,-4.E-17,1.76E-32));
#1319 = ORIENTED_EDGE('',*,*,#1320,.T.);
#1320 = EDGE_CURVE('',#1312,#1321,#1323,.T.);
#1321 = VERTEX_POINT('',#1322);
#1322 = CARTESIAN_POINT('',(64.678586479483,35.806927093136,-1.8542));
#1323 = ELLIPSE('',#1324,1.154425504526E+03,213.89338386691);
#1324 = AXIS2_PLACEMENT_3D('',#1325,#1326,#1327);
#1325 = CARTESIAN_POINT('',(22.561421330285,-177.9440605806,-1.8542));
#1326 = DIRECTION('',(0.,-3.4E-16,-1.));
#1327 = DIRECTION('',(1.,-2.E-17,6.8E-33));
#1328 = ORIENTED_EDGE('',*,*,#1329,.T.);
#1329 = EDGE_CURVE('',#1321,#1253,#1330,.T.);
#1330 = B_SPLINE_CURVE_WITH_KNOTS('',4,(#1331,#1332,#1333,#1334,#1335),
  .UNSPECIFIED.,.F.,.F.,(5,5),(0.,1.),.PIECEWISE_BEZIER_KNOTS.);
#1331 = CARTESIAN_POINT('',(64.678586479483,35.806927093136,-1.8542));
#1332 = CARTESIAN_POINT('',(64.52858988032,35.657838289354,-1.8542));
#1333 = CARTESIAN_POINT('',(64.378593267364,35.50875109382,-1.8542));
#1334 = CARTESIAN_POINT('',(64.228596640596,35.35966551335,-1.8542));
#1335 = CARTESIAN_POINT('',(64.0786,35.210581554796,-1.8542));
#1336 = PLANE('',#1337);
#1337 = AXIS2_PLACEMENT_3D('',#1338,#1339,#1340);
#1338 = CARTESIAN_POINT('',(63.413557287925,2.517667085343,-1.8542));
#1339 = DIRECTION('',(0.,-3.4E-16,-1.));
#1340 = DIRECTION('',(0.,1.,-3.4E-16));
#1341 = ADVANCED_FACE('',(#1342),#1367,.T.);
#1342 = FACE_BOUND('',#1343,.T.);
#1343 = EDGE_LOOP('',(#1344,#1352,#1360,#1366));
#1344 = ORIENTED_EDGE('',*,*,#1345,.F.);
#1345 = EDGE_CURVE('',#1346,#178,#1348,.T.);
#1346 = VERTEX_POINT('',#1347);
#1347 = CARTESIAN_POINT('',(-65.7486,-31.38,2.5));
#1348 = LINE('',#1349,#1350);
#1349 = CARTESIAN_POINT('',(-55.0886,-20.72,-8.16));
#1350 = VECTOR('',#1351,1.);
#1351 = DIRECTION('',(0.57735026919,0.57735026919,-0.57735026919));
#1352 = ORIENTED_EDGE('',*,*,#1353,.T.);
#1353 = EDGE_CURVE('',#1346,#1354,#1356,.T.);
#1354 = VERTEX_POINT('',#1355);
#1355 = CARTESIAN_POINT('',(65.7486,-31.38,2.5));
#1356 = LINE('',#1357,#1358);
#1357 = CARTESIAN_POINT('',(-65.1486,-31.38,2.5));
#1358 = VECTOR('',#1359,1.);
#1359 = DIRECTION('',(1.,0.,0.));
#1360 = ORIENTED_EDGE('',*,*,#1361,.T.);
#1361 = EDGE_CURVE('',#1354,#186,#1362,.T.);
#1362 = LINE('',#1363,#1364);
#1363 = CARTESIAN_POINT('',(33.3724,0.9962,-29.8762));
#1364 = VECTOR('',#1365,1.);
#1365 = DIRECTION('',(-0.57735026919,0.57735026919,-0.57735026919));
#1366 = ORIENTED_EDGE('',*,*,#185,.F.);
#1367 = PLANE('',#1368);
#1368 = AXIS2_PLACEMENT_3D('',#1369,#1370,#1371);
#1369 = CARTESIAN_POINT('',(-65.1486,-31.08,2.2));
#1370 = DIRECTION('',(-1.E-17,0.707106781187,0.707106781187));
#1371 = DIRECTION('',(1.,7.071067811865E-18,7.071067811865E-18));
#1372 = ADVANCED_FACE('',(#1373),#1400,.T.);
#1373 = FACE_BOUND('',#1374,.T.);
#1374 = EDGE_LOOP('',(#1375,#1376,#1377,#1385,#1393));
#1375 = ORIENTED_EDGE('',*,*,#1303,.T.);
#1376 = ORIENTED_EDGE('',*,*,#209,.T.);
#1377 = ORIENTED_EDGE('',*,*,#1378,.F.);
#1378 = EDGE_CURVE('',#1379,#202,#1381,.T.);
#1379 = VERTEX_POINT('',#1380);
#1380 = CARTESIAN_POINT('',(62.7486,30.78,-1.4E-14));
#1381 = LINE('',#1382,#1383);
#1382 = CARTESIAN_POINT('',(62.7486,30.78,-1.367E-14));
#1383 = VECTOR('',#1384,1.);
#1384 = DIRECTION('',(0.,-1.,4.4E-16));
#1385 = ORIENTED_EDGE('',*,*,#1386,.T.);
#1386 = EDGE_CURVE('',#1379,#1387,#1389,.T.);
#1387 = VERTEX_POINT('',#1388);
#1388 = CARTESIAN_POINT('',(62.7486,35.875377606061,-1.6E-14));
#1389 = LINE('',#1390,#1391);
#1390 = CARTESIAN_POINT('',(62.7486,30.78,-1.367E-14));
#1391 = VECTOR('',#1392,1.);
#1392 = DIRECTION('',(0.,1.,-4.4E-16));
#1393 = ORIENTED_EDGE('',*,*,#1394,.T.);
#1394 = EDGE_CURVE('',#1387,#1304,#1395,.T.);
#1395 = ELLIPSE('',#1396,217.66208610157,213.89338386691);
#1396 = AXIS2_PLACEMENT_3D('',#1397,#1398,#1399);
#1397 = CARTESIAN_POINT('',(62.7486,-177.9440605806,5.722923954288));
#1398 = DIRECTION('',(-1.,0.,0.));
#1399 = DIRECTION('',(0.,2.2E-16,1.));
#1400 = PLANE('',#1401);
#1401 = AXIS2_PLACEMENT_3D('',#1402,#1403,#1404);
#1402 = CARTESIAN_POINT('',(62.7486,2.533990808818,-0.926723471341));
#1403 = DIRECTION('',(-1.,0.,0.));
#1404 = DIRECTION('',(0.,1.,0.));
#1405 = ADVANCED_FACE('',(#1406),#1431,.T.);
#1406 = FACE_BOUND('',#1407,.T.);
#1407 = EDGE_LOOP('',(#1408,#1418,#1424,#1425));
#1408 = ORIENTED_EDGE('',*,*,#1409,.F.);
#1409 = EDGE_CURVE('',#1410,#1412,#1414,.T.);
#1410 = VERTEX_POINT('',#1411);
#1411 = CARTESIAN_POINT('',(65.1486,30.78,-1.4E-14));
#1412 = VERTEX_POINT('',#1413);
#1413 = CARTESIAN_POINT('',(65.1486,30.78,1.9));
#1414 = LINE('',#1415,#1416);
#1415 = CARTESIAN_POINT('',(65.1486,30.78,-1.42108547152E-14));
#1416 = VECTOR('',#1417,1.);
#1417 = DIRECTION('',(0.,0.,1.));
#1418 = ORIENTED_EDGE('',*,*,#1419,.T.);
#1419 = EDGE_CURVE('',#1410,#194,#1420,.T.);
#1420 = LINE('',#1421,#1422);
#1421 = CARTESIAN_POINT('',(65.1486,30.78,-1.367E-14));
#1422 = VECTOR('',#1423,1.);
#1423 = DIRECTION('',(0.,-1.,4.4E-16));
#1424 = ORIENTED_EDGE('',*,*,#193,.T.);
#1425 = ORIENTED_EDGE('',*,*,#1426,.F.);
#1426 = EDGE_CURVE('',#1412,#186,#1427,.T.);
#1427 = LINE('',#1428,#1429);
#1428 = CARTESIAN_POINT('',(65.1486,30.78,1.9));
#1429 = VECTOR('',#1430,1.);
#1430 = DIRECTION('',(0.,-1.,4.4E-16));
#1431 = PLANE('',#1432);
#1432 = AXIS2_PLACEMENT_3D('',#1433,#1434,#1435);
#1433 = CARTESIAN_POINT('',(65.1486,30.78,-1.367E-14));
#1434 = DIRECTION('',(-1.,0.,0.));
#1435 = DIRECTION('',(0.,4.4E-16,1.));
#1436 = ADVANCED_FACE('',(#1437),#1448,.T.);
#1437 = FACE_BOUND('',#1438,.T.);
#1438 = EDGE_LOOP('',(#1439,#1440,#1441,#1442));
#1439 = ORIENTED_EDGE('',*,*,#1378,.T.);
#1440 = ORIENTED_EDGE('',*,*,#201,.T.);
#1441 = ORIENTED_EDGE('',*,*,#1419,.F.);
#1442 = ORIENTED_EDGE('',*,*,#1443,.F.);
#1443 = EDGE_CURVE('',#1379,#1410,#1444,.T.);
#1444 = LINE('',#1445,#1446);
#1445 = CARTESIAN_POINT('',(62.7486,30.78,-1.42108547152E-14));
#1446 = VECTOR('',#1447,1.);
#1447 = DIRECTION('',(1.,0.,0.));
#1448 = PLANE('',#1449);
#1449 = AXIS2_PLACEMENT_3D('',#1450,#1451,#1452);
#1450 = CARTESIAN_POINT('',(62.7486,30.78,-1.367E-14));
#1451 = DIRECTION('',(0.,4.4E-16,1.));
#1452 = DIRECTION('',(1.,0.,0.));
#1453 = ADVANCED_FACE('',(#1454),#1506,.F.);
#1454 = FACE_BOUND('',#1455,.F.);
#1455 = EDGE_LOOP('',(#1456,#1467,#1473,#1474,#1475,#1483,#1491,#1500));
#1456 = ORIENTED_EDGE('',*,*,#1457,.F.);
#1457 = EDGE_CURVE('',#1458,#1460,#1462,.T.);
#1458 = VERTEX_POINT('',#1459);
#1459 = CARTESIAN_POINT('',(-63.62341176473,-7.866060555965,
    -50.39359929945));
#1460 = VERTEX_POINT('',#1461);
#1461 = CARTESIAN_POINT('',(-66.73613652252,-4.200000000013,
    -33.88448228545));
#1462 = CIRCLE('',#1463,8.799999999995);
#1463 = AXIS2_PLACEMENT_3D('',#1464,#1465,#1466);
#1464 = CARTESIAN_POINT('',(-65.10566164939,-4.200000000013,
    -42.53211500707));
#1465 = DIRECTION('',(-0.982685536548,-7.999999999999E-17,
    -0.185281235583));
#1466 = DIRECTION('',(0.185281235583,9.4667E-13,-0.982685536548));
#1467 = ORIENTED_EDGE('',*,*,#1468,.T.);
#1468 = EDGE_CURVE('',#1458,#401,#1469,.T.);
#1469 = LINE('',#1470,#1471);
#1470 = CARTESIAN_POINT('',(-63.62341176473,30.78,-50.39359929945));
#1471 = VECTOR('',#1472,1.);
#1472 = DIRECTION('',(0.,-1.,4.4E-16));
#1473 = ORIENTED_EDGE('',*,*,#409,.T.);
#1474 = ORIENTED_EDGE('',*,*,#351,.F.);
#1475 = ORIENTED_EDGE('',*,*,#1476,.F.);
#1476 = EDGE_CURVE('',#1477,#352,#1479,.T.);
#1477 = VERTEX_POINT('',#1478);
#1478 = CARTESIAN_POINT('',(-63.62341176473,27.78,-50.39359929945));
#1479 = LINE('',#1480,#1481);
#1480 = CARTESIAN_POINT('',(-63.06756805798,27.78,-53.3416559091));
#1481 = VECTOR('',#1482,1.);
#1482 = DIRECTION('',(-0.185281235583,0.,0.982685536548));
#1483 = ORIENTED_EDGE('',*,*,#1484,.T.);
#1484 = EDGE_CURVE('',#1477,#1485,#1487,.T.);
#1485 = VERTEX_POINT('',#1486);
#1486 = CARTESIAN_POINT('',(-63.62341176473,7.866060555953,
    -50.39359929945));
#1487 = LINE('',#1488,#1489);
#1488 = CARTESIAN_POINT('',(-63.62341176473,30.78,-50.39359929945));
#1489 = VECTOR('',#1490,1.);
#1490 = DIRECTION('',(0.,-1.,4.4E-16));
#1491 = ORIENTED_EDGE('',*,*,#1492,.F.);
#1492 = EDGE_CURVE('',#1493,#1485,#1495,.T.);
#1493 = VERTEX_POINT('',#1494);
#1494 = CARTESIAN_POINT('',(-66.73613652252,4.200000000001,
    -33.88448228545));
#1495 = CIRCLE('',#1496,8.799999999995);
#1496 = AXIS2_PLACEMENT_3D('',#1497,#1498,#1499);
#1497 = CARTESIAN_POINT('',(-65.10566164939,4.2,-42.53211500707));
#1498 = DIRECTION('',(-0.982685536548,-8.E-17,-0.185281235583));
#1499 = DIRECTION('',(-0.185281235583,1.3424E-13,0.982685536548));
#1500 = ORIENTED_EDGE('',*,*,#1501,.F.);
#1501 = EDGE_CURVE('',#1460,#1493,#1502,.T.);
#1502 = LINE('',#1503,#1504);
#1503 = CARTESIAN_POINT('',(-66.73613652252,-4.200000000013,
    -33.88448228545));
#1504 = VECTOR('',#1505,1.);
#1505 = DIRECTION('',(0.,1.,0.));
#1506 = PLANE('',#1507);
#1507 = AXIS2_PLACEMENT_3D('',#1508,#1509,#1510);
#1508 = CARTESIAN_POINT('',(-63.06756805798,30.78,-53.3416559091));
#1509 = DIRECTION('',(-0.982685536548,-8.E-17,-0.185281235583));
#1510 = DIRECTION('',(-0.185281235583,4.4E-16,0.982685536548));
#1511 = ADVANCED_FACE('',(#1512),#1531,.F.);
#1512 = FACE_BOUND('',#1513,.F.);
#1513 = EDGE_LOOP('',(#1514,#1522,#1529,#1530));
#1514 = ORIENTED_EDGE('',*,*,#1515,.F.);
#1515 = EDGE_CURVE('',#1516,#362,#1518,.T.);
#1516 = VERTEX_POINT('',#1517);
#1517 = CARTESIAN_POINT('',(-60.67535515509,30.78,-49.8377555927));
#1518 = LINE('',#1519,#1520);
#1519 = CARTESIAN_POINT('',(-60.11951144834,30.78,-52.78581220235));
#1520 = VECTOR('',#1521,1.);
#1521 = DIRECTION('',(-0.185281235583,0.,0.982685536548));
#1522 = ORIENTED_EDGE('',*,*,#1523,.T.);
#1523 = EDGE_CURVE('',#1516,#1477,#1524,.T.);
#1524 = CIRCLE('',#1525,3.);
#1525 = AXIS2_PLACEMENT_3D('',#1526,#1527,#1528);
#1526 = CARTESIAN_POINT('',(-60.67535515509,27.78,-49.8377555927));
#1527 = DIRECTION('',(-0.185281235583,4.4E-16,0.982685536548));
#1528 = DIRECTION('',(-2.638996135597E-15,1.,-9.453242468233E-16));
#1529 = ORIENTED_EDGE('',*,*,#1476,.T.);
#1530 = ORIENTED_EDGE('',*,*,#361,.F.);
#1531 = CYLINDRICAL_SURFACE('',#1532,3.);
#1532 = AXIS2_PLACEMENT_3D('',#1533,#1534,#1535);
#1533 = CARTESIAN_POINT('',(-60.11951144834,27.78,-52.78581220235));
#1534 = DIRECTION('',(-0.185281235583,0.,0.982685536548));
#1535 = DIRECTION('',(0.,1.,0.));
#1536 = ADVANCED_FACE('',(#1537),#1582,.F.);
#1537 = FACE_BOUND('',#1538,.F.);
#1538 = EDGE_LOOP('',(#1539,#1540,#1541,#1542,#1548,#1549,#1550,#1556,
    #1557,#1558,#1564,#1565,#1566,#1567,#1575,#1581));
#1539 = ORIENTED_EDGE('',*,*,#370,.F.);
#1540 = ORIENTED_EDGE('',*,*,#435,.F.);
#1541 = ORIENTED_EDGE('',*,*,#492,.F.);
#1542 = ORIENTED_EDGE('',*,*,#1543,.F.);
#1543 = EDGE_CURVE('',#1151,#483,#1544,.T.);
#1544 = LINE('',#1545,#1546);
#1545 = CARTESIAN_POINT('',(-62.7486,30.78,-7.105427357601E-15));
#1546 = VECTOR('',#1547,1.);
#1547 = DIRECTION('',(1.,0.,0.));
#1548 = ORIENTED_EDGE('',*,*,#1236,.T.);
#1549 = ORIENTED_EDGE('',*,*,#1277,.T.);
#1550 = ORIENTED_EDGE('',*,*,#1551,.T.);
#1551 = EDGE_CURVE('',#1278,#1412,#1552,.T.);
#1552 = LINE('',#1553,#1554);
#1553 = CARTESIAN_POINT('',(-65.1486,30.78,1.9));
#1554 = VECTOR('',#1555,1.);
#1555 = DIRECTION('',(1.,0.,-4.E-17));
#1556 = ORIENTED_EDGE('',*,*,#1409,.F.);
#1557 = ORIENTED_EDGE('',*,*,#1443,.F.);
#1558 = ORIENTED_EDGE('',*,*,#1559,.F.);
#1559 = EDGE_CURVE('',#703,#1379,#1560,.T.);
#1560 = LINE('',#1561,#1562);
#1561 = CARTESIAN_POINT('',(59.7514,30.78,-7.105427357601E-15));
#1562 = VECTOR('',#1563,1.);
#1563 = DIRECTION('',(1.,0.,0.));
#1564 = ORIENTED_EDGE('',*,*,#710,.F.);
#1565 = ORIENTED_EDGE('',*,*,#662,.F.);
#1566 = ORIENTED_EDGE('',*,*,#589,.F.);
#1567 = ORIENTED_EDGE('',*,*,#1568,.T.);
#1568 = EDGE_CURVE('',#590,#1569,#1571,.T.);
#1569 = VERTEX_POINT('',#1570);
#1570 = CARTESIAN_POINT('',(71.102460000409,30.78,-24.99160134871));
#1571 = LINE('',#1572,#1573);
#1572 = CARTESIAN_POINT('',(70.657617393752,30.78,-22.63226693351));
#1573 = VECTOR('',#1574,1.);
#1574 = DIRECTION('',(0.185281235583,0.,-0.982685536548));
#1575 = ORIENTED_EDGE('',*,*,#1576,.F.);
#1576 = EDGE_CURVE('',#1516,#1569,#1577,.T.);
#1577 = LINE('',#1578,#1579);
#1578 = CARTESIAN_POINT('',(-63.62341176473,30.78,-50.39359929945));
#1579 = VECTOR('',#1580,1.);
#1580 = DIRECTION('',(0.982685536548,0.,0.185281235583));
#1581 = ORIENTED_EDGE('',*,*,#1515,.T.);
#1582 = PLANE('',#1583);
#1583 = AXIS2_PLACEMENT_3D('',#1584,#1585,#1586);
#1584 = CARTESIAN_POINT('',(-1.730825567957,30.78,-18.74334149272));
#1585 = DIRECTION('',(0.,1.,0.));
#1586 = DIRECTION('',(0.,0.,1.));
#1587 = ADVANCED_FACE('',(#1588),#1599,.F.);
#1588 = FACE_BOUND('',#1589,.T.);
#1589 = EDGE_LOOP('',(#1590,#1591,#1592));
#1590 = ORIENTED_EDGE('',*,*,#400,.F.);
#1591 = ORIENTED_EDGE('',*,*,#449,.T.);
#1592 = ORIENTED_EDGE('',*,*,#1593,.F.);
#1593 = EDGE_CURVE('',#401,#450,#1594,.T.);
#1594 = CIRCLE('',#1595,3.);
#1595 = AXIS2_PLACEMENT_3D('',#1596,#1597,#1598);
#1596 = CARTESIAN_POINT('',(-60.67535515509,-27.78,-49.8377555927));
#1597 = DIRECTION('',(0.,-1.,-0.));
#1598 = DIRECTION('',(-0.982685536548,0.,-0.185281235583));
#1599 = SPHERICAL_SURFACE('',#1600,3.);
#1600 = AXIS2_PLACEMENT_3D('',#1601,#1602,#1603);
#1601 = CARTESIAN_POINT('',(-60.67535515509,-27.78,-49.8377555927));
#1602 = DIRECTION('',(0.,1.,0.));
#1603 = DIRECTION('',(-0.982685536548,0.,-0.185281235583));
#1604 = ADVANCED_FACE('',(#1605),#1669,.T.);
#1605 = FACE_BOUND('',#1606,.T.);
#1606 = EDGE_LOOP('',(#1607,#1617,#1625,#1637,#1644,#1656,#1662,#1663));
#1607 = ORIENTED_EDGE('',*,*,#1608,.F.);
#1608 = EDGE_CURVE('',#1609,#1611,#1613,.T.);
#1609 = VERTEX_POINT('',#1610);
#1610 = CARTESIAN_POINT('',(-60.11951144834,27.78,-52.78581220235));
#1611 = VERTEX_POINT('',#1612);
#1612 = CARTESIAN_POINT('',(71.658303707157,27.78,-27.93965795836));
#1613 = LINE('',#1614,#1615);
#1614 = CARTESIAN_POINT('',(-63.06756805798,27.78,-53.3416559091));
#1615 = VECTOR('',#1616,1.);
#1616 = DIRECTION('',(0.982685536548,0.,0.185281235583));
#1617 = ORIENTED_EDGE('',*,*,#1618,.T.);
#1618 = EDGE_CURVE('',#1609,#1619,#1621,.T.);
#1619 = VERTEX_POINT('',#1620);
#1620 = CARTESIAN_POINT('',(-60.11951144834,7.866060555953,
    -52.78581220235));
#1621 = LINE('',#1622,#1623);
#1622 = CARTESIAN_POINT('',(-60.11951144834,30.78,-52.78581220235));
#1623 = VECTOR('',#1624,1.);
#1624 = DIRECTION('',(0.,-1.,4.4E-16));
#1625 = ORIENTED_EDGE('',*,*,#1626,.T.);
#1626 = EDGE_CURVE('',#1619,#1627,#1629,.T.);
#1627 = VERTEX_POINT('',#1628);
#1628 = CARTESIAN_POINT('',(-60.22626405778,4.200000000015,
    -52.80593995903));
#1629 = ( BOUNDED_CURVE() B_SPLINE_CURVE(6,(#1630,#1631,#1632,#1633,
#1634,#1635,#1636),.UNSPECIFIED.,.F.,.F.) B_SPLINE_CURVE_WITH_KNOTS((7,7
),(22.913939444047,26.579999999985),.PIECEWISE_BEZIER_KNOTS.) CURVE() 
GEOMETRIC_REPRESENTATION_ITEM() RATIONAL_B_SPLINE_CURVE((1.,1.,1.,1.,1.,
1.,1.)) REPRESENTATION_ITEM('') );
#1630 = CARTESIAN_POINT('',(-60.11951144834,7.866060555953,
    -52.78581220235));
#1631 = CARTESIAN_POINT('',(-60.11951144834,7.255050463297,
    -52.78581220235));
#1632 = CARTESIAN_POINT('',(-60.15022088503,6.64404037064,
    -52.79160233781));
#1633 = CARTESIAN_POINT('',(-60.18448175041,6.033030277984,
    -52.79806208026));
#1634 = CARTESIAN_POINT('',(-60.21249499614,5.422020185327,
    -52.80334386022));
#1635 = CARTESIAN_POINT('',(-60.2262640579,4.811010092671,
    -52.80593995906));
#1636 = CARTESIAN_POINT('',(-60.22626405778,4.200000000015,
    -52.80593995903));
#1637 = ORIENTED_EDGE('',*,*,#1638,.T.);
#1638 = EDGE_CURVE('',#1627,#1639,#1641,.T.);
#1639 = VERTEX_POINT('',#1640);
#1640 = CARTESIAN_POINT('',(-60.22626405782,-4.200000000003,
    -52.80593995904));
#1641 = B_SPLINE_CURVE_WITH_KNOTS('',1,(#1642,#1643),.UNSPECIFIED.,.F.,
  .F.,(2,2),(26.579999999984,34.980000000003),.PIECEWISE_BEZIER_KNOTS.);
#1642 = CARTESIAN_POINT('',(-60.2262640579,4.200000000016,
    -52.80593995906));
#1643 = CARTESIAN_POINT('',(-60.22626405782,-4.200000000003,
    -52.80593995904));
#1644 = ORIENTED_EDGE('',*,*,#1645,.T.);
#1645 = EDGE_CURVE('',#1639,#1646,#1648,.T.);
#1646 = VERTEX_POINT('',#1647);
#1647 = CARTESIAN_POINT('',(-60.11951144834,-7.866060555965,
    -52.78581220235));
#1648 = ( BOUNDED_CURVE() B_SPLINE_CURVE(6,(#1649,#1650,#1651,#1652,
#1653,#1654,#1655),.UNSPECIFIED.,.F.,.F.) B_SPLINE_CURVE_WITH_KNOTS((7,7
),(34.980000000005,38.646060555965),.PIECEWISE_BEZIER_KNOTS.) CURVE() 
GEOMETRIC_REPRESENTATION_ITEM() RATIONAL_B_SPLINE_CURVE((1.,1.,1.,1.,1.,
1.,1.)) REPRESENTATION_ITEM('') );
#1649 = CARTESIAN_POINT('',(-60.2262640579,-4.200000000005,
    -52.80593995906));
#1650 = CARTESIAN_POINT('',(-60.2262640579,-4.811010092665,
    -52.80593995906));
#1651 = CARTESIAN_POINT('',(-60.21249499614,-5.422020185325,
    -52.80334386022));
#1652 = CARTESIAN_POINT('',(-60.18448175041,-6.033030277985,
    -52.79806208026));
#1653 = CARTESIAN_POINT('',(-60.15022088503,-6.644040370645,
    -52.79160233781));
#1654 = CARTESIAN_POINT('',(-60.11951144834,-7.255050463305,
    -52.78581220235));
#1655 = CARTESIAN_POINT('',(-60.11951144834,-7.866060555965,
    -52.78581220235));
#1656 = ORIENTED_EDGE('',*,*,#1657,.T.);
#1657 = EDGE_CURVE('',#1646,#450,#1658,.T.);
#1658 = LINE('',#1659,#1660);
#1659 = CARTESIAN_POINT('',(-60.11951144834,30.78,-52.78581220235));
#1660 = VECTOR('',#1661,1.);
#1661 = DIRECTION('',(0.,-1.,4.4E-16));
#1662 = ORIENTED_EDGE('',*,*,#458,.T.);
#1663 = ORIENTED_EDGE('',*,*,#1664,.F.);
#1664 = EDGE_CURVE('',#1611,#459,#1665,.T.);
#1665 = LINE('',#1666,#1667);
#1666 = CARTESIAN_POINT('',(71.658303707157,30.78,-27.93965795836));
#1667 = VECTOR('',#1668,1.);
#1668 = DIRECTION('',(0.,-1.,4.4E-16));
#1669 = PLANE('',#1670);
#1670 = AXIS2_PLACEMENT_3D('',#1671,#1672,#1673);
#1671 = CARTESIAN_POINT('',(-63.06756805798,30.78,-53.3416559091));
#1672 = DIRECTION('',(-0.185281235583,4.4E-16,0.982685536548));
#1673 = DIRECTION('',(0.982685536548,8.E-17,0.185281235583));
#1674 = ADVANCED_FACE('',(#1675),#1686,.F.);
#1675 = FACE_BOUND('',#1676,.F.);
#1676 = EDGE_LOOP('',(#1677,#1684,#1685));
#1677 = ORIENTED_EDGE('',*,*,#1678,.F.);
#1678 = EDGE_CURVE('',#516,#459,#1679,.T.);
#1679 = CIRCLE('',#1680,3.);
#1680 = AXIS2_PLACEMENT_3D('',#1681,#1682,#1683);
#1681 = CARTESIAN_POINT('',(71.102460000409,-27.78,-24.99160134871));
#1682 = DIRECTION('',(8.E-16,1.,-4.67E-15));
#1683 = DIRECTION('',(0.185281235583,-4.737366444146E-15,-0.982685536548
    ));
#1684 = ORIENTED_EDGE('',*,*,#523,.T.);
#1685 = ORIENTED_EDGE('',*,*,#466,.F.);
#1686 = SPHERICAL_SURFACE('',#1687,3.);
#1687 = AXIS2_PLACEMENT_3D('',#1688,#1689,#1690);
#1688 = CARTESIAN_POINT('',(71.102460000409,-27.78,-24.99160134871));
#1689 = DIRECTION('',(-0.982685536548,-8.E-17,-0.185281235583));
#1690 = DIRECTION('',(0.185281235583,-4.74E-15,-0.982685536548));
#1691 = ADVANCED_FACE('',(#1692),#1710,.F.);
#1692 = FACE_BOUND('',#1693,.F.);
#1693 = EDGE_LOOP('',(#1694,#1695,#1696,#1704));
#1694 = ORIENTED_EDGE('',*,*,#571,.T.);
#1695 = ORIENTED_EDGE('',*,*,#515,.T.);
#1696 = ORIENTED_EDGE('',*,*,#1697,.F.);
#1697 = EDGE_CURVE('',#1698,#516,#1700,.T.);
#1698 = VERTEX_POINT('',#1699);
#1699 = CARTESIAN_POINT('',(74.050516610053,27.78,-24.43575764197));
#1700 = LINE('',#1701,#1702);
#1701 = CARTESIAN_POINT('',(74.050516610053,30.78,-24.43575764197));
#1702 = VECTOR('',#1703,1.);
#1703 = DIRECTION('',(0.,-1.,4.4E-16));
#1704 = ORIENTED_EDGE('',*,*,#1705,.F.);
#1705 = EDGE_CURVE('',#572,#1698,#1706,.T.);
#1706 = LINE('',#1707,#1708);
#1707 = CARTESIAN_POINT('',(73.605674003396,27.78,-22.07642322676));
#1708 = VECTOR('',#1709,1.);
#1709 = DIRECTION('',(0.185281235583,0.,-0.982685536548));
#1710 = PLANE('',#1711);
#1711 = AXIS2_PLACEMENT_3D('',#1712,#1713,#1714);
#1712 = CARTESIAN_POINT('',(73.605674003396,30.78,-22.07642322676));
#1713 = DIRECTION('',(0.982685536548,8.E-17,0.185281235583));
#1714 = DIRECTION('',(0.185281235583,-4.4E-16,-0.982685536548));
#1715 = ADVANCED_FACE('',(#1716),#1727,.T.);
#1716 = FACE_BOUND('',#1717,.T.);
#1717 = EDGE_LOOP('',(#1718,#1719,#1720,#1726));
#1718 = ORIENTED_EDGE('',*,*,#1543,.F.);
#1719 = ORIENTED_EDGE('',*,*,#1168,.T.);
#1720 = ORIENTED_EDGE('',*,*,#1721,.F.);
#1721 = EDGE_CURVE('',#541,#1161,#1722,.T.);
#1722 = LINE('',#1723,#1724);
#1723 = CARTESIAN_POINT('',(1.690987486943,35.918916083187,-1.673E-14));
#1724 = VECTOR('',#1725,1.);
#1725 = DIRECTION('',(-0.999961767512,-8.744341814506E-03,0.));
#1726 = ORIENTED_EDGE('',*,*,#540,.F.);
#1727 = PLANE('',#1728);
#1728 = AXIS2_PLACEMENT_3D('',#1729,#1730,#1731);
#1729 = CARTESIAN_POINT('',(-62.7486,30.78,-1.367E-14));
#1730 = DIRECTION('',(0.,-4.4E-16,-1.));
#1731 = DIRECTION('',(1.,0.,0.));
#1732 = ADVANCED_FACE('',(#1733),#1784,.F.);
#1733 = FACE_BOUND('',#1734,.F.);
#1734 = EDGE_LOOP('',(#1735,#1736,#1737,#1738,#1739,#1740,#1741,#1749,
    #1757,#1765,#1771,#1772,#1773,#1774,#1775,#1776,#1777,#1778));
#1735 = ORIENTED_EDGE('',*,*,#733,.F.);
#1736 = ORIENTED_EDGE('',*,*,#741,.F.);
#1737 = ORIENTED_EDGE('',*,*,#798,.F.);
#1738 = ORIENTED_EDGE('',*,*,#866,.F.);
#1739 = ORIENTED_EDGE('',*,*,#918,.F.);
#1740 = ORIENTED_EDGE('',*,*,#985,.F.);
#1741 = ORIENTED_EDGE('',*,*,#1742,.F.);
#1742 = EDGE_CURVE('',#1743,#986,#1745,.T.);
#1743 = VERTEX_POINT('',#1744);
#1744 = CARTESIAN_POINT('',(-63.47532663915,35.711493018672,
    -7.814542756043));
#1745 = LINE('',#1746,#1747);
#1746 = CARTESIAN_POINT('',(-63.46294556718,35.760159119926,
    -8.861508420842));
#1747 = VECTOR('',#1748,1.);
#1748 = DIRECTION('',(-1.181209230586E-02,-4.642962107417E-02,
    0.998851723111));
#1749 = ORIENTED_EDGE('',*,*,#1750,.F.);
#1750 = EDGE_CURVE('',#1751,#1743,#1753,.T.);
#1751 = VERTEX_POINT('',#1752);
#1752 = CARTESIAN_POINT('',(-19.36567279448,35.711493018672,
    0.502147437829));
#1753 = LINE('',#1754,#1755);
#1754 = CARTESIAN_POINT('',(68.26846664848,35.711493018672,
    17.025196807481));
#1755 = VECTOR('',#1756,1.);
#1756 = DIRECTION('',(-0.982685536548,-4.E-17,-0.185281235583));
#1757 = ORIENTED_EDGE('',*,*,#1758,.T.);
#1758 = EDGE_CURVE('',#1751,#1759,#1761,.T.);
#1759 = VERTEX_POINT('',#1760);
#1760 = CARTESIAN_POINT('',(-63.57367708494,35.324908338125,
    0.502147437829));
#1761 = LINE('',#1762,#1763);
#1762 = CARTESIAN_POINT('',(-8.770370507097,35.804145505836,
    0.502147437829));
#1763 = VECTOR('',#1764,1.);
#1764 = DIRECTION('',(-0.999961767512,-8.744341814506E-03,5.E-17));
#1765 = ORIENTED_EDGE('',*,*,#1766,.F.);
#1766 = EDGE_CURVE('',#1046,#1759,#1767,.T.);
#1767 = LINE('',#1768,#1769);
#1768 = CARTESIAN_POINT('',(-63.46294556718,35.760159119926,
    -8.861508420842));
#1769 = VECTOR('',#1770,1.);
#1770 = DIRECTION('',(-1.181209230586E-02,-4.642962107417E-02,
    0.998851723111));
#1771 = ORIENTED_EDGE('',*,*,#1043,.F.);
#1772 = ORIENTED_EDGE('',*,*,#1103,.F.);
#1773 = ORIENTED_EDGE('',*,*,#1160,.F.);
#1774 = ORIENTED_EDGE('',*,*,#1721,.F.);
#1775 = ORIENTED_EDGE('',*,*,#548,.F.);
#1776 = ORIENTED_EDGE('',*,*,#622,.F.);
#1777 = ORIENTED_EDGE('',*,*,#630,.T.);
#1778 = ORIENTED_EDGE('',*,*,#1779,.F.);
#1779 = EDGE_CURVE('',#726,#631,#1780,.T.);
#1780 = LINE('',#1781,#1782);
#1781 = CARTESIAN_POINT('',(-57.82142289025,35.6070014034,
    -4.495557186922));
#1782 = VECTOR('',#1783,1.);
#1783 = DIRECTION('',(0.,-4.632978231831E-02,0.998926199111));
#1784 = PLANE('',#1785);
#1785 = AXIS2_PLACEMENT_3D('',#1786,#1787,#1788);
#1786 = CARTESIAN_POINT('',(66.181974712617,35.18,28.091430476788));
#1787 = DIRECTION('',(8.734952849304E-03,-0.998888089649,
    -4.632801481726E-02));
#1788 = DIRECTION('',(0.185075219459,4.714429295459E-02,-0.981592878328)
  );
#1789 = ADVANCED_FACE('',(#1790),#1802,.F.);
#1790 = FACE_BOUND('',#1791,.F.);
#1791 = EDGE_LOOP('',(#1792,#1793,#1794,#1801));
#1792 = ORIENTED_EDGE('',*,*,#597,.T.);
#1793 = ORIENTED_EDGE('',*,*,#1705,.T.);
#1794 = ORIENTED_EDGE('',*,*,#1795,.T.);
#1795 = EDGE_CURVE('',#1698,#1569,#1796,.T.);
#1796 = CIRCLE('',#1797,3.);
#1797 = AXIS2_PLACEMENT_3D('',#1798,#1799,#1800);
#1798 = CARTESIAN_POINT('',(71.102460000409,27.78,-24.99160134871));
#1799 = DIRECTION('',(-0.185281235583,1.0098E-13,0.982685536548));
#1800 = DIRECTION('',(1.863120394525E-14,1.,-9.924638542581E-14));
#1801 = ORIENTED_EDGE('',*,*,#1568,.F.);
#1802 = CYLINDRICAL_SURFACE('',#1803,3.);
#1803 = AXIS2_PLACEMENT_3D('',#1804,#1805,#1806);
#1804 = CARTESIAN_POINT('',(70.657617393752,27.78,-22.63226693351));
#1805 = DIRECTION('',(0.185281235583,0.,-0.982685536548));
#1806 = DIRECTION('',(0.,1.,0.));
#1807 = ADVANCED_FACE('',(#1808),#1814,.F.);
#1808 = FACE_BOUND('',#1809,.F.);
#1809 = EDGE_LOOP('',(#1810,#1811,#1812,#1813));
#1810 = ORIENTED_EDGE('',*,*,#725,.F.);
#1811 = ORIENTED_EDGE('',*,*,#1779,.T.);
#1812 = ORIENTED_EDGE('',*,*,#638,.T.);
#1813 = ORIENTED_EDGE('',*,*,#677,.F.);
#1814 = PLANE('',#1815);
#1815 = AXIS2_PLACEMENT_3D('',#1816,#1817,#1818);
#1816 = CARTESIAN_POINT('',(-58.12141144512,35.304705871692,
    -4.509577528156));
#1817 = DIRECTION('',(0.710188338699,-0.703255766969,-3.261671045043E-02
    ));
#1818 = DIRECTION('',(2.22044604925E-16,-4.632978231831E-02,
    0.998926199111));
#1819 = ADVANCED_FACE('',(#1820,#1861),#2002,.T.);
#1820 = FACE_BOUND('',#1821,.T.);
#1821 = EDGE_LOOP('',(#1822,#1823,#1824,#1825,#1832,#1833,#1834,#1835,
    #1845,#1846,#1847,#1848,#1849,#1850,#1851,#1852));
#1822 = ORIENTED_EDGE('',*,*,#1320,.F.);
#1823 = ORIENTED_EDGE('',*,*,#1311,.F.);
#1824 = ORIENTED_EDGE('',*,*,#1394,.F.);
#1825 = ORIENTED_EDGE('',*,*,#1826,.F.);
#1826 = EDGE_CURVE('',#775,#1387,#1827,.T.);
#1827 = ELLIPSE('',#1828,1.154425504526E+03,213.89338386691);
#1828 = AXIS2_PLACEMENT_3D('',#1829,#1830,#1831);
#1829 = CARTESIAN_POINT('',(32.395636414917,-177.9440605806,7.905E-14));
#1830 = DIRECTION('',(0.,-4.4E-16,-1.));
#1831 = DIRECTION('',(1.,-4.E-17,1.76E-32));
#1832 = ORIENTED_EDGE('',*,*,#774,.F.);
#1833 = ORIENTED_EDGE('',*,*,#848,.F.);
#1834 = ORIENTED_EDGE('',*,*,#839,.T.);
#1835 = ORIENTED_EDGE('',*,*,#1836,.F.);
#1836 = EDGE_CURVE('',#961,#830,#1837,.T.);
#1837 = B_SPLINE_CURVE_WITH_KNOTS('',6,(#1838,#1839,#1840,#1841,#1842,
    #1843,#1844),.UNSPECIFIED.,.F.,.F.,(7,7),(-1.37457243094,
    4.017917876928),.PIECEWISE_BEZIER_KNOTS.);
#1838 = CARTESIAN_POINT('',(57.821424884304,35.692502021663,
    -5.869191779378));
#1839 = CARTESIAN_POINT('',(57.821420956721,35.735770865446,
    -4.971479451349));
#1840 = CARTESIAN_POINT('',(57.821416879675,35.774668307708,
    -4.073551062378));
#1841 = CARTESIAN_POINT('',(57.821413648282,35.80919301845,
    -3.175435962293));
#1842 = CARTESIAN_POINT('',(57.821410775794,35.839344089383,
    -2.277155824003));
#1843 = CARTESIAN_POINT('',(57.821408279475,35.865120458599,
    -1.378746678243));
#1844 = CARTESIAN_POINT('',(57.821406133019,35.8865216853,
    -0.480229103613));
#1845 = ORIENTED_EDGE('',*,*,#960,.F.);
#1846 = ORIENTED_EDGE('',*,*,#951,.F.);
#1847 = ORIENTED_EDGE('',*,*,#1028,.F.);
#1848 = ORIENTED_EDGE('',*,*,#1085,.F.);
#1849 = ORIENTED_EDGE('',*,*,#1135,.F.);
#1850 = ORIENTED_EDGE('',*,*,#1209,.F.);
#1851 = ORIENTED_EDGE('',*,*,#1200,.T.);
#1852 = ORIENTED_EDGE('',*,*,#1853,.F.);
#1853 = EDGE_CURVE('',#1321,#1191,#1854,.T.);
#1854 = B_SPLINE_CURVE_WITH_KNOTS('',5,(#1855,#1856,#1857,#1858,#1859,
    #1860),.UNSPECIFIED.,.F.,.F.,(6,6),(-0.160102119353,4.018704481265),
  .PIECEWISE_BEZIER_KNOTS.);
#1855 = CARTESIAN_POINT('',(64.678587026008,35.812614249948,
    -1.694057876237));
#1856 = CARTESIAN_POINT('',(64.678584209231,35.783254799246,
    -2.529296259568));
#1857 = CARTESIAN_POINT('',(64.67858094456,35.749955982715,
    -3.364388263448));
#1858 = CARTESIAN_POINT('',(64.678577480949,35.712718507826,
    -4.199312813824));
#1859 = CARTESIAN_POINT('',(64.678573596346,35.671543996362,
    -5.034035805866));
#1860 = CARTESIAN_POINT('',(64.678569122776,35.626433403972,
    -5.868540393235));
#1861 = FACE_BOUND('',#1862,.T.);
#1862 = EDGE_LOOP('',(#1863,#1896,#1915,#1924,#1932,#1954,#1968,#1969));
#1863 = ORIENTED_EDGE('',*,*,#1864,.F.);
#1864 = EDGE_CURVE('',#1865,#1867,#1869,.T.);
#1865 = VERTEX_POINT('',#1866);
#1866 = CARTESIAN_POINT('',(65.020010081854,35.775929322592,
    -2.611311848321));
#1867 = VERTEX_POINT('',#1868);
#1868 = CARTESIAN_POINT('',(63.862527313115,35.882682388189,
    0.500000391406));
#1869 = B_SPLINE_CURVE_WITH_KNOTS('',7,(#1870,#1871,#1872,#1873,#1874,
    #1875,#1876,#1877,#1878,#1879,#1880,#1881,#1882,#1883,#1884,#1885,
    #1886,#1887,#1888,#1889,#1890,#1891,#1892,#1893,#1894,#1895),
  .UNSPECIFIED.,.F.,.F.,(8,6,6,6,8),(29.344150329539,29.556972361043,
    32.583468295709,34.869744840175,35.791353905112),.UNSPECIFIED.);
#1870 = CARTESIAN_POINT('',(65.020010081854,35.775929322592,
    -2.611311848321));
#1871 = CARTESIAN_POINT('',(65.010330051624,35.777029241982,
    -2.585355917423));
#1872 = CARTESIAN_POINT('',(65.00064473968,35.778125840408,
    -2.559381965403));
#1873 = CARTESIAN_POINT('',(64.990953847876,35.779219137146,
    -2.533389275168));
#1874 = CARTESIAN_POINT('',(64.981257078067,35.780309151473,
    -2.507377129624));
#1875 = CARTESIAN_POINT('',(64.971554132105,35.781395902666,
    -2.481344811677));
#1876 = CARTESIAN_POINT('',(64.961844711844,35.782479410003,
    -2.455291604234));
#1877 = CARTESIAN_POINT('',(64.813956650757,35.798922159466,
    -2.058412517209));
#1878 = CARTESIAN_POINT('',(64.656107694577,35.815696453592,
    -1.633179831259));
#1879 = CARTESIAN_POINT('',(64.509216341681,35.829958457596,
    -1.239066566127));
#1880 = CARTESIAN_POINT('',(64.358571883163,35.843942746681,
    -0.833411317179));
#1881 = CARTESIAN_POINT('',(64.209296102376,35.856640911101,
    -0.432377463659));
#1882 = CARTESIAN_POINT('',(64.059618464582,35.868461408773,
    -2.98925556677E-02));
#1883 = CARTESIAN_POINT('',(63.796953318654,35.887469983628,
    0.67630052928));
#1884 = CARTESIAN_POINT('',(63.683913116413,35.895092860837,
    0.980216790605));
#1885 = CARTESIAN_POINT('',(63.570867357541,35.902158503585,
    1.284147991272));
#1886 = CARTESIAN_POINT('',(63.457816454653,35.908666871712,
    1.588093021913));
#1887 = CARTESIAN_POINT('',(63.344760820386,35.91461792507,1.89205077316
    ));
#1888 = CARTESIAN_POINT('',(63.231700867353,35.920011623497,
    2.196020135645));
#1889 = CARTESIAN_POINT('',(63.07306042307,35.926797463966,
    2.622535744517));
#1890 = CARTESIAN_POINT('',(63.027378495284,35.928751507122,
    2.745354709957));
#1891 = CARTESIAN_POINT('',(62.981591224829,35.930710056307,
    2.86845689632));
#1892 = CARTESIAN_POINT('',(62.935698611703,35.932673111521,
    2.991842303607));
#1893 = CARTESIAN_POINT('',(62.889700655907,35.934640672765,
    3.115510931817));
#1894 = CARTESIAN_POINT('',(62.843597357441,35.936612740039,
    3.23946278095));
#1895 = CARTESIAN_POINT('',(62.797388716304,35.938589313343,
    3.363697851006));
#1896 = ORIENTED_EDGE('',*,*,#1897,.F.);
#1897 = EDGE_CURVE('',#1898,#1865,#1900,.T.);
#1898 = VERTEX_POINT('',#1899);
#1899 = CARTESIAN_POINT('',(67.634821082947,35.163431961379,
    -11.99730863155));
#1900 = ( BOUNDED_CURVE() B_SPLINE_CURVE(7,(#1901,#1902,#1903,#1904,
    #1905,#1906,#1907,#1908,#1909,#1910,#1911,#1912,#1913,#1914),
.UNSPECIFIED.,.F.,.F.) B_SPLINE_CURVE_WITH_KNOTS((8,6,8),(
    18.570953283107,19.084060296042,29.344150329539),.UNSPECIFIED.) 
CURVE() GEOMETRIC_REPRESENTATION_ITEM() RATIONAL_B_SPLINE_CURVE((1.,1.,
1.,1.,1.,1.,1.,1.,1.,1.,1.,1.,1.,1.)) REPRESENTATION_ITEM('') );
#1901 = CARTESIAN_POINT('',(67.634821082912,35.163431961395,
    -11.99730863136));
#1902 = CARTESIAN_POINT('',(67.621221100684,35.169741590253,
    -11.92517771216));
#1903 = CARTESIAN_POINT('',(67.60758741174,35.17599393547,
    -11.85339642008));
#1904 = CARTESIAN_POINT('',(67.593585042921,35.182334731089,
    -11.78021682101));
#1905 = CARTESIAN_POINT('',(67.579912499454,35.188458157446,
    -11.70929598108));
#1906 = CARTESIAN_POINT('',(67.566006083318,35.194615143825,
    -11.63766098447));
#1907 = CARTESIAN_POINT('',(67.551027038605,35.201172917808,
    -11.56091933602));
#1908 = CARTESIAN_POINT('',(67.280272756069,35.317761283808,
    -10.19188354419));
#1909 = CARTESIAN_POINT('',(66.98914992123,35.418172825865,
    -8.905572746433));
#1910 = CARTESIAN_POINT('',(66.661782068074,35.509421965361,
    -7.620204216351));
#1911 = CARTESIAN_POINT('',(66.302793979593,35.590630126013,
    -6.351888887014));
#1912 = CARTESIAN_POINT('',(65.904627559594,35.661920793075,
    -5.085712455941));
#1913 = CARTESIAN_POINT('',(65.486681605442,35.722902519415,
    -3.862639946452));
#1914 = CARTESIAN_POINT('',(65.020010081854,35.775929322592,
    -2.611311848321));
#1915 = ORIENTED_EDGE('',*,*,#1916,.F.);
#1916 = EDGE_CURVE('',#1917,#1898,#1919,.T.);
#1917 = VERTEX_POINT('',#1918);
#1918 = CARTESIAN_POINT('',(70.710009030417,33.080208865637,
    -28.30733975068));
#1919 = CIRCLE('',#1920,213.89338386691);
#1920 = AXIS2_PLACEMENT_3D('',#1921,#1922,#1923);
#1921 = CARTESIAN_POINT('',(64.240702052047,-177.9440605806,
    6.004253536883));
#1922 = DIRECTION('',(0.982685536548,0.,0.185281235583));
#1923 = DIRECTION('',(3.0245474925E-02,0.986586240449,-0.16041446756));
#1924 = ORIENTED_EDGE('',*,*,#1925,.T.);
#1925 = EDGE_CURVE('',#1917,#1926,#1928,.T.);
#1926 = VERTEX_POINT('',#1927);
#1927 = CARTESIAN_POINT('',(-59.1001036358,33.080208865637,
    -52.78249194476));
#1928 = LINE('',#1929,#1930);
#1929 = CARTESIAN_POINT('',(76.606122249706,33.080208865637,
    -27.19565233718));
#1930 = VECTOR('',#1931,1.);
#1931 = DIRECTION('',(-0.982685536548,-4.E-17,-0.185281235583));
#1932 = ORIENTED_EDGE('',*,*,#1933,.T.);
#1933 = EDGE_CURVE('',#1926,#1934,#1936,.T.);
#1934 = VERTEX_POINT('',#1935);
#1935 = CARTESIAN_POINT('',(-63.45402767637,35.767350739135,
    -9.095497899822));
#1936 = ( BOUNDED_CURVE() B_SPLINE_CURVE(6,(#1937,#1938,#1939,#1940,
    #1941,#1942,#1943,#1944,#1945,#1946,#1947,#1948,#1949,#1950,#1951,
#1952,#1953),.UNSPECIFIED.,.F.,.F.) B_SPLINE_CURVE_WITH_KNOTS((7,5,5,7),
  (1.843873300197,21.510539913087,46.719213740409,46.991582252733),
.UNSPECIFIED.) CURVE() GEOMETRIC_REPRESENTATION_ITEM() 
RATIONAL_B_SPLINE_CURVE((1.,1.,1.,1.,1.,1.,1.,1.,1.,1.,1.,1.,1.,1.,1.,1.
,1.)) REPRESENTATION_ITEM('') );
#1937 = CARTESIAN_POINT('',(-59.1001036358,33.080208865637,
    -52.78249194476));
#1938 = CARTESIAN_POINT('',(-59.66927567547,33.600311830051,
    -49.69126744101));
#1939 = CARTESIAN_POINT('',(-60.19858359904,34.066259942829,
    -46.57003765082));
#1940 = CARTESIAN_POINT('',(-60.68504120486,34.475673439474,
    -43.42883908495));
#1941 = CARTESIAN_POINT('',(-61.12797401764,34.828284360912,
    -40.26872644064));
#1942 = CARTESIAN_POINT('',(-61.52597201554,35.123296436138,
    -37.09507950304));
#1943 = CARTESIAN_POINT('',(-62.33018906062,35.665025695622,
    -29.83124375606));
#1944 = CARTESIAN_POINT('',(-62.70708619063,35.874667321944,
    -25.73477243534));
#1945 = CARTESIAN_POINT('',(-63.00761345715,35.989512889708,
    -21.6318749343));
#1946 = CARTESIAN_POINT('',(-63.23107964915,36.010166754103,
    -17.52918181627));
#1947 = CARTESIAN_POINT('',(-63.37796447046,35.938986199493,
    -13.44012838535));
#1948 = CARTESIAN_POINT('',(-63.45018625617,35.776416763634,
    -9.321035613556));
#1949 = CARTESIAN_POINT('',(-63.45097084542,35.774628831413,
    -9.276006531435));
#1950 = CARTESIAN_POINT('',(-63.45175221845,35.772819262333,
    -9.230709110452));
#1951 = CARTESIAN_POINT('',(-63.4525218103,35.771003583452,
    -9.185539920897));
#1952 = CARTESIAN_POINT('',(-63.45327831316,35.769184268751,
    -9.140560609579));
#1953 = CARTESIAN_POINT('',(-63.45402767637,35.767350739135,
    -9.095497899822));
#1954 = ORIENTED_EDGE('',*,*,#1955,.T.);
#1955 = EDGE_CURVE('',#1934,#1743,#1956,.T.);
#1956 = ( BOUNDED_CURVE() B_SPLINE_CURVE(10,(#1957,#1958,#1959,#1960,
    #1961,#1962,#1963,#1964,#1965,#1966,#1967),.UNSPECIFIED.,.F.,.F.) 
B_SPLINE_CURVE_WITH_KNOTS((11,11),(46.991582252733,48.282764277449),
.PIECEWISE_BEZIER_KNOTS.) CURVE() GEOMETRIC_REPRESENTATION_ITEM() 
RATIONAL_B_SPLINE_CURVE((1.,1.,1.,1.,1.,1.000000000001,1.,1.,1.,1.,1.)) 
REPRESENTATION_ITEM('') );
#1957 = CARTESIAN_POINT('',(-63.45402767637,35.767350739135,
    -9.095497899822));
#1958 = CARTESIAN_POINT('',(-63.45615912168,35.762135553734,
    -8.967324139223));
#1959 = CARTESIAN_POINT('',(-63.4582878682,35.756842391111,
    -8.839276837636));
#1960 = CARTESIAN_POINT('',(-63.46042126353,35.751457488587,
    -8.711014609267));
#1961 = CARTESIAN_POINT('',(-63.46254653685,35.746004590058,
    -8.58312724519));
#1962 = CARTESIAN_POINT('',(-63.46467976705,35.740454545973,
    -8.454882014506));
#1963 = CARTESIAN_POINT('',(-63.46680733387,35.734831379323,
    -8.32689290288));
#1964 = CARTESIAN_POINT('',(-63.46893807095,35.729119639594,
    -8.198761018389));
#1965 = CARTESIAN_POINT('',(-63.4710674498,35.72332730964,
    -8.070692882107));
#1966 = CARTESIAN_POINT('',(-63.47319708845,35.717451574344,
    -7.942614912615));
#1967 = CARTESIAN_POINT('',(-63.47532663915,35.711493018672,
    -7.814542756043));
#1968 = ORIENTED_EDGE('',*,*,#1750,.F.);
#1969 = ORIENTED_EDGE('',*,*,#1970,.F.);
#1970 = EDGE_CURVE('',#1867,#1751,#1971,.T.);
#1971 = B_SPLINE_CURVE_WITH_KNOTS('',8,(#1972,#1973,#1974,#1975,#1976,
    #1977,#1978,#1979,#1980,#1981,#1982,#1983,#1984,#1985,#1986,#1987,
    #1988,#1989,#1990,#1991,#1992,#1993,#1994,#1995,#1996,#1997,#1998,
    #1999,#2000,#2001),.UNSPECIFIED.,.F.,.F.,(9,7,7,7,9),(
    204.99115916346,205.73500925743,247.1409383408,277.90175776874,
    288.54686742416),.UNSPECIFIED.);
#1972 = CARTESIAN_POINT('',(63.862527306344,35.88268238856,
    0.500000391406));
#1973 = CARTESIAN_POINT('',(63.768393480285,35.88311771457,
    0.499994230657));
#1974 = CARTESIAN_POINT('',(63.674725086657,35.883550645339,
    0.500044469997));
#1975 = CARTESIAN_POINT('',(63.581465683894,35.883980690574,
    0.50012004618));
#1976 = CARTESIAN_POINT('',(63.488532147349,35.884407681199,
    0.500197602853));
#1977 = CARTESIAN_POINT('',(63.395825500503,35.884831734652,
    0.500262403345));
#1978 = CARTESIAN_POINT('',(63.303229883282,35.885253266969,
    0.500309042497));
#1979 = CARTESIAN_POINT('',(63.210599657662,35.885673051752,
    0.500341957541));
#1980 = CARTESIAN_POINT('',(57.948464744247,35.909430949293,
    0.502256105581));
#1981 = CARTESIAN_POINT('',(52.801032962458,35.92777961623,
    0.505976841999));
#1982 = CARTESIAN_POINT('',(47.640279608042,35.941032351039,
    0.494876109583));
#1983 = CARTESIAN_POINT('',(42.490270438572,35.949857219732,
    0.503737367857));
#1984 = CARTESIAN_POINT('',(37.330896414245,35.953427936104,
    0.498116248738));
#1985 = CARTESIAN_POINT('',(32.175495838552,35.952331647079,
    0.500370649831));
#1986 = CARTESIAN_POINT('',(27.018758481082,35.946284225332,
    0.500081205475));
#1987 = CARTESIAN_POINT('',(18.032081078848,35.927261372881,
    0.500338917741));
#1988 = CARTESIAN_POINT('',(14.201750817886,35.916460465128,
    0.50046638909));
#1989 = CARTESIAN_POINT('',(10.371772954284,35.902967151963,
    0.500616284097));
#1990 = CARTESIAN_POINT('',(6.542227892379,35.886781842654,
    0.500787082291));
#1991 = CARTESIAN_POINT('',(2.713208898433,35.867904863193,
    0.500986146158));
#1992 = CARTESIAN_POINT('',(-1.115184211897,35.846336352946,
    0.501226044517));
#1993 = CARTESIAN_POINT('',(-4.942933590709,35.822076471322,
    0.50150199462));
#1994 = CARTESIAN_POINT('',(-10.09476607793,35.785799386713,
    0.501836394249));
#1995 = CARTESIAN_POINT('',(-11.41920989448,35.776150624397,
    0.501919038771));
#1996 = CARTESIAN_POINT('',(-12.74360848698,35.766179710323,
    0.501995712203));
#1997 = CARTESIAN_POINT('',(-14.06800365385,35.755886642016,
    0.502058697191));
#1998 = CARTESIAN_POINT('',(-15.39242017408,35.745271412453,
    0.502103601676));
#1999 = CARTESIAN_POINT('',(-16.71684764365,35.734334044588,
    0.502131874432));
#2000 = CARTESIAN_POINT('',(-18.04126000856,35.723074579568,
    0.502147437829));
#2001 = CARTESIAN_POINT('',(-19.36567279448,35.711493018672,
    0.502147437829));
#2002 = CYLINDRICAL_SURFACE('',#2003,213.89338386691);
#2003 = AXIS2_PLACEMENT_3D('',#2004,#2005,#2006);
#2004 = CARTESIAN_POINT('',(70.136815271336,-177.9440605806,
    7.11594095038));
#2005 = DIRECTION('',(0.982685536548,4.E-17,0.185281235583));
#2006 = DIRECTION('',(-0.185281235583,2.2E-16,0.982685536548));
#2007 = ADVANCED_FACE('',(#2008),#2014,.T.);
#2008 = FACE_BOUND('',#2009,.T.);
#2009 = EDGE_LOOP('',(#2010,#2011,#2012,#2013));
#2010 = ORIENTED_EDGE('',*,*,#1559,.F.);
#2011 = ORIENTED_EDGE('',*,*,#783,.T.);
#2012 = ORIENTED_EDGE('',*,*,#1826,.T.);
#2013 = ORIENTED_EDGE('',*,*,#1386,.F.);
#2014 = PLANE('',#2015);
#2015 = AXIS2_PLACEMENT_3D('',#2016,#2017,#2018);
#2016 = CARTESIAN_POINT('',(59.7514,30.78,-1.367E-14));
#2017 = DIRECTION('',(0.,-4.4E-16,-1.));
#2018 = DIRECTION('',(1.,0.,0.));
#2019 = ADVANCED_FACE('',(#2020),#2026,.F.);
#2020 = FACE_BOUND('',#2021,.F.);
#2021 = EDGE_LOOP('',(#2022,#2023,#2024,#2025));
#2022 = ORIENTED_EDGE('',*,*,#969,.T.);
#2023 = ORIENTED_EDGE('',*,*,#899,.T.);
#2024 = ORIENTED_EDGE('',*,*,#829,.F.);
#2025 = ORIENTED_EDGE('',*,*,#1836,.F.);
#2026 = B_SPLINE_SURFACE_WITH_KNOTS('',1,6,(
    (#2027,#2028,#2029,#2030,#2031,#2032,#2033)
    ,(#2034,#2035,#2036,#2037,#2038,#2039,#2040
  )),.UNSPECIFIED.,.F.,.F.,.F.,(2,2),(7,7),(0.,5.392490307868),(
    -1.37457243094,4.017917876928),.PIECEWISE_BEZIER_KNOTS.);
#2027 = CARTESIAN_POINT('',(57.821424884304,35.692502021663,
    -5.869191779378));
#2028 = CARTESIAN_POINT('',(57.821420956721,35.735770865446,
    -4.971479451349));
#2029 = CARTESIAN_POINT('',(57.821416879675,35.774668307708,
    -4.073551062378));
#2030 = CARTESIAN_POINT('',(57.821413648282,35.80919301845,
    -3.175435962293));
#2031 = CARTESIAN_POINT('',(57.821410775794,35.839344089383,
    -2.277155824003));
#2032 = CARTESIAN_POINT('',(57.821408279475,35.865120458599,
    -1.378746678243));
#2033 = CARTESIAN_POINT('',(57.821406133019,35.8865216853,
    -0.480229103613));
#2034 = CARTESIAN_POINT('',(58.4214,35.087753663345,-5.839752663637));
#2035 = CARTESIAN_POINT('',(58.4214,35.131335515205,-4.944479420671));
#2036 = CARTESIAN_POINT('',(58.4214,35.170613503143,-4.049020925711));
#2037 = CARTESIAN_POINT('',(58.4214,35.205495310097,-3.153458762409));
#2038 = CARTESIAN_POINT('',(58.4214,35.236014448337,-2.257517735275));
#2039 = CARTESIAN_POINT('',(58.4214,35.262170022451,-1.361664197266));
#2040 = CARTESIAN_POINT('',(58.4214,35.28398738593,-0.465559270226));
#2041 = ADVANCED_FACE('',(#2042),#2069,.F.);
#2042 = FACE_BOUND('',#2043,.F.);
#2043 = EDGE_LOOP('',(#2044,#2053,#2054,#2062));
#2044 = ORIENTED_EDGE('',*,*,#2045,.F.);
#2045 = EDGE_CURVE('',#986,#2046,#2048,.T.);
#2046 = VERTEX_POINT('',#2047);
#2047 = CARTESIAN_POINT('',(-69.461743788,29.563899373117,
    -4.844717156794));
#2048 = CIRCLE('',#2049,6.);
#2049 = AXIS2_PLACEMENT_3D('',#2050,#2051,#2052);
#2050 = CARTESIAN_POINT('',(-63.46216328352,29.563899373117,
    -4.773768088904));
#2051 = DIRECTION('',(-1.181209230586E-02,-4.642962107417E-02,
    0.998851723111));
#2052 = DIRECTION('',(-8.734952849304E-03,0.998888089649,
    4.632801481726E-02));
#2053 = ORIENTED_EDGE('',*,*,#993,.T.);
#2054 = ORIENTED_EDGE('',*,*,#2055,.T.);
#2055 = EDGE_CURVE('',#994,#2056,#2058,.T.);
#2056 = VERTEX_POINT('',#2057);
#2057 = CARTESIAN_POINT('',(-69.46183978706,29.590139610333,
    -4.836599304221));
#2058 = ( BOUNDED_CURVE() B_SPLINE_CURVE(2,(#2059,#2060,#2061),
.UNSPECIFIED.,.F.,.F.) B_SPLINE_CURVE_WITH_KNOTS((3,3),(0.,
6.89134070965E-03),.PIECEWISE_BEZIER_KNOTS.) CURVE() 
GEOMETRIC_REPRESENTATION_ITEM() RATIONAL_B_SPLINE_CURVE((1.,
0.742355860772,1.)) REPRESENTATION_ITEM('') );
#2059 = CARTESIAN_POINT('',(-64.0786,35.552295677562,-4.4958));
#2060 = CARTESIAN_POINT('',(-69.46481287842,34.999539169366,
    -4.58518936266));
#2061 = CARTESIAN_POINT('',(-69.46183978706,29.590139610333,
    -4.836599304221));
#2062 = ORIENTED_EDGE('',*,*,#2063,.F.);
#2063 = EDGE_CURVE('',#2046,#2056,#2064,.T.);
#2064 = ( BOUNDED_CURVE() B_SPLINE_CURVE(3,(#2065,#2066,#2067,#2068),
.UNSPECIFIED.,.F.,.F.) B_SPLINE_CURVE_WITH_KNOTS((4,4),(51.605322250096,
51.612213590806),.PIECEWISE_BEZIER_KNOTS.) CURVE() 
GEOMETRIC_REPRESENTATION_ITEM() RATIONAL_B_SPLINE_CURVE((1.,1.,1.,1.)) 
REPRESENTATION_ITEM('') );
#2065 = CARTESIAN_POINT('',(-69.461743788,29.563899373117,
    -4.844717156794));
#2066 = CARTESIAN_POINT('',(-69.46177092172,29.563792719005,
    -4.842422680946));
#2067 = CARTESIAN_POINT('',(-69.46180289596,29.572493175726,
    -4.83971888144));
#2068 = CARTESIAN_POINT('',(-69.46183978706,29.590139610333,
    -4.836599304221));
#2069 = ( BOUNDED_SURFACE() B_SPLINE_SURFACE(2,3,(
    (#2070,#2071,#2072,#2073)
    ,(#2074,#2075,#2076,#2077)
    ,(#2078,#2079,#2080,#2081
)),.UNSPECIFIED.,.F.,.F.,.F.) B_SPLINE_SURFACE_WITH_KNOTS((3,3),(4,4),(
    0.,6.89134070965E-03),(51.605322250096,51.612213590806),
.PIECEWISE_BEZIER_KNOTS.) GEOMETRIC_REPRESENTATION_ITEM() 
RATIONAL_B_SPLINE_SURFACE((
    (1.,1.,1.,1.)
    ,(0.709995253702,0.721027948052,0.731804101114,0.742355860772)
,(1.,1.,1.,1.))) REPRESENTATION_ITEM('') SURFACE() );
#2070 = CARTESIAN_POINT('',(-69.461743788,29.563899373117,
    -4.844717156794));
#2071 = CARTESIAN_POINT('',(-69.46177092172,29.563792719005,
    -4.842422680946));
#2072 = CARTESIAN_POINT('',(-69.46180289596,29.572493175726,
    -4.83971888144));
#2073 = CARTESIAN_POINT('',(-69.46183978706,29.590139610333,
    -4.836599304221));
#2074 = CARTESIAN_POINT('',(-69.46501106829,35.508561809751,
    -4.568430071789));
#2075 = CARTESIAN_POINT('',(-69.46493697398,35.325032569854,
    -4.574695619576));
#2076 = CARTESIAN_POINT('',(-69.46487095052,35.155387162101,
    -4.580278681806));
#2077 = CARTESIAN_POINT('',(-69.46481287842,34.999539169366,
    -4.58518936266));
#2078 = CARTESIAN_POINT('',(-63.51457300062,35.557227911009,-4.4958));
#2079 = CARTESIAN_POINT('',(-63.70258200041,35.555583833193,-4.4958));
#2080 = CARTESIAN_POINT('',(-63.8905910002,35.553939755378,-4.4958));
#2081 = CARTESIAN_POINT('',(-64.0786,35.552295677562,-4.4958));
#2082 = ADVANCED_FACE('',(#2083),#2102,.F.);
#2083 = FACE_BOUND('',#2084,.F.);
#2084 = EDGE_LOOP('',(#2085,#2086,#2087,#2095));
#2085 = ORIENTED_EDGE('',*,*,#2055,.F.);
#2086 = ORIENTED_EDGE('',*,*,#1061,.T.);
#2087 = ORIENTED_EDGE('',*,*,#2088,.T.);
#2088 = EDGE_CURVE('',#1046,#2089,#2091,.T.);
#2089 = VERTEX_POINT('',#2090);
#2090 = CARTESIAN_POINT('',(-69.49299550746,29.464809643162,
    -2.20201567528));
#2091 = ( BOUNDED_CURVE() B_SPLINE_CURVE(2,(#2092,#2093,#2094),
.UNSPECIFIED.,.F.,.F.) B_SPLINE_CURVE_WITH_KNOTS((3,3),(0.,
2.637745434579),.PIECEWISE_BEZIER_KNOTS.) CURVE() 
GEOMETRIC_REPRESENTATION_ITEM() RATIONAL_B_SPLINE_CURVE((1.,
0.740604880999,1.)) REPRESENTATION_ITEM('') );
#2092 = CARTESIAN_POINT('',(-64.0786,35.430080978784,-1.860703126736));
#2093 = CARTESIAN_POINT('',(-69.49598423456,34.902657683325,
    -1.949283547976));
#2094 = CARTESIAN_POINT('',(-69.49299550746,29.464809643162,
    -2.20201567528));
#2095 = ORIENTED_EDGE('',*,*,#2096,.F.);
#2096 = EDGE_CURVE('',#2056,#2089,#2097,.T.);
#2097 = ( BOUNDED_CURVE() B_SPLINE_CURVE(3,(#2098,#2099,#2100,#2101),
.UNSPECIFIED.,.F.,.F.) B_SPLINE_CURVE_WITH_KNOTS((4,4),(51.612213590806,
54.249959025385),.PIECEWISE_BEZIER_KNOTS.) CURVE() 
GEOMETRIC_REPRESENTATION_ITEM() RATIONAL_B_SPLINE_CURVE((1.,1.,1.,1.)) 
REPRESENTATION_ITEM('') );
#2098 = CARTESIAN_POINT('',(-69.46183978706,29.590139610333,
    -4.836599304221));
#2099 = CARTESIAN_POINT('',(-69.47222501216,29.548335600599,
    -3.958406032559));
#2100 = CARTESIAN_POINT('',(-69.4826102523,29.506558959161,
    -3.080211488915));
#2101 = CARTESIAN_POINT('',(-69.49299550746,29.464809643162,
    -2.20201567528));
#2102 = ( BOUNDED_SURFACE() B_SPLINE_SURFACE(2,3,(
    (#2103,#2104,#2105,#2106)
    ,(#2107,#2108,#2109,#2110)
    ,(#2111,#2112,#2113,#2114
)),.UNSPECIFIED.,.F.,.F.,.F.) B_SPLINE_SURFACE_WITH_KNOTS((3,3),(4,4),(
    0.,2.637745434579),(51.612213590806,54.249959025385),
.PIECEWISE_BEZIER_KNOTS.) GEOMETRIC_REPRESENTATION_ITEM() 
RATIONAL_B_SPLINE_SURFACE((
    (1.,1.,1.,1.)
    ,(0.742355860772,0.741772889181,0.741189230884,0.740604880999)
,(1.,1.,1.,1.))) REPRESENTATION_ITEM('') SURFACE() );
#2103 = CARTESIAN_POINT('',(-69.46183978706,29.590139610333,
    -4.836599304221));
#2104 = CARTESIAN_POINT('',(-69.47222501216,29.548335600599,
    -3.958406032559));
#2105 = CARTESIAN_POINT('',(-69.4826102523,29.506558959161,
    -3.080211488915));
#2106 = CARTESIAN_POINT('',(-69.49299550746,29.464809643162,
    -2.20201567528));
#2107 = CARTESIAN_POINT('',(-69.46481287842,34.999539169366,
    -4.58518936266));
#2108 = CARTESIAN_POINT('',(-69.47521147053,34.967172706161,
    -3.705865753309));
#2109 = CARTESIAN_POINT('',(-69.48560194832,34.934878779078,
    -2.827228304947));
#2110 = CARTESIAN_POINT('',(-69.49598423456,34.902657683325,
    -1.949283547976));
#2111 = CARTESIAN_POINT('',(-64.0786,35.552295677562,-4.4958));
#2112 = CARTESIAN_POINT('',(-64.0786,35.511557444636,-3.617434375579));
#2113 = CARTESIAN_POINT('',(-64.0786,35.47081921171,-2.739068751157));
#2114 = CARTESIAN_POINT('',(-64.0786,35.430080978784,-1.860703126736));
#2115 = ADVANCED_FACE('',(#2116),#2122,.F.);
#2116 = FACE_BOUND('',#2117,.F.);
#2117 = EDGE_LOOP('',(#2118,#2119,#2120,#2121));
#2118 = ORIENTED_EDGE('',*,*,#1329,.T.);
#2119 = ORIENTED_EDGE('',*,*,#1260,.T.);
#2120 = ORIENTED_EDGE('',*,*,#1190,.F.);
#2121 = ORIENTED_EDGE('',*,*,#1853,.F.);
#2122 = B_SPLINE_SURFACE_WITH_KNOTS('',1,5,(
    (#2123,#2124,#2125,#2126,#2127,#2128)
    ,(#2129,#2130,#2131,#2132,#2133,#2134
    )),.UNSPECIFIED.,.F.,.F.,.F.,(2,2),(6,6),(0.,4.178806600618),(
    -0.160102119353,4.018704481265),.PIECEWISE_BEZIER_KNOTS.);
#2123 = CARTESIAN_POINT('',(64.678587026008,35.812614249948,
    -1.694057876237));
#2124 = CARTESIAN_POINT('',(64.678584209231,35.783254799246,
    -2.529296259568));
#2125 = CARTESIAN_POINT('',(64.67858094456,35.749955982715,
    -3.364388263448));
#2126 = CARTESIAN_POINT('',(64.678577480949,35.712718507826,
    -4.199312813824));
#2127 = CARTESIAN_POINT('',(64.678573596346,35.671543996362,
    -5.034035805866));
#2128 = CARTESIAN_POINT('',(64.678569122776,35.626433403972,
    -5.868540393235));
#2129 = CARTESIAN_POINT('',(64.0786,35.216917204619,-1.673424201947));
#2130 = CARTESIAN_POINT('',(64.0786,35.188063574257,-2.506432524573));
#2131 = CARTESIAN_POINT('',(64.0786,35.15529152603,-3.339266278442));
#2132 = CARTESIAN_POINT('',(64.0786,35.118560038107,-4.172031340652));
#2133 = CARTESIAN_POINT('',(64.0786,35.077922057909,-5.00446486839));
#2134 = CARTESIAN_POINT('',(64.0786,35.033369432604,-5.836795113285));
#2135 = ADVANCED_FACE('',(#2136),#2154,.F.);
#2136 = FACE_BOUND('',#2137,.T.);
#2137 = EDGE_LOOP('',(#2138,#2146,#2152,#2153));
#2138 = ORIENTED_EDGE('',*,*,#2139,.F.);
#2139 = EDGE_CURVE('',#2140,#1278,#2142,.T.);
#2140 = VERTEX_POINT('',#2141);
#2141 = CARTESIAN_POINT('',(-65.7486,31.38,2.5));
#2142 = LINE('',#2143,#2144);
#2143 = CARTESIAN_POINT('',(-65.3486,30.98,2.1));
#2144 = VECTOR('',#2145,1.);
#2145 = DIRECTION('',(0.57735026919,-0.57735026919,-0.57735026919));
#2146 = ORIENTED_EDGE('',*,*,#2147,.T.);
#2147 = EDGE_CURVE('',#2140,#1346,#2148,.T.);
#2148 = LINE('',#2149,#2150);
#2149 = CARTESIAN_POINT('',(-65.7486,30.78,2.5));
#2150 = VECTOR('',#2151,1.);
#2151 = DIRECTION('',(0.,-1.,4.4E-16));
#2152 = ORIENTED_EDGE('',*,*,#1345,.T.);
#2153 = ORIENTED_EDGE('',*,*,#1287,.F.);
#2154 = PLANE('',#2155);
#2155 = AXIS2_PLACEMENT_3D('',#2156,#2157,#2158);
#2156 = CARTESIAN_POINT('',(-65.4486,30.78,2.2));
#2157 = DIRECTION('',(-0.707106781187,-2.9E-16,-0.707106781187));
#2158 = DIRECTION('',(1.49390334559E-17,1.,-4.250609665441E-16));
#2159 = ADVANCED_FACE('',(#2160,#2178),#2473,.T.);
#2160 = FACE_BOUND('',#2161,.T.);
#2161 = EDGE_LOOP('',(#2162,#2170,#2171,#2172));
#2162 = ORIENTED_EDGE('',*,*,#2163,.T.);
#2163 = EDGE_CURVE('',#2164,#1354,#2166,.T.);
#2164 = VERTEX_POINT('',#2165);
#2165 = CARTESIAN_POINT('',(65.7486,31.38,2.5));
#2166 = LINE('',#2167,#2168);
#2167 = CARTESIAN_POINT('',(65.7486,30.78,2.5));
#2168 = VECTOR('',#2169,1.);
#2169 = DIRECTION('',(0.,-1.,4.4E-16));
#2170 = ORIENTED_EDGE('',*,*,#1353,.F.);
#2171 = ORIENTED_EDGE('',*,*,#2147,.F.);
#2172 = ORIENTED_EDGE('',*,*,#2173,.T.);
#2173 = EDGE_CURVE('',#2140,#2164,#2174,.T.);
#2174 = LINE('',#2175,#2176);
#2175 = CARTESIAN_POINT('',(-65.1486,31.38,2.5));
#2176 = VECTOR('',#2177,1.);
#2177 = DIRECTION('',(1.,0.,-4.E-17));
#2178 = FACE_BOUND('',#2179,.T.);
#2179 = EDGE_LOOP('',(#2180,#2190,#2224,#2301,#2309,#2386,#2421,#2429,
    #2448,#2456));
#2180 = ORIENTED_EDGE('',*,*,#2181,.T.);
#2181 = EDGE_CURVE('',#2182,#2184,#2186,.T.);
#2182 = VERTEX_POINT('',#2183);
#2183 = CARTESIAN_POINT('',(-63.55537818532,-33.23233231593,2.5));
#2184 = VERTEX_POINT('',#2185);
#2185 = CARTESIAN_POINT('',(-19.34737389486,-33.61891699648,2.5));
#2186 = LINE('',#2187,#2188);
#2187 = CARTESIAN_POINT('',(-63.57981434932,-33.23211862959,2.5));
#2188 = VECTOR('',#2189,1.);
#2189 = DIRECTION('',(0.999961767512,-8.744341814506E-03,0.));
#2190 = ORIENTED_EDGE('',*,*,#2191,.T.);
#2191 = EDGE_CURVE('',#2184,#2192,#2194,.T.);
#2192 = VERTEX_POINT('',#2193);
#2193 = CARTESIAN_POINT('',(63.644030768124,-33.89338240556,2.5));
#2194 = B_SPLINE_CURVE_WITH_KNOTS('',10,(#2195,#2196,#2197,#2198,#2199,
    #2200,#2201,#2202,#2203,#2204,#2205,#2206,#2207,#2208,#2209,#2210,
    #2211,#2212,#2213,#2214,#2215,#2216,#2217,#2218,#2219,#2220,#2221,
    #2222,#2223),.UNSPECIFIED.,.F.,.F.,(11,9,9,11),(44.234131635357,
    54.879241151027,127.0459887149,127.78983725388),.UNSPECIFIED.);
#2195 = CARTESIAN_POINT('',(-19.34737389486,-33.61891699648,2.5));
#2196 = CARTESIAN_POINT('',(-18.28784366612,-33.62818224519,2.5));
#2197 = CARTESIAN_POINT('',(-17.22832077051,-33.63743817898,2.5));
#2198 = CARTESIAN_POINT('',(-16.16878093273,-33.64671421475,
    2.499999999999));
#2199 = CARTESIAN_POINT('',(-15.10924343674,-33.65599040196,
    2.500000000001));
#2200 = CARTESIAN_POINT('',(-14.04972158702,-33.6652482931,
    2.499999999999));
#2201 = CARTESIAN_POINT('',(-12.99020224226,-33.67449531596,
    2.500000000001));
#2202 = CARTESIAN_POINT('',(-11.93065442125,-33.68376264692,2.5));
#2203 = CARTESIAN_POINT('',(-10.8710669812,-33.69307658609,2.5));
#2204 = CARTESIAN_POINT('',(-9.811515368312,-33.70240343354,2.5));
#2205 = CARTESIAN_POINT('',(-1.571194685897,-33.77369661951,2.5));
#2206 = CARTESIAN_POINT('',(5.611586610161,-33.82784819076,2.5));
#2207 = CARTESIAN_POINT('',(12.796274749965,-33.8720317927,
    2.500000000001));
#2208 = CARTESIAN_POINT('',(19.983150568826,-33.90829321169,
    2.499999999999));
#2209 = CARTESIAN_POINT('',(27.169973756912,-33.93191127693,
    2.500000000001));
#2210 = CARTESIAN_POINT('',(34.35963908889,-33.95213019282,2.5));
#2211 = CARTESIAN_POINT('',(41.549972065363,-33.95567933226,2.5));
#2212 = CARTESIAN_POINT('',(48.747404011085,-33.99047885087,2.5));
#2213 = CARTESIAN_POINT('',(55.933945600782,-34.09213461081,2.5));
#2214 = CARTESIAN_POINT('',(63.145504103633,-33.92367471787,2.5));
#2215 = CARTESIAN_POINT('',(63.211224685643,-33.92209854675,2.5));
#2216 = CARTESIAN_POINT('',(63.271600383794,-33.92029793781,2.5));
#2217 = CARTESIAN_POINT('',(63.328442381579,-33.91809645677,
    2.499999999999));
#2218 = CARTESIAN_POINT('',(63.383024401173,-33.91541727781,
    2.500000000001));
#2219 = CARTESIAN_POINT('',(63.436218175679,-33.91221941433,
    2.499999999999));
#2220 = CARTESIAN_POINT('',(63.488604736134,-33.90846106528,2.5));
#2221 = CARTESIAN_POINT('',(63.540561513985,-33.90409007795,2.5));
#2222 = CARTESIAN_POINT('',(63.59232525826,-33.89906152629,2.5));
#2223 = CARTESIAN_POINT('',(63.644030768124,-33.89338240556,2.5));
#2224 = ORIENTED_EDGE('',*,*,#2225,.T.);
#2225 = EDGE_CURVE('',#2192,#2226,#2228,.T.);
#2226 = VERTEX_POINT('',#2227);
#2227 = CARTESIAN_POINT('',(67.5486,-29.81626404647,2.5));
#2228 = B_SPLINE_CURVE_WITH_KNOTS('',11,(#2229,#2230,#2231,#2232,#2233,
    #2234,#2235,#2236,#2237,#2238,#2239,#2240,#2241,#2242,#2243,#2244,
    #2245,#2246,#2247,#2248,#2249,#2250,#2251,#2252,#2253,#2254,#2255,
    #2256,#2257,#2258,#2259,#2260,#2261,#2262,#2263,#2264,#2265,#2266,
    #2267,#2268,#2269,#2270,#2271,#2272,#2273,#2274,#2275,#2276,#2277,
    #2278,#2279,#2280,#2281,#2282,#2283,#2284,#2285,#2286,#2287,#2288,
    #2289,#2290,#2291,#2292,#2293,#2294,#2295,#2296,#2297,#2298,#2299,
    #2300),.UNSPECIFIED.,.F.,.F.,(12,10,10,10,10,10,10,12),(
    127.7898372606,131.81026984053,133.23757198151,135.6648662555,
    136.11955086958,136.34689317662,136.51440163604,136.57423548366),
  .UNSPECIFIED.);
#2229 = CARTESIAN_POINT('',(63.644030772796,-33.89338240505,2.5));
#2230 = CARTESIAN_POINT('',(63.898088500339,-33.86547774801,2.5));
#2231 = CARTESIAN_POINT('',(64.150638285298,-33.82189992713,2.5));
#2232 = CARTESIAN_POINT('',(64.418755145593,-33.75999667136,
    2.499999999999));
#2233 = CARTESIAN_POINT('',(64.658747552421,-33.68535450298,
    2.500000000001));
#2234 = CARTESIAN_POINT('',(64.917619320047,-33.59394949705,
    2.499999999999));
#2235 = CARTESIAN_POINT('',(65.154157988813,-33.48670295422,
    2.500000000001));
#2236 = CARTESIAN_POINT('',(65.392283097245,-33.36577822825,
    2.499999999999));
#2237 = CARTESIAN_POINT('',(65.618274183409,-33.22931761107,
    2.500000000001));
#2238 = CARTESIAN_POINT('',(65.835303441409,-33.07953822906,2.5));
#2239 = CARTESIAN_POINT('',(66.041016726252,-32.9164618944,2.5));
#2240 = CARTESIAN_POINT('',(66.303026934476,-32.67892950107,2.5));
#2241 = CARTESIAN_POINT('',(66.37011609319,-32.61515276375,2.5));
#2242 = CARTESIAN_POINT('',(66.435592623353,-32.54987331989,
    2.500000000001));
#2243 = CARTESIAN_POINT('',(66.499403084067,-32.48313388335,
    2.499999999998));
#2244 = CARTESIAN_POINT('',(66.561495916643,-32.41497914851,
    2.500000000002));
#2245 = CARTESIAN_POINT('',(66.621821443016,-32.34545578974,
    2.499999999998));
#2246 = CARTESIAN_POINT('',(66.68033186794,-32.27461246209,
    2.500000000002));
#2247 = CARTESIAN_POINT('',(66.736981276553,-32.2024998006,
    2.499999999999));
#2248 = CARTESIAN_POINT('',(66.791725636556,-32.12917042084,2.5));
#2249 = CARTESIAN_POINT('',(66.844522796644,-32.05467891858,2.5));
#2250 = CARTESIAN_POINT('',(66.981740310873,-31.85052024445,2.5));
#2251 = CARTESIAN_POINT('',(67.062404910105,-31.71875083305,2.5));
#2252 = CARTESIAN_POINT('',(67.137127724708,-31.58406737047,2.5));
#2253 = CARTESIAN_POINT('',(67.205726931958,-31.44676755447,2.5));
#2254 = CARTESIAN_POINT('',(67.268043080181,-31.3071634401,2.5));
#2255 = CARTESIAN_POINT('',(67.323943852968,-31.16558401077,2.5));
#2256 = CARTESIAN_POINT('',(67.373327965004,-31.02236992611,2.5));
#2257 = CARTESIAN_POINT('',(67.41612818869,-30.87786044678,2.5));
#2258 = CARTESIAN_POINT('',(67.452313512327,-30.73237253601,2.5));
#2259 = CARTESIAN_POINT('',(67.481890429164,-30.58617213806,2.5));
#2260 = CARTESIAN_POINT('',(67.509214176282,-30.41195109323,2.5));
#2261 = CARTESIAN_POINT('',(67.513294372589,-30.38444566052,
    2.499999999999));
#2262 = CARTESIAN_POINT('',(67.517144865315,-30.35692332604,
    2.500000000001));
#2263 = CARTESIAN_POINT('',(67.520766403164,-30.32938176497,
    2.499999999998));
#2264 = CARTESIAN_POINT('',(67.524159334846,-30.30181891988,
    2.500000000003));
#2265 = CARTESIAN_POINT('',(67.527323376311,-30.27423758256,
    2.499999999997));
#2266 = CARTESIAN_POINT('',(67.530257381641,-30.24664997745,
    2.500000000002));
#2267 = CARTESIAN_POINT('',(67.532959109602,-30.21908234322,
    2.499999999999));
#2268 = CARTESIAN_POINT('',(67.535424994458,-30.19157951612,2.5));
#2269 = CARTESIAN_POINT('',(67.537649913301,-30.16420951195,2.5));
#2270 = CARTESIAN_POINT('',(67.540615476961,-30.12349740734,2.5));
#2271 = CARTESIAN_POINT('',(67.541542369508,-30.10998364943,2.5));
#2272 = CARTESIAN_POINT('',(67.542406977034,-30.09653222809,
    2.500000000001));
#2273 = CARTESIAN_POINT('',(67.543208858635,-30.0831520201,
    2.499999999999));
#2274 = CARTESIAN_POINT('',(67.543947829158,-30.06985188867,
    2.500000000001));
#2275 = CARTESIAN_POINT('',(67.544623997021,-30.05663718526,
    2.499999999999));
#2276 = CARTESIAN_POINT('',(67.54523780579,-30.04350625258,
    2.500000000001));
#2277 = CARTESIAN_POINT('',(67.54579007115,-30.0304469261,2.5));
#2278 = CARTESIAN_POINT('',(67.546282022501,-30.01743303712,2.5));
#2279 = CARTESIAN_POINT('',(67.546715340749,-30.00442091449,2.5));
#2280 = CARTESIAN_POINT('',(67.547369871923,-29.98171205496,2.5));
#2281 = CARTESIAN_POINT('',(67.547616641096,-29.97204354061,2.5));
#2282 = CARTESIAN_POINT('',(67.547833669244,-29.96231141315,
    2.500000000001));
#2283 = CARTESIAN_POINT('',(67.548021834892,-29.95248036385,
    2.499999999998));
#2284 = CARTESIAN_POINT('',(67.548181854726,-29.94250625097,
    2.500000000002));
#2285 = CARTESIAN_POINT('',(67.548314405316,-29.93233364367,
    2.499999999998));
#2286 = CARTESIAN_POINT('',(67.54842024641,-29.92189336703,
    2.500000000002));
#2287 = CARTESIAN_POINT('',(67.548500342223,-29.91110004571,
    2.499999999999));
#2288 = CARTESIAN_POINT('',(67.548555984808,-29.899849649,2.5));
#2289 = CARTESIAN_POINT('',(67.548588915657,-29.88801703468,2.5));
#2290 = CARTESIAN_POINT('',(67.548605925272,-29.87096580995,2.5));
#2291 = CARTESIAN_POINT('',(67.548608121427,-29.86644119147,2.5));
#2292 = CARTESIAN_POINT('',(67.548607200514,-29.8616397392,
    2.500000000001));
#2293 = CARTESIAN_POINT('',(67.548604495677,-29.85628854828,
    2.499999999999));
#2294 = CARTESIAN_POINT('',(67.548601727114,-29.85042411312,
    2.500000000002));
#2295 = CARTESIAN_POINT('',(67.548600025331,-29.84436206859,
    2.499999999998));
#2296 = CARTESIAN_POINT('',(67.548599606266,-29.83846596979,
    2.500000000001));
#2297 = CARTESIAN_POINT('',(67.548599930727,-29.83288680702,
    2.499999999999));
#2298 = CARTESIAN_POINT('',(67.548600197155,-29.82744495965,2.5));
#2299 = CARTESIAN_POINT('',(67.548599999997,-29.8218262852,2.5));
#2300 = CARTESIAN_POINT('',(67.5486,-29.81626404647,2.5));
#2301 = ORIENTED_EDGE('',*,*,#2302,.T.);
#2302 = EDGE_CURVE('',#2226,#2303,#2305,.T.);
#2303 = VERTEX_POINT('',#2304);
#2304 = CARTESIAN_POINT('',(67.5486,29.816264046384,2.5));
#2305 = LINE('',#2306,#2307);
#2306 = CARTESIAN_POINT('',(67.5486,-29.87744867253,2.5));
#2307 = VECTOR('',#2308,1.);
#2308 = DIRECTION('',(0.,1.,-4.4E-16));
#2309 = ORIENTED_EDGE('',*,*,#2310,.T.);
#2310 = EDGE_CURVE('',#2303,#2311,#2313,.T.);
#2311 = VERTEX_POINT('',#2312);
#2312 = CARTESIAN_POINT('',(63.643976459508,33.893400586814,2.5));
#2313 = B_SPLINE_CURVE_WITH_KNOTS('',11,(#2314,#2315,#2316,#2317,#2318,
    #2319,#2320,#2321,#2322,#2323,#2324,#2325,#2326,#2327,#2328,#2329,
    #2330,#2331,#2332,#2333,#2334,#2335,#2336,#2337,#2338,#2339,#2340,
    #2341,#2342,#2343,#2344,#2345,#2346,#2347,#2348,#2349,#2350,#2351,
    #2352,#2353,#2354,#2355,#2356,#2357,#2358,#2359,#2360,#2361,#2362,
    #2363,#2364,#2365,#2366,#2367,#2368,#2369,#2370,#2371,#2372,#2373,
    #2374,#2375,#2376,#2377,#2378,#2379,#2380,#2381,#2382,#2383,#2384,
    #2385),.UNSPECIFIED.,.F.,.F.,(12,10,10,10,10,10,10,12),(
    196.2067635765,196.26659741032,196.43424789789,196.66173221928,
    197.11670086206,199.54343167976,200.97026889612,204.99115915673),
  .UNSPECIFIED.);
#2314 = CARTESIAN_POINT('',(67.5486,29.816264046384,2.5));
#2315 = CARTESIAN_POINT('',(67.548600000002,29.821826285081,2.5));
#2316 = CARTESIAN_POINT('',(67.548600027822,29.827396384042,2.5));
#2317 = CARTESIAN_POINT('',(67.548600009756,29.832951970166,
    2.500000000001));
#2318 = CARTESIAN_POINT('',(67.548599969317,29.838503921388,
    2.499999999998));
#2319 = CARTESIAN_POINT('',(67.548599960094,29.844067403822,
    2.500000000002));
#2320 = CARTESIAN_POINT('',(67.548600007859,29.849642683696,
    2.499999999998));
#2321 = CARTESIAN_POINT('',(67.548600065241,29.85520571553,
    2.500000000001));
#2322 = CARTESIAN_POINT('',(67.548599974939,29.860708504769,
    2.499999999999));
#2323 = CARTESIAN_POINT('',(67.548599445476,29.866089246682,2.5));
#2324 = CARTESIAN_POINT('',(67.548598036231,29.871292240015,2.5));
#2325 = CARTESIAN_POINT('',(67.548587077861,29.890322201576,2.5));
#2326 = CARTESIAN_POINT('',(67.548566249003,29.90288380223,2.5));
#2327 = CARTESIAN_POINT('',(67.54852645162,29.914328118389,
    2.499999999999));
#2328 = CARTESIAN_POINT('',(67.548463539068,29.924940626241,
    2.500000000001));
#2329 = CARTESIAN_POINT('',(67.548374952756,29.934953150666,
    2.499999999999));
#2330 = CARTESIAN_POINT('',(67.548259243458,29.944550478214,
    2.500000000001));
#2331 = CARTESIAN_POINT('',(67.548115589148,29.953876969376,
    2.499999999999));
#2332 = CARTESIAN_POINT('',(67.547943317027,29.963043171691,2.5));
#2333 = CARTESIAN_POINT('',(67.547741421397,29.972132432046,2.5));
#2334 = CARTESIAN_POINT('',(67.547508084929,29.981207509619,2.5));
#2335 = CARTESIAN_POINT('',(67.546876702418,30.002678077569,2.5));
#2336 = CARTESIAN_POINT('',(67.546451518247,30.015105564374,2.5));
#2337 = CARTESIAN_POINT('',(67.545960279885,30.027700330211,
    2.499999999999));
#2338 = CARTESIAN_POINT('',(67.54540025531,30.040517943157,
    2.500000000002));
#2339 = CARTESIAN_POINT('',(67.544770120049,30.053577435209,
    2.499999999997));
#2340 = CARTESIAN_POINT('',(67.544069733599,30.066869880123,
    2.500000000003));
#2341 = CARTESIAN_POINT('',(67.543299912652,30.080366970346,
    2.499999999998));
#2342 = CARTESIAN_POINT('',(67.542462208329,30.094029595072,
    2.500000000001));
#2343 = CARTESIAN_POINT('',(67.541558679243,30.10781641715,2.5));
#2344 = CARTESIAN_POINT('',(67.540591668141,30.121692450958,2.5));
#2345 = CARTESIAN_POINT('',(67.537507391859,30.163528016925,2.5));
#2346 = CARTESIAN_POINT('',(67.535203916313,30.191679685803,2.5));
#2347 = CARTESIAN_POINT('',(67.532676888583,30.21982129321,2.5));
#2348 = CARTESIAN_POINT('',(67.529938726632,30.247806634567,2.5));
#2349 = CARTESIAN_POINT('',(67.526993018076,30.275586627519,2.5));
#2350 = CARTESIAN_POINT('',(67.523837012739,30.303181285407,2.5));
#2351 = CARTESIAN_POINT('',(67.520464112975,30.330651691292,2.5));
#2352 = CARTESIAN_POINT('',(67.516866366425,30.358071971183,2.5));
#2353 = CARTESIAN_POINT('',(67.513036956549,30.385501268164,2.5));
#2354 = CARTESIAN_POINT('',(67.508972694871,30.412955715724,2.5));
#2355 = CARTESIAN_POINT('',(67.481761352498,30.586659404266,2.5));
#2356 = CARTESIAN_POINT('',(67.452220355973,30.732701451076,2.5));
#2357 = CARTESIAN_POINT('',(67.416041110928,30.878141663953,
    2.499999999999));
#2358 = CARTESIAN_POINT('',(67.373239055007,31.022623857653,
    2.500000000001));
#2359 = CARTESIAN_POINT('',(67.323857474916,31.165800549723,
    2.499999999998));
#2360 = CARTESIAN_POINT('',(67.267967506695,31.307332960655,
    2.500000000002));
#2361 = CARTESIAN_POINT('',(67.205668135418,31.446891013667,
    2.499999999999));
#2362 = CARTESIAN_POINT('',(67.137086195459,31.58415333495,
    2.500000000001));
#2363 = CARTESIAN_POINT('',(67.06237637031,31.718807253444,2.5));
#2364 = CARTESIAN_POINT('',(66.981721192665,31.850548800999,2.5));
#2365 = CARTESIAN_POINT('',(66.844536503146,32.054656388136,2.5));
#2366 = CARTESIAN_POINT('',(66.791755791799,32.129124519099,2.5));
#2367 = CARTESIAN_POINT('',(66.737029326487,32.202430855742,
    2.500000000001));
#2368 = CARTESIAN_POINT('',(66.680399351875,32.274521064255,
    2.499999999999));
#2369 = CARTESIAN_POINT('',(66.621909941538,32.345342726473,
    2.500000000001));
#2370 = CARTESIAN_POINT('',(66.561606997405,32.414845339885,
    2.499999999999));
#2371 = CARTESIAN_POINT('',(66.499538250442,32.48298031756,2.5));
#2372 = CARTESIAN_POINT('',(66.435753259957,32.549700988289,2.5));
#2373 = CARTESIAN_POINT('',(66.370303414194,32.614962596413,2.5));
#2374 = CARTESIAN_POINT('',(66.303241929911,32.678722301972,2.5));
#2375 = CARTESIAN_POINT('',(66.041255081807,32.916269091059,2.5));
#2376 = CARTESIAN_POINT('',(65.835529383613,33.079379905094,2.5));
#2377 = CARTESIAN_POINT('',(65.618439753428,33.229198127347,
    2.499999999999));
#2378 = CARTESIAN_POINT('',(65.392572207757,33.365659502744,
    2.500000000002));
#2379 = CARTESIAN_POINT('',(65.154051318548,33.486704165423,
    2.499999999997));
#2380 = CARTESIAN_POINT('',(64.918125508229,33.593792743362,
    2.500000000003));
#2381 = CARTESIAN_POINT('',(64.658572076064,33.685405725386,
    2.499999999998));
#2382 = CARTESIAN_POINT('',(64.418959797765,33.759936878411,
    2.500000000001));
#2383 = CARTESIAN_POINT('',(64.150737079656,33.821884831956,
    2.499999999999));
#2384 = CARTESIAN_POINT('',(63.898058689961,33.865486045841,2.5));
#2385 = CARTESIAN_POINT('',(63.643976459508,33.893400586814,2.5));
#2386 = ORIENTED_EDGE('',*,*,#2387,.T.);
#2387 = EDGE_CURVE('',#2311,#2388,#2390,.T.);
#2388 = VERTEX_POINT('',#2389);
#2389 = CARTESIAN_POINT('',(-19.34737389486,33.618916996484,2.5));
#2390 = B_SPLINE_CURVE_WITH_KNOTS('',8,(#2391,#2392,#2393,#2394,#2395,
    #2396,#2397,#2398,#2399,#2400,#2401,#2402,#2403,#2404,#2405,#2406,
    #2407,#2408,#2409,#2410,#2411,#2412,#2413,#2414,#2415,#2416,#2417,
    #2418,#2419,#2420),.UNSPECIFIED.,.F.,.F.,(9,7,7,7,9),(
    204.99115916346,205.73500925743,247.1409383408,277.90175776874,
    288.54686742416),.UNSPECIFIED.);
#2391 = CARTESIAN_POINT('',(63.643976454834,33.893400587328,2.5));
#2392 = CARTESIAN_POINT('',(63.579345556376,33.900501209212,2.5));
#2393 = CARTESIAN_POINT('',(63.514628289067,33.90655555424,2.5));
#2394 = CARTESIAN_POINT('',(63.449539125505,33.911547702705,2.5));
#2395 = CARTESIAN_POINT('',(63.383486068146,33.915618855906,2.5));
#2396 = CARTESIAN_POINT('',(63.315395318362,33.918864482878,2.5));
#2397 = CARTESIAN_POINT('',(63.243351412931,33.921336210804,2.5));
#2398 = CARTESIAN_POINT('',(63.16405282798,33.923248459234,2.5));
#2399 = CARTESIAN_POINT('',(57.952645517614,34.044587153474,2.5));
#2400 = CARTESIAN_POINT('',(52.807616576126,34.022305550213,2.5));
#2401 = CARTESIAN_POINT('',(47.652163982803,33.993662908454,2.5));
#2402 = CARTESIAN_POINT('',(42.495109372174,33.973822264126,2.5));
#2403 = CARTESIAN_POINT('',(37.337785824819,33.957923581707,2.5));
#2404 = CARTESIAN_POINT('',(32.18135952718,33.942948147928,2.5));
#2405 = CARTESIAN_POINT('',(27.025640998537,33.925795183162,2.5));
#2406 = CARTESIAN_POINT('',(18.041162484659,33.88975492901,2.5));
#2407 = CARTESIAN_POINT('',(14.212018549225,33.872449470825,2.5));
#2408 = CARTESIAN_POINT('',(10.383356633285,33.85253025659,2.5));
#2409 = CARTESIAN_POINT('',(6.555184388379,33.82984998592,2.5));
#2410 = CARTESIAN_POINT('',(2.727577484707,33.804304550008,2.5));
#2411 = CARTESIAN_POINT('',(-1.099381355583,33.775765250606,2.5));
#2412 = CARTESIAN_POINT('',(-4.925808658345,33.744423073901,2.5));
#2413 = CARTESIAN_POINT('',(-10.07659483024,33.70016721769,2.5));
#2414 = CARTESIAN_POINT('',(-11.40080301448,33.688602631406,2.5));
#2415 = CARTESIAN_POINT('',(-12.72518283528,33.676907292871,2.5));
#2416 = CARTESIAN_POINT('',(-14.04966545476,33.66522900906,2.5));
#2417 = CARTESIAN_POINT('',(-15.37413863959,33.653640476018,2.5));
#2418 = CARTESIAN_POINT('',(-16.69855850507,33.642094104614,2.5));
#2419 = CARTESIAN_POINT('',(-18.02296110893,33.630498557379,2.5));
#2420 = CARTESIAN_POINT('',(-19.34737389486,33.618916996484,2.5));
#2421 = ORIENTED_EDGE('',*,*,#2422,.T.);
#2422 = EDGE_CURVE('',#2388,#2423,#2425,.T.);
#2423 = VERTEX_POINT('',#2424);
#2424 = CARTESIAN_POINT('',(-63.55537818532,33.232332315937,2.5));
#2425 = LINE('',#2426,#2427);
#2426 = CARTESIAN_POINT('',(-8.752071607474,33.711569483648,2.5));
#2427 = VECTOR('',#2428,1.);
#2428 = DIRECTION('',(-0.999961767512,-8.744341814506E-03,5.E-17));
#2429 = ORIENTED_EDGE('',*,*,#2430,.T.);
#2430 = EDGE_CURVE('',#2423,#2431,#2433,.T.);
#2431 = VERTEX_POINT('',#2432);
#2432 = CARTESIAN_POINT('',(-67.5486,29.315454404824,2.5));
#2433 = B_SPLINE_CURVE_WITH_KNOTS('',7,(#2434,#2435,#2436,#2437,#2438,
    #2439,#2440,#2441,#2442,#2443,#2444,#2445,#2446,#2447),
  .UNSPECIFIED.,.F.,.F.,(8,6,8),(332.75656196141,332.78101562516,
    342.07075851845),.UNSPECIFIED.);
#2434 = CARTESIAN_POINT('',(-63.55537818532,33.232332315937,2.5));
#2435 = CARTESIAN_POINT('',(-63.55886927195,33.232301787515,2.5));
#2436 = CARTESIAN_POINT('',(-63.5623036354,33.232271730594,2.5));
#2437 = CARTESIAN_POINT('',(-63.56597857072,33.232239710747,2.5));
#2438 = CARTESIAN_POINT('',(-63.56927211873,33.232210721009,2.5));
#2439 = CARTESIAN_POINT('',(-63.57268984403,33.232180809662,2.5));
#2440 = CARTESIAN_POINT('',(-63.57697879034,33.232144089013,2.5));
#2441 = CARTESIAN_POINT('',(-64.46438897061,33.22415910425,2.5));
#2442 = CARTESIAN_POINT('',(-65.35711559077,32.98828877958,2.5));
#2443 = CARTESIAN_POINT('',(-66.18240465291,32.521019268169,2.5));
#2444 = CARTESIAN_POINT('',(-66.85449551172,31.85037359156,2.5));
#2445 = CARTESIAN_POINT('',(-67.31589053508,31.049132955878,2.5));
#2446 = CARTESIAN_POINT('',(-67.5486,30.183495708871,2.5));
#2447 = CARTESIAN_POINT('',(-67.5486,29.315454404824,2.5));
#2448 = ORIENTED_EDGE('',*,*,#2449,.T.);
#2449 = EDGE_CURVE('',#2431,#2450,#2452,.T.);
#2450 = VERTEX_POINT('',#2451);
#2451 = CARTESIAN_POINT('',(-67.5486,-29.31545440482,2.5));
#2452 = LINE('',#2453,#2454);
#2453 = CARTESIAN_POINT('',(-67.5486,29.222494911778,2.5));
#2454 = VECTOR('',#2455,1.);
#2455 = DIRECTION('',(0.,-1.,4.4E-16));
#2456 = ORIENTED_EDGE('',*,*,#2457,.T.);
#2457 = EDGE_CURVE('',#2450,#2182,#2458,.T.);
#2458 = B_SPLINE_CURVE_WITH_KNOTS('',7,(#2459,#2460,#2461,#2462,#2463,
    #2464,#2465,#2466,#2467,#2468,#2469,#2470,#2471,#2472),
  .UNSPECIFIED.,.F.,.F.,(8,6,8),(400.70167473579,409.99141762909,
    410.01587129283),.UNSPECIFIED.);
#2459 = CARTESIAN_POINT('',(-67.5486,-29.31545440482,2.5));
#2460 = CARTESIAN_POINT('',(-67.5486,-30.18349570887,2.5));
#2461 = CARTESIAN_POINT('',(-67.31589053509,-31.04913295587,2.5));
#2462 = CARTESIAN_POINT('',(-66.8544955117,-31.85037359156,2.5));
#2463 = CARTESIAN_POINT('',(-66.18240465293,-32.52101926816,2.5));
#2464 = CARTESIAN_POINT('',(-65.35711559075,-32.98828877958,2.5));
#2465 = CARTESIAN_POINT('',(-64.46438897062,-33.22415910425,2.5));
#2466 = CARTESIAN_POINT('',(-63.57697879034,-33.23214408901,2.5));
#2467 = CARTESIAN_POINT('',(-63.57268984403,-33.23218080966,2.5));
#2468 = CARTESIAN_POINT('',(-63.56927211873,-33.232210721,2.5));
#2469 = CARTESIAN_POINT('',(-63.56597857072,-33.23223971074,2.5));
#2470 = CARTESIAN_POINT('',(-63.5623036354,-33.23227173059,2.5));
#2471 = CARTESIAN_POINT('',(-63.55886927195,-33.23230178751,2.5));
#2472 = CARTESIAN_POINT('',(-63.55537818532,-33.23233231593,2.5));
#2473 = PLANE('',#2474);
#2474 = AXIS2_PLACEMENT_3D('',#2475,#2476,#2477);
#2475 = CARTESIAN_POINT('',(0.239004233354,1.339E-14,2.5));
#2476 = DIRECTION('',(0.,4.1E-16,1.));
#2477 = DIRECTION('',(0.,-1.,4.1E-16));
#2478 = ADVANCED_FACE('',(#2479),#2490,.T.);
#2479 = FACE_BOUND('',#2480,.F.);
#2480 = EDGE_LOOP('',(#2481,#2487,#2488,#2489));
#2481 = ORIENTED_EDGE('',*,*,#2482,.F.);
#2482 = EDGE_CURVE('',#2164,#1412,#2483,.T.);
#2483 = LINE('',#2484,#2485);
#2484 = CARTESIAN_POINT('',(43.6324,9.2638,-19.6162));
#2485 = VECTOR('',#2486,1.);
#2486 = DIRECTION('',(-0.57735026919,-0.57735026919,-0.57735026919));
#2487 = ORIENTED_EDGE('',*,*,#2163,.T.);
#2488 = ORIENTED_EDGE('',*,*,#1361,.T.);
#2489 = ORIENTED_EDGE('',*,*,#1426,.F.);
#2490 = PLANE('',#2491);
#2491 = AXIS2_PLACEMENT_3D('',#2492,#2493,#2494);
#2492 = CARTESIAN_POINT('',(65.4486,30.78,2.2));
#2493 = DIRECTION('',(-0.707106781187,2.9E-16,0.707106781187));
#2494 = DIRECTION('',(-1.49390334559E-17,1.,-4.250609665441E-16));
#2495 = ADVANCED_FACE('',(#2496),#2534,.T.);
#2496 = FACE_BOUND('',#2497,.T.);
#2497 = EDGE_LOOP('',(#2498,#2499,#2511,#2519,#2528));
#2498 = ORIENTED_EDGE('',*,*,#1457,.F.);
#2499 = ORIENTED_EDGE('',*,*,#2500,.F.);
#2500 = EDGE_CURVE('',#2501,#1458,#2503,.T.);
#2501 = VERTEX_POINT('',#2502);
#2502 = CARTESIAN_POINT('',(-63.47518677626,-4.200000000003,
    -51.17974772868));
#2503 = ( BOUNDED_CURVE() B_SPLINE_CURVE(6,(#2504,#2505,#2506,#2507,
#2508,#2509,#2510),.UNSPECIFIED.,.F.,.F.) B_SPLINE_CURVE_WITH_KNOTS((7,7
),(34.980000000005,38.646060555965),.PIECEWISE_BEZIER_KNOTS.) CURVE() 
GEOMETRIC_REPRESENTATION_ITEM() RATIONAL_B_SPLINE_CURVE((1.,1.,1.,1.,1.,
1.,1.)) REPRESENTATION_ITEM('') );
#2504 = CARTESIAN_POINT('',(-63.47518677626,-4.200000000005,
    -51.17974772868));
#2505 = CARTESIAN_POINT('',(-63.47518677626,-4.811010092665,
    -51.17974772868));
#2506 = CARTESIAN_POINT('',(-63.4846214824,-5.422020185325,
    -51.12970839668));
#2507 = CARTESIAN_POINT('',(-63.50347656233,-6.033030277985,
    -51.02970574785));
#2508 = CARTESIAN_POINT('',(-63.53220568377,-6.644040370645,
    -50.87733364158));
#2509 = CARTESIAN_POINT('',(-63.57153301877,-7.255050463305,
    -50.66875124968));
#2510 = CARTESIAN_POINT('',(-63.62341176473,-7.866060555965,
    -50.39359929945));
#2511 = ORIENTED_EDGE('',*,*,#2512,.F.);
#2512 = EDGE_CURVE('',#2513,#2501,#2515,.T.);
#2513 = VERTEX_POINT('',#2514);
#2514 = CARTESIAN_POINT('',(-62.03985903453,-4.200000000003,
    -49.07740753885));
#2515 = LINE('',#2516,#2517);
#2516 = CARTESIAN_POINT('',(-62.7575229054,-4.200000000003,
    -50.12857763377));
#2517 = VECTOR('',#2518,1.);
#2518 = DIRECTION('',(-0.56384998856,-3.589E-14,-0.825877224774));
#2519 = ORIENTED_EDGE('',*,*,#2520,.T.);
#2520 = EDGE_CURVE('',#2513,#2521,#2523,.T.);
#2521 = VERTEX_POINT('',#2522);
#2522 = CARTESIAN_POINT('',(-64.63379633268,-4.200000000013,
    -35.31981002718));
#2523 = CIRCLE('',#2524,6.999999999995);
#2524 = AXIS2_PLACEMENT_3D('',#2525,#2526,#2527);
#2525 = CARTESIAN_POINT('',(-63.33682768361,-4.200000000013,
    -42.19860878302));
#2526 = DIRECTION('',(-0.982685536548,-7.999999999999E-17,
    -0.185281235583));
#2527 = DIRECTION('',(0.185281235583,9.4667E-13,-0.982685536548));
#2528 = ORIENTED_EDGE('',*,*,#2529,.T.);
#2529 = EDGE_CURVE('',#2521,#1460,#2530,.T.);
#2530 = LINE('',#2531,#2532);
#2531 = CARTESIAN_POINT('',(-65.6849664276,-4.200000000013,
    -34.60214615632));
#2532 = VECTOR('',#2533,1.);
#2533 = DIRECTION('',(-0.825877224774,0.,0.56384998856));
#2534 = CONICAL_SURFACE('',#2535,6.999999999995,0.785398163397);
#2535 = AXIS2_PLACEMENT_3D('',#2536,#2537,#2538);
#2536 = CARTESIAN_POINT('',(-63.33682768361,-4.200000000013,
    -42.19860878302));
#2537 = DIRECTION('',(-0.982685536548,-8.E-17,-0.185281235583));
#2538 = DIRECTION('',(0.185281235583,9.4667E-13,-0.982685536548));
#2539 = ADVANCED_FACE('',(#2540),#2551,.F.);
#2540 = FACE_BOUND('',#2541,.F.);
#2541 = EDGE_LOOP('',(#2542,#2548,#2549,#2550));
#2542 = ORIENTED_EDGE('',*,*,#2543,.T.);
#2543 = EDGE_CURVE('',#1458,#1646,#2544,.T.);
#2544 = ( BOUNDED_CURVE() B_SPLINE_CURVE(2,(#2545,#2546,#2547),
.UNSPECIFIED.,.F.,.F.) B_SPLINE_CURVE_WITH_KNOTS((3,3),(0.,3.66606055596
),.PIECEWISE_BEZIER_KNOTS.) CURVE() GEOMETRIC_REPRESENTATION_ITEM() 
RATIONAL_B_SPLINE_CURVE((1.,0.707106781187,1.)) REPRESENTATION_ITEM('') 
  );
#2545 = CARTESIAN_POINT('',(-63.62341176473,-7.866060555965,
    -50.39359929945));
#2546 = CARTESIAN_POINT('',(-63.06756805798,-7.866060555965,
    -53.3416559091));
#2547 = CARTESIAN_POINT('',(-60.11951144834,-7.866060555965,
    -52.78581220235));
#2548 = ORIENTED_EDGE('',*,*,#1657,.T.);
#2549 = ORIENTED_EDGE('',*,*,#1593,.F.);
#2550 = ORIENTED_EDGE('',*,*,#1468,.F.);
#2551 = CYLINDRICAL_SURFACE('',#2552,3.);
#2552 = AXIS2_PLACEMENT_3D('',#2553,#2554,#2555);
#2553 = CARTESIAN_POINT('',(-60.67535515509,30.78,-49.8377555927));
#2554 = DIRECTION('',(0.,-1.,4.4E-16));
#2555 = DIRECTION('',(-0.982685536548,-8.152374365643E-17,
    -0.185281235583));
#2556 = ADVANCED_FACE('',(#2557),#2575,.T.);
#2557 = FACE_BOUND('',#2558,.T.);
#2558 = EDGE_LOOP('',(#2559,#2560,#2568,#2574));
#2559 = ORIENTED_EDGE('',*,*,#2529,.F.);
#2560 = ORIENTED_EDGE('',*,*,#2561,.T.);
#2561 = EDGE_CURVE('',#2521,#2562,#2564,.T.);
#2562 = VERTEX_POINT('',#2563);
#2563 = CARTESIAN_POINT('',(-64.63379633268,4.200000000001,
    -35.31981002718));
#2564 = LINE('',#2565,#2566);
#2565 = CARTESIAN_POINT('',(-64.63379633268,-4.200000000013,
    -35.31981002718));
#2566 = VECTOR('',#2567,1.);
#2567 = DIRECTION('',(0.,1.,0.));
#2568 = ORIENTED_EDGE('',*,*,#2569,.T.);
#2569 = EDGE_CURVE('',#2562,#1493,#2570,.T.);
#2570 = LINE('',#2571,#2572);
#2571 = CARTESIAN_POINT('',(-65.6849664276,4.200000000001,
    -34.60214615632));
#2572 = VECTOR('',#2573,1.);
#2573 = DIRECTION('',(-0.825877224774,0.,0.56384998856));
#2574 = ORIENTED_EDGE('',*,*,#1501,.F.);
#2575 = PLANE('',#2576);
#2576 = AXIS2_PLACEMENT_3D('',#2577,#2578,#2579);
#2577 = CARTESIAN_POINT('',(-65.6849664276,-4.200000000013,
    -34.60214615632));
#2578 = DIRECTION('',(0.56384998856,0.,0.825877224774));
#2579 = DIRECTION('',(0.,1.,0.));
#2580 = ADVANCED_FACE('',(#2581),#2612,.T.);
#2581 = FACE_BOUND('',#2582,.T.);
#2582 = EDGE_LOOP('',(#2583,#2584,#2585,#2594,#2602));
#2583 = ORIENTED_EDGE('',*,*,#1492,.F.);
#2584 = ORIENTED_EDGE('',*,*,#2569,.F.);
#2585 = ORIENTED_EDGE('',*,*,#2586,.T.);
#2586 = EDGE_CURVE('',#2562,#2587,#2589,.T.);
#2587 = VERTEX_POINT('',#2588);
#2588 = CARTESIAN_POINT('',(-62.03985903453,4.200000000012,
    -49.07740753885));
#2589 = CIRCLE('',#2590,6.999999999995);
#2590 = AXIS2_PLACEMENT_3D('',#2591,#2592,#2593);
#2591 = CARTESIAN_POINT('',(-63.33682768361,4.2,-42.19860878302));
#2592 = DIRECTION('',(-0.982685536548,-8.E-17,-0.185281235583));
#2593 = DIRECTION('',(-0.185281235583,1.3424E-13,0.982685536548));
#2594 = ORIENTED_EDGE('',*,*,#2595,.T.);
#2595 = EDGE_CURVE('',#2587,#2596,#2598,.T.);
#2596 = VERTEX_POINT('',#2597);
#2597 = CARTESIAN_POINT('',(-63.47518677626,4.200000000015,
    -51.17974772868));
#2598 = LINE('',#2599,#2600);
#2599 = CARTESIAN_POINT('',(-62.03985903453,4.200000000012,
    -49.07740753885));
#2600 = VECTOR('',#2601,1.);
#2601 = DIRECTION('',(-0.56384998856,1.18662E-12,-0.825877224774));
#2602 = ORIENTED_EDGE('',*,*,#2603,.F.);
#2603 = EDGE_CURVE('',#1485,#2596,#2604,.T.);
#2604 = ( BOUNDED_CURVE() B_SPLINE_CURVE(6,(#2605,#2606,#2607,#2608,
#2609,#2610,#2611),.UNSPECIFIED.,.F.,.F.) B_SPLINE_CURVE_WITH_KNOTS((7,7
),(22.913939444047,26.579999999985),.PIECEWISE_BEZIER_KNOTS.) CURVE() 
GEOMETRIC_REPRESENTATION_ITEM() RATIONAL_B_SPLINE_CURVE((1.,1.,1.,1.,1.,
1.,1.)) REPRESENTATION_ITEM('') );
#2605 = CARTESIAN_POINT('',(-63.62341176473,7.866060555953,
    -50.39359929945));
#2606 = CARTESIAN_POINT('',(-63.57153301877,7.255050463297,
    -50.66875124968));
#2607 = CARTESIAN_POINT('',(-63.53220568377,6.64404037064,
    -50.87733364157));
#2608 = CARTESIAN_POINT('',(-63.50347656233,6.033030277984,
    -51.02970574785));
#2609 = CARTESIAN_POINT('',(-63.4846214824,5.422020185327,
    -51.12970839667));
#2610 = CARTESIAN_POINT('',(-63.47518677626,4.811010092671,
    -51.17974772868));
#2611 = CARTESIAN_POINT('',(-63.47518677626,4.200000000015,
    -51.17974772868));
#2612 = CONICAL_SURFACE('',#2613,6.999999999995,0.785398163397);
#2613 = AXIS2_PLACEMENT_3D('',#2614,#2615,#2616);
#2614 = CARTESIAN_POINT('',(-63.33682768361,4.2,-42.19860878302));
#2615 = DIRECTION('',(-0.982685536548,-8.E-17,-0.185281235583));
#2616 = DIRECTION('',(-0.185281235583,1.3424E-13,0.982685536548));
#2617 = ADVANCED_FACE('',(#2618),#2636,.F.);
#2618 = FACE_BOUND('',#2619,.F.);
#2619 = EDGE_LOOP('',(#2620,#2627,#2628,#2635));
#2620 = ORIENTED_EDGE('',*,*,#2621,.F.);
#2621 = EDGE_CURVE('',#1609,#1477,#2622,.T.);
#2622 = CIRCLE('',#2623,3.);
#2623 = AXIS2_PLACEMENT_3D('',#2624,#2625,#2626);
#2624 = CARTESIAN_POINT('',(-60.67535515509,27.78,-49.8377555927));
#2625 = DIRECTION('',(-2.14E-15,1.,-8.5E-16));
#2626 = DIRECTION('',(-0.982685536548,-2.260436098458E-15,
    -0.185281235583));
#2627 = ORIENTED_EDGE('',*,*,#1618,.T.);
#2628 = ORIENTED_EDGE('',*,*,#2629,.F.);
#2629 = EDGE_CURVE('',#1485,#1619,#2630,.T.);
#2630 = CIRCLE('',#2631,3.);
#2631 = AXIS2_PLACEMENT_3D('',#2632,#2633,#2634);
#2632 = CARTESIAN_POINT('',(-60.67535515509,7.866060555953,
    -49.8377555927));
#2633 = DIRECTION('',(0.,-1.,4.4E-16));
#2634 = DIRECTION('',(-0.982685536548,-8.152374365643E-17,
    -0.185281235583));
#2635 = ORIENTED_EDGE('',*,*,#1484,.F.);
#2636 = CYLINDRICAL_SURFACE('',#2637,3.);
#2637 = AXIS2_PLACEMENT_3D('',#2638,#2639,#2640);
#2638 = CARTESIAN_POINT('',(-60.67535515509,30.78,-49.8377555927));
#2639 = DIRECTION('',(0.,-1.,4.4E-16));
#2640 = DIRECTION('',(-0.982685536548,-8.152374365643E-17,
    -0.185281235583));
#2641 = ADVANCED_FACE('',(#2642),#2653,.F.);
#2642 = FACE_BOUND('',#2643,.F.);
#2643 = EDGE_LOOP('',(#2644,#2651,#2652));
#2644 = ORIENTED_EDGE('',*,*,#2645,.F.);
#2645 = EDGE_CURVE('',#1609,#1516,#2646,.T.);
#2646 = CIRCLE('',#2647,3.);
#2647 = AXIS2_PLACEMENT_3D('',#2648,#2649,#2650);
#2648 = CARTESIAN_POINT('',(-60.67535515509,27.78,-49.8377555927));
#2649 = DIRECTION('',(0.982685536548,2.77E-15,0.185281235583));
#2650 = DIRECTION('',(-2.641519056985E-15,1.,-9.402864118222E-16));
#2651 = ORIENTED_EDGE('',*,*,#2621,.T.);
#2652 = ORIENTED_EDGE('',*,*,#1523,.F.);
#2653 = SPHERICAL_SURFACE('',#2654,3.);
#2654 = AXIS2_PLACEMENT_3D('',#2655,#2656,#2657);
#2655 = CARTESIAN_POINT('',(-60.67535515509,27.78,-49.8377555927));
#2656 = DIRECTION('',(-0.185281235583,4.4E-16,0.982685536548));
#2657 = DIRECTION('',(-2.638996135597E-15,1.,-9.453242468233E-16));
#2658 = ADVANCED_FACE('',(#2659),#2671,.F.);
#2659 = FACE_BOUND('',#2660,.T.);
#2660 = EDGE_LOOP('',(#2661,#2662,#2663,#2670));
#2661 = ORIENTED_EDGE('',*,*,#2645,.F.);
#2662 = ORIENTED_EDGE('',*,*,#1608,.T.);
#2663 = ORIENTED_EDGE('',*,*,#2664,.F.);
#2664 = EDGE_CURVE('',#1569,#1611,#2665,.T.);
#2665 = CIRCLE('',#2666,3.);
#2666 = AXIS2_PLACEMENT_3D('',#2667,#2668,#2669);
#2667 = CARTESIAN_POINT('',(71.102460000409,27.78,-24.99160134871));
#2668 = DIRECTION('',(-0.982685536548,-8.E-17,-0.185281235583));
#2669 = DIRECTION('',(1.862988038098E-14,1.,-9.924002255367E-14));
#2670 = ORIENTED_EDGE('',*,*,#1576,.F.);
#2671 = CYLINDRICAL_SURFACE('',#2672,3.);
#2672 = AXIS2_PLACEMENT_3D('',#2673,#2674,#2675);
#2673 = CARTESIAN_POINT('',(-63.62341176473,27.78,-50.39359929945));
#2674 = DIRECTION('',(0.982685536548,0.,0.185281235583));
#2675 = DIRECTION('',(0.,1.,0.));
#2676 = ADVANCED_FACE('',(#2677),#2683,.F.);
#2677 = FACE_BOUND('',#2678,.F.);
#2678 = EDGE_LOOP('',(#2679,#2680,#2681,#2682));
#2679 = ORIENTED_EDGE('',*,*,#2139,.F.);
#2680 = ORIENTED_EDGE('',*,*,#2173,.T.);
#2681 = ORIENTED_EDGE('',*,*,#2482,.T.);
#2682 = ORIENTED_EDGE('',*,*,#1551,.F.);
#2683 = PLANE('',#2684);
#2684 = AXIS2_PLACEMENT_3D('',#2685,#2686,#2687);
#2685 = CARTESIAN_POINT('',(-65.1486,31.08,2.2));
#2686 = DIRECTION('',(0.,0.707106781187,-0.707106781187));
#2687 = DIRECTION('',(1.,-2.E-17,-2.E-17));
#2688 = ADVANCED_FACE('',(#2689),#2701,.F.);
#2689 = FACE_BOUND('',#2690,.F.);
#2690 = EDGE_LOOP('',(#2691,#2698,#2699,#2700));
#2691 = ORIENTED_EDGE('',*,*,#2692,.F.);
#2692 = EDGE_CURVE('',#1698,#1611,#2693,.T.);
#2693 = CIRCLE('',#2694,3.);
#2694 = AXIS2_PLACEMENT_3D('',#2695,#2696,#2697);
#2695 = CARTESIAN_POINT('',(71.102460000409,27.78,-24.99160134871));
#2696 = DIRECTION('',(1.858E-14,1.,-9.897E-14));
#2697 = DIRECTION('',(0.185281235583,-1.006989129093E-13,-0.982685536548
    ));
#2698 = ORIENTED_EDGE('',*,*,#1697,.T.);
#2699 = ORIENTED_EDGE('',*,*,#1678,.T.);
#2700 = ORIENTED_EDGE('',*,*,#1664,.F.);
#2701 = CYLINDRICAL_SURFACE('',#2702,3.);
#2702 = AXIS2_PLACEMENT_3D('',#2703,#2704,#2705);
#2703 = CARTESIAN_POINT('',(71.102460000409,30.78,-24.99160134871));
#2704 = DIRECTION('',(0.,-1.,4.4E-16));
#2705 = DIRECTION('',(0.185281235583,-4.323816360812E-16,-0.982685536548
    ));
#2706 = ADVANCED_FACE('',(#2707),#2718,.T.);
#2707 = FACE_BOUND('',#2708,.T.);
#2708 = EDGE_LOOP('',(#2709,#2710,#2711,#2717));
#2709 = ORIENTED_EDGE('',*,*,#2629,.F.);
#2710 = ORIENTED_EDGE('',*,*,#2603,.T.);
#2711 = ORIENTED_EDGE('',*,*,#2712,.T.);
#2712 = EDGE_CURVE('',#2596,#1627,#2713,.T.);
#2713 = ( BOUNDED_CURVE() B_SPLINE_CURVE(2,(#2714,#2715,#2716),
.UNSPECIFIED.,.F.,.F.) B_SPLINE_CURVE_WITH_KNOTS((3,3),(0.,
3.666060555938),.PIECEWISE_BEZIER_KNOTS.) CURVE() 
GEOMETRIC_REPRESENTATION_ITEM() RATIONAL_B_SPLINE_CURVE((1.,
0.795822425754,1.)) REPRESENTATION_ITEM('') );
#2714 = CARTESIAN_POINT('',(-63.47518677626,4.200000000015,
    -51.17974772868));
#2715 = CARTESIAN_POINT('',(-62.46939879481,4.200000000015,
    -53.22887360382));
#2716 = CARTESIAN_POINT('',(-60.22626405778,4.200000000015,
    -52.80593995903));
#2717 = ORIENTED_EDGE('',*,*,#1626,.F.);
#2718 = ( BOUNDED_SURFACE() B_SPLINE_SURFACE(2,6,(
    (#2719,#2720,#2721,#2722,#2723,#2724,#2725)
    ,(#2726,#2727,#2728,#2729,#2730,#2731,#2732)
    ,(#2733,#2734,#2735,#2736,#2737,#2738,#2739
)),.UNSPECIFIED.,.F.,.F.,.F.) B_SPLINE_SURFACE_WITH_KNOTS((3,3),(7,7),(
    0.,3.666060555938),(22.913939444047,26.579999999985),
.PIECEWISE_BEZIER_KNOTS.) GEOMETRIC_REPRESENTATION_ITEM() 
RATIONAL_B_SPLINE_SURFACE((
    (1.,1.,1.,1.,1.,1.,1.)
    ,(0.707106781187,0.740105097642,0.763283857396,0.77985943928
      ,0.790482924708,0.795822425754,0.795822425754)
,(1.,1.,1.,1.,1.,1.,1.))) REPRESENTATION_ITEM('') SURFACE() );
#2719 = CARTESIAN_POINT('',(-60.11951144834,7.866060555953,
    -52.78581220235));
#2720 = CARTESIAN_POINT('',(-60.11951144834,7.255050463297,
    -52.78581220235));
#2721 = CARTESIAN_POINT('',(-60.15022088503,6.64404037064,
    -52.79160233781));
#2722 = CARTESIAN_POINT('',(-60.18448175041,6.033030277984,
    -52.79806208026));
#2723 = CARTESIAN_POINT('',(-60.21249499614,5.422020185327,
    -52.80334386022));
#2724 = CARTESIAN_POINT('',(-60.2262640579,4.811010092671,
    -52.80593995906));
#2725 = CARTESIAN_POINT('',(-60.22626405778,4.200000000015,
    -52.80593995903));
#2726 = CARTESIAN_POINT('',(-63.06756805798,7.866060555953,
    -53.3416559091));
#2727 = CARTESIAN_POINT('',(-62.8046840291,7.282292951504,
    -53.29209022824));
#2728 = CARTESIAN_POINT('',(-62.64794833794,6.670680724512,
    -53.26253837117));
#2729 = CARTESIAN_POINT('',(-62.55235848464,6.052124831334,
    -53.24451530533));
#2730 = CARTESIAN_POINT('',(-62.49675186024,5.430170844118,
    -53.23403090957));
#2731 = CARTESIAN_POINT('',(-62.46939879481,4.811010092671,
    -53.22887360382));
#2732 = CARTESIAN_POINT('',(-62.46939879481,4.200000000015,
    -53.22887360382));
#2733 = CARTESIAN_POINT('',(-63.62341176473,7.866060555953,
    -50.39359929945));
#2734 = CARTESIAN_POINT('',(-63.57153301877,7.255050463297,
    -50.66875124968));
#2735 = CARTESIAN_POINT('',(-63.53220568377,6.64404037064,
    -50.87733364157));
#2736 = CARTESIAN_POINT('',(-63.50347656233,6.033030277984,
    -51.02970574785));
#2737 = CARTESIAN_POINT('',(-63.4846214824,5.422020185327,
    -51.12970839667));
#2738 = CARTESIAN_POINT('',(-63.47518677626,4.811010092671,
    -51.17974772868));
#2739 = CARTESIAN_POINT('',(-63.47518677626,4.200000000015,
    -51.17974772868));
#2740 = ADVANCED_FACE('',(#2741),#2756,.T.);
#2741 = FACE_BOUND('',#2742,.T.);
#2742 = EDGE_LOOP('',(#2743,#2744,#2749,#2755));
#2743 = ORIENTED_EDGE('',*,*,#2712,.F.);
#2744 = ORIENTED_EDGE('',*,*,#2745,.T.);
#2745 = EDGE_CURVE('',#2596,#2501,#2746,.T.);
#2746 = B_SPLINE_CURVE_WITH_KNOTS('',1,(#2747,#2748),.UNSPECIFIED.,.F.,
  .F.,(2,2),(26.579999999984,34.980000000003),.PIECEWISE_BEZIER_KNOTS.);
#2747 = CARTESIAN_POINT('',(-63.47518677626,4.200000000016,
    -51.17974772868));
#2748 = CARTESIAN_POINT('',(-63.47518677626,-4.200000000003,
    -51.17974772868));
#2749 = ORIENTED_EDGE('',*,*,#2750,.T.);
#2750 = EDGE_CURVE('',#2501,#1639,#2751,.T.);
#2751 = ( BOUNDED_CURVE() B_SPLINE_CURVE(2,(#2752,#2753,#2754),
.UNSPECIFIED.,.F.,.F.) B_SPLINE_CURVE_WITH_KNOTS((3,3),(0.,
8.400000000019),.PIECEWISE_BEZIER_KNOTS.) CURVE() 
GEOMETRIC_REPRESENTATION_ITEM() RATIONAL_B_SPLINE_CURVE((1.,
0.795822425754,1.)) REPRESENTATION_ITEM('') );
#2752 = CARTESIAN_POINT('',(-63.47518677626,-4.200000000003,
    -51.17974772868));
#2753 = CARTESIAN_POINT('',(-62.46939879481,-4.200000000004,
    -53.22887360382));
#2754 = CARTESIAN_POINT('',(-60.22626405782,-4.200000000003,
    -52.80593995904));
#2755 = ORIENTED_EDGE('',*,*,#1638,.F.);
#2756 = ( BOUNDED_SURFACE() B_SPLINE_SURFACE(2,1,(
    (#2757,#2758)
    ,(#2759,#2760)
    ,(#2761,#2762
)),.UNSPECIFIED.,.F.,.F.,.F.) B_SPLINE_SURFACE_WITH_KNOTS((3,3),(2,2),(
    0.,8.400000000019),(26.579999999984,34.980000000003),
.PIECEWISE_BEZIER_KNOTS.) GEOMETRIC_REPRESENTATION_ITEM() 
RATIONAL_B_SPLINE_SURFACE((
    (1.,1.)
    ,(0.795822425754,0.795822425754)
,(1.,1.))) REPRESENTATION_ITEM('') SURFACE() );
#2757 = CARTESIAN_POINT('',(-60.2262640579,4.200000000016,
    -52.80593995906));
#2758 = CARTESIAN_POINT('',(-60.22626405782,-4.200000000003,
    -52.80593995904));
#2759 = CARTESIAN_POINT('',(-62.46939879481,4.200000000016,
    -53.22887360382));
#2760 = CARTESIAN_POINT('',(-62.46939879481,-4.200000000004,
    -53.22887360382));
#2761 = CARTESIAN_POINT('',(-63.47518677626,4.200000000016,
    -51.17974772868));
#2762 = CARTESIAN_POINT('',(-63.47518677626,-4.200000000003,
    -51.17974772868));
#2763 = ADVANCED_FACE('',(#2764),#2770,.T.);
#2764 = FACE_BOUND('',#2765,.T.);
#2765 = EDGE_LOOP('',(#2766,#2767,#2768,#2769));
#2766 = ORIENTED_EDGE('',*,*,#2750,.F.);
#2767 = ORIENTED_EDGE('',*,*,#2500,.T.);
#2768 = ORIENTED_EDGE('',*,*,#2543,.T.);
#2769 = ORIENTED_EDGE('',*,*,#1645,.F.);
#2770 = ( BOUNDED_SURFACE() B_SPLINE_SURFACE(2,6,(
    (#2771,#2772,#2773,#2774,#2775,#2776,#2777)
    ,(#2778,#2779,#2780,#2781,#2782,#2783,#2784)
    ,(#2785,#2786,#2787,#2788,#2789,#2790,#2791
)),.UNSPECIFIED.,.F.,.F.,.F.) B_SPLINE_SURFACE_WITH_KNOTS((3,3),(7,7),(
    0.,3.66606055596),(34.980000000005,38.646060555965),
.PIECEWISE_BEZIER_KNOTS.) GEOMETRIC_REPRESENTATION_ITEM() 
RATIONAL_B_SPLINE_SURFACE((
    (1.,1.,1.,1.,1.,1.,1.)
    ,(0.795822425754,0.795822425754,0.790482924708,0.779859439281
      ,0.763283857396,0.740105097642,0.707106781187)
,(1.,1.,1.,1.,1.,1.,1.))) REPRESENTATION_ITEM('') SURFACE() );
#2771 = CARTESIAN_POINT('',(-60.2262640579,-4.200000000005,
    -52.80593995906));
#2772 = CARTESIAN_POINT('',(-60.2262640579,-4.811010092665,
    -52.80593995906));
#2773 = CARTESIAN_POINT('',(-60.21249499614,-5.422020185325,
    -52.80334386022));
#2774 = CARTESIAN_POINT('',(-60.18448175041,-6.033030277985,
    -52.79806208026));
#2775 = CARTESIAN_POINT('',(-60.15022088503,-6.644040370645,
    -52.79160233781));
#2776 = CARTESIAN_POINT('',(-60.11951144834,-7.255050463305,
    -52.78581220235));
#2777 = CARTESIAN_POINT('',(-60.11951144834,-7.866060555965,
    -52.78581220235));
#2778 = CARTESIAN_POINT('',(-62.46939879481,-4.200000000005,
    -53.22887360382));
#2779 = CARTESIAN_POINT('',(-62.46939879481,-4.811010092665,
    -53.22887360382));
#2780 = CARTESIAN_POINT('',(-62.49675186024,-5.430170844116,
    -53.23403090957));
#2781 = CARTESIAN_POINT('',(-62.55235848464,-6.052124831335,
    -53.24451530533));
#2782 = CARTESIAN_POINT('',(-62.64794833794,-6.670680724518,
    -53.26253837117));
#2783 = CARTESIAN_POINT('',(-62.8046840291,-7.282292951513,
    -53.29209022824));
#2784 = CARTESIAN_POINT('',(-63.06756805798,-7.866060555965,
    -53.3416559091));
#2785 = CARTESIAN_POINT('',(-63.47518677626,-4.200000000005,
    -51.17974772868));
#2786 = CARTESIAN_POINT('',(-63.47518677626,-4.811010092665,
    -51.17974772868));
#2787 = CARTESIAN_POINT('',(-63.4846214824,-5.422020185325,
    -51.12970839668));
#2788 = CARTESIAN_POINT('',(-63.50347656233,-6.033030277985,
    -51.02970574785));
#2789 = CARTESIAN_POINT('',(-63.53220568377,-6.644040370645,
    -50.87733364158));
#2790 = CARTESIAN_POINT('',(-63.57153301877,-7.255050463305,
    -50.66875124968));
#2791 = CARTESIAN_POINT('',(-63.62341176473,-7.866060555965,
    -50.39359929945));
#2792 = ADVANCED_FACE('',(#2793),#2811,.T.);
#2793 = FACE_BOUND('',#2794,.T.);
#2794 = EDGE_LOOP('',(#2795,#2803,#2809,#2810));
#2795 = ORIENTED_EDGE('',*,*,#2796,.T.);
#2796 = EDGE_CURVE('',#1743,#2797,#2799,.T.);
#2797 = VERTEX_POINT('',#2798);
#2798 = CARTESIAN_POINT('',(-69.42249742653,29.718164480781,
    -8.163459912837));
#2799 = ( BOUNDED_CURVE() B_SPLINE_CURVE(2,(#2800,#2801,#2802),
.UNSPECIFIED.,.F.,.F.) B_SPLINE_CURVE_WITH_KNOTS((3,3),(0.,
1.291182024717),.PIECEWISE_BEZIER_KNOTS.) CURVE() 
GEOMETRIC_REPRESENTATION_ITEM() RATIONAL_B_SPLINE_CURVE((1.,
0.709995253702,1.)) REPRESENTATION_ITEM('') );
#2800 = CARTESIAN_POINT('',(-63.47532663915,35.711493018672,
    -7.814542756043));
#2801 = CARTESIAN_POINT('',(-69.42576470683,35.662826917419,
    -7.887172827832));
#2802 = CARTESIAN_POINT('',(-69.42249742653,29.718164480781,
    -8.163459912837));
#2803 = ORIENTED_EDGE('',*,*,#2804,.T.);
#2804 = EDGE_CURVE('',#2797,#2046,#2805,.T.);
#2805 = LINE('',#2806,#2807);
#2806 = CARTESIAN_POINT('',(-69.41011635456,29.766830582034,
    -9.210425577635));
#2807 = VECTOR('',#2808,1.);
#2808 = DIRECTION('',(-1.181209230586E-02,-4.642962107417E-02,
    0.998851723111));
#2809 = ORIENTED_EDGE('',*,*,#2045,.F.);
#2810 = ORIENTED_EDGE('',*,*,#1742,.F.);
#2811 = CYLINDRICAL_SURFACE('',#2812,6.);
#2812 = AXIS2_PLACEMENT_3D('',#2813,#2814,#2815);
#2813 = CARTESIAN_POINT('',(-63.41053585008,29.766830582034,
    -9.139476509745));
#2814 = DIRECTION('',(-1.181209230586E-02,-4.642962107417E-02,
    0.998851723111));
#2815 = DIRECTION('',(-8.734952849304E-03,0.998888089649,
    4.632801481726E-02));
#2816 = ADVANCED_FACE('',(#2817),#2832,.F.);
#2817 = FACE_BOUND('',#2818,.F.);
#2818 = EDGE_LOOP('',(#2819,#2824,#2825,#2831));
#2819 = ORIENTED_EDGE('',*,*,#2820,.F.);
#2820 = EDGE_CURVE('',#2388,#1751,#2821,.T.);
#2821 = B_SPLINE_CURVE_WITH_KNOTS('',1,(#2822,#2823),.UNSPECIFIED.,.F.,
  .F.,(2,2),(0.,83.555708260705),.PIECEWISE_BEZIER_KNOTS.);
#2822 = CARTESIAN_POINT('',(-19.34737389486,33.618916996484,2.5));
#2823 = CARTESIAN_POINT('',(-19.36567279448,35.711493018672,
    0.502147437829));
#2824 = ORIENTED_EDGE('',*,*,#2422,.T.);
#2825 = ORIENTED_EDGE('',*,*,#2826,.T.);
#2826 = EDGE_CURVE('',#2423,#1759,#2827,.T.);
#2827 = LINE('',#2828,#2829);
#2828 = CARTESIAN_POINT('',(-63.56452763513,34.278620327031,
    1.501073718915));
#2829 = VECTOR('',#2830,1.);
#2830 = DIRECTION('',(-6.324789188889E-03,0.72327311885,-0.690533122009)
  );
#2831 = ORIENTED_EDGE('',*,*,#1758,.F.);
#2832 = PLANE('',#2833);
#2833 = AXIS2_PLACEMENT_3D('',#2834,#2835,#2836);
#2834 = CARTESIAN_POINT('',(-8.761221057286,34.757857494742,
    1.501073718915));
#2835 = DIRECTION('',(6.038257653084E-03,-0.69050672121,-0.723300772437)
  );
#2836 = DIRECTION('',(-0.999961767512,-8.744341814506E-03,
    1.422473250301E-16));
#2837 = ADVANCED_FACE('',(#2838),#2867,.T.);
#2838 = FACE_BOUND('',#2839,.T.);
#2839 = EDGE_LOOP('',(#2840,#2841,#2842,#2850));
#2840 = ORIENTED_EDGE('',*,*,#1766,.F.);
#2841 = ORIENTED_EDGE('',*,*,#2088,.T.);
#2842 = ORIENTED_EDGE('',*,*,#2843,.T.);
#2843 = EDGE_CURVE('',#2089,#2844,#2846,.T.);
#2844 = VERTEX_POINT('',#2845);
#2845 = CARTESIAN_POINT('',(-69.5249503107,29.315454404824,
    0.500139831839));
#2846 = LINE('',#2847,#2848);
#2847 = CARTESIAN_POINT('',(-69.41011635456,29.766830582034,
    -9.210425577635));
#2848 = VECTOR('',#2849,1.);
#2849 = DIRECTION('',(-1.181209230586E-02,-4.642962107417E-02,
    0.998851723111));
#2850 = ORIENTED_EDGE('',*,*,#2851,.F.);
#2851 = EDGE_CURVE('',#1759,#2844,#2852,.T.);
#2852 = B_SPLINE_CURVE_WITH_KNOTS('',7,(#2853,#2854,#2855,#2856,#2857,
    #2858,#2859,#2860,#2861,#2862,#2863,#2864,#2865,#2866),
  .UNSPECIFIED.,.F.,.F.,(8,6,8),(332.75656196141,332.78101562516,
    342.07075851845),.UNSPECIFIED.);
#2853 = CARTESIAN_POINT('',(-63.57367708494,35.324908338125,
    0.502147437829));
#2854 = CARTESIAN_POINT('',(-63.57716795597,35.324877811589,
    0.502147437829));
#2855 = CARTESIAN_POINT('',(-63.58066148071,35.324844875663,
    0.502147333161));
#2856 = CARTESIAN_POINT('',(-63.58414390429,35.324809748245,
    0.502147098065));
#2857 = CARTESIAN_POINT('',(-63.58764400625,35.324771986592,
    0.50214678204));
#2858 = CARTESIAN_POINT('',(-63.59113838413,35.324731917139,
    0.502146355813));
#2859 = CARTESIAN_POINT('',(-63.59459247036,35.324690072625,
    0.502145755992));
#2860 = CARTESIAN_POINT('',(-64.94478174648,35.307383809971,
    0.501906716904));
#2861 = CARTESIAN_POINT('',(-66.29231685718,34.937033930087,
    0.501407233437));
#2862 = CARTESIAN_POINT('',(-67.52567573522,34.21045344762,
    0.500400878743));
#2863 = CARTESIAN_POINT('',(-68.5138912976,33.174800066073,
    0.499437308451));
#2864 = CARTESIAN_POINT('',(-69.18552391009,31.954399668587,
    0.499999040743));
#2865 = CARTESIAN_POINT('',(-69.5249503107,30.637414735835,
    0.500139831839));
#2866 = CARTESIAN_POINT('',(-69.5249503107,29.315454404824,
    0.500139831839));
#2867 = CYLINDRICAL_SURFACE('',#2868,6.);
#2868 = AXIS2_PLACEMENT_3D('',#2869,#2870,#2871);
#2869 = CARTESIAN_POINT('',(-63.41053585008,29.766830582034,
    -9.139476509745));
#2870 = DIRECTION('',(-1.181209230586E-02,-4.642962107417E-02,
    0.998851723111));
#2871 = DIRECTION('',(-8.734952849304E-03,0.998888089649,
    4.632801481726E-02));
#2872 = ADVANCED_FACE('',(#2873),#2878,.F.);
#2873 = FACE_BOUND('',#2874,.F.);
#2874 = EDGE_LOOP('',(#2875,#2876,#2877));
#2875 = ORIENTED_EDGE('',*,*,#1795,.F.);
#2876 = ORIENTED_EDGE('',*,*,#2692,.T.);
#2877 = ORIENTED_EDGE('',*,*,#2664,.F.);
#2878 = SPHERICAL_SURFACE('',#2879,3.);
#2879 = AXIS2_PLACEMENT_3D('',#2880,#2881,#2882);
#2880 = CARTESIAN_POINT('',(71.102460000409,27.78,-24.99160134871));
#2881 = DIRECTION('',(-0.982685536548,-8.E-17,-0.185281235583));
#2882 = DIRECTION('',(1.862988038098E-14,1.,-9.924002255367E-14));
#2883 = ADVANCED_FACE('',(#2884),#3001,.F.);
#2884 = FACE_BOUND('',#2885,.F.);
#2885 = EDGE_LOOP('',(#2886,#2887,#2895,#2926));
#2886 = ORIENTED_EDGE('',*,*,#1864,.F.);
#2887 = ORIENTED_EDGE('',*,*,#2888,.T.);
#2888 = EDGE_CURVE('',#1865,#2889,#2891,.T.);
#2889 = VERTEX_POINT('',#2890);
#2890 = CARTESIAN_POINT('',(70.609547634531,29.778643648238,
    -0.311050082519));
#2891 = ( BOUNDED_CURVE() B_SPLINE_CURVE(2,(#2892,#2893,#2894),
.UNSPECIFIED.,.F.,.F.) B_SPLINE_CURVE_WITH_KNOTS((3,3),(0.,
10.773197046432),.PIECEWISE_BEZIER_KNOTS.) CURVE() 
GEOMETRIC_REPRESENTATION_ITEM() RATIONAL_B_SPLINE_CURVE((1.,
0.704639536967,1.)) REPRESENTATION_ITEM('') );
#2892 = CARTESIAN_POINT('',(65.020010081854,35.775929322592,
    -2.611311848321));
#2893 = CARTESIAN_POINT('',(70.684212846705,35.816886482728,
    -0.508880440974));
#2894 = CARTESIAN_POINT('',(70.609547634531,29.778643648238,
    -0.311050082519));
#2895 = ORIENTED_EDGE('',*,*,#2896,.T.);
#2896 = EDGE_CURVE('',#2889,#2897,#2899,.T.);
#2897 = VERTEX_POINT('',#2898);
#2898 = CARTESIAN_POINT('',(70.254815899862,29.816264046384,
    0.628834827499));
#2899 = B_SPLINE_CURVE_WITH_KNOTS('',7,(#2900,#2901,#2902,#2903,#2904,
    #2905,#2906,#2907,#2908,#2909,#2910,#2911,#2912,#2913,#2914,#2915,
    #2916,#2917,#2918,#2919,#2920,#2921,#2922,#2923,#2924,#2925),
  .UNSPECIFIED.,.F.,.F.,(8,6,6,6,8),(29.344150329539,29.556972361043,
    32.583468295709,34.869744840175,35.791353905112),.UNSPECIFIED.);
#2900 = CARTESIAN_POINT('',(70.609547634531,29.778643648238,
    -0.311050082519));
#2901 = CARTESIAN_POINT('',(70.599182505053,29.77980498915,
    -0.283586994686));
#2902 = CARTESIAN_POINT('',(70.588817985345,29.780961615414,
    -0.256125522475));
#2903 = CARTESIAN_POINT('',(70.578454064094,29.782113534468,
    -0.228665635919));
#2904 = CARTESIAN_POINT('',(70.568090729992,29.783260753748,
    -0.201207305051));
#2905 = CARTESIAN_POINT('',(70.557727971728,29.78440328069,
    -0.173750499903));
#2906 = CARTESIAN_POINT('',(70.547365777992,29.78554112273,
    -0.14629519051));
#2907 = CARTESIAN_POINT('',(70.3896534958,29.802788774868,0.271573806452
    ));
#2908 = CARTESIAN_POINT('',(70.242333447722,29.818221763446,
    0.661907900075));
#2909 = CARTESIAN_POINT('',(70.094892233382,29.832571068077,
    1.05256303163));
#2910 = CARTESIAN_POINT('',(69.947525203397,29.846005995315,
    1.443021606879));
#2911 = CARTESIAN_POINT('',(69.800097980729,29.858484125257,
    1.833639666587));
#2912 = CARTESIAN_POINT('',(69.65267638574,29.870014433896,
    2.224242815383));
#2913 = CARTESIAN_POINT('',(69.393866286772,29.888588947809,
    2.909977083865));
#2914 = CARTESIAN_POINT('',(69.282485087016,29.896040645638,
    3.205088850526));
#2915 = CARTESIAN_POINT('',(69.171098319161,29.902950722151,
    3.500215370241));
#2916 = CARTESIAN_POINT('',(69.059706346836,29.909319137722,
    3.79535567952));
#2917 = CARTESIAN_POINT('',(68.948309533697,29.915145852738,
    4.090508814873));
#2918 = CARTESIAN_POINT('',(68.836908243371,29.920430827571,
    4.385673812812));
#2919 = CARTESIAN_POINT('',(68.680594785695,29.927086027322,
    4.799836532816));
#2920 = CARTESIAN_POINT('',(68.635161287086,29.929020403371,
    4.920215556112));
#2921 = CARTESIAN_POINT('',(68.589202343679,29.93097715075,
    5.041986779735));
#2922 = CARTESIAN_POINT('',(68.542717955474,29.932956269461,
    5.165150203684));
#2923 = CARTESIAN_POINT('',(68.495708122471,29.934957759502,
    5.28970582796));
#2924 = CARTESIAN_POINT('',(68.44817284467,29.936981620874,
    5.415653652562));
#2925 = CARTESIAN_POINT('',(68.40011212207,29.939027853578,
    5.542993677491));
#2926 = ORIENTED_EDGE('',*,*,#2927,.T.);
#2927 = EDGE_CURVE('',#2897,#1867,#2928,.T.);
#2928 = B_SPLINE_CURVE_WITH_KNOTS('',11,(#2929,#2930,#2931,#2932,#2933,
    #2934,#2935,#2936,#2937,#2938,#2939,#2940,#2941,#2942,#2943,#2944,
    #2945,#2946,#2947,#2948,#2949,#2950,#2951,#2952,#2953,#2954,#2955,
    #2956,#2957,#2958,#2959,#2960,#2961,#2962,#2963,#2964,#2965,#2966,
    #2967,#2968,#2969,#2970,#2971,#2972,#2973,#2974,#2975,#2976,#2977,
    #2978,#2979,#2980,#2981,#2982,#2983,#2984,#2985,#2986,#2987,#2988,
    #2989,#2990,#2991,#2992,#2993,#2994,#2995,#2996,#2997,#2998,#2999,
    #3000),.UNSPECIFIED.,.F.,.F.,(12,10,10,10,10,10,10,12),(
    196.2067635765,196.26659741032,196.43424789789,196.66173221928,
    197.11670086206,199.54343167976,200.97026889612,204.99115915673),
  .UNSPECIFIED.);
#2929 = CARTESIAN_POINT('',(70.254815899862,29.816264046384,
    0.628834827499));
#2930 = CARTESIAN_POINT('',(70.254815899864,29.82182628508,
    0.628834827499));
#2931 = CARTESIAN_POINT('',(70.254810631326,29.827385745967,
    0.628832832343));
#2932 = CARTESIAN_POINT('',(70.254800010188,29.832950335249,
    0.628828826934));
#2933 = CARTESIAN_POINT('',(70.254784064437,29.83851620988,
    0.628822819154));
#2934 = CARTESIAN_POINT('',(70.25476285336,29.844078010062,
    0.628814818504));
#2935 = CARTESIAN_POINT('',(70.254736402979,29.84963563957,
    0.628804825102));
#2936 = CARTESIAN_POINT('',(70.254704660799,29.855197594679,
    0.628792829051));
#2937 = CARTESIAN_POINT('',(70.254667465779,29.860780840731,
    0.628778820171));
#2938 = CARTESIAN_POINT('',(70.254624537968,29.866407237325,
    0.628762808094));
#2939 = CARTESIAN_POINT('',(70.254575483789,29.872096511291,
    0.628744852722));
#2940 = CARTESIAN_POINT('',(70.254363853584,29.893992866671,
    0.628669773394));
#2941 = CARTESIAN_POINT('',(70.254156502231,29.910648195957,
    0.628600300515));
#2942 = CARTESIAN_POINT('',(70.253892245825,29.927701009683,
    0.628520711266));
#2943 = CARTESIAN_POINT('',(70.253567205163,29.945051431447,
    0.628434263031));
#2944 = CARTESIAN_POINT('',(70.253178893288,29.962618190608,
    0.628343517645));
#2945 = CARTESIAN_POINT('',(70.252725968855,29.980336349098,
    0.628250413324));
#2946 = CARTESIAN_POINT('',(70.25220798648,29.998155026932,
    0.628156336566));
#2947 = CARTESIAN_POINT('',(70.251625150749,30.016035129291,
    0.62806219409));
#2948 = CARTESIAN_POINT('',(70.250978066599,30.033947072052,
    0.627968484735));
#2949 = CARTESIAN_POINT('',(70.25026749265,30.051868508579,
    0.627875371393));
#2950 = CARTESIAN_POINT('',(70.248444668902,30.094088880929,
    0.627657079254));
#2951 = CARTESIAN_POINT('',(70.247279459129,30.118380079079,
    0.627532550182));
#2952 = CARTESIAN_POINT('',(70.246000997163,30.142619351394,
    0.62740883857));
#2953 = CARTESIAN_POINT('',(70.244611428923,30.166786138848,
    0.627285325193));
#2954 = CARTESIAN_POINT('',(70.243112502452,30.190872639366,
    0.627161190525));
#2955 = CARTESIAN_POINT('',(70.241505560164,30.214880825714,
    0.627035506549));
#2956 = CARTESIAN_POINT('',(70.239791528013,30.23881946245,
    0.626907328539));
#2957 = CARTESIAN_POINT('',(70.237970908288,30.262701124008,
    0.626775786875));
#2958 = CARTESIAN_POINT('',(70.23604376889,30.286539211641,
    0.626640178828));
#2959 = CARTESIAN_POINT('',(70.234009735421,30.310344971319,
    0.626500060368));
#2960 = CARTESIAN_POINT('',(70.227584473461,30.381683590289,
    0.626065893131));
#2961 = CARTESIAN_POINT('',(70.222872815411,30.429142950384,
    0.625756986114));
#2962 = CARTESIAN_POINT('',(70.21772383099,30.476590226999,
    0.625427464567));
#2963 = CARTESIAN_POINT('',(70.212131711686,30.524069740184,
    0.625077380194));
#2964 = CARTESIAN_POINT('',(70.206093436132,30.571592179169,
    0.624707646613));
#2965 = CARTESIAN_POINT('',(70.199608190206,30.619144287459,
    0.624319697235));
#2966 = CARTESIAN_POINT('',(70.192676786397,30.666698547656,
    0.623915143138));
#2967 = CARTESIAN_POINT('',(70.185301083637,30.714222866537,
    0.623495430946));
#2968 = CARTESIAN_POINT('',(70.177483407055,30.761690259946,
    0.623061500701));
#2969 = CARTESIAN_POINT('',(70.169225967524,30.809088537791,
    0.622613443742));
#2970 = CARTESIAN_POINT('',(70.114148866818,31.108941805808,
    0.619679081421));
#2971 = CARTESIAN_POINT('',(70.055226616084,31.359663111164,
    0.616787401822));
#2972 = CARTESIAN_POINT('',(69.98396956538,31.607662744931,
    0.613507570498));
#2973 = CARTESIAN_POINT('',(69.90064284036,31.852073782199,
    0.609874278624));
#2974 = CARTESIAN_POINT('',(69.805570655713,32.092093533061,
    0.605924459824));
#2975 = CARTESIAN_POINT('',(69.6991363161,32.326983542981,0.601697290181
    ));
#2976 = CARTESIAN_POINT('',(69.581782214825,32.556069592286,
    0.597234188232));
#2977 = CARTESIAN_POINT('',(69.454009835365,32.778741696738,
    0.592578814968));
#2978 = CARTESIAN_POINT('',(69.316379749937,32.994454107011,
    0.587777073836));
#2979 = CARTESIAN_POINT('',(69.169511620577,33.202725309074,
    0.582877110737));
#2980 = CARTESIAN_POINT('',(68.922698030484,33.520974051835,0.5750201737
    ));
#2981 = CARTESIAN_POINT('',(68.828334334452,33.636094813086,
    0.572092773067));
#2982 = CARTESIAN_POINT('',(68.731116681567,33.748423949433,
    0.569156102227));
#2983 = CARTESIAN_POINT('',(68.631168632387,33.857891668255,
    0.566218852673));
#2984 = CARTESIAN_POINT('',(68.528613737551,33.964434742659,
    0.56328941729));
#2985 = CARTESIAN_POINT('',(68.423575536695,34.067996511427,
    0.560375890356));
#2986 = CARTESIAN_POINT('',(68.316177559808,34.168526879024,
    0.557486067542));
#2987 = CARTESIAN_POINT('',(68.206543325861,34.265982315659,
    0.554627445911));
#2988 = CARTESIAN_POINT('',(68.094796343943,34.360325857171,
    0.55180722392));
#2989 = CARTESIAN_POINT('',(67.98106011249,34.451527105153,
    0.549032301418));
#2990 = CARTESIAN_POINT('',(67.539686601012,34.787649085951,
    0.538635684092));
#2991 = CARTESIAN_POINT('',(67.199094022698,35.010587923348,
    0.531371970813));
#2992 = CARTESIAN_POINT('',(66.846229067314,35.207826293717,
    0.524667775623));
#2993 = CARTESIAN_POINT('',(66.48427150594,35.379180887644,
    0.518612980558));
#2994 = CARTESIAN_POINT('',(66.113875789012,35.524773741888,
    0.513369562195));
#2995 = CARTESIAN_POINT('',(65.740684759609,35.644812121379,
    0.508878099378));
#2996 = CARTESIAN_POINT('',(65.362007227142,35.739847448915,
    0.505342599392));
#2997 = CARTESIAN_POINT('',(64.984946326522,35.810362249927,
    0.502663811592));
#2998 = CARTESIAN_POINT('',(64.607199604066,35.85719428352,
    0.500870704671));
#2999 = CARTESIAN_POINT('',(64.232593845833,35.88097099988,
    0.500024611047));
#3000 = CARTESIAN_POINT('',(63.862527313115,35.882682388189,
    0.500000391406));
#3001 = ( BOUNDED_SURFACE() B_SPLINE_SURFACE(2,7,(
    (#3002,#3003,#3004,#3005,#3006,#3007,#3008,#3009,#3010,#3011,#3012
      ,#3013,#3014,#3015,#3016,#3017,#3018,#3019,#3020,#3021,#3022,#3023
      ,#3024,#3025,#3026,#3027)
    ,(#3028,#3029,#3030,#3031,#3032,#3033,#3034,#3035,#3036,#3037,#3038
      ,#3039,#3040,#3041,#3042,#3043,#3044,#3045,#3046,#3047,#3048,#3049
      ,#3050,#3051,#3052,#3053)
    ,(#3054,#3055,#3056,#3057,#3058,#3059,#3060,#3061,#3062,#3063,#3064
      ,#3065,#3066,#3067,#3068,#3069,#3070,#3071,#3072,#3073,#3074,#3075
      ,#3076,#3077,#3078,#3079
)),.UNSPECIFIED.,.F.,.F.,.F.) B_SPLINE_SURFACE_WITH_KNOTS((3,3),(8,6,6,6
    ,8),(0.,5.525594510636),(29.344150329539,29.556972361043,
    32.583468295709,34.869744840175,35.791353905112),.UNSPECIFIED.) 
GEOMETRIC_REPRESENTATION_ITEM() RATIONAL_B_SPLINE_SURFACE((
    (1.,1.,1.,1.,1.,1.,1.,1.,1.,1.,1.,1.,1.,1.,1.,1.,1.,1.,1.,1.,1.,1.
      ,1.,1.,1.,1.)
    ,(0.704639536967,0.704646740166,0.70465394988,0.704661166689
      ,0.70466839117,0.704675623905,0.704682865473,0.70479323106
      ,0.704928383276,0.705046151942,0.705169231898,0.705290609659
      ,0.705412377211,0.705626013002,0.705717939022,0.705809855589
      ,0.705901762374,0.705993659046,0.706085545275,0.70621445617
      ,0.706239146462,0.706251491608,0.706251491608,0.706239146462
      ,0.70621445617,0.706177420732)
    ,(1.,1.,1.,1.,1.,1.,1.,1.,1.,1.,1.,1.,1.,1.,1.,1.,1.,1.,1.,1.,1.,1.
,1.,1.,1.,1.))) REPRESENTATION_ITEM('') SURFACE() );
#3002 = CARTESIAN_POINT('',(65.020010081854,35.775929322592,
    -2.611311848321));
#3003 = CARTESIAN_POINT('',(65.010330051624,35.777029241982,
    -2.585355917423));
#3004 = CARTESIAN_POINT('',(65.00064473968,35.778125840408,
    -2.559381965403));
#3005 = CARTESIAN_POINT('',(64.990953847876,35.779219137146,
    -2.533389275168));
#3006 = CARTESIAN_POINT('',(64.981257078067,35.780309151473,
    -2.507377129624));
#3007 = CARTESIAN_POINT('',(64.971554132105,35.781395902666,
    -2.481344811677));
#3008 = CARTESIAN_POINT('',(64.961844711844,35.782479410003,
    -2.455291604234));
#3009 = CARTESIAN_POINT('',(64.813956650757,35.798922159466,
    -2.058412517209));
#3010 = CARTESIAN_POINT('',(64.656107694577,35.815696453592,
    -1.633179831259));
#3011 = CARTESIAN_POINT('',(64.509216341681,35.829958457596,
    -1.239066566127));
#3012 = CARTESIAN_POINT('',(64.358571883163,35.843942746681,
    -0.833411317179));
#3013 = CARTESIAN_POINT('',(64.209296102376,35.856640911101,
    -0.432377463659));
#3014 = CARTESIAN_POINT('',(64.059618464582,35.868461408773,
    -2.98925556677E-02));
#3015 = CARTESIAN_POINT('',(63.796953318654,35.887469983628,
    0.67630052928));
#3016 = CARTESIAN_POINT('',(63.683913116413,35.895092860837,
    0.980216790605));
#3017 = CARTESIAN_POINT('',(63.570867357541,35.902158503585,
    1.284147991272));
#3018 = CARTESIAN_POINT('',(63.457816454653,35.908666871712,
    1.588093021913));
#3019 = CARTESIAN_POINT('',(63.344760820386,35.91461792507,1.89205077316
    ));
#3020 = CARTESIAN_POINT('',(63.231700867353,35.920011623497,
    2.196020135645));
#3021 = CARTESIAN_POINT('',(63.07306042307,35.926797463966,
    2.622535744517));
#3022 = CARTESIAN_POINT('',(63.027378495284,35.928751507122,
    2.745354709957));
#3023 = CARTESIAN_POINT('',(62.981591224829,35.930710056307,
    2.86845689632));
#3024 = CARTESIAN_POINT('',(62.935698611703,35.932673111521,
    2.991842303607));
#3025 = CARTESIAN_POINT('',(62.889700655907,35.934640672765,
    3.115510931817));
#3026 = CARTESIAN_POINT('',(62.843597357441,35.936612740039,
    3.23946278095));
#3027 = CARTESIAN_POINT('',(62.797388716304,35.938589313343,
    3.363697851006));
#3028 = CARTESIAN_POINT('',(70.684212846705,35.816886482728,
    -0.508880440974));
#3029 = CARTESIAN_POINT('',(70.6735484592,35.817954753258,
    -0.480624449445));
#3030 = CARTESIAN_POINT('',(70.66288482613,35.819018047745,
    -0.452370456838));
#3031 = CARTESIAN_POINT('',(70.652221938371,35.820076363786,
    -0.424118438983));
#3032 = CARTESIAN_POINT('',(70.641559786837,35.821129698975,
    -0.395868371804));
#3033 = CARTESIAN_POINT('',(70.630898362476,35.822178050904,
    -0.367620231317));
#3034 = CARTESIAN_POINT('',(70.620237656272,35.823221417159,
    -0.339373993633));
#3035 = CARTESIAN_POINT('',(70.458007892839,35.839024033603,
    9.046436506036E-02));
#3036 = CARTESIAN_POINT('',(70.306585939695,35.852522725871,
    0.491666724183));
#3037 = CARTESIAN_POINT('',(70.1549637996,35.865217039193,0.893399491714
    ));
#3038 = CARTESIAN_POINT('',(70.003438593242,35.876876509453,
    1.294875426977));
#3039 = CARTESIAN_POINT('',(69.851835924373,35.887584161166,
    1.696556604221));
#3040 = CARTESIAN_POINT('',(69.700236844557,35.897310653439,
    2.098228272037));
#3041 = CARTESIAN_POINT('',(69.434117456672,35.912672789752,
    2.803328979107));
#3042 = CARTESIAN_POINT('',(69.319607376626,35.918726453956,
    3.106730918548));
#3043 = CARTESIAN_POINT('',(69.20508860001,35.924223939206,
    3.410155900121));
#3044 = CARTESIAN_POINT('',(69.090561546859,35.929165140258,
    3.713602810912));
#3045 = CARTESIAN_POINT('',(68.976026636776,35.933549951886,
    4.01707053916));
#3046 = CARTESIAN_POINT('',(68.861484288929,35.937378268879,
    4.32055797425));
#3047 = CARTESIAN_POINT('',(68.7007679504,35.941968590218,4.746386414767
    ));
#3048 = CARTESIAN_POINT('',(68.654498254673,35.943290128361,
    4.868980996967));
#3049 = CARTESIAN_POINT('',(68.608123419288,35.944614669464,
    4.99185415356));
#3050 = CARTESIAN_POINT('',(68.561641017888,35.945942282829,
    5.11501231334));
#3051 = CARTESIAN_POINT('',(68.515048612919,35.947273038076,
    5.238461934764));
#3052 = CARTESIAN_POINT('',(68.468343755204,35.948607005157,
    5.362209507086));
#3053 = CARTESIAN_POINT('',(68.421523983513,35.949944254369,
    5.486261551495));
#3054 = CARTESIAN_POINT('',(70.609547634531,29.778643648238,
    -0.311050082519));
#3055 = CARTESIAN_POINT('',(70.599182505053,29.77980498915,
    -0.283586994686));
#3056 = CARTESIAN_POINT('',(70.588817985345,29.780961615414,
    -0.256125522475));
#3057 = CARTESIAN_POINT('',(70.578454064094,29.782113534468,
    -0.228665635919));
#3058 = CARTESIAN_POINT('',(70.568090729992,29.783260753748,
    -0.201207305051));
#3059 = CARTESIAN_POINT('',(70.557727971728,29.78440328069,
    -0.173750499903));
#3060 = CARTESIAN_POINT('',(70.547365777992,29.78554112273,
    -0.14629519051));
#3061 = CARTESIAN_POINT('',(70.3896534958,29.802788774868,0.271573806452
    ));
#3062 = CARTESIAN_POINT('',(70.242333447722,29.818221763446,
    0.661907900075));
#3063 = CARTESIAN_POINT('',(70.094892233382,29.832571068077,
    1.05256303163));
#3064 = CARTESIAN_POINT('',(69.947525203397,29.846005995315,
    1.443021606879));
#3065 = CARTESIAN_POINT('',(69.800097980729,29.858484125257,
    1.833639666587));
#3066 = CARTESIAN_POINT('',(69.65267638574,29.870014433896,
    2.224242815383));
#3067 = CARTESIAN_POINT('',(69.393866286772,29.888588947809,
    2.909977083865));
#3068 = CARTESIAN_POINT('',(69.282485087016,29.896040645638,
    3.205088850526));
#3069 = CARTESIAN_POINT('',(69.171098319161,29.902950722151,
    3.500215370241));
#3070 = CARTESIAN_POINT('',(69.059706346836,29.909319137722,
    3.79535567952));
#3071 = CARTESIAN_POINT('',(68.948309533697,29.915145852738,
    4.090508814873));
#3072 = CARTESIAN_POINT('',(68.836908243371,29.920430827571,
    4.385673812812));
#3073 = CARTESIAN_POINT('',(68.680594785695,29.927086027322,
    4.799836532816));
#3074 = CARTESIAN_POINT('',(68.635161287086,29.929020403371,
    4.920215556112));
#3075 = CARTESIAN_POINT('',(68.589202343679,29.93097715075,
    5.041986779735));
#3076 = CARTESIAN_POINT('',(68.542717955474,29.932956269461,
    5.165150203684));
#3077 = CARTESIAN_POINT('',(68.495708122471,29.934957759502,
    5.28970582796));
#3078 = CARTESIAN_POINT('',(68.44817284467,29.936981620874,
    5.415653652562));
#3079 = CARTESIAN_POINT('',(68.40011212207,29.939027853578,
    5.542993677491));
#3080 = ADVANCED_FACE('',(#3081),#3091,.T.);
#3081 = FACE_BOUND('',#3082,.T.);
#3082 = EDGE_LOOP('',(#3083,#3088,#3089,#3090));
#3083 = ORIENTED_EDGE('',*,*,#3084,.T.);
#3084 = EDGE_CURVE('',#2311,#1867,#3085,.T.);
#3085 = B_SPLINE_CURVE_WITH_KNOTS('',1,(#3086,#3087),.UNSPECIFIED.,.F.,
  .F.,(2,2),(0.,8.784395580237),.PIECEWISE_BEZIER_KNOTS.);
#3086 = CARTESIAN_POINT('',(63.643976459508,33.893400586814,2.5));
#3087 = CARTESIAN_POINT('',(63.862527313115,35.882682388189,
    0.500000391406));
#3088 = ORIENTED_EDGE('',*,*,#1970,.T.);
#3089 = ORIENTED_EDGE('',*,*,#2820,.F.);
#3090 = ORIENTED_EDGE('',*,*,#2387,.F.);
#3091 = B_SPLINE_SURFACE_WITH_KNOTS('',1,8,(
    (#3092,#3093,#3094,#3095,#3096,#3097,#3098,#3099,#3100,#3101,#3102
      ,#3103,#3104,#3105,#3106,#3107,#3108,#3109,#3110,#3111,#3112,#3113
      ,#3114,#3115,#3116,#3117,#3118,#3119,#3120,#3121)
    ,(#3122,#3123,#3124,#3125,#3126,#3127,#3128,#3129,#3130,#3131,#3132
      ,#3133,#3134,#3135,#3136,#3137,#3138,#3139,#3140,#3141,#3142,#3143
      ,#3144,#3145,#3146,#3147,#3148,#3149,#3150,#3151
  )),.UNSPECIFIED.,.F.,.F.,.F.,(2,2),(9,7,7,7,9),(0.,83.555708260705),(
    204.99115916346,205.73500925743,247.1409383408,277.90175776874,
    288.54686742416),.UNSPECIFIED.);
#3092 = CARTESIAN_POINT('',(63.643976454834,33.893400587328,2.5));
#3093 = CARTESIAN_POINT('',(63.579345556376,33.900501209212,2.5));
#3094 = CARTESIAN_POINT('',(63.514628289067,33.90655555424,2.5));
#3095 = CARTESIAN_POINT('',(63.449539125505,33.911547702705,2.5));
#3096 = CARTESIAN_POINT('',(63.383486068146,33.915618855906,2.5));
#3097 = CARTESIAN_POINT('',(63.315395318362,33.918864482878,2.5));
#3098 = CARTESIAN_POINT('',(63.243351412931,33.921336210804,2.5));
#3099 = CARTESIAN_POINT('',(63.16405282798,33.923248459234,2.5));
#3100 = CARTESIAN_POINT('',(57.952645517614,34.044587153474,2.5));
#3101 = CARTESIAN_POINT('',(52.807616576126,34.022305550213,2.5));
#3102 = CARTESIAN_POINT('',(47.652163982803,33.993662908454,2.5));
#3103 = CARTESIAN_POINT('',(42.495109372174,33.973822264126,2.5));
#3104 = CARTESIAN_POINT('',(37.337785824819,33.957923581707,2.5));
#3105 = CARTESIAN_POINT('',(32.18135952718,33.942948147928,2.5));
#3106 = CARTESIAN_POINT('',(27.025640998537,33.925795183162,2.5));
#3107 = CARTESIAN_POINT('',(18.041162484659,33.88975492901,2.5));
#3108 = CARTESIAN_POINT('',(14.212018549225,33.872449470825,2.5));
#3109 = CARTESIAN_POINT('',(10.383356633285,33.85253025659,2.5));
#3110 = CARTESIAN_POINT('',(6.555184388379,33.82984998592,2.5));
#3111 = CARTESIAN_POINT('',(2.727577484707,33.804304550008,2.5));
#3112 = CARTESIAN_POINT('',(-1.099381355583,33.775765250606,2.5));
#3113 = CARTESIAN_POINT('',(-4.925808658345,33.744423073901,2.5));
#3114 = CARTESIAN_POINT('',(-10.07659483024,33.70016721769,2.5));
#3115 = CARTESIAN_POINT('',(-11.40080301448,33.688602631406,2.5));
#3116 = CARTESIAN_POINT('',(-12.72518283528,33.676907292871,2.5));
#3117 = CARTESIAN_POINT('',(-14.04966545476,33.66522900906,2.5));
#3118 = CARTESIAN_POINT('',(-15.37413863959,33.653640476018,2.5));
#3119 = CARTESIAN_POINT('',(-16.69855850507,33.642094104614,2.5));
#3120 = CARTESIAN_POINT('',(-18.02296110893,33.630498557379,2.5));
#3121 = CARTESIAN_POINT('',(-19.34737389486,33.618916996484,2.5));
#3122 = CARTESIAN_POINT('',(63.862527306344,35.88268238856,
    0.500000391406));
#3123 = CARTESIAN_POINT('',(63.768393480285,35.88311771457,
    0.499994230657));
#3124 = CARTESIAN_POINT('',(63.674725086657,35.883550645339,
    0.500044469997));
#3125 = CARTESIAN_POINT('',(63.581465683894,35.883980690574,
    0.50012004618));
#3126 = CARTESIAN_POINT('',(63.488532147349,35.884407681199,
    0.500197602853));
#3127 = CARTESIAN_POINT('',(63.395825500503,35.884831734652,
    0.500262403345));
#3128 = CARTESIAN_POINT('',(63.303229883282,35.885253266969,
    0.500309042497));
#3129 = CARTESIAN_POINT('',(63.210599657662,35.885673051752,
    0.500341957541));
#3130 = CARTESIAN_POINT('',(57.948464744247,35.909430949293,
    0.502256105581));
#3131 = CARTESIAN_POINT('',(52.801032962458,35.92777961623,
    0.505976841999));
#3132 = CARTESIAN_POINT('',(47.640279608042,35.941032351039,
    0.494876109583));
#3133 = CARTESIAN_POINT('',(42.490270438572,35.949857219732,
    0.503737367857));
#3134 = CARTESIAN_POINT('',(37.330896414245,35.953427936104,
    0.498116248738));
#3135 = CARTESIAN_POINT('',(32.175495838552,35.952331647079,
    0.500370649831));
#3136 = CARTESIAN_POINT('',(27.018758481082,35.946284225332,
    0.500081205475));
#3137 = CARTESIAN_POINT('',(18.032081078848,35.927261372881,
    0.500338917741));
#3138 = CARTESIAN_POINT('',(14.201750817886,35.916460465128,
    0.50046638909));
#3139 = CARTESIAN_POINT('',(10.371772954284,35.902967151963,
    0.500616284097));
#3140 = CARTESIAN_POINT('',(6.542227892379,35.886781842654,
    0.500787082291));
#3141 = CARTESIAN_POINT('',(2.713208898433,35.867904863193,
    0.500986146158));
#3142 = CARTESIAN_POINT('',(-1.115184211897,35.846336352946,
    0.501226044517));
#3143 = CARTESIAN_POINT('',(-4.942933590709,35.822076471322,
    0.50150199462));
#3144 = CARTESIAN_POINT('',(-10.09476607793,35.785799386713,
    0.501836394249));
#3145 = CARTESIAN_POINT('',(-11.41920989448,35.776150624397,
    0.501919038771));
#3146 = CARTESIAN_POINT('',(-12.74360848698,35.766179710323,
    0.501995712203));
#3147 = CARTESIAN_POINT('',(-14.06800365385,35.755886642016,
    0.502058697191));
#3148 = CARTESIAN_POINT('',(-15.39242017408,35.745271412453,
    0.502103601676));
#3149 = CARTESIAN_POINT('',(-16.71684764365,35.734334044588,
    0.502131874432));
#3150 = CARTESIAN_POINT('',(-18.04126000856,35.723074579568,
    0.502147437829));
#3151 = CARTESIAN_POINT('',(-19.36567279448,35.711493018672,
    0.502147437829));
#3152 = ADVANCED_FACE('',(#3153),#3183,.F.);
#3153 = FACE_BOUND('',#3154,.F.);
#3154 = EDGE_LOOP('',(#3155,#3164,#3181,#3182));
#3155 = ORIENTED_EDGE('',*,*,#3156,.T.);
#3156 = EDGE_CURVE('',#1898,#3157,#3159,.T.);
#3157 = VERTEX_POINT('',#3158);
#3158 = CARTESIAN_POINT('',(73.435724652375,29.185477280707,
    -10.3806529434));
#3159 = CIRCLE('',#3160,6.);
#3160 = AXIS2_PLACEMENT_3D('',#3161,#3162,#3163);
#3161 = CARTESIAN_POINT('',(67.539611433086,29.185477280707,
    -11.49234035689));
#3162 = DIRECTION('',(0.184600471582,-8.564426358017E-02,-0.979074933806
    ));
#3163 = DIRECTION('',(1.586827497671E-02,0.996325780112,
    -8.416137910855E-02));
#3164 = ORIENTED_EDGE('',*,*,#3165,.T.);
#3165 = EDGE_CURVE('',#3157,#2889,#3166,.T.);
#3166 = ( BOUNDED_CURVE() B_SPLINE_CURVE(7,(#3167,#3168,#3169,#3170,
    #3171,#3172,#3173,#3174,#3175,#3176,#3177,#3178,#3179,#3180),
.UNSPECIFIED.,.F.,.F.) B_SPLINE_CURVE_WITH_KNOTS((8,6,8),(
    18.570953283107,19.084060296042,29.344150329539),.UNSPECIFIED.) 
CURVE() GEOMETRIC_REPRESENTATION_ITEM() RATIONAL_B_SPLINE_CURVE((1.,1.,
1.,1.,1.,1.,1.,1.,1.,1.,1.,1.,1.,1.)) REPRESENTATION_ITEM('') );
#3167 = CARTESIAN_POINT('',(73.435724652375,29.185477280707,
    -10.3806529434));
#3168 = CARTESIAN_POINT('',(73.422496465129,29.191000703865,
    -10.3104939322));
#3169 = CARTESIAN_POINT('',(73.409170633102,29.196501059018,
    -10.24035196503));
#3170 = CARTESIAN_POINT('',(73.395747011531,29.201978532668,
    -10.17022635551));
#3171 = CARTESIAN_POINT('',(73.38222584919,29.207432799872,
    -10.1001183932));
#3172 = CARTESIAN_POINT('',(73.368607000806,29.212863978403,
    -10.03002739671));
#3173 = CARTESIAN_POINT('',(73.354890166835,29.218272436747,
    -9.95995191991));
#3174 = CARTESIAN_POINT('',(73.064851232392,29.33133632243,
    -8.489059861446));
#3175 = CARTESIAN_POINT('',(72.749491638795,29.42972837938,
    -7.094636632203));
#3176 = CARTESIAN_POINT('',(72.395396990996,29.518598706713,
    -5.709474937886));
#3177 = CARTESIAN_POINT('',(72.003390480034,29.597841032904,
    -4.336208046663));
#3178 = CARTESIAN_POINT('',(71.574035739884,29.667577806976,
    -2.976819562956));
#3179 = CARTESIAN_POINT('',(71.109308811334,29.727606001601,
    -1.635199976036));
#3180 = CARTESIAN_POINT('',(70.609547634531,29.778643648238,
    -0.311050082519));
#3181 = ORIENTED_EDGE('',*,*,#2888,.F.);
#3182 = ORIENTED_EDGE('',*,*,#1897,.F.);
#3183 = ( BOUNDED_SURFACE() B_SPLINE_SURFACE(2,7,(
    (#3184,#3185,#3186,#3187,#3188,#3189,#3190,#3191,#3192,#3193,#3194
      ,#3195,#3196,#3197)
    ,(#3198,#3199,#3200,#3201,#3202,#3203,#3204,#3205,#3206,#3207,#3208
      ,#3209,#3210,#3211)
    ,(#3212,#3213,#3214,#3215,#3216,#3217,#3218,#3219,#3220,#3221,#3222
      ,#3223,#3224,#3225
)),.UNSPECIFIED.,.F.,.F.,.F.) B_SPLINE_SURFACE_WITH_KNOTS((3,3),(8,6,8),
  (0.,10.773197046432),(18.570953283107,19.084060296042,29.344150329539)
,.UNSPECIFIED.) GEOMETRIC_REPRESENTATION_ITEM() 
RATIONAL_B_SPLINE_SURFACE((
    (1.,1.,1.,1.,1.,1.,1.,1.,1.,1.,1.,1.,1.,1.)
    ,(0.707106781187,0.707070750633,0.707035050379,0.706999697299
      ,0.706964663292,0.706929957349,0.706895612127,0.706180969116
      ,0.705621032533,0.705182958282,0.704862805969,0.70467632681
      ,0.704585163938,0.704639536967)
,(1.,1.,1.,1.,1.,1.,1.,1.,1.,1.,1.,1.,1.,1.
))) REPRESENTATION_ITEM('') SURFACE() );
#3184 = CARTESIAN_POINT('',(67.634821082912,35.163431961395,
    -11.99730863136));
#3185 = CARTESIAN_POINT('',(67.621221100684,35.169741590253,
    -11.92517771216));
#3186 = CARTESIAN_POINT('',(67.60758741174,35.17599393547,
    -11.85339642008));
#3187 = CARTESIAN_POINT('',(67.593585042921,35.182334731089,
    -11.78021682101));
#3188 = CARTESIAN_POINT('',(67.579912499454,35.188458157446,
    -11.70929598108));
#3189 = CARTESIAN_POINT('',(67.566006083318,35.194615143825,
    -11.63766098447));
#3190 = CARTESIAN_POINT('',(67.551027038605,35.201172917808,
    -11.56091933602));
#3191 = CARTESIAN_POINT('',(67.280272756069,35.317761283808,
    -10.19188354419));
#3192 = CARTESIAN_POINT('',(66.98914992123,35.418172825865,
    -8.905572746433));
#3193 = CARTESIAN_POINT('',(66.661782068074,35.509421965361,
    -7.620204216351));
#3194 = CARTESIAN_POINT('',(66.302793979593,35.590630126013,
    -6.351888887014));
#3195 = CARTESIAN_POINT('',(65.904627559594,35.661920793075,
    -5.085712455941));
#3196 = CARTESIAN_POINT('',(65.486681605442,35.722902519415,
    -3.862639946452));
#3197 = CARTESIAN_POINT('',(65.020010081854,35.775929322592,
    -2.611311848321));
#3198 = CARTESIAN_POINT('',(73.530934302228,35.163431961383,
    -10.88562121801));
#3199 = CARTESIAN_POINT('',(73.517934529109,35.169741911844,
    -10.81337332467));
#3200 = CARTESIAN_POINT('',(73.504831598876,35.176022304379,
    -10.74114338992));
#3201 = CARTESIAN_POINT('',(73.491625762961,35.182272880411,
    -10.66893263497));
#3202 = CARTESIAN_POINT('',(73.478316490704,35.188494121356,
    -10.59673849136));
#3203 = CARTESIAN_POINT('',(73.464904141928,35.194685784174,
    -10.52456275942));
#3204 = CARTESIAN_POINT('',(73.451389356617,35.200847296387,
    -10.45240858783));
#3205 = CARTESIAN_POINT('',(73.165164806799,35.329734025474,
    -8.936246899562));
#3206 = CARTESIAN_POINT('',(72.851143133053,35.440784960161,
    -7.498989359812));
#3207 = CARTESIAN_POINT('',(72.496099218719,35.539891199431,
    -6.071350514636));
#3208 = CARTESIAN_POINT('',(72.100889652859,35.627005262703,
    -4.656179054521));
#3209 = CARTESIAN_POINT('',(71.666119402605,35.702008247,-3.25542371942)
  );
#3210 = CARTESIAN_POINT('',(71.193708326168,35.765347145693,
    -1.872948701332));
#3211 = CARTESIAN_POINT('',(70.684212846705,35.816886482728,
    -0.508880440974));
#3212 = CARTESIAN_POINT('',(73.435724652375,29.185477280707,
    -10.3806529434));
#3213 = CARTESIAN_POINT('',(73.422496465129,29.191000703865,
    -10.3104939322));
#3214 = CARTESIAN_POINT('',(73.409170633102,29.196501059018,
    -10.24035196503));
#3215 = CARTESIAN_POINT('',(73.395747011531,29.201978532668,
    -10.17022635551));
#3216 = CARTESIAN_POINT('',(73.38222584919,29.207432799872,
    -10.1001183932));
#3217 = CARTESIAN_POINT('',(73.368607000806,29.212863978403,
    -10.03002739671));
#3218 = CARTESIAN_POINT('',(73.354890166835,29.218272436747,
    -9.95995191991));
#3219 = CARTESIAN_POINT('',(73.064851232392,29.33133632243,
    -8.489059861446));
#3220 = CARTESIAN_POINT('',(72.749491638795,29.42972837938,
    -7.094636632203));
#3221 = CARTESIAN_POINT('',(72.395396990996,29.518598706713,
    -5.709474937886));
#3222 = CARTESIAN_POINT('',(72.003390480034,29.597841032904,
    -4.336208046663));
#3223 = CARTESIAN_POINT('',(71.574035739884,29.667577806976,
    -2.976819562956));
#3224 = CARTESIAN_POINT('',(71.109308811334,29.727606001601,
    -1.635199976036));
#3225 = CARTESIAN_POINT('',(70.609547634531,29.778643648238,
    -0.311050082519));
#3226 = ADVANCED_FACE('',(#3227),#3247,.T.);
#3227 = FACE_BOUND('',#3228,.T.);
#3228 = EDGE_LOOP('',(#3229,#3238,#3239,#3240));
#3229 = ORIENTED_EDGE('',*,*,#3230,.F.);
#3230 = EDGE_CURVE('',#1917,#3231,#3233,.T.);
#3231 = VERTEX_POINT('',#3232);
#3232 = CARTESIAN_POINT('',(76.424649400156,27.160691422941,
    -26.23316553182));
#3233 = CIRCLE('',#3234,6.);
#3234 = AXIS2_PLACEMENT_3D('',#3235,#3236,#3237);
#3235 = CARTESIAN_POINT('',(70.528536180867,27.160691422941,
    -27.34485294532));
#3236 = DIRECTION('',(0.182795917639,-0.163240896089,-0.969504029047));
#3237 = DIRECTION('',(3.0245474925E-02,0.986586240449,-0.16041446756));
#3238 = ORIENTED_EDGE('',*,*,#1916,.T.);
#3239 = ORIENTED_EDGE('',*,*,#3156,.T.);
#3240 = ORIENTED_EDGE('',*,*,#3241,.F.);
#3241 = EDGE_CURVE('',#3231,#3157,#3242,.T.);
#3242 = CIRCLE('',#3243,207.89338386691);
#3243 = AXIS2_PLACEMENT_3D('',#3244,#3245,#3246);
#3244 = CARTESIAN_POINT('',(70.136815271336,-177.9440605806,
    7.11594095038));
#3245 = DIRECTION('',(0.982685536548,0.,0.185281235583));
#3246 = DIRECTION('',(3.0245474925E-02,0.986586240449,-0.16041446756));
#3247 = TOROIDAL_SURFACE('',#3248,207.89338386691,6.);
#3248 = AXIS2_PLACEMENT_3D('',#3249,#3250,#3251);
#3249 = CARTESIAN_POINT('',(64.240702052047,-177.9440605806,
    6.004253536883));
#3250 = DIRECTION('',(0.982685536548,0.,0.185281235583));
#3251 = DIRECTION('',(3.0245474925E-02,0.986586240449,-0.16041446756));
#3252 = ADVANCED_FACE('',(#3253),#3279,.T.);
#3253 = FACE_BOUND('',#3254,.T.);
#3254 = EDGE_LOOP('',(#3255,#3263,#3277,#3278));
#3255 = ORIENTED_EDGE('',*,*,#3256,.T.);
#3256 = EDGE_CURVE('',#1934,#3257,#3259,.T.);
#3257 = VERTEX_POINT('',#3258);
#3258 = CARTESIAN_POINT('',(-69.40742307191,29.773684820624,
    -9.438174392069));
#3259 = ( BOUNDED_CURVE() B_SPLINE_CURVE(2,(#3260,#3261,#3262),
.UNSPECIFIED.,.F.,.F.) B_SPLINE_CURVE_WITH_KNOTS((3,3),(0.,
45.147708952536),.PIECEWISE_BEZIER_KNOTS.) CURVE() 
GEOMETRIC_REPRESENTATION_ITEM() RATIONAL_B_SPLINE_CURVE((1.,
0.709634221817,1.)) REPRESENTATION_ITEM('') );
#3260 = CARTESIAN_POINT('',(-63.45402767637,35.767350739135,
    -9.095497899822));
#3261 = CARTESIAN_POINT('',(-69.41061969675,35.724731993225,
    -9.167862059207));
#3262 = CARTESIAN_POINT('',(-69.40742307191,29.773684820624,
    -9.438174392069));
#3263 = ORIENTED_EDGE('',*,*,#3264,.T.);
#3264 = EDGE_CURVE('',#3257,#2797,#3265,.T.);
#3265 = ( BOUNDED_CURVE() B_SPLINE_CURVE(10,(#3266,#3267,#3268,#3269,
    #3270,#3271,#3272,#3273,#3274,#3275,#3276),.UNSPECIFIED.,.F.,.F.) 
B_SPLINE_CURVE_WITH_KNOTS((11,11),(46.991582252733,48.282764277449),
.PIECEWISE_BEZIER_KNOTS.) CURVE() GEOMETRIC_REPRESENTATION_ITEM() 
RATIONAL_B_SPLINE_CURVE((1.,1.,1.,1.,1.,1.000000000001,1.,1.,1.,1.,1.)) 
REPRESENTATION_ITEM('') );
#3266 = CARTESIAN_POINT('',(-69.40742307191,29.773684820624,
    -9.438174392069));
#3267 = CARTESIAN_POINT('',(-69.40889663586,29.768636396903,
    -9.313567179666));
#3268 = CARTESIAN_POINT('',(-69.41037528915,29.763486224025,
    -9.188529603905));
#3269 = CARTESIAN_POINT('',(-69.41182853995,29.758360582654,
    -9.065640108953));
#3270 = CARTESIAN_POINT('',(-69.41344039316,29.75251875367,
    -8.929338908274));
#3271 = CARTESIAN_POINT('',(-69.41491774387,29.747126615413,
    -8.804411481577));
#3272 = CARTESIAN_POINT('',(-69.41645040021,29.741436959127,
    -8.674807310313));
#3273 = CARTESIAN_POINT('',(-69.41795447001,29.735771620683,
    -8.547620469129));
#3274 = CARTESIAN_POINT('',(-69.41946831215,29.729988141525,
    -8.419607261016));
#3275 = CARTESIAN_POINT('',(-69.42098279853,29.724118007262,
    -8.291539575054));
#3276 = CARTESIAN_POINT('',(-69.42249742653,29.718164480781,
    -8.163459912837));
#3277 = ORIENTED_EDGE('',*,*,#2796,.F.);
#3278 = ORIENTED_EDGE('',*,*,#1955,.F.);
#3279 = ( BOUNDED_SURFACE() B_SPLINE_SURFACE(2,10,(
    (#3280,#3281,#3282,#3283,#3284,#3285,#3286,#3287,#3288,#3289,#3290)
    ,(#3291,#3292,#3293,#3294,#3295,#3296,#3297,#3298,#3299,#3300,#3301)
    ,(#3302,#3303,#3304,#3305,#3306,#3307,#3308,#3309,#3310,#3311,#3312
)),.UNSPECIFIED.,.F.,.F.,.F.) B_SPLINE_SURFACE_WITH_KNOTS((3,3),(11,11),
  (0.,1.291182024717),(46.991582252733,48.282764277449),
.PIECEWISE_BEZIER_KNOTS.) GEOMETRIC_REPRESENTATION_ITEM() 
RATIONAL_B_SPLINE_SURFACE((
    (1.,1.,1.,1.,1.,1.000000000001,1.,1.,1.,1.,1.)
    ,(0.709634221817,0.709670370813,0.709706447093,0.709742645107
      ,0.709778624382,0.709814820462,0.709850859676,0.709886983949
      ,0.709923070656,0.709959163763,0.709995253702)
    ,(1.,1.,1.,1.,1.,1.000000000001,1.,1.,1.,1.,1.
))) REPRESENTATION_ITEM('') SURFACE() );
#3280 = CARTESIAN_POINT('',(-63.45402767637,35.767350739135,
    -9.095497899822));
#3281 = CARTESIAN_POINT('',(-63.45615912168,35.762135553734,
    -8.967324139223));
#3282 = CARTESIAN_POINT('',(-63.4582878682,35.756842391111,
    -8.839276837636));
#3283 = CARTESIAN_POINT('',(-63.46042126353,35.751457488587,
    -8.711014609267));
#3284 = CARTESIAN_POINT('',(-63.46254653685,35.746004590058,
    -8.58312724519));
#3285 = CARTESIAN_POINT('',(-63.46467976705,35.740454545973,
    -8.454882014506));
#3286 = CARTESIAN_POINT('',(-63.46680733387,35.734831379323,
    -8.32689290288));
#3287 = CARTESIAN_POINT('',(-63.46893807095,35.729119639594,
    -8.198761018389));
#3288 = CARTESIAN_POINT('',(-63.4710674498,35.72332730964,
    -8.070692882107));
#3289 = CARTESIAN_POINT('',(-63.47319708845,35.717451574344,
    -7.942614912615));
#3290 = CARTESIAN_POINT('',(-63.47532663915,35.711493018672,
    -7.814542756043));
#3291 = CARTESIAN_POINT('',(-69.41061969675,35.724731993225,
    -9.167862059207));
#3292 = CARTESIAN_POINT('',(-69.41213433996,35.718913831195,
    -9.039781111022));
#3293 = CARTESIAN_POINT('',(-69.41364895515,35.713013441964,
    -8.911702531981));
#3294 = CARTESIAN_POINT('',(-69.41516354627,35.707029177974,
    -8.783625989384));
#3295 = CARTESIAN_POINT('',(-69.41667804987,35.700964072408,
    -8.655556846689));
#3296 = CARTESIAN_POINT('',(-69.41819256841,35.694814285158,
    -8.52748644173));
#3297 = CARTESIAN_POINT('',(-69.41970705647,35.688582867844,
    -8.399418612877));
#3298 = CARTESIAN_POINT('',(-69.42122151037,35.682267953616,
    -8.271353673637));
#3299 = CARTESIAN_POINT('',(-69.42273593849,35.675870481462,
    -8.1432909136));
#3300 = CARTESIAN_POINT('',(-69.42425033675,35.669390114997,
    -8.015230679517));
#3301 = CARTESIAN_POINT('',(-69.42576470683,35.662826917419,
    -7.887172827832));
#3302 = CARTESIAN_POINT('',(-69.40742307191,29.773684820624,
    -9.438174392069));
#3303 = CARTESIAN_POINT('',(-69.40889663586,29.768636396903,
    -9.313567179666));
#3304 = CARTESIAN_POINT('',(-69.41037528915,29.763486224025,
    -9.188529603905));
#3305 = CARTESIAN_POINT('',(-69.41182853995,29.758360582654,
    -9.065640108953));
#3306 = CARTESIAN_POINT('',(-69.41344039316,29.75251875367,
    -8.929338908274));
#3307 = CARTESIAN_POINT('',(-69.41491774387,29.747126615413,
    -8.804411481577));
#3308 = CARTESIAN_POINT('',(-69.41645040021,29.741436959127,
    -8.674807310313));
#3309 = CARTESIAN_POINT('',(-69.41795447001,29.735771620683,
    -8.547620469129));
#3310 = CARTESIAN_POINT('',(-69.41946831215,29.729988141525,
    -8.419607261016));
#3311 = CARTESIAN_POINT('',(-69.42098279853,29.724118007262,
    -8.291539575054));
#3312 = CARTESIAN_POINT('',(-69.42249742653,29.718164480781,
    -8.163459912837));
#3313 = ADVANCED_FACE('',(#3314),#3351,.F.);
#3314 = FACE_BOUND('',#3315,.F.);
#3315 = EDGE_LOOP('',(#3316,#3326,#3332,#3333,#3345));
#3316 = ORIENTED_EDGE('',*,*,#3317,.F.);
#3317 = EDGE_CURVE('',#3318,#3320,#3322,.T.);
#3318 = VERTEX_POINT('',#3319);
#3319 = CARTESIAN_POINT('',(71.046180641775,32.78,-30.09031026704));
#3320 = VERTEX_POINT('',#3321);
#3321 = CARTESIAN_POINT('',(-58.76626344062,32.78,-54.56590203986));
#3322 = LINE('',#3323,#3324);
#3323 = CARTESIAN_POINT('',(76.942293861063,32.78,-28.97862285354));
#3324 = VECTOR('',#3325,1.);
#3325 = DIRECTION('',(-0.982685536548,-4.E-17,-0.185281235583));
#3326 = ORIENTED_EDGE('',*,*,#3327,.T.);
#3327 = EDGE_CURVE('',#3318,#1917,#3328,.T.);
#3328 = LINE('',#3329,#3330);
#3329 = CARTESIAN_POINT('',(71.046180641775,32.78,-30.09031026704));
#3330 = VECTOR('',#3331,1.);
#3331 = DIRECTION('',(-0.182795917639,0.163240896089,0.969504029047));
#3332 = ORIENTED_EDGE('',*,*,#1925,.T.);
#3333 = ORIENTED_EDGE('',*,*,#3334,.F.);
#3334 = EDGE_CURVE('',#3335,#1926,#3337,.T.);
#3335 = VERTEX_POINT('',#3336);
#3336 = CARTESIAN_POINT('',(-58.89798828728,32.897633272576,
    -53.86726625407));
#3337 = ( BOUNDED_CURVE() B_SPLINE_CURVE(6,(#3338,#3339,#3340,#3341,
#3342,#3343,#3344),.UNSPECIFIED.,.F.,.F.) B_SPLINE_CURVE_WITH_KNOTS((7,7
),(0.72061153419,1.843873300197),.PIECEWISE_BEZIER_KNOTS.) CURVE() 
GEOMETRIC_REPRESENTATION_ITEM() RATIONAL_B_SPLINE_CURVE((1.,1.,1.,1.,1.,
1.,1.)) REPRESENTATION_ITEM('') );
#3338 = CARTESIAN_POINT('',(-58.89798828728,32.897633272576,
    -53.86726625407));
#3339 = CARTESIAN_POINT('',(-58.93206274819,32.928062538198,
    -53.68654379831));
#3340 = CARTESIAN_POINT('',(-58.96593579251,32.958449293629,
    -53.50604481385));
#3341 = CARTESIAN_POINT('',(-58.99948467407,32.988692521033,
    -53.32636744057));
#3342 = CARTESIAN_POINT('',(-59.03352207192,33.019491380519,
    -53.1433649086));
#3343 = CARTESIAN_POINT('',(-59.0671610072,33.050106528973,
    -52.96141711372));
#3344 = CARTESIAN_POINT('',(-59.1001036358,33.080208865637,
    -52.78249194476));
#3345 = ORIENTED_EDGE('',*,*,#3346,.F.);
#3346 = EDGE_CURVE('',#3320,#3335,#3347,.T.);
#3347 = LINE('',#3348,#3349);
#3348 = CARTESIAN_POINT('',(-58.76626344062,32.78,-54.56590203986));
#3349 = VECTOR('',#3350,1.);
#3350 = DIRECTION('',(-0.182795917639,0.163240896089,0.969504029047));
#3351 = PLANE('',#3352);
#3352 = AXIS2_PLACEMENT_3D('',#3353,#3354,#3355);
#3353 = CARTESIAN_POINT('',(76.606122249706,33.080208865637,
    -27.19565233718));
#3354 = DIRECTION('',(-3.0245474925E-02,-0.986586240449,0.16041446756));
#3355 = DIRECTION('',(0.182795917639,-0.163240896089,-0.969504029047));
#3356 = ADVANCED_FACE('',(#3357),#3389,.T.);
#3357 = FACE_BOUND('',#3358,.T.);
#3358 = EDGE_LOOP('',(#3359,#3367,#3387,#3388));
#3359 = ORIENTED_EDGE('',*,*,#3360,.T.);
#3360 = EDGE_CURVE('',#1926,#3361,#3363,.T.);
#3361 = VERTEX_POINT('',#3362);
#3362 = CARTESIAN_POINT('',(-65.17781728686,27.156545678583,
    -52.93101971642));
#3363 = ( BOUNDED_CURVE() B_SPLINE_CURVE(2,(#3364,#3365,#3366),
.UNSPECIFIED.,.F.,.F.) B_SPLINE_CURVE_WITH_KNOTS((3,3),(0.,
1.123261766007),.PIECEWISE_BEZIER_KNOTS.) CURVE() 
GEOMETRIC_REPRESENTATION_ITEM() RATIONAL_B_SPLINE_CURVE((1.,
0.706859615256,1.)) REPRESENTATION_ITEM('') );
#3364 = CARTESIAN_POINT('',(-59.1001036358,33.080208865637,
    -52.78249194476));
#3365 = CARTESIAN_POINT('',(-65.00034879032,33.080208982606,
    -53.89495769792));
#3366 = CARTESIAN_POINT('',(-65.17781728686,27.156545678583,
    -52.93101971642));
#3367 = ORIENTED_EDGE('',*,*,#3368,.T.);
#3368 = EDGE_CURVE('',#3361,#3257,#3369,.T.);
#3369 = ( BOUNDED_CURVE() B_SPLINE_CURVE(6,(#3370,#3371,#3372,#3373,
    #3374,#3375,#3376,#3377,#3378,#3379,#3380,#3381,#3382,#3383,#3384,
#3385,#3386),.UNSPECIFIED.,.F.,.F.) B_SPLINE_CURVE_WITH_KNOTS((7,5,5,7),
  (1.843873300197,21.510539913087,46.719213740409,46.991582252733),
.UNSPECIFIED.) CURVE() GEOMETRIC_REPRESENTATION_ITEM() 
RATIONAL_B_SPLINE_CURVE((1.,1.,1.,1.,1.,1.,1.,1.,1.,1.,1.,1.,1.,1.,1.,1.
,1.)) REPRESENTATION_ITEM('') );
#3370 = CARTESIAN_POINT('',(-65.17781728686,27.156545678583,
    -52.93101971642));
#3371 = CARTESIAN_POINT('',(-65.74539088162,27.663491647424,
    -49.84818682435));
#3372 = CARTESIAN_POINT('',(-66.26945147263,28.115540871936,
    -46.74819942277));
#3373 = CARTESIAN_POINT('',(-66.75176005718,28.514595306432,
    -43.6179983098));
#3374 = CARTESIAN_POINT('',(-67.18819885522,28.857292083407,
    -40.47406311727));
#3375 = CARTESIAN_POINT('',(-67.57909698421,29.144459070016,
    -37.31438622977));
#3376 = CARTESIAN_POINT('',(-68.36442375003,29.671784287526,
    -30.08271387992));
#3377 = CARTESIAN_POINT('',(-68.72892506694,29.876004791532,
    -26.00403917697));
#3378 = CARTESIAN_POINT('',(-69.0152472077,29.988008753168,
    -21.91788731491));
#3379 = CARTESIAN_POINT('',(-69.2228065528,30.00863336098,
    -17.83315226077));
#3380 = CARTESIAN_POINT('',(-69.35204680779,29.939730977812,
    -13.75843998822));
#3381 = CARTESIAN_POINT('',(-69.40474265865,29.782225487309,
    -9.657253353739));
#3382 = CARTESIAN_POINT('',(-69.4052968906,29.780536626906,
    -9.613420037949));
#3383 = CARTESIAN_POINT('',(-69.40584200733,29.778839339712,
    -9.569598429527));
#3384 = CARTESIAN_POINT('',(-69.40637800997,29.777131768351,
    -9.525788955892));
#3385 = CARTESIAN_POINT('',(-69.40690497853,29.775413350846,
    -9.481985298345));
#3386 = CARTESIAN_POINT('',(-69.40742307191,29.773684820624,
    -9.438174392069));
#3387 = ORIENTED_EDGE('',*,*,#3256,.F.);
#3388 = ORIENTED_EDGE('',*,*,#1933,.F.);
#3389 = ( BOUNDED_SURFACE() B_SPLINE_SURFACE(2,6,(
    (#3390,#3391,#3392,#3393,#3394,#3395,#3396,#3397,#3398,#3399,#3400
      ,#3401,#3402,#3403,#3404,#3405,#3406)
    ,(#3407,#3408,#3409,#3410,#3411,#3412,#3413,#3414,#3415,#3416,#3417
      ,#3418,#3419,#3420,#3421,#3422,#3423)
    ,(#3424,#3425,#3426,#3427,#3428,#3429,#3430,#3431,#3432,#3433,#3434
      ,#3435,#3436,#3437,#3438,#3439,#3440
)),.UNSPECIFIED.,.F.,.F.,.F.) B_SPLINE_SURFACE_WITH_KNOTS((3,3),(7,5,5,7
    ),(0.,45.147708952536),(1.843873300197,21.510539913087,
    46.719213740409,46.991582252733),.UNSPECIFIED.) 
GEOMETRIC_REPRESENTATION_ITEM() RATIONAL_B_SPLINE_SURFACE((
    (1.,1.,1.,1.,1.,1.,1.,1.,1.,1.,1.,1.,1.,1.,1.,1.,1.)
    ,(0.706859613786,0.706176567929,0.705646014625,0.705263146085
      ,0.705038293611,0.704969436984,0.705171070078,0.705542425885
      ,0.706171286494,0.707054897631,0.708181031269,0.709557210999
      ,0.709572512649,0.709587993279,0.70960342954,0.709618787335
      ,0.709634221817)
    ,(1.,1.,1.,1.,1.,1.,1.,1.,1.,1.,1.,1.,1.,1.,1.,1.,1.
))) REPRESENTATION_ITEM('') SURFACE() );
#3390 = CARTESIAN_POINT('',(-59.1001036358,33.080208865637,
    -52.78249194476));
#3391 = CARTESIAN_POINT('',(-59.66927567547,33.600311830051,
    -49.69126744101));
#3392 = CARTESIAN_POINT('',(-60.19858359904,34.066259942829,
    -46.57003765082));
#3393 = CARTESIAN_POINT('',(-60.68504120486,34.475673439474,
    -43.42883908495));
#3394 = CARTESIAN_POINT('',(-61.12797401764,34.828284360912,
    -40.26872644064));
#3395 = CARTESIAN_POINT('',(-61.52597201554,35.123296436138,
    -37.09507950304));
#3396 = CARTESIAN_POINT('',(-62.33018906062,35.665025695622,
    -29.83124375606));
#3397 = CARTESIAN_POINT('',(-62.70708619063,35.874667321944,
    -25.73477243534));
#3398 = CARTESIAN_POINT('',(-63.00761345715,35.989512889708,
    -21.6318749343));
#3399 = CARTESIAN_POINT('',(-63.23107964915,36.010166754103,
    -17.52918181627));
#3400 = CARTESIAN_POINT('',(-63.37796447046,35.938986199493,
    -13.44012838535));
#3401 = CARTESIAN_POINT('',(-63.45018625617,35.776416763634,
    -9.321035613556));
#3402 = CARTESIAN_POINT('',(-63.45097084542,35.774628831413,
    -9.276006531435));
#3403 = CARTESIAN_POINT('',(-63.45175221845,35.772819262333,
    -9.230709110452));
#3404 = CARTESIAN_POINT('',(-63.4525218103,35.771003583452,
    -9.185539920897));
#3405 = CARTESIAN_POINT('',(-63.45327831316,35.769184268751,
    -9.140560609579));
#3406 = CARTESIAN_POINT('',(-63.45402767637,35.767350739135,
    -9.095497899822));
#3407 = CARTESIAN_POINT('',(-65.00034878996,33.080208994919,
    -53.89495769992));
#3408 = CARTESIAN_POINT('',(-65.59571174257,33.61352671993,
    -50.72718801991));
#3409 = CARTESIAN_POINT('',(-66.1463593997,34.088838901879,
    -47.53473239906));
#3410 = CARTESIAN_POINT('',(-66.6510278207,34.505287418481,
    -44.31970504872));
#3411 = CARTESIAN_POINT('',(-67.10819646175,34.861971989817,
    -41.08609938582));
#3412 = CARTESIAN_POINT('',(-67.51695020191,35.158531821648,
    -37.83688534307));
#3413 = CARTESIAN_POINT('',(-68.33723682874,35.69759557241,
    -30.39685240517));
#3414 = CARTESIAN_POINT('',(-68.71660064262,35.901024964142,
    -26.20377458519));
#3415 = CARTESIAN_POINT('',(-69.01333628591,36.005241245342,
    -22.00409038577));
#3416 = CARTESIAN_POINT('',(-69.22701541356,36.011244172375,
    -17.8051432248));
#3417 = CARTESIAN_POINT('',(-69.35805968145,35.920958634741,
    -13.61435105044));
#3418 = CARTESIAN_POINT('',(-69.40809276268,35.734849824222,
    -9.393030541739));
#3419 = CARTESIAN_POINT('',(-69.40861705862,35.732848621567,
    -9.347997012892));
#3420 = CARTESIAN_POINT('',(-69.40913189746,35.730835159346,
    -9.302963821349));
#3421 = CARTESIAN_POINT('',(-69.40963729039,35.728811298652,
    -9.257930154954));
#3422 = CARTESIAN_POINT('',(-69.41013323143,35.726777333407,
    -9.212895971601));
#3423 = CARTESIAN_POINT('',(-69.41061969675,35.724731993225,
    -9.167862059207));
#3424 = CARTESIAN_POINT('',(-65.17781728686,27.156545678583,
    -52.93101971642));
#3425 = CARTESIAN_POINT('',(-65.74539088162,27.663491647424,
    -49.84818682435));
#3426 = CARTESIAN_POINT('',(-66.26945147263,28.115540871936,
    -46.74819942277));
#3427 = CARTESIAN_POINT('',(-66.75176005718,28.514595306432,
    -43.6179983098));
#3428 = CARTESIAN_POINT('',(-67.18819885522,28.857292083407,
    -40.47406311727));
#3429 = CARTESIAN_POINT('',(-67.57909698421,29.144459070016,
    -37.31438622977));
#3430 = CARTESIAN_POINT('',(-68.36442375003,29.671784287526,
    -30.08271387992));
#3431 = CARTESIAN_POINT('',(-68.72892506694,29.876004791532,
    -26.00403917697));
#3432 = CARTESIAN_POINT('',(-69.0152472077,29.988008753168,
    -21.91788731491));
#3433 = CARTESIAN_POINT('',(-69.2228065528,30.00863336098,
    -17.83315226077));
#3434 = CARTESIAN_POINT('',(-69.35204680779,29.939730977812,
    -13.75843998822));
#3435 = CARTESIAN_POINT('',(-69.40474265865,29.782225487309,
    -9.657253353739));
#3436 = CARTESIAN_POINT('',(-69.4052968906,29.780536626906,
    -9.613420037949));
#3437 = CARTESIAN_POINT('',(-69.40584200733,29.778839339712,
    -9.569598429527));
#3438 = CARTESIAN_POINT('',(-69.40637800997,29.777131768351,
    -9.525788955892));
#3439 = CARTESIAN_POINT('',(-69.40690497853,29.775413350846,
    -9.481985298345));
#3440 = CARTESIAN_POINT('',(-69.40742307191,29.773684820624,
    -9.438174392069));
#3441 = ADVANCED_FACE('',(#3442),#3487,.T.);
#3442 = FACE_BOUND('',#3443,.T.);
#3443 = EDGE_LOOP('',(#3444,#3454,#3460,#3461,#3462,#3463,#3464,#3465,
    #3473));
#3444 = ORIENTED_EDGE('',*,*,#3445,.T.);
#3445 = EDGE_CURVE('',#3446,#3448,#3450,.T.);
#3446 = VERTEX_POINT('',#3447);
#3447 = CARTESIAN_POINT('',(-69.42249742653,-29.71816448078,
    -8.163459912836));
#3448 = VERTEX_POINT('',#3449);
#3449 = CARTESIAN_POINT('',(-69.5249503107,-29.31545440482,
    0.500139831839));
#3450 = LINE('',#3451,#3452);
#3451 = CARTESIAN_POINT('',(-69.41011635456,-29.76683058203,
    -9.210425577635));
#3452 = VECTOR('',#3453,1.);
#3453 = DIRECTION('',(-1.181209230586E-02,4.642962107417E-02,
    0.998851723111));
#3454 = ORIENTED_EDGE('',*,*,#3455,.F.);
#3455 = EDGE_CURVE('',#2844,#3448,#3456,.T.);
#3456 = LINE('',#3457,#3458);
#3457 = CARTESIAN_POINT('',(-69.5249503107,29.222494911778,
    0.500139831839));
#3458 = VECTOR('',#3459,1.);
#3459 = DIRECTION('',(0.,-1.,4.4E-16));
#3460 = ORIENTED_EDGE('',*,*,#2843,.F.);
#3461 = ORIENTED_EDGE('',*,*,#2096,.F.);
#3462 = ORIENTED_EDGE('',*,*,#2063,.F.);
#3463 = ORIENTED_EDGE('',*,*,#2804,.F.);
#3464 = ORIENTED_EDGE('',*,*,#3264,.F.);
#3465 = ORIENTED_EDGE('',*,*,#3466,.F.);
#3466 = EDGE_CURVE('',#3467,#3257,#3469,.T.);
#3467 = VERTEX_POINT('',#3468);
#3468 = CARTESIAN_POINT('',(-69.40742307191,-29.77368482062,
    -9.438174392069));
#3469 = LINE('',#3470,#3471);
#3470 = CARTESIAN_POINT('',(-69.40742307191,-35.58049931062,
    -9.438174392069));
#3471 = VECTOR('',#3472,1.);
#3472 = DIRECTION('',(0.,1.,-4.4E-16));
#3473 = ORIENTED_EDGE('',*,*,#3474,.T.);
#3474 = EDGE_CURVE('',#3467,#3446,#3475,.T.);
#3475 = ( BOUNDED_CURVE() B_SPLINE_CURVE(10,(#3476,#3477,#3478,#3479,
    #3480,#3481,#3482,#3483,#3484,#3485,#3486),.UNSPECIFIED.,.F.,.F.) 
B_SPLINE_CURVE_WITH_KNOTS((11,11),(46.991581992722,48.282764277812),
.PIECEWISE_BEZIER_KNOTS.) CURVE() GEOMETRIC_REPRESENTATION_ITEM() 
RATIONAL_B_SPLINE_CURVE((1.,1.,1.,1.,1.,1.,1.,1.,1.,1.,1.)) 
REPRESENTATION_ITEM('') );
#3476 = CARTESIAN_POINT('',(-69.40742307191,-29.77368482062,
    -9.438174392069));
#3477 = CARTESIAN_POINT('',(-69.40889663586,-29.7686363969,
    -9.313567179649));
#3478 = CARTESIAN_POINT('',(-69.41037528915,-29.76348622402,
    -9.188529603864));
#3479 = CARTESIAN_POINT('',(-69.41182853994,-29.75836058266,
    -9.065640109248));
#3480 = CARTESIAN_POINT('',(-69.41344039316,-29.75251875368,
    -8.929338908487));
#3481 = CARTESIAN_POINT('',(-69.41491774387,-29.74712661539,
    -8.804411481325));
#3482 = CARTESIAN_POINT('',(-69.41645040022,-29.74143695912,
    -8.674807310213));
#3483 = CARTESIAN_POINT('',(-69.41795447001,-29.73577162068,
    -8.547620469081));
#3484 = CARTESIAN_POINT('',(-69.41946831215,-29.72998814152,
    -8.419607261023));
#3485 = CARTESIAN_POINT('',(-69.42098279853,-29.72411800726,
    -8.291539575055));
#3486 = CARTESIAN_POINT('',(-69.42249742653,-29.71816448078,
    -8.163459912836));
#3487 = PLANE('',#3488);
#3488 = AXIS2_PLACEMENT_3D('',#3489,#3490,#3491);
#3489 = CARTESIAN_POINT('',(-69.34430551723,-1.89E-15,-14.77550808523));
#3490 = DIRECTION('',(-0.99993008408,0.,-1.182484464838E-02));
#3491 = DIRECTION('',(1.182484464838E-02,0.,-0.99993008408));
#3492 = ADVANCED_FACE('',(#3493),#3518,.T.);
#3493 = FACE_BOUND('',#3494,.F.);
#3494 = EDGE_LOOP('',(#3495,#3503,#3504,#3512));
#3495 = ORIENTED_EDGE('',*,*,#3496,.F.);
#3496 = EDGE_CURVE('',#2182,#3497,#3499,.T.);
#3497 = VERTEX_POINT('',#3498);
#3498 = CARTESIAN_POINT('',(-63.57367708494,-35.32490833812,
    0.502147437829));
#3499 = LINE('',#3500,#3501);
#3500 = CARTESIAN_POINT('',(-63.56452763513,-34.27862032703,
    1.501073718915));
#3501 = VECTOR('',#3502,1.);
#3502 = DIRECTION('',(-6.324789188889E-03,-0.72327311885,-0.690533122009
    ));
#3503 = ORIENTED_EDGE('',*,*,#2181,.T.);
#3504 = ORIENTED_EDGE('',*,*,#3505,.T.);
#3505 = EDGE_CURVE('',#2184,#3506,#3508,.T.);
#3506 = VERTEX_POINT('',#3507);
#3507 = CARTESIAN_POINT('',(-19.36567279448,-35.71149301867,
    0.502147437829));
#3508 = LINE('',#3509,#3510);
#3509 = CARTESIAN_POINT('',(-19.35652334467,-34.66520500757,
    1.501073718915));
#3510 = VECTOR('',#3511,1.);
#3511 = DIRECTION('',(-6.324789188889E-03,-0.72327311885,-0.690533122009
    ));
#3512 = ORIENTED_EDGE('',*,*,#3513,.F.);
#3513 = EDGE_CURVE('',#3497,#3506,#3514,.T.);
#3514 = LINE('',#3515,#3516);
#3515 = CARTESIAN_POINT('',(-63.59811324894,-35.32469465178,
    0.502147437829));
#3516 = VECTOR('',#3517,1.);
#3517 = DIRECTION('',(0.999961767512,-8.744341814506E-03,0.));
#3518 = PLANE('',#3519);
#3519 = AXIS2_PLACEMENT_3D('',#3520,#3521,#3522);
#3520 = CARTESIAN_POINT('',(-63.58896379913,-34.27840664069,
    1.501073718915));
#3521 = DIRECTION('',(-6.038257653084E-03,-0.69050672121,0.723300772437)
  );
#3522 = DIRECTION('',(-0.999961767512,8.744341814506E-03,
    5.464378949327E-17));
#3523 = ADVANCED_FACE('',(#3524),#3551,.T.);
#3524 = FACE_BOUND('',#3525,.T.);
#3525 = EDGE_LOOP('',(#3526,#3532,#3549,#3550));
#3526 = ORIENTED_EDGE('',*,*,#3527,.T.);
#3527 = EDGE_CURVE('',#2450,#3448,#3528,.T.);
#3528 = LINE('',#3529,#3530);
#3529 = CARTESIAN_POINT('',(-68.53677515535,-29.31545440482,
    1.50006991592));
#3530 = VECTOR('',#3531,1.);
#3531 = DIRECTION('',(-0.702913634578,-3.2E-16,-0.711275208569));
#3532 = ORIENTED_EDGE('',*,*,#3533,.T.);
#3533 = EDGE_CURVE('',#3448,#3497,#3534,.T.);
#3534 = B_SPLINE_CURVE_WITH_KNOTS('',7,(#3535,#3536,#3537,#3538,#3539,
    #3540,#3541,#3542,#3543,#3544,#3545,#3546,#3547,#3548),
  .UNSPECIFIED.,.F.,.F.,(8,6,8),(400.70167473579,409.99141762909,
    410.01587129283),.UNSPECIFIED.);
#3535 = CARTESIAN_POINT('',(-69.5249503107,-29.31545440482,
    0.500139831839));
#3536 = CARTESIAN_POINT('',(-69.5249503107,-30.63741473583,
    0.500139831839));
#3537 = CARTESIAN_POINT('',(-69.18552391009,-31.95439966858,
    0.499999040743));
#3538 = CARTESIAN_POINT('',(-68.5138912976,-33.17480006607,
    0.499437308451));
#3539 = CARTESIAN_POINT('',(-67.52567573523,-34.21045344762,
    0.500400878743));
#3540 = CARTESIAN_POINT('',(-66.29231685717,-34.93703393008,
    0.501407233436));
#3541 = CARTESIAN_POINT('',(-64.94478174648,-35.30738380997,
    0.501906716904));
#3542 = CARTESIAN_POINT('',(-63.59459247036,-35.32469007262,
    0.502145755992));
#3543 = CARTESIAN_POINT('',(-63.59113838414,-35.32473191713,
    0.502146355813));
#3544 = CARTESIAN_POINT('',(-63.58764400625,-35.32477198659,
    0.50214678204));
#3545 = CARTESIAN_POINT('',(-63.58414390429,-35.32480974824,
    0.502147098065));
#3546 = CARTESIAN_POINT('',(-63.58066148071,-35.32484487566,
    0.502147333161));
#3547 = CARTESIAN_POINT('',(-63.57716795597,-35.32487781158,
    0.502147437829));
#3548 = CARTESIAN_POINT('',(-63.57367708494,-35.32490833812,
    0.502147437829));
#3549 = ORIENTED_EDGE('',*,*,#3496,.F.);
#3550 = ORIENTED_EDGE('',*,*,#2457,.F.);
#3551 = B_SPLINE_SURFACE_WITH_KNOTS('',1,7,(
    (#3552,#3553,#3554,#3555,#3556,#3557,#3558,#3559,#3560,#3561,#3562
      ,#3563,#3564,#3565)
    ,(#3566,#3567,#3568,#3569,#3570,#3571,#3572,#3573,#3574,#3575,#3576
      ,#3577,#3578,#3579
    )),.UNSPECIFIED.,.F.,.F.,.F.,(2,2),(8,6,8),(0.,9.314196557045),(
    400.70167473579,409.99141762909,410.01587129283),.UNSPECIFIED.);
#3552 = CARTESIAN_POINT('',(-67.5486,-29.31545440482,2.5));
#3553 = CARTESIAN_POINT('',(-67.5486,-30.18349570887,2.5));
#3554 = CARTESIAN_POINT('',(-67.31589053509,-31.04913295587,2.5));
#3555 = CARTESIAN_POINT('',(-66.8544955117,-31.85037359156,2.5));
#3556 = CARTESIAN_POINT('',(-66.18240465293,-32.52101926816,2.5));
#3557 = CARTESIAN_POINT('',(-65.35711559075,-32.98828877958,2.5));
#3558 = CARTESIAN_POINT('',(-64.46438897062,-33.22415910425,2.5));
#3559 = CARTESIAN_POINT('',(-63.57697879034,-33.23214408901,2.5));
#3560 = CARTESIAN_POINT('',(-63.57268984403,-33.23218080966,2.5));
#3561 = CARTESIAN_POINT('',(-63.56927211873,-33.232210721,2.5));
#3562 = CARTESIAN_POINT('',(-63.56597857072,-33.23223971074,2.5));
#3563 = CARTESIAN_POINT('',(-63.5623036354,-33.23227173059,2.5));
#3564 = CARTESIAN_POINT('',(-63.55886927195,-33.23230178751,2.5));
#3565 = CARTESIAN_POINT('',(-63.55537818532,-33.23233231593,2.5));
#3566 = CARTESIAN_POINT('',(-69.5249503107,-29.31545440482,
    0.500139831839));
#3567 = CARTESIAN_POINT('',(-69.5249503107,-30.63741473583,
    0.500139831839));
#3568 = CARTESIAN_POINT('',(-69.18552391009,-31.95439966858,
    0.499999040743));
#3569 = CARTESIAN_POINT('',(-68.5138912976,-33.17480006607,
    0.499437308451));
#3570 = CARTESIAN_POINT('',(-67.52567573523,-34.21045344762,
    0.500400878743));
#3571 = CARTESIAN_POINT('',(-66.29231685717,-34.93703393008,
    0.501407233436));
#3572 = CARTESIAN_POINT('',(-64.94478174648,-35.30738380997,
    0.501906716904));
#3573 = CARTESIAN_POINT('',(-63.59459247036,-35.32469007262,
    0.502145755992));
#3574 = CARTESIAN_POINT('',(-63.59113838414,-35.32473191713,
    0.502146355813));
#3575 = CARTESIAN_POINT('',(-63.58764400625,-35.32477198659,
    0.50214678204));
#3576 = CARTESIAN_POINT('',(-63.58414390429,-35.32480974824,
    0.502147098065));
#3577 = CARTESIAN_POINT('',(-63.58066148071,-35.32484487566,
    0.502147333161));
#3578 = CARTESIAN_POINT('',(-63.57716795597,-35.32487781158,
    0.502147437829));
#3579 = CARTESIAN_POINT('',(-63.57367708494,-35.32490833812,
    0.502147437829));
#3580 = ADVANCED_FACE('',(#3581),#3624,.T.);
#3581 = FACE_BOUND('',#3582,.T.);
#3582 = EDGE_LOOP('',(#3583,#3584,#3618,#3623));
#3583 = ORIENTED_EDGE('',*,*,#3505,.T.);
#3584 = ORIENTED_EDGE('',*,*,#3585,.T.);
#3585 = EDGE_CURVE('',#3506,#3586,#3588,.T.);
#3586 = VERTEX_POINT('',#3587);
#3587 = CARTESIAN_POINT('',(63.862527303502,-35.88268238876,
    0.500000399039));
#3588 = B_SPLINE_CURVE_WITH_KNOTS('',10,(#3589,#3590,#3591,#3592,#3593,
    #3594,#3595,#3596,#3597,#3598,#3599,#3600,#3601,#3602,#3603,#3604,
    #3605,#3606,#3607,#3608,#3609,#3610,#3611,#3612,#3613,#3614,#3615,
    #3616,#3617),.UNSPECIFIED.,.F.,.F.,(11,9,9,11),(44.234131635357,
    54.879241151027,127.0459887149,127.78983725388),.UNSPECIFIED.);
#3589 = CARTESIAN_POINT('',(-19.36567279448,-35.71149301867,
    0.502147437829));
#3590 = CARTESIAN_POINT('',(-18.30614256574,-35.72075826738,
    0.502147437829));
#3591 = CARTESIAN_POINT('',(-17.24660797363,-35.72982310435,
    0.502138497462));
#3592 = CARTESIAN_POINT('',(-16.18707731699,-35.73868751525,
    0.502119487821));
#3593 = CARTESIAN_POINT('',(-15.1275448334,-35.74735150495,
    0.502091288238));
#3594 = CARTESIAN_POINT('',(-14.06800540491,-35.75581507174,
    0.502054796829));
#3595 = CARTESIAN_POINT('',(-13.00846145853,-35.76407819636,
    0.502009986132));
#3596 = CARTESIAN_POINT('',(-11.94892206093,-35.77214084545,
    0.501956003848));
#3597 = CARTESIAN_POINT('',(-10.88939420789,-35.78000298981,
    0.501892318665));
#3598 = CARTESIAN_POINT('',(-9.829866308124,-35.78766463716,
    0.501820911185));
#3599 = CARTESIAN_POINT('',(-1.58702108475,-35.84570813056,
    0.501265457109));
#3600 = CARTESIAN_POINT('',(5.598732367002,-35.88709742893,
    0.501629543728));
#3601 = CARTESIAN_POINT('',(12.783107374489,-35.91910722438,
    0.495930598821));
#3602 = CARTESIAN_POINT('',(19.981477201755,-35.94246716655,
    0.512604966123));
#3603 = CARTESIAN_POINT('',(27.152087781235,-35.95534924529,
    0.478610893581));
#3604 = CARTESIAN_POINT('',(34.370905889529,-35.96090766051,
    0.525115107452));
#3605 = CARTESIAN_POINT('',(41.532343805906,-35.95524434412,
    0.479536721284));
#3606 = CARTESIAN_POINT('',(48.743518347144,-35.94172440383,
    0.508578203685));
#3607 = CARTESIAN_POINT('',(55.910002927884,-35.91863460741,
    0.503008283796));
#3608 = CARTESIAN_POINT('',(63.192024333335,-35.88575691448,
    0.500348604505));
#3609 = CARTESIAN_POINT('',(63.266171504741,-35.88542116931,
    0.500322015006));
#3610 = CARTESIAN_POINT('',(63.340266146054,-35.88508452935,
    0.500289190878));
#3611 = CARTESIAN_POINT('',(63.414383144448,-35.88474657362,
    0.500246717908));
#3612 = CARTESIAN_POINT('',(63.488584843914,-35.88440701123,
    0.50019448393));
#3613 = CARTESIAN_POINT('',(63.562924961557,-35.88406566412,
    0.500135588126));
#3614 = CARTESIAN_POINT('',(63.637450908676,-35.88372245635,
    0.500076223067));
#3615 = CARTESIAN_POINT('',(63.712204515438,-35.88337740943,
    0.500025529522));
#3616 = CARTESIAN_POINT('',(63.787221160341,-35.88303064418,
    0.499995423996));
#3617 = CARTESIAN_POINT('',(63.862527303502,-35.88268238876,
    0.500000399039));
#3618 = ORIENTED_EDGE('',*,*,#3619,.F.);
#3619 = EDGE_CURVE('',#2192,#3586,#3620,.T.);
#3620 = B_SPLINE_CURVE_WITH_KNOTS('',1,(#3621,#3622),.UNSPECIFIED.,.F.,
  .F.,(2,2),(0.,83.555705618528),.PIECEWISE_BEZIER_KNOTS.);
#3621 = CARTESIAN_POINT('',(63.644030768124,-33.89338240556,2.5));
#3622 = CARTESIAN_POINT('',(63.862527303502,-35.88268238876,
    0.500000399039));
#3623 = ORIENTED_EDGE('',*,*,#2191,.F.);
#3624 = B_SPLINE_SURFACE_WITH_KNOTS('',1,10,(
    (#3625,#3626,#3627,#3628,#3629,#3630,#3631,#3632,#3633,#3634,#3635
      ,#3636,#3637,#3638,#3639,#3640,#3641,#3642,#3643,#3644,#3645,#3646
      ,#3647,#3648,#3649,#3650,#3651,#3652,#3653)
    ,(#3654,#3655,#3656,#3657,#3658,#3659,#3660,#3661,#3662,#3663,#3664
      ,#3665,#3666,#3667,#3668,#3669,#3670,#3671,#3672,#3673,#3674,#3675
      ,#3676,#3677,#3678,#3679,#3680,#3681,#3682
  )),.UNSPECIFIED.,.F.,.F.,.F.,(2,2),(11,9,9,11),(0.,83.555705618528),(
    44.234131635357,54.879241151027,127.0459887149,127.78983725388),
  .UNSPECIFIED.);
#3625 = CARTESIAN_POINT('',(-19.34737389486,-33.61891699648,2.5));
#3626 = CARTESIAN_POINT('',(-18.28784366612,-33.62818224519,2.5));
#3627 = CARTESIAN_POINT('',(-17.22832077051,-33.63743817898,2.5));
#3628 = CARTESIAN_POINT('',(-16.16878093273,-33.64671421475,
    2.499999999999));
#3629 = CARTESIAN_POINT('',(-15.10924343674,-33.65599040196,
    2.500000000001));
#3630 = CARTESIAN_POINT('',(-14.04972158702,-33.6652482931,
    2.499999999999));
#3631 = CARTESIAN_POINT('',(-12.99020224226,-33.67449531596,
    2.500000000001));
#3632 = CARTESIAN_POINT('',(-11.93065442125,-33.68376264692,2.5));
#3633 = CARTESIAN_POINT('',(-10.8710669812,-33.69307658609,2.5));
#3634 = CARTESIAN_POINT('',(-9.811515368312,-33.70240343354,2.5));
#3635 = CARTESIAN_POINT('',(-1.571194685897,-33.77369661951,2.5));
#3636 = CARTESIAN_POINT('',(5.611586610161,-33.82784819076,2.5));
#3637 = CARTESIAN_POINT('',(12.796274749965,-33.8720317927,
    2.500000000001));
#3638 = CARTESIAN_POINT('',(19.983150568826,-33.90829321169,
    2.499999999999));
#3639 = CARTESIAN_POINT('',(27.169973756912,-33.93191127693,
    2.500000000001));
#3640 = CARTESIAN_POINT('',(34.35963908889,-33.95213019282,2.5));
#3641 = CARTESIAN_POINT('',(41.549972065363,-33.95567933226,2.5));
#3642 = CARTESIAN_POINT('',(48.747404011085,-33.99047885087,2.5));
#3643 = CARTESIAN_POINT('',(55.933945600782,-34.09213461081,2.5));
#3644 = CARTESIAN_POINT('',(63.145504103633,-33.92367471787,2.5));
#3645 = CARTESIAN_POINT('',(63.211224685643,-33.92209854675,2.5));
#3646 = CARTESIAN_POINT('',(63.271600383794,-33.92029793781,2.5));
#3647 = CARTESIAN_POINT('',(63.328442381579,-33.91809645677,
    2.499999999999));
#3648 = CARTESIAN_POINT('',(63.383024401173,-33.91541727781,
    2.500000000001));
#3649 = CARTESIAN_POINT('',(63.436218175679,-33.91221941433,
    2.499999999999));
#3650 = CARTESIAN_POINT('',(63.488604736134,-33.90846106528,2.5));
#3651 = CARTESIAN_POINT('',(63.540561513985,-33.90409007795,2.5));
#3652 = CARTESIAN_POINT('',(63.59232525826,-33.89906152629,2.5));
#3653 = CARTESIAN_POINT('',(63.644030768124,-33.89338240556,2.5));
#3654 = CARTESIAN_POINT('',(-19.36567279448,-35.71149301867,
    0.502147437829));
#3655 = CARTESIAN_POINT('',(-18.30614256574,-35.72075826738,
    0.502147437829));
#3656 = CARTESIAN_POINT('',(-17.24660797363,-35.72982310435,
    0.502138497462));
#3657 = CARTESIAN_POINT('',(-16.18707731699,-35.73868751525,
    0.502119487821));
#3658 = CARTESIAN_POINT('',(-15.1275448334,-35.74735150495,
    0.502091288238));
#3659 = CARTESIAN_POINT('',(-14.06800540491,-35.75581507174,
    0.502054796829));
#3660 = CARTESIAN_POINT('',(-13.00846145853,-35.76407819636,
    0.502009986132));
#3661 = CARTESIAN_POINT('',(-11.94892206093,-35.77214084545,
    0.501956003848));
#3662 = CARTESIAN_POINT('',(-10.88939420789,-35.78000298981,
    0.501892318665));
#3663 = CARTESIAN_POINT('',(-9.829866308124,-35.78766463716,
    0.501820911185));
#3664 = CARTESIAN_POINT('',(-1.58702108475,-35.84570813056,
    0.501265457109));
#3665 = CARTESIAN_POINT('',(5.598732367002,-35.88709742893,
    0.501629543728));
#3666 = CARTESIAN_POINT('',(12.783107374489,-35.91910722438,
    0.495930598821));
#3667 = CARTESIAN_POINT('',(19.981477201755,-35.94246716655,
    0.512604966123));
#3668 = CARTESIAN_POINT('',(27.152087781235,-35.95534924529,
    0.478610893581));
#3669 = CARTESIAN_POINT('',(34.370905889529,-35.96090766051,
    0.525115107452));
#3670 = CARTESIAN_POINT('',(41.532343805906,-35.95524434412,
    0.479536721284));
#3671 = CARTESIAN_POINT('',(48.743518347144,-35.94172440383,
    0.508578203685));
#3672 = CARTESIAN_POINT('',(55.910002927884,-35.91863460741,
    0.503008283796));
#3673 = CARTESIAN_POINT('',(63.192024333335,-35.88575691448,
    0.500348604505));
#3674 = CARTESIAN_POINT('',(63.266171504741,-35.88542116931,
    0.500322015006));
#3675 = CARTESIAN_POINT('',(63.340266146054,-35.88508452935,
    0.500289190878));
#3676 = CARTESIAN_POINT('',(63.414383144448,-35.88474657362,
    0.500246717908));
#3677 = CARTESIAN_POINT('',(63.488584843914,-35.88440701123,
    0.50019448393));
#3678 = CARTESIAN_POINT('',(63.562924961557,-35.88406566412,
    0.500135588126));
#3679 = CARTESIAN_POINT('',(63.637450908676,-35.88372245635,
    0.500076223067));
#3680 = CARTESIAN_POINT('',(63.712204515438,-35.88337740943,
    0.500025529522));
#3681 = CARTESIAN_POINT('',(63.787221160341,-35.88303064418,
    0.499995423996));
#3682 = CARTESIAN_POINT('',(63.862527303502,-35.88268238876,
    0.500000399039));
#3683 = ADVANCED_FACE('',(#3684),#3694,.T.);
#3684 = FACE_BOUND('',#3685,.F.);
#3685 = EDGE_LOOP('',(#3686,#3691,#3692,#3693));
#3686 = ORIENTED_EDGE('',*,*,#3687,.F.);
#3687 = EDGE_CURVE('',#2431,#2844,#3688,.T.);
#3688 = B_SPLINE_CURVE_WITH_KNOTS('',1,(#3689,#3690),.UNSPECIFIED.,.F.,
  .F.,(2,2),(0.,9.314196557033),.PIECEWISE_BEZIER_KNOTS.);
#3689 = CARTESIAN_POINT('',(-67.5486,29.315454404824,2.5));
#3690 = CARTESIAN_POINT('',(-69.5249503107,29.315454404824,
    0.500139831839));
#3691 = ORIENTED_EDGE('',*,*,#2449,.T.);
#3692 = ORIENTED_EDGE('',*,*,#3527,.T.);
#3693 = ORIENTED_EDGE('',*,*,#3455,.F.);
#3694 = PLANE('',#3695);
#3695 = AXIS2_PLACEMENT_3D('',#3696,#3697,#3698);
#3696 = CARTESIAN_POINT('',(-68.53677515535,29.222494911778,
    1.50006991592));
#3697 = DIRECTION('',(-0.711275208569,2.6E-16,0.702913634578));
#3698 = DIRECTION('',(-3.98176161157E-17,1.,-4.101802398248E-16));
#3699 = ADVANCED_FACE('',(#3700),#3786,.T.);
#3700 = FACE_BOUND('',#3701,.T.);
#3701 = EDGE_LOOP('',(#3702,#3703,#3780,#3785));
#3702 = ORIENTED_EDGE('',*,*,#3619,.T.);
#3703 = ORIENTED_EDGE('',*,*,#3704,.T.);
#3704 = EDGE_CURVE('',#3586,#3705,#3707,.T.);
#3705 = VERTEX_POINT('',#3706);
#3706 = CARTESIAN_POINT('',(70.254815899862,-29.81626404647,
    0.628834827499));
#3707 = B_SPLINE_CURVE_WITH_KNOTS('',11,(#3708,#3709,#3710,#3711,#3712,
    #3713,#3714,#3715,#3716,#3717,#3718,#3719,#3720,#3721,#3722,#3723,
    #3724,#3725,#3726,#3727,#3728,#3729,#3730,#3731,#3732,#3733,#3734,
    #3735,#3736,#3737,#3738,#3739,#3740,#3741,#3742,#3743,#3744,#3745,
    #3746,#3747,#3748,#3749,#3750,#3751,#3752,#3753,#3754,#3755,#3756,
    #3757,#3758,#3759,#3760,#3761,#3762,#3763,#3764,#3765,#3766,#3767,
    #3768,#3769,#3770,#3771,#3772,#3773,#3774,#3775,#3776,#3777,#3778,
    #3779),.UNSPECIFIED.,.F.,.F.,(12,10,10,10,10,10,10,12),(
    127.7898372606,131.81026984053,133.23757198151,135.6648662555,
    136.11955086958,136.34689317662,136.51440163604,136.57423548366),
  .UNSPECIFIED.);
#3708 = CARTESIAN_POINT('',(63.862527310273,-35.88268238842,
    0.500000399039));
#3709 = CARTESIAN_POINT('',(64.232547984324,-35.88097121773,
    0.500024844183));
#3710 = CARTESIAN_POINT('',(64.607103936544,-35.85720016782,
    0.500870561987));
#3711 = CARTESIAN_POINT('',(64.984822160073,-35.81038036555,
    0.502662057889));
#3712 = CARTESIAN_POINT('',(65.361832851657,-35.73987603331,
    0.505343843533));
#3713 = CARTESIAN_POINT('',(65.740468694201,-35.64487277019,
    0.508872368963));
#3714 = CARTESIAN_POINT('',(66.1136207531,-35.52484500965,0.513370592281
    ));
#3715 = CARTESIAN_POINT('',(66.483950180885,-35.3793156257,
    0.518605887034));
#3716 = CARTESIAN_POINT('',(66.845912386469,-35.20797726502,
    0.524661901567));
#3717 = CARTESIAN_POINT('',(67.198741700033,-35.0107838933,
    0.531364324982));
#3718 = CARTESIAN_POINT('',(67.539303111339,-34.78789969675,
    0.538626976908));
#3719 = CARTESIAN_POINT('',(67.980693785072,-34.45182090724,
    0.54902293324));
#3720 = CARTESIAN_POINT('',(68.09447163453,-34.36060038981,
    0.551798508954));
#3721 = CARTESIAN_POINT('',(68.206260082177,-34.26623481827,
    0.554619406296));
#3722 = CARTESIAN_POINT('',(68.315935679111,-34.16875415305,
    0.557478781794));
#3723 = CARTESIAN_POINT('',(68.423374776219,-34.06819522625,
    0.560369470346));
#3724 = CARTESIAN_POINT('',(68.528453522368,-33.96460174086,
    0.563283985211));
#3725 = CARTESIAN_POINT('',(68.631047866928,-33.85802427184,
    0.566214518024));
#3726 = CARTESIAN_POINT('',(68.731033556959,-33.74852026493,
    0.569152938776));
#3727 = CARTESIAN_POINT('',(68.828286139741,-33.63615403774,
    0.572090795836));
#3728 = CARTESIAN_POINT('',(68.922680960945,-33.52099677891,
    0.575019315932));
#3729 = CARTESIAN_POINT('',(69.169550314337,-33.20267443214,
    0.582878349661));
#3730 = CARTESIAN_POINT('',(69.316390682763,-32.99437958747,
    0.587774248193));
#3731 = CARTESIAN_POINT('',(69.454012480241,-32.77862584878,
    0.592573985773));
#3732 = CARTESIAN_POINT('',(69.581821323845,-32.55588823396,
    0.597231452301));
#3733 = CARTESIAN_POINT('',(69.699247242368,-32.32671974643,
    0.601699848235));
#3734 = CARTESIAN_POINT('',(69.805760435625,-32.091742108,0.605933377119
    ));
#3735 = CARTESIAN_POINT('',(69.900885788154,-31.85164042304,
    0.609888323947));
#3736 = CARTESIAN_POINT('',(69.984216139088,-31.60716177375,
    0.613523519377));
#3737 = CARTESIAN_POINT('',(70.055424305846,-31.35911774683,
    0.616800189787));
#3738 = CARTESIAN_POINT('',(70.114273864023,-31.1083908911,
    0.619681193177));
#3739 = CARTESIAN_POINT('',(70.169311939594,-30.8086565617,
    0.622588288032));
#3740 = CARTESIAN_POINT('',(70.177557209704,-30.76130748156,
    0.623031617585));
#3741 = CARTESIAN_POINT('',(70.185363036398,-30.71390383174,
    0.62345961637));
#3742 = CARTESIAN_POINT('',(70.192728584907,-30.66645302583,
    0.62387200857));
#3743 = CARTESIAN_POINT('',(70.199653540505,-30.61896236931,
    0.624268391553));
#3744 = CARTESIAN_POINT('',(70.206138005772,-30.57143750272,
    0.624648371641));
#3745 = CARTESIAN_POINT('',(70.212182400606,-30.52388084584,
    0.625011699935));
#3746 = CARTESIAN_POINT('',(70.217787359203,-30.4762900407,
    0.625358408069));
#3747 = CARTESIAN_POINT('',(70.222953629748,-30.42865639574,
    0.625688944026));
#3748 = CARTESIAN_POINT('',(70.227681972137,-30.38096332906,
    0.626004307915));
#3749 = CARTESIAN_POINT('',(70.234118599209,-30.30929555378,
    0.626457127692));
#3750 = CARTESIAN_POINT('',(70.236154615048,-30.2853850031,
    0.626604754599));
#3751 = CARTESIAN_POINT('',(70.238081166796,-30.26145219589,
    0.626749206413));
#3752 = CARTESIAN_POINT('',(70.239898087477,-30.23749496433,
    0.626890747267));
#3753 = CARTESIAN_POINT('',(70.241605020602,-30.21351115191,
    0.627029715027));
#3754 = CARTESIAN_POINT('',(70.243201459344,-30.1894998272,0.6271664688)
  );
#3755 = CARTESIAN_POINT('',(70.244686786777,-30.16546249903,
    0.627301336464));
#3756 = CARTESIAN_POINT('',(70.246060314876,-30.14140433013,
    0.627434562173));
#3757 = CARTESIAN_POINT('',(70.247321324668,-30.1173353522,
    0.627566253882));
#3758 = CARTESIAN_POINT('',(70.248469105516,-30.09327167986,
    0.627696330863));
#3759 = CARTESIAN_POINT('',(70.250264776712,-30.05152749093,
    0.62791888653));
#3760 = CARTESIAN_POINT('',(70.250964745153,-30.03383404913,
    0.628012216334));
#3761 = CARTESIAN_POINT('',(70.251602791509,-30.01616680669,
    0.628104298409));
#3762 = CARTESIAN_POINT('',(70.252178816466,-29.99853841571,
    0.62819485561));
#3763 = CARTESIAN_POINT('',(70.252692837949,-29.98096462013,
    0.628283460379));
#3764 = CARTESIAN_POINT('',(70.253145097408,-29.96346510147,
    0.62836949923));
#3765 = CARTESIAN_POINT('',(70.253536168463,-29.94606432587,
    0.628452137261));
#3766 = CARTESIAN_POINT('',(70.253867062596,-29.92879238939,
    0.628530282638));
#3767 = CARTESIAN_POINT('',(70.254139337852,-29.91168586519,
    0.628602551102));
#3768 = CARTESIAN_POINT('',(70.254355205028,-29.89478864905,
    0.628667230459));
#3769 = CARTESIAN_POINT('',(70.2545756556,-29.87221050025,0.628741896253
    ));
#3770 = CARTESIAN_POINT('',(70.254627185432,-29.86628162849,
    0.628760361633));
#3771 = CARTESIAN_POINT('',(70.254670902582,-29.86045097347,
    0.628777386936));
#3772 = CARTESIAN_POINT('',(70.254707338273,-29.85481464508,
    0.628792325271));
#3773 = CARTESIAN_POINT('',(70.254737689339,-29.84935949626,
    0.628804801322));
#3774 = CARTESIAN_POINT('',(70.254763016424,-29.84397394644,
    0.628814856034));
#3775 = CARTESIAN_POINT('',(70.254783812366,-29.83852963788,
    0.628822772767));
#3776 = CARTESIAN_POINT('',(70.254799915682,-29.83297334819,
    0.628828785797));
#3777 = CARTESIAN_POINT('',(70.254810755112,-29.8273685849,
    0.628832872131));
#3778 = CARTESIAN_POINT('',(70.254815899859,-29.82182628521,
    0.628834827499));
#3779 = CARTESIAN_POINT('',(70.254815899862,-29.81626404647,
    0.628834827499));
#3780 = ORIENTED_EDGE('',*,*,#3781,.F.);
#3781 = EDGE_CURVE('',#2226,#3705,#3782,.T.);
#3782 = B_SPLINE_CURVE_WITH_KNOTS('',1,(#3783,#3784),.UNSPECIFIED.,.F.,
  .F.,(2,2),(0.,8.784398223054),.PIECEWISE_BEZIER_KNOTS.);
#3783 = CARTESIAN_POINT('',(67.5486,-29.81626404647,2.5));
#3784 = CARTESIAN_POINT('',(70.254815899862,-29.81626404647,
    0.628834827499));
#3785 = ORIENTED_EDGE('',*,*,#2225,.F.);
#3786 = B_SPLINE_SURFACE_WITH_KNOTS('',1,11,(
    (#3787,#3788,#3789,#3790,#3791,#3792,#3793,#3794,#3795,#3796,#3797
      ,#3798,#3799,#3800,#3801,#3802,#3803,#3804,#3805,#3806,#3807,#3808
      ,#3809,#3810,#3811,#3812,#3813,#3814,#3815,#3816,#3817,#3818,#3819
      ,#3820,#3821,#3822,#3823,#3824,#3825,#3826,#3827,#3828,#3829,#3830
      ,#3831,#3832,#3833,#3834,#3835,#3836,#3837,#3838,#3839,#3840,#3841
      ,#3842,#3843,#3844,#3845,#3846,#3847,#3848,#3849,#3850,#3851,#3852
      ,#3853,#3854,#3855,#3856,#3857,#3858)
    ,(#3859,#3860,#3861,#3862,#3863,#3864,#3865,#3866,#3867,#3868,#3869
      ,#3870,#3871,#3872,#3873,#3874,#3875,#3876,#3877,#3878,#3879,#3880
      ,#3881,#3882,#3883,#3884,#3885,#3886,#3887,#3888,#3889,#3890,#3891
      ,#3892,#3893,#3894,#3895,#3896,#3897,#3898,#3899,#3900,#3901,#3902
      ,#3903,#3904,#3905,#3906,#3907,#3908,#3909,#3910,#3911,#3912,#3913
      ,#3914,#3915,#3916,#3917,#3918,#3919,#3920,#3921,#3922,#3923,#3924
      ,#3925,#3926,#3927,#3928,#3929,#3930
    )),.UNSPECIFIED.,.F.,.F.,.F.,(2,2),(12,10,10,10,10,10,10,12),(0.,
    8.784398223054),(127.7898372606,131.81026984053,133.23757198151,
    135.6648662555,136.11955086958,136.34689317662,136.51440163604,
    136.57423548366),.UNSPECIFIED.);
#3787 = CARTESIAN_POINT('',(63.644030772796,-33.89338240505,2.5));
#3788 = CARTESIAN_POINT('',(63.898088500339,-33.86547774801,2.5));
#3789 = CARTESIAN_POINT('',(64.150638285298,-33.82189992713,2.5));
#3790 = CARTESIAN_POINT('',(64.418755145593,-33.75999667136,
    2.499999999999));
#3791 = CARTESIAN_POINT('',(64.658747552421,-33.68535450298,
    2.500000000001));
#3792 = CARTESIAN_POINT('',(64.917619320047,-33.59394949705,
    2.499999999999));
#3793 = CARTESIAN_POINT('',(65.154157988813,-33.48670295422,
    2.500000000001));
#3794 = CARTESIAN_POINT('',(65.392283097245,-33.36577822825,
    2.499999999999));
#3795 = CARTESIAN_POINT('',(65.618274183409,-33.22931761107,
    2.500000000001));
#3796 = CARTESIAN_POINT('',(65.835303441409,-33.07953822906,2.5));
#3797 = CARTESIAN_POINT('',(66.041016726252,-32.9164618944,2.5));
#3798 = CARTESIAN_POINT('',(66.303026934476,-32.67892950107,2.5));
#3799 = CARTESIAN_POINT('',(66.37011609319,-32.61515276375,2.5));
#3800 = CARTESIAN_POINT('',(66.435592623353,-32.54987331989,
    2.500000000001));
#3801 = CARTESIAN_POINT('',(66.499403084067,-32.48313388335,
    2.499999999998));
#3802 = CARTESIAN_POINT('',(66.561495916643,-32.41497914851,
    2.500000000002));
#3803 = CARTESIAN_POINT('',(66.621821443016,-32.34545578974,
    2.499999999998));
#3804 = CARTESIAN_POINT('',(66.68033186794,-32.27461246209,
    2.500000000002));
#3805 = CARTESIAN_POINT('',(66.736981276553,-32.2024998006,
    2.499999999999));
#3806 = CARTESIAN_POINT('',(66.791725636556,-32.12917042084,2.5));
#3807 = CARTESIAN_POINT('',(66.844522796644,-32.05467891858,2.5));
#3808 = CARTESIAN_POINT('',(66.981740310873,-31.85052024445,2.5));
#3809 = CARTESIAN_POINT('',(67.062404910105,-31.71875083305,2.5));
#3810 = CARTESIAN_POINT('',(67.137127724708,-31.58406737047,2.5));
#3811 = CARTESIAN_POINT('',(67.205726931958,-31.44676755447,2.5));
#3812 = CARTESIAN_POINT('',(67.268043080181,-31.3071634401,2.5));
#3813 = CARTESIAN_POINT('',(67.323943852968,-31.16558401077,2.5));
#3814 = CARTESIAN_POINT('',(67.373327965004,-31.02236992611,2.5));
#3815 = CARTESIAN_POINT('',(67.41612818869,-30.87786044678,2.5));
#3816 = CARTESIAN_POINT('',(67.452313512327,-30.73237253601,2.5));
#3817 = CARTESIAN_POINT('',(67.481890429164,-30.58617213806,2.5));
#3818 = CARTESIAN_POINT('',(67.509214176282,-30.41195109323,2.5));
#3819 = CARTESIAN_POINT('',(67.513294372589,-30.38444566052,
    2.499999999999));
#3820 = CARTESIAN_POINT('',(67.517144865315,-30.35692332604,
    2.500000000001));
#3821 = CARTESIAN_POINT('',(67.520766403164,-30.32938176497,
    2.499999999998));
#3822 = CARTESIAN_POINT('',(67.524159334846,-30.30181891988,
    2.500000000003));
#3823 = CARTESIAN_POINT('',(67.527323376311,-30.27423758256,
    2.499999999997));
#3824 = CARTESIAN_POINT('',(67.530257381641,-30.24664997745,
    2.500000000002));
#3825 = CARTESIAN_POINT('',(67.532959109602,-30.21908234322,
    2.499999999999));
#3826 = CARTESIAN_POINT('',(67.535424994458,-30.19157951612,2.5));
#3827 = CARTESIAN_POINT('',(67.537649913301,-30.16420951195,2.5));
#3828 = CARTESIAN_POINT('',(67.540615476961,-30.12349740734,2.5));
#3829 = CARTESIAN_POINT('',(67.541542369508,-30.10998364943,2.5));
#3830 = CARTESIAN_POINT('',(67.542406977034,-30.09653222809,
    2.500000000001));
#3831 = CARTESIAN_POINT('',(67.543208858635,-30.0831520201,
    2.499999999999));
#3832 = CARTESIAN_POINT('',(67.543947829158,-30.06985188867,
    2.500000000001));
#3833 = CARTESIAN_POINT('',(67.544623997021,-30.05663718526,
    2.499999999999));
#3834 = CARTESIAN_POINT('',(67.54523780579,-30.04350625258,
    2.500000000001));
#3835 = CARTESIAN_POINT('',(67.54579007115,-30.0304469261,2.5));
#3836 = CARTESIAN_POINT('',(67.546282022501,-30.01743303712,2.5));
#3837 = CARTESIAN_POINT('',(67.546715340749,-30.00442091449,2.5));
#3838 = CARTESIAN_POINT('',(67.547369871923,-29.98171205496,2.5));
#3839 = CARTESIAN_POINT('',(67.547616641096,-29.97204354061,2.5));
#3840 = CARTESIAN_POINT('',(67.547833669244,-29.96231141315,
    2.500000000001));
#3841 = CARTESIAN_POINT('',(67.548021834892,-29.95248036385,
    2.499999999998));
#3842 = CARTESIAN_POINT('',(67.548181854726,-29.94250625097,
    2.500000000002));
#3843 = CARTESIAN_POINT('',(67.548314405316,-29.93233364367,
    2.499999999998));
#3844 = CARTESIAN_POINT('',(67.54842024641,-29.92189336703,
    2.500000000002));
#3845 = CARTESIAN_POINT('',(67.548500342223,-29.91110004571,
    2.499999999999));
#3846 = CARTESIAN_POINT('',(67.548555984808,-29.899849649,2.5));
#3847 = CARTESIAN_POINT('',(67.548588915657,-29.88801703468,2.5));
#3848 = CARTESIAN_POINT('',(67.548605925272,-29.87096580995,2.5));
#3849 = CARTESIAN_POINT('',(67.548608121427,-29.86644119147,2.5));
#3850 = CARTESIAN_POINT('',(67.548607200514,-29.8616397392,
    2.500000000001));
#3851 = CARTESIAN_POINT('',(67.548604495677,-29.85628854828,
    2.499999999999));
#3852 = CARTESIAN_POINT('',(67.548601727114,-29.85042411312,
    2.500000000002));
#3853 = CARTESIAN_POINT('',(67.548600025331,-29.84436206859,
    2.499999999998));
#3854 = CARTESIAN_POINT('',(67.548599606266,-29.83846596979,
    2.500000000001));
#3855 = CARTESIAN_POINT('',(67.548599930727,-29.83288680702,
    2.499999999999));
#3856 = CARTESIAN_POINT('',(67.548600197155,-29.82744495965,2.5));
#3857 = CARTESIAN_POINT('',(67.548599999997,-29.8218262852,2.5));
#3858 = CARTESIAN_POINT('',(67.5486,-29.81626404647,2.5));
#3859 = CARTESIAN_POINT('',(63.862527310273,-35.88268238842,
    0.500000399039));
#3860 = CARTESIAN_POINT('',(64.232547984324,-35.88097121773,
    0.500024844183));
#3861 = CARTESIAN_POINT('',(64.607103936544,-35.85720016782,
    0.500870561987));
#3862 = CARTESIAN_POINT('',(64.984822160073,-35.81038036555,
    0.502662057889));
#3863 = CARTESIAN_POINT('',(65.361832851657,-35.73987603331,
    0.505343843533));
#3864 = CARTESIAN_POINT('',(65.740468694201,-35.64487277019,
    0.508872368963));
#3865 = CARTESIAN_POINT('',(66.1136207531,-35.52484500965,0.513370592281
    ));
#3866 = CARTESIAN_POINT('',(66.483950180885,-35.3793156257,
    0.518605887034));
#3867 = CARTESIAN_POINT('',(66.845912386469,-35.20797726502,
    0.524661901567));
#3868 = CARTESIAN_POINT('',(67.198741700033,-35.0107838933,
    0.531364324982));
#3869 = CARTESIAN_POINT('',(67.539303111339,-34.78789969675,
    0.538626976908));
#3870 = CARTESIAN_POINT('',(67.980693785072,-34.45182090724,
    0.54902293324));
#3871 = CARTESIAN_POINT('',(68.09447163453,-34.36060038981,
    0.551798508954));
#3872 = CARTESIAN_POINT('',(68.206260082177,-34.26623481827,
    0.554619406296));
#3873 = CARTESIAN_POINT('',(68.315935679111,-34.16875415305,
    0.557478781794));
#3874 = CARTESIAN_POINT('',(68.423374776219,-34.06819522625,
    0.560369470346));
#3875 = CARTESIAN_POINT('',(68.528453522368,-33.96460174086,
    0.563283985211));
#3876 = CARTESIAN_POINT('',(68.631047866928,-33.85802427184,
    0.566214518024));
#3877 = CARTESIAN_POINT('',(68.731033556959,-33.74852026493,
    0.569152938776));
#3878 = CARTESIAN_POINT('',(68.828286139741,-33.63615403774,
    0.572090795836));
#3879 = CARTESIAN_POINT('',(68.922680960945,-33.52099677891,
    0.575019315932));
#3880 = CARTESIAN_POINT('',(69.169550314337,-33.20267443214,
    0.582878349661));
#3881 = CARTESIAN_POINT('',(69.316390682763,-32.99437958747,
    0.587774248193));
#3882 = CARTESIAN_POINT('',(69.454012480241,-32.77862584878,
    0.592573985773));
#3883 = CARTESIAN_POINT('',(69.581821323845,-32.55588823396,
    0.597231452301));
#3884 = CARTESIAN_POINT('',(69.699247242368,-32.32671974643,
    0.601699848235));
#3885 = CARTESIAN_POINT('',(69.805760435625,-32.091742108,0.605933377119
    ));
#3886 = CARTESIAN_POINT('',(69.900885788154,-31.85164042304,
    0.609888323947));
#3887 = CARTESIAN_POINT('',(69.984216139088,-31.60716177375,
    0.613523519377));
#3888 = CARTESIAN_POINT('',(70.055424305846,-31.35911774683,
    0.616800189787));
#3889 = CARTESIAN_POINT('',(70.114273864023,-31.1083908911,
    0.619681193177));
#3890 = CARTESIAN_POINT('',(70.169311939594,-30.8086565617,
    0.622588288032));
#3891 = CARTESIAN_POINT('',(70.177557209704,-30.76130748156,
    0.623031617585));
#3892 = CARTESIAN_POINT('',(70.185363036398,-30.71390383174,
    0.62345961637));
#3893 = CARTESIAN_POINT('',(70.192728584907,-30.66645302583,
    0.62387200857));
#3894 = CARTESIAN_POINT('',(70.199653540505,-30.61896236931,
    0.624268391553));
#3895 = CARTESIAN_POINT('',(70.206138005772,-30.57143750272,
    0.624648371641));
#3896 = CARTESIAN_POINT('',(70.212182400606,-30.52388084584,
    0.625011699935));
#3897 = CARTESIAN_POINT('',(70.217787359203,-30.4762900407,
    0.625358408069));
#3898 = CARTESIAN_POINT('',(70.222953629748,-30.42865639574,
    0.625688944026));
#3899 = CARTESIAN_POINT('',(70.227681972137,-30.38096332906,
    0.626004307915));
#3900 = CARTESIAN_POINT('',(70.234118599209,-30.30929555378,
    0.626457127692));
#3901 = CARTESIAN_POINT('',(70.236154615048,-30.2853850031,
    0.626604754599));
#3902 = CARTESIAN_POINT('',(70.238081166796,-30.26145219589,
    0.626749206413));
#3903 = CARTESIAN_POINT('',(70.239898087477,-30.23749496433,
    0.626890747267));
#3904 = CARTESIAN_POINT('',(70.241605020602,-30.21351115191,
    0.627029715027));
#3905 = CARTESIAN_POINT('',(70.243201459344,-30.1894998272,0.6271664688)
  );
#3906 = CARTESIAN_POINT('',(70.244686786777,-30.16546249903,
    0.627301336464));
#3907 = CARTESIAN_POINT('',(70.246060314876,-30.14140433013,
    0.627434562173));
#3908 = CARTESIAN_POINT('',(70.247321324668,-30.1173353522,
    0.627566253882));
#3909 = CARTESIAN_POINT('',(70.248469105516,-30.09327167986,
    0.627696330863));
#3910 = CARTESIAN_POINT('',(70.250264776712,-30.05152749093,
    0.62791888653));
#3911 = CARTESIAN_POINT('',(70.250964745153,-30.03383404913,
    0.628012216334));
#3912 = CARTESIAN_POINT('',(70.251602791509,-30.01616680669,
    0.628104298409));
#3913 = CARTESIAN_POINT('',(70.252178816466,-29.99853841571,
    0.62819485561));
#3914 = CARTESIAN_POINT('',(70.252692837949,-29.98096462013,
    0.628283460379));
#3915 = CARTESIAN_POINT('',(70.253145097408,-29.96346510147,
    0.62836949923));
#3916 = CARTESIAN_POINT('',(70.253536168463,-29.94606432587,
    0.628452137261));
#3917 = CARTESIAN_POINT('',(70.253867062596,-29.92879238939,
    0.628530282638));
#3918 = CARTESIAN_POINT('',(70.254139337852,-29.91168586519,
    0.628602551102));
#3919 = CARTESIAN_POINT('',(70.254355205028,-29.89478864905,
    0.628667230459));
#3920 = CARTESIAN_POINT('',(70.2545756556,-29.87221050025,0.628741896253
    ));
#3921 = CARTESIAN_POINT('',(70.254627185432,-29.86628162849,
    0.628760361633));
#3922 = CARTESIAN_POINT('',(70.254670902582,-29.86045097347,
    0.628777386936));
#3923 = CARTESIAN_POINT('',(70.254707338273,-29.85481464508,
    0.628792325271));
#3924 = CARTESIAN_POINT('',(70.254737689339,-29.84935949626,
    0.628804801322));
#3925 = CARTESIAN_POINT('',(70.254763016424,-29.84397394644,
    0.628814856034));
#3926 = CARTESIAN_POINT('',(70.254783812366,-29.83852963788,
    0.628822772767));
#3927 = CARTESIAN_POINT('',(70.254799915682,-29.83297334819,
    0.628828785797));
#3928 = CARTESIAN_POINT('',(70.254810755112,-29.8273685849,
    0.628832872131));
#3929 = CARTESIAN_POINT('',(70.254815899859,-29.82182628521,
    0.628834827499));
#3930 = CARTESIAN_POINT('',(70.254815899862,-29.81626404647,
    0.628834827499));
#3931 = ADVANCED_FACE('',(#3932),#3938,.T.);
#3932 = FACE_BOUND('',#3933,.T.);
#3933 = EDGE_LOOP('',(#3934,#3935,#3936,#3937));
#3934 = ORIENTED_EDGE('',*,*,#2826,.T.);
#3935 = ORIENTED_EDGE('',*,*,#2851,.T.);
#3936 = ORIENTED_EDGE('',*,*,#3687,.F.);
#3937 = ORIENTED_EDGE('',*,*,#2430,.F.);
#3938 = B_SPLINE_SURFACE_WITH_KNOTS('',1,7,(
    (#3939,#3940,#3941,#3942,#3943,#3944,#3945,#3946,#3947,#3948,#3949
      ,#3950,#3951,#3952)
    ,(#3953,#3954,#3955,#3956,#3957,#3958,#3959,#3960,#3961,#3962,#3963
      ,#3964,#3965,#3966
    )),.UNSPECIFIED.,.F.,.F.,.F.,(2,2),(8,6,8),(0.,9.314196557033),(
    332.75656196141,332.78101562516,342.07075851845),.UNSPECIFIED.);
#3939 = CARTESIAN_POINT('',(-63.55537818532,33.232332315937,2.5));
#3940 = CARTESIAN_POINT('',(-63.55886927195,33.232301787515,2.5));
#3941 = CARTESIAN_POINT('',(-63.5623036354,33.232271730594,2.5));
#3942 = CARTESIAN_POINT('',(-63.56597857072,33.232239710747,2.5));
#3943 = CARTESIAN_POINT('',(-63.56927211873,33.232210721009,2.5));
#3944 = CARTESIAN_POINT('',(-63.57268984403,33.232180809662,2.5));
#3945 = CARTESIAN_POINT('',(-63.57697879034,33.232144089013,2.5));
#3946 = CARTESIAN_POINT('',(-64.46438897061,33.22415910425,2.5));
#3947 = CARTESIAN_POINT('',(-65.35711559077,32.98828877958,2.5));
#3948 = CARTESIAN_POINT('',(-66.18240465291,32.521019268169,2.5));
#3949 = CARTESIAN_POINT('',(-66.85449551172,31.85037359156,2.5));
#3950 = CARTESIAN_POINT('',(-67.31589053508,31.049132955878,2.5));
#3951 = CARTESIAN_POINT('',(-67.5486,30.183495708871,2.5));
#3952 = CARTESIAN_POINT('',(-67.5486,29.315454404824,2.5));
#3953 = CARTESIAN_POINT('',(-63.57367708494,35.324908338125,
    0.502147437829));
#3954 = CARTESIAN_POINT('',(-63.57716795597,35.324877811589,
    0.502147437829));
#3955 = CARTESIAN_POINT('',(-63.58066148071,35.324844875663,
    0.502147333161));
#3956 = CARTESIAN_POINT('',(-63.58414390429,35.324809748245,
    0.502147098065));
#3957 = CARTESIAN_POINT('',(-63.58764400625,35.324771986592,
    0.50214678204));
#3958 = CARTESIAN_POINT('',(-63.59113838413,35.324731917139,
    0.502146355813));
#3959 = CARTESIAN_POINT('',(-63.59459247036,35.324690072625,
    0.502145755992));
#3960 = CARTESIAN_POINT('',(-64.94478174648,35.307383809971,
    0.501906716904));
#3961 = CARTESIAN_POINT('',(-66.29231685718,34.937033930087,
    0.501407233437));
#3962 = CARTESIAN_POINT('',(-67.52567573522,34.21045344762,
    0.500400878743));
#3963 = CARTESIAN_POINT('',(-68.5138912976,33.174800066073,
    0.499437308451));
#3964 = CARTESIAN_POINT('',(-69.18552391009,31.954399668587,
    0.499999040743));
#3965 = CARTESIAN_POINT('',(-69.5249503107,30.637414735835,
    0.500139831839));
#3966 = CARTESIAN_POINT('',(-69.5249503107,29.315454404824,
    0.500139831839));
#3967 = ADVANCED_FACE('',(#3968),#3984,.T.);
#3968 = FACE_BOUND('',#3969,.F.);
#3969 = EDGE_LOOP('',(#3970,#3971,#3972,#3978));
#3970 = ORIENTED_EDGE('',*,*,#3781,.F.);
#3971 = ORIENTED_EDGE('',*,*,#2302,.T.);
#3972 = ORIENTED_EDGE('',*,*,#3973,.T.);
#3973 = EDGE_CURVE('',#2303,#2897,#3974,.T.);
#3974 = LINE('',#3975,#3976);
#3975 = CARTESIAN_POINT('',(68.901707949931,29.816264046384,
    1.564417413749));
#3976 = VECTOR('',#3977,1.);
#3977 = DIRECTION('',(0.822529011625,-2.5E-16,-0.568723153243));
#3978 = ORIENTED_EDGE('',*,*,#3979,.F.);
#3979 = EDGE_CURVE('',#3705,#2897,#3980,.T.);
#3980 = LINE('',#3981,#3982);
#3981 = CARTESIAN_POINT('',(70.254815899862,-29.87744867253,
    0.628834827499));
#3982 = VECTOR('',#3983,1.);
#3983 = DIRECTION('',(0.,1.,-4.4E-16));
#3984 = PLANE('',#3985);
#3985 = AXIS2_PLACEMENT_3D('',#3986,#3987,#3988);
#3986 = CARTESIAN_POINT('',(68.901707949931,-29.87744867253,
    1.564417413749));
#3987 = DIRECTION('',(0.568723153243,3.5E-16,0.822529011625));
#3988 = DIRECTION('',(-8.862692158542E-18,-1.,4.31644857765E-16));
#3989 = ADVANCED_FACE('',(#3990),#3996,.T.);
#3990 = FACE_BOUND('',#3991,.T.);
#3991 = EDGE_LOOP('',(#3992,#3993,#3994,#3995));
#3992 = ORIENTED_EDGE('',*,*,#3973,.T.);
#3993 = ORIENTED_EDGE('',*,*,#2927,.T.);
#3994 = ORIENTED_EDGE('',*,*,#3084,.F.);
#3995 = ORIENTED_EDGE('',*,*,#2310,.F.);
#3996 = B_SPLINE_SURFACE_WITH_KNOTS('',1,11,(
    (#3997,#3998,#3999,#4000,#4001,#4002,#4003,#4004,#4005,#4006,#4007
      ,#4008,#4009,#4010,#4011,#4012,#4013,#4014,#4015,#4016,#4017,#4018
      ,#4019,#4020,#4021,#4022,#4023,#4024,#4025,#4026,#4027,#4028,#4029
      ,#4030,#4031,#4032,#4033,#4034,#4035,#4036,#4037,#4038,#4039,#4040
      ,#4041,#4042,#4043,#4044,#4045,#4046,#4047,#4048,#4049,#4050,#4051
      ,#4052,#4053,#4054,#4055,#4056,#4057,#4058,#4059,#4060,#4061,#4062
      ,#4063,#4064,#4065,#4066,#4067,#4068)
    ,(#4069,#4070,#4071,#4072,#4073,#4074,#4075,#4076,#4077,#4078,#4079
      ,#4080,#4081,#4082,#4083,#4084,#4085,#4086,#4087,#4088,#4089,#4090
      ,#4091,#4092,#4093,#4094,#4095,#4096,#4097,#4098,#4099,#4100,#4101
      ,#4102,#4103,#4104,#4105,#4106,#4107,#4108,#4109,#4110,#4111,#4112
      ,#4113,#4114,#4115,#4116,#4117,#4118,#4119,#4120,#4121,#4122,#4123
      ,#4124,#4125,#4126,#4127,#4128,#4129,#4130,#4131,#4132,#4133,#4134
      ,#4135,#4136,#4137,#4138,#4139,#4140
    )),.UNSPECIFIED.,.F.,.F.,.F.,(2,2),(12,10,10,10,10,10,10,12),(0.,
    8.784395580237),(196.2067635765,196.26659741032,196.43424789789,
    196.66173221928,197.11670086206,199.54343167976,200.97026889612,
    204.99115915673),.UNSPECIFIED.);
#3997 = CARTESIAN_POINT('',(67.5486,29.816264046384,2.5));
#3998 = CARTESIAN_POINT('',(67.548600000002,29.821826285081,2.5));
#3999 = CARTESIAN_POINT('',(67.548600027822,29.827396384042,2.5));
#4000 = CARTESIAN_POINT('',(67.548600009756,29.832951970166,
    2.500000000001));
#4001 = CARTESIAN_POINT('',(67.548599969317,29.838503921388,
    2.499999999998));
#4002 = CARTESIAN_POINT('',(67.548599960094,29.844067403822,
    2.500000000002));
#4003 = CARTESIAN_POINT('',(67.548600007859,29.849642683696,
    2.499999999998));
#4004 = CARTESIAN_POINT('',(67.548600065241,29.85520571553,
    2.500000000001));
#4005 = CARTESIAN_POINT('',(67.548599974939,29.860708504769,
    2.499999999999));
#4006 = CARTESIAN_POINT('',(67.548599445476,29.866089246682,2.5));
#4007 = CARTESIAN_POINT('',(67.548598036231,29.871292240015,2.5));
#4008 = CARTESIAN_POINT('',(67.548587077861,29.890322201576,2.5));
#4009 = CARTESIAN_POINT('',(67.548566249003,29.90288380223,2.5));
#4010 = CARTESIAN_POINT('',(67.54852645162,29.914328118389,
    2.499999999999));
#4011 = CARTESIAN_POINT('',(67.548463539068,29.924940626241,
    2.500000000001));
#4012 = CARTESIAN_POINT('',(67.548374952756,29.934953150666,
    2.499999999999));
#4013 = CARTESIAN_POINT('',(67.548259243458,29.944550478214,
    2.500000000001));
#4014 = CARTESIAN_POINT('',(67.548115589148,29.953876969376,
    2.499999999999));
#4015 = CARTESIAN_POINT('',(67.547943317027,29.963043171691,2.5));
#4016 = CARTESIAN_POINT('',(67.547741421397,29.972132432046,2.5));
#4017 = CARTESIAN_POINT('',(67.547508084929,29.981207509619,2.5));
#4018 = CARTESIAN_POINT('',(67.546876702418,30.002678077569,2.5));
#4019 = CARTESIAN_POINT('',(67.546451518247,30.015105564374,2.5));
#4020 = CARTESIAN_POINT('',(67.545960279885,30.027700330211,
    2.499999999999));
#4021 = CARTESIAN_POINT('',(67.54540025531,30.040517943157,
    2.500000000002));
#4022 = CARTESIAN_POINT('',(67.544770120049,30.053577435209,
    2.499999999997));
#4023 = CARTESIAN_POINT('',(67.544069733599,30.066869880123,
    2.500000000003));
#4024 = CARTESIAN_POINT('',(67.543299912652,30.080366970346,
    2.499999999998));
#4025 = CARTESIAN_POINT('',(67.542462208329,30.094029595072,
    2.500000000001));
#4026 = CARTESIAN_POINT('',(67.541558679243,30.10781641715,2.5));
#4027 = CARTESIAN_POINT('',(67.540591668141,30.121692450958,2.5));
#4028 = CARTESIAN_POINT('',(67.537507391859,30.163528016925,2.5));
#4029 = CARTESIAN_POINT('',(67.535203916313,30.191679685803,2.5));
#4030 = CARTESIAN_POINT('',(67.532676888583,30.21982129321,2.5));
#4031 = CARTESIAN_POINT('',(67.529938726632,30.247806634567,2.5));
#4032 = CARTESIAN_POINT('',(67.526993018076,30.275586627519,2.5));
#4033 = CARTESIAN_POINT('',(67.523837012739,30.303181285407,2.5));
#4034 = CARTESIAN_POINT('',(67.520464112975,30.330651691292,2.5));
#4035 = CARTESIAN_POINT('',(67.516866366425,30.358071971183,2.5));
#4036 = CARTESIAN_POINT('',(67.513036956549,30.385501268164,2.5));
#4037 = CARTESIAN_POINT('',(67.508972694871,30.412955715724,2.5));
#4038 = CARTESIAN_POINT('',(67.481761352498,30.586659404266,2.5));
#4039 = CARTESIAN_POINT('',(67.452220355973,30.732701451076,2.5));
#4040 = CARTESIAN_POINT('',(67.416041110928,30.878141663953,
    2.499999999999));
#4041 = CARTESIAN_POINT('',(67.373239055007,31.022623857653,
    2.500000000001));
#4042 = CARTESIAN_POINT('',(67.323857474916,31.165800549723,
    2.499999999998));
#4043 = CARTESIAN_POINT('',(67.267967506695,31.307332960655,
    2.500000000002));
#4044 = CARTESIAN_POINT('',(67.205668135418,31.446891013667,
    2.499999999999));
#4045 = CARTESIAN_POINT('',(67.137086195459,31.58415333495,
    2.500000000001));
#4046 = CARTESIAN_POINT('',(67.06237637031,31.718807253444,2.5));
#4047 = CARTESIAN_POINT('',(66.981721192665,31.850548800999,2.5));
#4048 = CARTESIAN_POINT('',(66.844536503146,32.054656388136,2.5));
#4049 = CARTESIAN_POINT('',(66.791755791799,32.129124519099,2.5));
#4050 = CARTESIAN_POINT('',(66.737029326487,32.202430855742,
    2.500000000001));
#4051 = CARTESIAN_POINT('',(66.680399351875,32.274521064255,
    2.499999999999));
#4052 = CARTESIAN_POINT('',(66.621909941538,32.345342726473,
    2.500000000001));
#4053 = CARTESIAN_POINT('',(66.561606997405,32.414845339885,
    2.499999999999));
#4054 = CARTESIAN_POINT('',(66.499538250442,32.48298031756,2.5));
#4055 = CARTESIAN_POINT('',(66.435753259957,32.549700988289,2.5));
#4056 = CARTESIAN_POINT('',(66.370303414194,32.614962596413,2.5));
#4057 = CARTESIAN_POINT('',(66.303241929911,32.678722301972,2.5));
#4058 = CARTESIAN_POINT('',(66.041255081807,32.916269091059,2.5));
#4059 = CARTESIAN_POINT('',(65.835529383613,33.079379905094,2.5));
#4060 = CARTESIAN_POINT('',(65.618439753428,33.229198127347,
    2.499999999999));
#4061 = CARTESIAN_POINT('',(65.392572207757,33.365659502744,
    2.500000000002));
#4062 = CARTESIAN_POINT('',(65.154051318548,33.486704165423,
    2.499999999997));
#4063 = CARTESIAN_POINT('',(64.918125508229,33.593792743362,
    2.500000000003));
#4064 = CARTESIAN_POINT('',(64.658572076064,33.685405725386,
    2.499999999998));
#4065 = CARTESIAN_POINT('',(64.418959797765,33.759936878411,
    2.500000000001));
#4066 = CARTESIAN_POINT('',(64.150737079656,33.821884831956,
    2.499999999999));
#4067 = CARTESIAN_POINT('',(63.898058689961,33.865486045841,2.5));
#4068 = CARTESIAN_POINT('',(63.643976459508,33.893400586814,2.5));
#4069 = CARTESIAN_POINT('',(70.254815899862,29.816264046384,
    0.628834827499));
#4070 = CARTESIAN_POINT('',(70.254815899864,29.82182628508,
    0.628834827499));
#4071 = CARTESIAN_POINT('',(70.254810631326,29.827385745967,
    0.628832832343));
#4072 = CARTESIAN_POINT('',(70.254800010188,29.832950335249,
    0.628828826934));
#4073 = CARTESIAN_POINT('',(70.254784064437,29.83851620988,
    0.628822819154));
#4074 = CARTESIAN_POINT('',(70.25476285336,29.844078010062,
    0.628814818504));
#4075 = CARTESIAN_POINT('',(70.254736402979,29.84963563957,
    0.628804825102));
#4076 = CARTESIAN_POINT('',(70.254704660799,29.855197594679,
    0.628792829051));
#4077 = CARTESIAN_POINT('',(70.254667465779,29.860780840731,
    0.628778820171));
#4078 = CARTESIAN_POINT('',(70.254624537968,29.866407237325,
    0.628762808094));
#4079 = CARTESIAN_POINT('',(70.254575483789,29.872096511291,
    0.628744852722));
#4080 = CARTESIAN_POINT('',(70.254363853584,29.893992866671,
    0.628669773394));
#4081 = CARTESIAN_POINT('',(70.254156502231,29.910648195957,
    0.628600300515));
#4082 = CARTESIAN_POINT('',(70.253892245825,29.927701009683,
    0.628520711266));
#4083 = CARTESIAN_POINT('',(70.253567205163,29.945051431447,
    0.628434263031));
#4084 = CARTESIAN_POINT('',(70.253178893288,29.962618190608,
    0.628343517645));
#4085 = CARTESIAN_POINT('',(70.252725968855,29.980336349098,
    0.628250413324));
#4086 = CARTESIAN_POINT('',(70.25220798648,29.998155026932,
    0.628156336566));
#4087 = CARTESIAN_POINT('',(70.251625150749,30.016035129291,
    0.62806219409));
#4088 = CARTESIAN_POINT('',(70.250978066599,30.033947072052,
    0.627968484735));
#4089 = CARTESIAN_POINT('',(70.25026749265,30.051868508579,
    0.627875371393));
#4090 = CARTESIAN_POINT('',(70.248444668902,30.094088880929,
    0.627657079254));
#4091 = CARTESIAN_POINT('',(70.247279459129,30.118380079079,
    0.627532550182));
#4092 = CARTESIAN_POINT('',(70.246000997163,30.142619351394,
    0.62740883857));
#4093 = CARTESIAN_POINT('',(70.244611428923,30.166786138848,
    0.627285325193));
#4094 = CARTESIAN_POINT('',(70.243112502452,30.190872639366,
    0.627161190525));
#4095 = CARTESIAN_POINT('',(70.241505560164,30.214880825714,
    0.627035506549));
#4096 = CARTESIAN_POINT('',(70.239791528013,30.23881946245,
    0.626907328539));
#4097 = CARTESIAN_POINT('',(70.237970908288,30.262701124008,
    0.626775786875));
#4098 = CARTESIAN_POINT('',(70.23604376889,30.286539211641,
    0.626640178828));
#4099 = CARTESIAN_POINT('',(70.234009735421,30.310344971319,
    0.626500060368));
#4100 = CARTESIAN_POINT('',(70.227584473461,30.381683590289,
    0.626065893131));
#4101 = CARTESIAN_POINT('',(70.222872815411,30.429142950384,
    0.625756986114));
#4102 = CARTESIAN_POINT('',(70.21772383099,30.476590226999,
    0.625427464567));
#4103 = CARTESIAN_POINT('',(70.212131711686,30.524069740184,
    0.625077380194));
#4104 = CARTESIAN_POINT('',(70.206093436132,30.571592179169,
    0.624707646613));
#4105 = CARTESIAN_POINT('',(70.199608190206,30.619144287459,
    0.624319697235));
#4106 = CARTESIAN_POINT('',(70.192676786397,30.666698547656,
    0.623915143138));
#4107 = CARTESIAN_POINT('',(70.185301083637,30.714222866537,
    0.623495430946));
#4108 = CARTESIAN_POINT('',(70.177483407055,30.761690259946,
    0.623061500701));
#4109 = CARTESIAN_POINT('',(70.169225967524,30.809088537791,
    0.622613443742));
#4110 = CARTESIAN_POINT('',(70.114148866818,31.108941805808,
    0.619679081421));
#4111 = CARTESIAN_POINT('',(70.055226616084,31.359663111164,
    0.616787401822));
#4112 = CARTESIAN_POINT('',(69.98396956538,31.607662744931,
    0.613507570498));
#4113 = CARTESIAN_POINT('',(69.90064284036,31.852073782199,
    0.609874278624));
#4114 = CARTESIAN_POINT('',(69.805570655713,32.092093533061,
    0.605924459824));
#4115 = CARTESIAN_POINT('',(69.6991363161,32.326983542981,0.601697290181
    ));
#4116 = CARTESIAN_POINT('',(69.581782214825,32.556069592286,
    0.597234188232));
#4117 = CARTESIAN_POINT('',(69.454009835365,32.778741696738,
    0.592578814968));
#4118 = CARTESIAN_POINT('',(69.316379749937,32.994454107011,
    0.587777073836));
#4119 = CARTESIAN_POINT('',(69.169511620577,33.202725309074,
    0.582877110737));
#4120 = CARTESIAN_POINT('',(68.922698030484,33.520974051835,0.5750201737
    ));
#4121 = CARTESIAN_POINT('',(68.828334334452,33.636094813086,
    0.572092773067));
#4122 = CARTESIAN_POINT('',(68.731116681567,33.748423949433,
    0.569156102227));
#4123 = CARTESIAN_POINT('',(68.631168632387,33.857891668255,
    0.566218852673));
#4124 = CARTESIAN_POINT('',(68.528613737551,33.964434742659,
    0.56328941729));
#4125 = CARTESIAN_POINT('',(68.423575536695,34.067996511427,
    0.560375890356));
#4126 = CARTESIAN_POINT('',(68.316177559808,34.168526879024,
    0.557486067542));
#4127 = CARTESIAN_POINT('',(68.206543325861,34.265982315659,
    0.554627445911));
#4128 = CARTESIAN_POINT('',(68.094796343943,34.360325857171,
    0.55180722392));
#4129 = CARTESIAN_POINT('',(67.98106011249,34.451527105153,
    0.549032301418));
#4130 = CARTESIAN_POINT('',(67.539686601012,34.787649085951,
    0.538635684092));
#4131 = CARTESIAN_POINT('',(67.199094022698,35.010587923348,
    0.531371970813));
#4132 = CARTESIAN_POINT('',(66.846229067314,35.207826293717,
    0.524667775623));
#4133 = CARTESIAN_POINT('',(66.48427150594,35.379180887644,
    0.518612980558));
#4134 = CARTESIAN_POINT('',(66.113875789012,35.524773741888,
    0.513369562195));
#4135 = CARTESIAN_POINT('',(65.740684759609,35.644812121379,
    0.508878099378));
#4136 = CARTESIAN_POINT('',(65.362007227142,35.739847448915,
    0.505342599392));
#4137 = CARTESIAN_POINT('',(64.984946326522,35.810362249927,
    0.502663811592));
#4138 = CARTESIAN_POINT('',(64.607199604066,35.85719428352,
    0.500870704671));
#4139 = CARTESIAN_POINT('',(64.232593845833,35.88097099988,
    0.500024611047));
#4140 = CARTESIAN_POINT('',(63.862527313115,35.882682388189,
    0.500000391406));
#4141 = ADVANCED_FACE('',(#4142),#4153,.F.);
#4142 = FACE_BOUND('',#4143,.T.);
#4143 = EDGE_LOOP('',(#4144,#4145,#4146,#4152));
#4144 = ORIENTED_EDGE('',*,*,#2745,.F.);
#4145 = ORIENTED_EDGE('',*,*,#2595,.F.);
#4146 = ORIENTED_EDGE('',*,*,#4147,.T.);
#4147 = EDGE_CURVE('',#2587,#2513,#4148,.T.);
#4148 = LINE('',#4149,#4150);
#4149 = CARTESIAN_POINT('',(-62.03985903453,4.20000000002,
    -49.07740753885));
#4150 = VECTOR('',#4151,1.);
#4151 = DIRECTION('',(-9.4E-15,-1.,4.987E-14));
#4152 = ORIENTED_EDGE('',*,*,#2512,.T.);
#4153 = PLANE('',#4154);
#4154 = AXIS2_PLACEMENT_3D('',#4155,#4156,#4157);
#4155 = CARTESIAN_POINT('',(-62.7575229054,4.20000000002,-50.12857763377
    ));
#4156 = DIRECTION('',(-0.825877224774,3.609E-14,0.56384998856));
#4157 = DIRECTION('',(9.574238840198E-15,1.,-4.998289397737E-14));
#4158 = ADVANCED_FACE('',(#4159),#4185,.T.);
#4159 = FACE_BOUND('',#4160,.F.);
#4160 = EDGE_LOOP('',(#4161,#4169,#4178,#4184));
#4161 = ORIENTED_EDGE('',*,*,#4162,.T.);
#4162 = EDGE_CURVE('',#2521,#4163,#4165,.T.);
#4163 = VERTEX_POINT('',#4164);
#4164 = CARTESIAN_POINT('',(-64.43725922537,-4.200000000013,
    -35.28275378007));
#4165 = LINE('',#4166,#4167);
#4166 = CARTESIAN_POINT('',(-66.40263029847,-4.200000000013,
    -35.65331625123));
#4167 = VECTOR('',#4168,1.);
#4168 = DIRECTION('',(0.982685536548,4.E-17,0.185281235583));
#4169 = ORIENTED_EDGE('',*,*,#4170,.T.);
#4170 = EDGE_CURVE('',#4163,#4171,#4173,.T.);
#4171 = VERTEX_POINT('',#4172);
#4172 = CARTESIAN_POINT('',(-61.84332192722,-4.200000000003,
    -49.04035129173));
#4173 = CIRCLE('',#4174,6.999999999995);
#4174 = AXIS2_PLACEMENT_3D('',#4175,#4176,#4177);
#4175 = CARTESIAN_POINT('',(-63.1402905763,-4.200000000013,
    -42.1615525359));
#4176 = DIRECTION('',(0.982685536548,0.,0.185281235583));
#4177 = DIRECTION('',(-0.185281235583,0.,0.982685536548));
#4178 = ORIENTED_EDGE('',*,*,#4179,.F.);
#4179 = EDGE_CURVE('',#2513,#4171,#4180,.T.);
#4180 = LINE('',#4181,#4182);
#4181 = CARTESIAN_POINT('',(-63.80869300031,-4.200000000003,
    -49.4109137629));
#4182 = VECTOR('',#4183,1.);
#4183 = DIRECTION('',(0.982685536548,4.E-17,0.185281235583));
#4184 = ORIENTED_EDGE('',*,*,#2520,.T.);
#4185 = CYLINDRICAL_SURFACE('',#4186,6.999999999995);
#4186 = AXIS2_PLACEMENT_3D('',#4187,#4188,#4189);
#4187 = CARTESIAN_POINT('',(-65.10566164939,-4.200000000013,
    -42.53211500707));
#4188 = DIRECTION('',(-0.982685536548,-4.E-17,-0.185281235583));
#4189 = DIRECTION('',(-0.185281235583,2.2E-16,0.982685536548));
#4190 = ADVANCED_FACE('',(#4191),#4209,.T.);
#4191 = FACE_BOUND('',#4192,.T.);
#4192 = EDGE_LOOP('',(#4193,#4194,#4202,#4208));
#4193 = ORIENTED_EDGE('',*,*,#4162,.T.);
#4194 = ORIENTED_EDGE('',*,*,#4195,.T.);
#4195 = EDGE_CURVE('',#4163,#4196,#4198,.T.);
#4196 = VERTEX_POINT('',#4197);
#4197 = CARTESIAN_POINT('',(-64.43725922537,4.200000000001,
    -35.28275378007));
#4198 = LINE('',#4199,#4200);
#4199 = CARTESIAN_POINT('',(-64.43725922537,-4.200000000013,
    -35.28275378007));
#4200 = VECTOR('',#4201,1.);
#4201 = DIRECTION('',(0.,1.,0.));
#4202 = ORIENTED_EDGE('',*,*,#4203,.F.);
#4203 = EDGE_CURVE('',#2562,#4196,#4204,.T.);
#4204 = LINE('',#4205,#4206);
#4205 = CARTESIAN_POINT('',(-66.40263029847,4.200000000001,
    -35.65331625123));
#4206 = VECTOR('',#4207,1.);
#4207 = DIRECTION('',(0.982685536548,4.E-17,0.185281235583));
#4208 = ORIENTED_EDGE('',*,*,#2561,.F.);
#4209 = PLANE('',#4210);
#4210 = AXIS2_PLACEMENT_3D('',#4211,#4212,#4213);
#4211 = CARTESIAN_POINT('',(-66.40263029847,-4.200000000013,
    -35.65331625123));
#4212 = DIRECTION('',(-0.185281235583,2.2E-16,0.982685536548));
#4213 = DIRECTION('',(7.057699399989E-19,1.,-2.237432280176E-16));
#4214 = ADVANCED_FACE('',(#4215),#4234,.T.);
#4215 = FACE_BOUND('',#4216,.F.);
#4216 = EDGE_LOOP('',(#4217,#4225,#4232,#4233));
#4217 = ORIENTED_EDGE('',*,*,#4218,.T.);
#4218 = EDGE_CURVE('',#2587,#4219,#4221,.T.);
#4219 = VERTEX_POINT('',#4220);
#4220 = CARTESIAN_POINT('',(-61.84332192722,4.200000000016,
    -49.04035129173));
#4221 = LINE('',#4222,#4223);
#4222 = CARTESIAN_POINT('',(-63.80869300031,4.200000000016,
    -49.4109137629));
#4223 = VECTOR('',#4224,1.);
#4224 = DIRECTION('',(0.982685536548,4.E-17,0.185281235583));
#4225 = ORIENTED_EDGE('',*,*,#4226,.T.);
#4226 = EDGE_CURVE('',#4219,#4196,#4227,.T.);
#4227 = CIRCLE('',#4228,6.999999999995);
#4228 = AXIS2_PLACEMENT_3D('',#4229,#4230,#4231);
#4229 = CARTESIAN_POINT('',(-63.1402905763,4.2,-42.1615525359));
#4230 = DIRECTION('',(0.982685536548,0.,0.185281235583));
#4231 = DIRECTION('',(-0.185281235583,0.,0.982685536548));
#4232 = ORIENTED_EDGE('',*,*,#4203,.F.);
#4233 = ORIENTED_EDGE('',*,*,#2586,.T.);
#4234 = CYLINDRICAL_SURFACE('',#4235,6.999999999995);
#4235 = AXIS2_PLACEMENT_3D('',#4236,#4237,#4238);
#4236 = CARTESIAN_POINT('',(-65.10566164939,4.2,-42.53211500707));
#4237 = DIRECTION('',(-0.982685536548,-4.E-17,-0.185281235583));
#4238 = DIRECTION('',(-0.185281235583,2.2E-16,0.982685536548));
#4239 = ADVANCED_FACE('',(#4240),#4281,.T.);
#4240 = FACE_BOUND('',#4241,.T.);
#4241 = EDGE_LOOP('',(#4242,#4243,#4244,#4275));
#4242 = ORIENTED_EDGE('',*,*,#2896,.T.);
#4243 = ORIENTED_EDGE('',*,*,#3979,.F.);
#4244 = ORIENTED_EDGE('',*,*,#4245,.T.);
#4245 = EDGE_CURVE('',#3705,#4246,#4248,.T.);
#4246 = VERTEX_POINT('',#4247);
#4247 = CARTESIAN_POINT('',(70.609547634531,-29.77864364818,
    -0.311050082519));
#4248 = B_SPLINE_CURVE_WITH_KNOTS('',7,(#4249,#4250,#4251,#4252,#4253,
    #4254,#4255,#4256,#4257,#4258,#4259,#4260,#4261,#4262,#4263,#4264,
    #4265,#4266,#4267,#4268,#4269,#4270,#4271,#4272,#4273,#4274),
  .UNSPECIFIED.,.F.,.F.,(8,6,6,6,8),(-3.207890054255,-2.286280579183,0.,
    3.02649843176,3.239320570552),.UNSPECIFIED.);
#4249 = CARTESIAN_POINT('',(68.400112036031,-29.93902785839,
    5.542993905458));
#4250 = CARTESIAN_POINT('',(68.448172852499,-29.93698162164,
    5.415653631818));
#4251 = CARTESIAN_POINT('',(68.495708199775,-29.93495775726,
    5.289705623138));
#4252 = CARTESIAN_POINT('',(68.542718077858,-29.93295626525,
    5.165149879418));
#4253 = CARTESIAN_POINT('',(68.58920248675,-29.93097714561,
    5.041986400659));
#4254 = CARTESIAN_POINT('',(68.635161426449,-29.92902039835,
    4.920215186861));
#4255 = CARTESIAN_POINT('',(68.680594896956,-29.92708602345,
    4.799836238023));
#4256 = CARTESIAN_POINT('',(68.836908318931,-29.92043082506,
    4.385673612611));
#4257 = CARTESIAN_POINT('',(68.948309610483,-29.9151458503,
    4.090508611416));
#4258 = CARTESIAN_POINT('',(69.059706417899,-29.90931913564,
    3.795355491246));
#4259 = CARTESIAN_POINT('',(69.171098386132,-29.90295072009,
    3.500215192789));
#4260 = CARTESIAN_POINT('',(69.28248516016,-29.89604064265,
    3.205088656732));
#4261 = CARTESIAN_POINT('',(69.39386638494,-29.88858894231,
    2.909976823761));
#4262 = CARTESIAN_POINT('',(69.652676467345,-29.87001442743,
    2.224242599168));
#4263 = CARTESIAN_POINT('',(69.800098016785,-29.85848412158,
    1.83363957105));
#4264 = CARTESIAN_POINT('',(69.94752530475,-29.84600598715,
    1.443021338345));
#4265 = CARTESIAN_POINT('',(70.094892253568,-29.83257106614,
    1.052562978141));
#4266 = CARTESIAN_POINT('',(70.242333459338,-29.81822176174,0.6619078693
    ));
#4267 = CARTESIAN_POINT('',(70.389653464425,-29.80278877836,
    0.271573889582));
#4268 = CARTESIAN_POINT('',(70.547365776881,-29.78554112281,
    -0.146295187566));
#4269 = CARTESIAN_POINT('',(70.55772796988,-29.78440328084,
    -0.173750495005));
#4270 = CARTESIAN_POINT('',(70.568090727782,-29.78326075394,
    -0.201207299195));
#4271 = CARTESIAN_POINT('',(70.578454061894,-29.78211353466,
    -0.228665630088));
#4272 = CARTESIAN_POINT('',(70.588817983519,-29.78096161556,
    -0.256125517638));
#4273 = CARTESIAN_POINT('',(70.599182503963,-29.77980498921,
    -0.283586991797));
#4274 = CARTESIAN_POINT('',(70.609547634531,-29.77864364818,
    -0.311050082519));
#4275 = ORIENTED_EDGE('',*,*,#4276,.F.);
#4276 = EDGE_CURVE('',#2889,#4246,#4277,.T.);
#4277 = LINE('',#4278,#4279);
#4278 = CARTESIAN_POINT('',(70.609547634531,35.580499310628,
    -0.311050082519));
#4279 = VECTOR('',#4280,1.);
#4280 = DIRECTION('',(0.,-1.,4.4E-16));
#4281 = PLANE('',#4282);
#4282 = AXIS2_PLACEMENT_3D('',#4283,#4284,#4285);
#4283 = CARTESIAN_POINT('',(70.999992253003,-1.782E-14,-1.345558611736)
  );
#4284 = DIRECTION('',(0.935582586251,1.7E-16,0.353107949931));
#4285 = DIRECTION('',(-0.353107949931,0.,0.935582586251));
#4286 = ADVANCED_FACE('',(#4287),#4316,.T.);
#4287 = FACE_BOUND('',#4288,.F.);
#4288 = EDGE_LOOP('',(#4289,#4290,#4291,#4299));
#4289 = ORIENTED_EDGE('',*,*,#4276,.F.);
#4290 = ORIENTED_EDGE('',*,*,#3165,.F.);
#4291 = ORIENTED_EDGE('',*,*,#4292,.T.);
#4292 = EDGE_CURVE('',#3157,#4293,#4295,.T.);
#4293 = VERTEX_POINT('',#4294);
#4294 = CARTESIAN_POINT('',(73.435724652375,-29.1854772807,
    -10.3806529434));
#4295 = LINE('',#4296,#4297);
#4296 = CARTESIAN_POINT('',(73.435724652375,35.580499310628,
    -10.3806529434));
#4297 = VECTOR('',#4298,1.);
#4298 = DIRECTION('',(0.,-1.,4.4E-16));
#4299 = ORIENTED_EDGE('',*,*,#4300,.F.);
#4300 = EDGE_CURVE('',#4246,#4293,#4301,.T.);
#4301 = ( BOUNDED_CURVE() B_SPLINE_CURVE(7,(#4302,#4303,#4304,#4305,
    #4306,#4307,#4308,#4309,#4310,#4311,#4312,#4313,#4314,#4315),
.UNSPECIFIED.,.F.,.F.) B_SPLINE_CURVE_WITH_KNOTS((8,6,8),(3.239320570552
,13.499408523372,14.012515012661),.UNSPECIFIED.) CURVE() 
GEOMETRIC_REPRESENTATION_ITEM() RATIONAL_B_SPLINE_CURVE((1.,1.,1.,1.,1.,
1.,1.,1.,1.,1.,1.,1.,1.,1.)) REPRESENTATION_ITEM('') );
#4302 = CARTESIAN_POINT('',(70.609547634531,-29.77864364818,
    -0.311050082519));
#4303 = CARTESIAN_POINT('',(71.109308510623,-29.72760603213,
    -1.635199179283));
#4304 = CARTESIAN_POINT('',(71.574036013554,-29.66757779564,
    -2.976820148942));
#4305 = CARTESIAN_POINT('',(72.003391314538,-29.59784091423,
    -4.33621054749));
#4306 = CARTESIAN_POINT('',(72.395397573266,-29.51859854185,
    -5.709477376083));
#4307 = CARTESIAN_POINT('',(72.749491726222,-29.42972830881,
    -7.094637378771));
#4308 = CARTESIAN_POINT('',(73.064851018026,-29.33133640602,
    -8.489058774311));
#4309 = CARTESIAN_POINT('',(73.354890166267,-29.21827243696,
    -9.959951917031));
#4310 = CARTESIAN_POINT('',(73.368607001045,-29.21286397831,
    -10.0300273979));
#4311 = CARTESIAN_POINT('',(73.382225849298,-29.20743279982,
    -10.10011839377));
#4312 = CARTESIAN_POINT('',(73.395747011376,-29.20197853272,
    -10.17022635473));
#4313 = CARTESIAN_POINT('',(73.409170633118,-29.19650105901,
    -10.24035196508));
#4314 = CARTESIAN_POINT('',(73.422496465208,-29.19100070383,
    -10.31049393262));
#4315 = CARTESIAN_POINT('',(73.435724652375,-29.1854772807,
    -10.3806529434));
#4316 = CYLINDRICAL_SURFACE('',#4317,60.);
#4317 = AXIS2_PLACEMENT_3D('',#4318,#4319,#4320);
#4318 = CARTESIAN_POINT('',(14.474592459487,35.580499310628,
    -21.49752707837));
#4319 = DIRECTION('',(0.,-1.,4.4E-16));
#4320 = DIRECTION('',(0.935582586251,1.553674979696E-16,0.353107949931)
  );
#4321 = ADVANCED_FACE('',(#4322),#4341,.T.);
#4322 = FACE_BOUND('',#4323,.F.);
#4323 = EDGE_LOOP('',(#4324,#4333,#4339,#4340));
#4324 = ORIENTED_EDGE('',*,*,#4325,.T.);
#4325 = EDGE_CURVE('',#3318,#4326,#4328,.T.);
#4326 = VERTEX_POINT('',#4327);
#4327 = CARTESIAN_POINT('',(76.942293861063,26.698423190996,
    -28.97862285354));
#4328 = ELLIPSE('',#4329,6.081576809004,6.);
#4329 = AXIS2_PLACEMENT_3D('',#4330,#4331,#4332);
#4330 = CARTESIAN_POINT('',(71.046180641775,26.698423190996,
    -30.09031026704));
#4331 = DIRECTION('',(0.185281235583,-5.7E-16,-0.982685536548));
#4332 = DIRECTION('',(-2.06993937835E-15,1.,-9.703215221338E-16));
#4333 = ORIENTED_EDGE('',*,*,#4334,.T.);
#4334 = EDGE_CURVE('',#4326,#3231,#4335,.T.);
#4335 = LINE('',#4336,#4337);
#4336 = CARTESIAN_POINT('',(76.760821011513,26.860482557304,
    -28.01613604818));
#4337 = VECTOR('',#4338,1.);
#4338 = DIRECTION('',(-0.182795917639,0.163240896089,0.969504029047));
#4339 = ORIENTED_EDGE('',*,*,#3230,.F.);
#4340 = ORIENTED_EDGE('',*,*,#3327,.F.);
#4341 = CYLINDRICAL_SURFACE('',#4342,6.);
#4342 = AXIS2_PLACEMENT_3D('',#4343,#4344,#4345);
#4343 = CARTESIAN_POINT('',(70.864707792225,26.860482557304,
    -29.12782346168));
#4344 = DIRECTION('',(-0.182795917639,0.163240896089,0.969504029047));
#4345 = DIRECTION('',(3.0245474925E-02,0.986586240449,-0.16041446756));
#4346 = ADVANCED_FACE('',(#4347),#4375,.T.);
#4347 = FACE_BOUND('',#4348,.T.);
#4348 = EDGE_LOOP('',(#4349,#4350,#4359,#4367,#4373,#4374));
#4349 = ORIENTED_EDGE('',*,*,#4292,.T.);
#4350 = ORIENTED_EDGE('',*,*,#4351,.T.);
#4351 = EDGE_CURVE('',#4293,#4352,#4354,.T.);
#4352 = VERTEX_POINT('',#4353);
#4353 = CARTESIAN_POINT('',(76.424649400156,-27.16069142294,
    -26.23316553182));
#4354 = CIRCLE('',#4355,207.89338386691);
#4355 = AXIS2_PLACEMENT_3D('',#4356,#4357,#4358);
#4356 = CARTESIAN_POINT('',(70.136815271336,177.94406058062,
    7.11594095038));
#4357 = DIRECTION('',(0.982685536548,1.734723475977E-18,0.185281235583)
  );
#4358 = DIRECTION('',(1.542314830594E-02,-0.996529376619,
    -8.180053808803E-02));
#4359 = ORIENTED_EDGE('',*,*,#4360,.T.);
#4360 = EDGE_CURVE('',#4352,#4361,#4363,.T.);
#4361 = VERTEX_POINT('',#4362);
#4362 = CARTESIAN_POINT('',(76.942293861063,-26.69842319099,
    -28.97862285354));
#4363 = LINE('',#4364,#4365);
#4364 = CARTESIAN_POINT('',(76.424649400156,-27.16069142294,
    -26.23316553182));
#4365 = VECTOR('',#4366,1.);
#4366 = DIRECTION('',(0.182795917639,0.163240896089,-0.969504029047));
#4367 = ORIENTED_EDGE('',*,*,#4368,.F.);
#4368 = EDGE_CURVE('',#4326,#4361,#4369,.T.);
#4369 = LINE('',#4370,#4371);
#4370 = CARTESIAN_POINT('',(76.942293861063,-30.78,-28.97862285354));
#4371 = VECTOR('',#4372,1.);
#4372 = DIRECTION('',(0.,-1.,4.4E-16));
#4373 = ORIENTED_EDGE('',*,*,#4334,.T.);
#4374 = ORIENTED_EDGE('',*,*,#3241,.T.);
#4375 = PLANE('',#4376);
#4376 = AXIS2_PLACEMENT_3D('',#4377,#4378,#4379);
#4377 = CARTESIAN_POINT('',(74.63621556849,5.06E-15,-16.74775782756));
#4378 = DIRECTION('',(0.982685536548,0.,0.185281235583));
#4379 = DIRECTION('',(-0.185281235583,0.,0.982685536548));
#4380 = ADVANCED_FACE('',(#4381,#4427,#4438,#4449,#4460),#4471,.T.);
#4381 = FACE_BOUND('',#4382,.T.);
#4382 = EDGE_LOOP('',(#4383,#4384,#4393,#4401,#4410,#4418,#4425,#4426));
#4383 = ORIENTED_EDGE('',*,*,#4368,.T.);
#4384 = ORIENTED_EDGE('',*,*,#4385,.T.);
#4385 = EDGE_CURVE('',#4361,#4386,#4388,.T.);
#4386 = VERTEX_POINT('',#4387);
#4387 = CARTESIAN_POINT('',(71.046180641775,-32.78,-30.09031026704));
#4388 = ELLIPSE('',#4389,6.081576809004,6.);
#4389 = AXIS2_PLACEMENT_3D('',#4390,#4391,#4392);
#4390 = CARTESIAN_POINT('',(71.046180641775,-26.69842319099,
    -30.09031026704));
#4391 = DIRECTION('',(0.185281235583,-5.7E-16,-0.982685536548));
#4392 = DIRECTION('',(2.110402652503E-15,1.,-1.82135568613E-16));
#4393 = ORIENTED_EDGE('',*,*,#4394,.T.);
#4394 = EDGE_CURVE('',#4386,#4395,#4397,.T.);
#4395 = VERTEX_POINT('',#4396);
#4396 = CARTESIAN_POINT('',(-58.76626344062,-32.78,-54.56590203986));
#4397 = LINE('',#4398,#4399);
#4398 = CARTESIAN_POINT('',(76.942293861063,-32.78,-28.97862285354));
#4399 = VECTOR('',#4400,1.);
#4400 = DIRECTION('',(-0.982685536548,-4.E-17,-0.185281235583));
#4401 = ORIENTED_EDGE('',*,*,#4402,.F.);
#4402 = EDGE_CURVE('',#4403,#4395,#4405,.T.);
#4403 = VERTEX_POINT('',#4404);
#4404 = CARTESIAN_POINT('',(-64.66237665991,-26.69842319099,
    -55.67758945336));
#4405 = ELLIPSE('',#4406,6.081576809004,6.);
#4406 = AXIS2_PLACEMENT_3D('',#4407,#4408,#4409);
#4407 = CARTESIAN_POINT('',(-58.76626344062,-26.69842319099,
    -54.56590203986));
#4408 = DIRECTION('',(-0.185281235583,5.7E-16,0.982685536548));
#4409 = DIRECTION('',(7.304221233374E-16,-1.,7.177611629317E-16));
#4410 = ORIENTED_EDGE('',*,*,#4411,.T.);
#4411 = EDGE_CURVE('',#4403,#4412,#4414,.T.);
#4412 = VERTEX_POINT('',#4413);
#4413 = CARTESIAN_POINT('',(-64.66237665991,26.698423190996,
    -55.67758945336));
#4414 = LINE('',#4415,#4416);
#4415 = CARTESIAN_POINT('',(-64.66237665991,30.78,-55.67758945336));
#4416 = VECTOR('',#4417,1.);
#4417 = DIRECTION('',(0.,1.,-4.4E-16));
#4418 = ORIENTED_EDGE('',*,*,#4419,.F.);
#4419 = EDGE_CURVE('',#3320,#4412,#4420,.T.);
#4420 = ELLIPSE('',#4421,6.081576809004,6.);
#4421 = AXIS2_PLACEMENT_3D('',#4422,#4423,#4424);
#4422 = CARTESIAN_POINT('',(-58.76626344062,26.698423190996,
    -54.56590203986));
#4423 = DIRECTION('',(-0.185281235583,5.7E-16,0.982685536548));
#4424 = DIRECTION('',(9.405116400383E-16,1.,-4.027136113591E-16));
#4425 = ORIENTED_EDGE('',*,*,#3317,.F.);
#4426 = ORIENTED_EDGE('',*,*,#4325,.T.);
#4427 = FACE_BOUND('',#4428,.T.);
#4428 = EDGE_LOOP('',(#4429));
#4429 = ORIENTED_EDGE('',*,*,#4430,.F.);
#4430 = EDGE_CURVE('',#4431,#4431,#4433,.T.);
#4431 = VERTEX_POINT('',#4432);
#4432 = CARTESIAN_POINT('',(75.468265556241,-24.69842319099,
    -29.25654470691));
#4433 = CIRCLE('',#4434,6.5);
#4434 = AXIS2_PLACEMENT_3D('',#4435,#4436,#4437);
#4435 = CARTESIAN_POINT('',(69.080809568678,-24.69842319099,
    -30.4608727382));
#4436 = DIRECTION('',(0.185281235583,0.,-0.982685536548));
#4437 = DIRECTION('',(0.982685536548,-2.775557561563E-17,0.185281235583)
  );
#4438 = FACE_BOUND('',#4439,.T.);
#4439 = EDGE_LOOP('',(#4440));
#4440 = ORIENTED_EDGE('',*,*,#4441,.F.);
#4441 = EDGE_CURVE('',#4442,#4442,#4444,.T.);
#4442 = VERTEX_POINT('',#4443);
#4443 = CARTESIAN_POINT('',(-50.41343637996,-24.69842319099,
    -52.99101153741));
#4444 = CIRCLE('',#4445,6.5);
#4445 = AXIS2_PLACEMENT_3D('',#4446,#4447,#4448);
#4446 = CARTESIAN_POINT('',(-56.80089236753,-24.69842319099,
    -54.1953395687));
#4447 = DIRECTION('',(0.185281235583,0.,-0.982685536548));
#4448 = DIRECTION('',(0.982685536548,-2.775557561563E-17,0.185281235583)
  );
#4449 = FACE_BOUND('',#4450,.T.);
#4450 = EDGE_LOOP('',(#4451));
#4451 = ORIENTED_EDGE('',*,*,#4452,.F.);
#4452 = EDGE_CURVE('',#4453,#4453,#4455,.T.);
#4453 = VERTEX_POINT('',#4454);
#4454 = CARTESIAN_POINT('',(75.468265556241,24.698423190995,
    -29.25654470691));
#4455 = CIRCLE('',#4456,6.5);
#4456 = AXIS2_PLACEMENT_3D('',#4457,#4458,#4459);
#4457 = CARTESIAN_POINT('',(69.080809568678,24.698423190996,
    -30.4608727382));
#4458 = DIRECTION('',(0.185281235583,0.,-0.982685536548));
#4459 = DIRECTION('',(0.982685536548,-2.775557561563E-17,0.185281235583)
  );
#4460 = FACE_BOUND('',#4461,.T.);
#4461 = EDGE_LOOP('',(#4462));
#4462 = ORIENTED_EDGE('',*,*,#4463,.F.);
#4463 = EDGE_CURVE('',#4464,#4464,#4466,.T.);
#4464 = VERTEX_POINT('',#4465);
#4465 = CARTESIAN_POINT('',(-50.41343637996,24.698423190995,
    -52.99101153741));
#4466 = CIRCLE('',#4467,6.5);
#4467 = AXIS2_PLACEMENT_3D('',#4468,#4469,#4470);
#4468 = CARTESIAN_POINT('',(-56.80089236753,24.698423190996,
    -54.1953395687));
#4469 = DIRECTION('',(0.185281235583,0.,-0.982685536548));
#4470 = DIRECTION('',(0.982685536548,-2.775557561563E-17,0.185281235583)
  );
#4471 = PLANE('',#4472);
#4472 = AXIS2_PLACEMENT_3D('',#4473,#4474,#4475);
#4473 = CARTESIAN_POINT('',(6.139958600574,-2.061E-14,-42.32810615345));
#4474 = DIRECTION('',(0.185281235583,-5.7E-16,-0.982685536548));
#4475 = DIRECTION('',(-0.982685536548,-0.,-0.185281235583));
#4476 = ADVANCED_FACE('',(#4477),#4496,.T.);
#4477 = FACE_BOUND('',#4478,.T.);
#4478 = EDGE_LOOP('',(#4479,#4480,#4488,#4495));
#4479 = ORIENTED_EDGE('',*,*,#4419,.T.);
#4480 = ORIENTED_EDGE('',*,*,#4481,.T.);
#4481 = EDGE_CURVE('',#4412,#4482,#4484,.T.);
#4482 = VERTEX_POINT('',#4483);
#4483 = CARTESIAN_POINT('',(-64.97557435612,26.978115829879,
    -54.01646686221));
#4484 = LINE('',#4485,#4486);
#4485 = CARTESIAN_POINT('',(-64.84384950946,26.860482557304,
    -54.715102648));
#4486 = VECTOR('',#4487,1.);
#4487 = DIRECTION('',(-0.182795917639,0.163240896089,0.969504029047));
#4488 = ORIENTED_EDGE('',*,*,#4489,.F.);
#4489 = EDGE_CURVE('',#3335,#4482,#4490,.T.);
#4490 = CIRCLE('',#4491,6.);
#4491 = AXIS2_PLACEMENT_3D('',#4492,#4493,#4494);
#4492 = CARTESIAN_POINT('',(-59.07946113683,26.978115829879,
    -52.90477944871));
#4493 = DIRECTION('',(-0.182795917639,0.163240896089,0.969504029047));
#4494 = DIRECTION('',(3.0245474925E-02,0.986586240449,-0.16041446756));
#4495 = ORIENTED_EDGE('',*,*,#3346,.F.);
#4496 = CYLINDRICAL_SURFACE('',#4497,6.);
#4497 = AXIS2_PLACEMENT_3D('',#4498,#4499,#4500);
#4498 = CARTESIAN_POINT('',(-58.94773629017,26.860482557304,
    -53.6034152345));
#4499 = DIRECTION('',(-0.182795917639,0.163240896089,0.969504029047));
#4500 = DIRECTION('',(3.0245474925E-02,0.986586240449,-0.16041446756));
#4501 = ADVANCED_FACE('',(#4502),#4517,.T.);
#4502 = FACE_BOUND('',#4503,.T.);
#4503 = EDGE_LOOP('',(#4504,#4505,#4515,#4516));
#4504 = ORIENTED_EDGE('',*,*,#4489,.T.);
#4505 = ORIENTED_EDGE('',*,*,#4506,.T.);
#4506 = EDGE_CURVE('',#4482,#3361,#4507,.T.);
#4507 = ( BOUNDED_CURVE() B_SPLINE_CURVE(6,(#4508,#4509,#4510,#4511,
#4512,#4513,#4514),.UNSPECIFIED.,.F.,.F.) B_SPLINE_CURVE_WITH_KNOTS((7,7
),(0.72061153419,1.843873300197),.PIECEWISE_BEZIER_KNOTS.) CURVE() 
GEOMETRIC_REPRESENTATION_ITEM() RATIONAL_B_SPLINE_CURVE((1.,1.,1.,1.,1.,
1.,1.)) REPRESENTATION_ITEM('') );
#4508 = CARTESIAN_POINT('',(-64.97557435612,26.978115829879,
    -54.01646686221));
#4509 = CARTESIAN_POINT('',(-65.00967002872,27.007853184917,
    -53.8356319049));
#4510 = CARTESIAN_POINT('',(-65.04355957694,27.037546069164,
    -53.65504843192));
#4511 = CARTESIAN_POINT('',(-65.07757565414,27.067485727347,
    -53.47287821064));
#4512 = CARTESIAN_POINT('',(-65.110676602,27.096761469943,
    -53.29486349619));
#4513 = CARTESIAN_POINT('',(-65.14504953202,27.12728189396,
    -53.10900110069));
#4514 = CARTESIAN_POINT('',(-65.17781728686,27.156545678583,
    -52.93101971642));
#4515 = ORIENTED_EDGE('',*,*,#3360,.F.);
#4516 = ORIENTED_EDGE('',*,*,#3334,.F.);
#4517 = ( BOUNDED_SURFACE() B_SPLINE_SURFACE(2,6,(
    (#4518,#4519,#4520,#4521,#4522,#4523,#4524)
    ,(#4525,#4526,#4527,#4528,#4529,#4530,#4531)
    ,(#4532,#4533,#4534,#4535,#4536,#4537,#4538
)),.UNSPECIFIED.,.F.,.F.,.F.) B_SPLINE_SURFACE_WITH_KNOTS((3,3),(7,7),(
    0.,1.123261766007),(0.72061153419,1.843873300197),
.PIECEWISE_BEZIER_KNOTS.) GEOMETRIC_REPRESENTATION_ITEM() 
RATIONAL_B_SPLINE_SURFACE((
    (1.,1.,1.,1.,1.,1.,1.)
    ,(0.707106781187,0.707065455633,0.707024249722,0.706982339681
      ,0.706942372642,0.706898740614,0.706859615256)
,(1.,1.,1.,1.,1.,1.,1.))) REPRESENTATION_ITEM('') SURFACE() );
#4518 = CARTESIAN_POINT('',(-58.89798828728,32.897633272576,
    -53.86726625407));
#4519 = CARTESIAN_POINT('',(-58.93206274819,32.928062538198,
    -53.68654379831));
#4520 = CARTESIAN_POINT('',(-58.96593579251,32.958449293629,
    -53.50604481385));
#4521 = CARTESIAN_POINT('',(-58.99948467407,32.988692521033,
    -53.32636744057));
#4522 = CARTESIAN_POINT('',(-59.03352207192,33.019491380519,
    -53.1433649086));
#4523 = CARTESIAN_POINT('',(-59.0671610072,33.050106528973,
    -52.96141711372));
#4524 = CARTESIAN_POINT('',(-59.1001036358,33.080208865637,
    -52.78249194476));
#4525 = CARTESIAN_POINT('',(-64.79410150657,32.897633272573,
    -54.97895366758));
#4526 = CARTESIAN_POINT('',(-64.82886717426,32.928064316701,
    -54.79835059774));
#4527 = CARTESIAN_POINT('',(-64.86347607179,32.958494928547,
    -54.61772062817));
#4528 = CARTESIAN_POINT('',(-64.89793326208,32.988923387869,
    -54.43707529337));
#4529 = CARTESIAN_POINT('',(-64.93222253695,33.019354690899,
    -54.25638080934));
#4530 = CARTESIAN_POINT('',(-64.96637936844,33.049779701961,
    -54.07570005074));
#4531 = CARTESIAN_POINT('',(-65.00034879032,33.080208982606,
    -53.89495769792));
#4532 = CARTESIAN_POINT('',(-64.97557435612,26.978115829879,
    -54.01646686221));
#4533 = CARTESIAN_POINT('',(-65.00967002872,27.007853184917,
    -53.8356319049));
#4534 = CARTESIAN_POINT('',(-65.04355957694,27.037546069164,
    -53.65504843192));
#4535 = CARTESIAN_POINT('',(-65.07757565414,27.067485727347,
    -53.47287821064));
#4536 = CARTESIAN_POINT('',(-65.110676602,27.096761469943,
    -53.29486349619));
#4537 = CARTESIAN_POINT('',(-65.14504953202,27.12728189396,
    -53.10900110069));
#4538 = CARTESIAN_POINT('',(-65.17781728686,27.156545678583,
    -52.93101971642));
#4539 = ADVANCED_FACE('',(#4540,#4653),#4698,.T.);
#4540 = FACE_BOUND('',#4541,.T.);
#4541 = EDGE_LOOP('',(#4542,#4552,#4603,#4618));
#4542 = ORIENTED_EDGE('',*,*,#4543,.T.);
#4543 = EDGE_CURVE('',#4544,#4546,#4548,.T.);
#4544 = VERTEX_POINT('',#4545);
#4545 = CARTESIAN_POINT('',(-67.57318138732,3.2,-37.19862594962));
#4546 = VERTEX_POINT('',#4547);
#4547 = CARTESIAN_POINT('',(-67.57318138732,-3.200000000027,
    -37.19862594962));
#4548 = LINE('',#4549,#4550);
#4549 = CARTESIAN_POINT('',(-67.57318138732,3.2,-37.19862594962));
#4550 = VECTOR('',#4551,1.);
#4551 = DIRECTION('',(0.,-1.,4.4E-16));
#4552 = ORIENTED_EDGE('',*,*,#4553,.T.);
#4553 = EDGE_CURVE('',#4546,#4554,#4556,.T.);
#4554 = VERTEX_POINT('',#4555);
#4555 = CARTESIAN_POINT('',(-65.9548703971,-3.226758342256,
    -48.49198337446));
#4556 = B_SPLINE_CURVE_WITH_KNOTS('',12,(#4557,#4558,#4559,#4560,#4561,
    #4562,#4563,#4564,#4565,#4566,#4567,#4568,#4569,#4570,#4571,#4572,
    #4573,#4574,#4575,#4576,#4577,#4578,#4579,#4580,#4581,#4582,#4583,
    #4584,#4585,#4586,#4587,#4588,#4589,#4590,#4591,#4592,#4593,#4594,
    #4595,#4596,#4597,#4598,#4599,#4600,#4601,#4602),.UNSPECIFIED.,.F.,
  .F.,(13,11,11,11,13),(28.201621853469,32.073309191246,34.718777907284,
    39.287077283274,43.151624032615),.UNSPECIFIED.);
#4557 = CARTESIAN_POINT('',(-67.57318138732,-3.199999999999,
    -37.19862594962));
#4558 = CARTESIAN_POINT('',(-67.57318138732,-3.533139189992,
    -37.19862594961));
#4559 = CARTESIAN_POINT('',(-67.57063174006,-3.866047049857,
    -37.21974736064));
#4560 = CARTESIAN_POINT('',(-67.56553812253,-4.198076540632,
    -37.2619438463));
#4561 = CARTESIAN_POINT('',(-67.55788037404,-4.528561865837,
    -37.32531776367));
#4562 = CARTESIAN_POINT('',(-67.54761535934,-4.856774970737,
    -37.41009710843));
#4563 = CARTESIAN_POINT('',(-67.53467876908,-5.18188823054,
    -37.51661835081));
#4564 = CARTESIAN_POINT('',(-67.51898585182,-5.502943327246,
    -37.64531515502));
#4565 = CARTESIAN_POINT('',(-67.50043108601,-5.81882631555,
    -37.79671299272));
#4566 = CARTESIAN_POINT('',(-67.47888678157,-6.128248877346,
    -37.97142963777));
#4567 = CARTESIAN_POINT('',(-67.454200622,-6.429735765275,
    -38.17018155539));
#4568 = CARTESIAN_POINT('',(-67.42619213721,-6.721618434944,
    -38.39379617419));
#4569 = CARTESIAN_POINT('',(-67.37309453374,-7.193639412453,
    -38.81366465783));
#4570 = CARTESIAN_POINT('',(-67.34985460883,-7.380207820701,
    -38.99643735922));
#4571 = CARTESIAN_POINT('',(-67.32486685238,-7.560827134565,
    -39.19179059666));
#4572 = CARTESIAN_POINT('',(-67.29808814782,-7.734468927602,
    -39.39980031386));
#4573 = CARTESIAN_POINT('',(-67.26948779617,-7.900026892516,
    -39.62042178841));
#4574 = CARTESIAN_POINT('',(-67.23904390882,-8.05634515026,
    -39.85351964487));
#4575 = CARTESIAN_POINT('',(-67.2067421604,-8.202237279145,
    -40.09888205563));
#4576 = CARTESIAN_POINT('',(-67.17257688275,-8.3364960638,
    -40.35621911936));
#4577 = CARTESIAN_POINT('',(-67.13655452119,-8.457893963975,
    -40.62514542834));
#4578 = CARTESIAN_POINT('',(-67.09869943322,-8.565174303358,
    -40.90514681412));
#4579 = CARTESIAN_POINT('',(-67.05906204543,-8.657033178165,
    -41.19553127984));
#4580 = CARTESIAN_POINT('',(-66.94635444826,-8.861706757909,
    -42.01312723791));
#4581 = CARTESIAN_POINT('',(-66.87002938054,-8.940545267934,
    -42.55821665865));
#4582 = CARTESIAN_POINT('',(-66.79157271699,-8.962978624687,
    -43.10959388177));
#4583 = CARTESIAN_POINT('',(-66.70708805909,-8.917958048459,
    -43.69129990565));
#4584 = CARTESIAN_POINT('',(-66.63390608245,-8.821418945637,
    -44.18826269041));
#4585 = CARTESIAN_POINT('',(-66.54438125869,-8.662875279457,
    -44.7848042337));
#4586 = CARTESIAN_POINT('',(-66.47894329031,-8.438161377523,
    -45.21068237939));
#4587 = CARTESIAN_POINT('',(-66.40911977492,-8.22353421628,
    -45.66544569606));
#4588 = CARTESIAN_POINT('',(-66.34583552631,-7.941480194279,
    -46.06957030136));
#4589 = CARTESIAN_POINT('',(-66.28816595448,-7.649176283705,
    -46.43540829393));
#4590 = CARTESIAN_POINT('',(-66.23574180432,-7.333053276925,
    -46.76494362423));
#4591 = CARTESIAN_POINT('',(-66.14907903518,-6.72132616385,
    -47.3058316134));
#4592 = CARTESIAN_POINT('',(-66.11320479737,-6.429439288582,
    -47.52804239978));
#4593 = CARTESIAN_POINT('',(-66.08109929666,-6.127741139335,
    -47.72561356969));
#4594 = CARTESIAN_POINT('',(-66.05276005271,-5.818182871103,
    -47.89904642963));
#4595 = CARTESIAN_POINT('',(-66.02811340853,-5.502429987024,
    -48.04918162177));
#4596 = CARTESIAN_POINT('',(-66.00704365605,-5.181519945229,
    -48.17703620651));
#4597 = CARTESIAN_POINT('',(-65.98949752306,-4.855820394011,
    -48.28318536734));
#4598 = CARTESIAN_POINT('',(-65.97556933669,-4.525431756088,
    -48.36725834005));
#4599 = CARTESIAN_POINT('',(-65.96547215689,-4.191177881737,
    -48.42811816154));
#4600 = CARTESIAN_POINT('',(-65.95930019387,-3.856328491577,
    -48.4652948388));
#4601 = CARTESIAN_POINT('',(-65.95648780754,-3.529197128922,
    -48.48224153542));
#4602 = CARTESIAN_POINT('',(-65.9548703971,-3.226758342256,
    -48.49198337446));
#4603 = ORIENTED_EDGE('',*,*,#4604,.T.);
#4604 = EDGE_CURVE('',#4554,#4605,#4607,.T.);
#4605 = VERTEX_POINT('',#4606);
#4606 = CARTESIAN_POINT('',(-65.9548522871,3.223217841998,-48.4920924528
    ));
#4607 = B_SPLINE_CURVE_WITH_KNOTS('',9,(#4608,#4609,#4610,#4611,#4612,
    #4613,#4614,#4615,#4616,#4617),.UNSPECIFIED.,.F.,.F.,(10,10),(
    43.151624032615,50.355022341592),.PIECEWISE_BEZIER_KNOTS.);
#4608 = CARTESIAN_POINT('',(-65.9548703971,-3.226758342256,
    -48.49198337446));
#4609 = CARTESIAN_POINT('',(-65.95085065823,-2.475109335444,
    -48.51619469906));
#4610 = CARTESIAN_POINT('',(-65.95407672774,-1.769120228554,
    -48.49675285979));
#4611 = CARTESIAN_POINT('',(-65.95457005576,-1.063936515335,
    -48.49380904073));
#4612 = CARTESIAN_POINT('',(-65.95492089506,-0.356943855889,
    -48.4916679295));
#4613 = CARTESIAN_POINT('',(-65.95482977055,0.356932930901,
    -48.49222672763));
#4614 = CARTESIAN_POINT('',(-65.95464949647,1.063985699232,
    -48.49332333588));
#4615 = CARTESIAN_POINT('',(-65.95414158104,1.770354004999,
    -48.49636561367));
#4616 = CARTESIAN_POINT('',(-65.95138900148,2.476769205622,
    -48.51295214346));
#4617 = CARTESIAN_POINT('',(-65.9548522871,3.223217841998,-48.4920924528
    ));
#4618 = ORIENTED_EDGE('',*,*,#4619,.T.);
#4619 = EDGE_CURVE('',#4605,#4544,#4620,.T.);
#4620 = B_SPLINE_CURVE_WITH_KNOTS('',11,(#4621,#4622,#4623,#4624,#4625,
    #4626,#4627,#4628,#4629,#4630,#4631,#4632,#4633,#4634,#4635,#4636,
    #4637,#4638,#4639,#4640,#4641,#4642,#4643,#4644,#4645,#4646,#4647,
    #4648,#4649,#4650,#4651,#4652),.UNSPECIFIED.,.F.,.F.,(12,10,10,12),(
    50.355022341592,56.384430143822,60.237352549163,65.40486555703),
  .UNSPECIFIED.);
#4621 = CARTESIAN_POINT('',(-65.9548522871,3.223217841998,-48.4920924528
    ));
#4622 = CARTESIAN_POINT('',(-65.95722407236,3.73441329513,
    -48.47780697019));
#4623 = CARTESIAN_POINT('',(-65.96265050453,4.340450305174,
    -48.44511521195));
#4624 = CARTESIAN_POINT('',(-65.98566971128,4.909878038338,
    -48.30644705201));
#4625 = CARTESIAN_POINT('',(-66.01719143555,5.429741875404,
    -48.11631117471));
#4626 = CARTESIAN_POINT('',(-66.05492903347,6.014453048277,
    -47.88711492623));
#4627 = CARTESIAN_POINT('',(-66.10970977665,6.504210153015,
    -47.55301938344));
#4628 = CARTESIAN_POINT('',(-66.16989119413,7.026372667131,
    -47.18209222392));
#4629 = CARTESIAN_POINT('',(-66.24635007218,7.495824867979,
    -46.70547986377));
#4630 = CARTESIAN_POINT('',(-66.3320461471,7.91763616471,-46.16229791507
    ));
#4631 = CARTESIAN_POINT('',(-66.42886879647,8.272117788047,
    -45.5365221729));
#4632 = CARTESIAN_POINT('',(-66.60175237262,8.705614957783,
    -44.39367095656));
#4633 = CARTESIAN_POINT('',(-66.67255281105,8.837491961949,
    -43.9198282749));
#4634 = CARTESIAN_POINT('',(-66.7454010016,8.925034881286,
    -43.42542613105));
#4635 = CARTESIAN_POINT('',(-66.81891288462,8.963507877714,
    -42.91877549704));
#4636 = CARTESIAN_POINT('',(-66.89172155707,8.950649640732,
    -42.40867714747));
#4637 = CARTESIAN_POINT('',(-66.96253088174,8.886627942813,
    -41.90418100482));
#4638 = CARTESIAN_POINT('',(-67.03017034358,8.77393761987,-41.4142175626
    ));
#4639 = CARTESIAN_POINT('',(-67.09365114351,8.617241975327,
    -40.94710137647));
#4640 = CARTESIAN_POINT('',(-67.15222353941,8.423157609359,
    -40.50990663377));
#4641 = CARTESIAN_POINT('',(-67.20543542621,8.199982671924,
    -40.10771479238));
#4642 = CARTESIAN_POINT('',(-67.31724316425,7.631976137709,
    -39.25322496528));
#4643 = CARTESIAN_POINT('',(-67.37237295914,7.267237055773,
    -38.82385652102));
#4644 = CARTESIAN_POINT('',(-67.41955625665,6.870845247198,
    -38.45047729524));
#4645 = CARTESIAN_POINT('',(-67.4595541774,6.450024657401,
    -38.12971661245));
#4646 = CARTESIAN_POINT('',(-67.49294502693,6.010891551627,
    -37.85900036873));
#4647 = CARTESIAN_POINT('',(-67.52016719135,5.558290757503,
    -37.63637751299));
#4648 = CARTESIAN_POINT('',(-67.54156183273,5.095946039453,
    -37.46027927598));
#4649 = CARTESIAN_POINT('',(-67.55740306546,4.626764821286,
    -37.32933299069));
#4650 = CARTESIAN_POINT('',(-67.56790329317,4.153137473092,
    -37.24235235059));
#4651 = CARTESIAN_POINT('',(-67.57318138732,3.677071378715,
    -37.19862594962));
#4652 = CARTESIAN_POINT('',(-67.57318138732,3.199999999953,
    -37.19862594962));
#4653 = FACE_BOUND('',#4654,.T.);
#4654 = EDGE_LOOP('',(#4655,#4663,#4675,#4695,#4696,#4697));
#4655 = ORIENTED_EDGE('',*,*,#4656,.F.);
#4656 = EDGE_CURVE('',#4657,#4482,#4659,.T.);
#4657 = VERTEX_POINT('',#4658);
#4658 = CARTESIAN_POINT('',(-64.97557435612,-26.97811582987,
    -54.01646686221));
#4659 = LINE('',#4660,#4661);
#4660 = CARTESIAN_POINT('',(-64.97557435612,-35.58049931062,
    -54.01646686221));
#4661 = VECTOR('',#4662,1.);
#4662 = DIRECTION('',(0.,1.,-4.4E-16));
#4663 = ORIENTED_EDGE('',*,*,#4664,.T.);
#4664 = EDGE_CURVE('',#4657,#4665,#4667,.T.);
#4665 = VERTEX_POINT('',#4666);
#4666 = CARTESIAN_POINT('',(-65.17781728683,-27.1565456794,
    -52.93101971658));
#4667 = ( BOUNDED_CURVE() B_SPLINE_CURVE(6,(#4668,#4669,#4670,#4671,
#4672,#4673,#4674),.UNSPECIFIED.,.F.,.F.) B_SPLINE_CURVE_WITH_KNOTS((7,7
),(0.720611534187,1.843873232777),.PIECEWISE_BEZIER_KNOTS.) CURVE() 
GEOMETRIC_REPRESENTATION_ITEM() RATIONAL_B_SPLINE_CURVE((1.,1.,1.,1.,1.,
1.,1.)) REPRESENTATION_ITEM('') );
#4668 = CARTESIAN_POINT('',(-64.97557435612,-26.97811582987,
    -54.01646686221));
#4669 = CARTESIAN_POINT('',(-65.00967002872,-27.00785318491,
    -53.83563190493));
#4670 = CARTESIAN_POINT('',(-65.04355957453,-27.03754606709,
    -53.65504844527));
#4671 = CARTESIAN_POINT('',(-65.07757566268,-27.06748573468,
    -53.4728781635));
#4672 = CARTESIAN_POINT('',(-65.1106765855,-27.0967614557,
    -53.29486358685));
#4673 = CARTESIAN_POINT('',(-65.14504955818,-27.12728191663,
    -53.10900095826));
#4674 = CARTESIAN_POINT('',(-65.17781728683,-27.1565456794,
    -52.93101971658));
#4675 = ORIENTED_EDGE('',*,*,#4676,.T.);
#4676 = EDGE_CURVE('',#4665,#3467,#4677,.T.);
#4677 = ( BOUNDED_CURVE() B_SPLINE_CURVE(6,(#4678,#4679,#4680,#4681,
    #4682,#4683,#4684,#4685,#4686,#4687,#4688,#4689,#4690,#4691,#4692,
#4693,#4694),.UNSPECIFIED.,.F.,.F.) B_SPLINE_CURVE_WITH_KNOTS((7,5,5,7),
  (1.843873232777,21.527876985064,46.719213425487,46.991581992722),
.UNSPECIFIED.) CURVE() GEOMETRIC_REPRESENTATION_ITEM() 
RATIONAL_B_SPLINE_CURVE((1.,1.,1.,1.,1.,1.,1.,1.,1.,1.,1.,1.,1.,1.,1.,1.
,1.)) REPRESENTATION_ITEM('') );
#4678 = CARTESIAN_POINT('',(-65.17781728683,-27.1565456794,
    -52.93101971658));
#4679 = CARTESIAN_POINT('',(-65.74589080122,-27.66393818358,
    -49.84547146681));
#4680 = CARTESIAN_POINT('',(-66.2703772538,-28.11633947146,
    -46.74272429093));
#4681 = CARTESIAN_POINT('',(-66.7530338461,-28.51564901052,
    -43.60972729978));
#4682 = CARTESIAN_POINT('',(-67.18973886387,-28.85850139176,
    -40.46297113182));
#4683 = CARTESIAN_POINT('',(-67.58081945779,-29.14572421669,
    -37.30045900474));
#4684 = CARTESIAN_POINT('',(-68.36567694962,-29.67248619557,
    -30.06868681907));
#4685 = CARTESIAN_POINT('',(-68.72971259685,-29.87631267001,
    -25.99279653927));
#4686 = CARTESIAN_POINT('',(-69.01567522086,-29.98805113009,
    -21.90946147715));
#4687 = CARTESIAN_POINT('',(-69.2229843743,-30.00853859413,
    -17.82754627386));
#4688 = CARTESIAN_POINT('',(-69.35208267278,-29.93962377278,
    -13.7556487052));
#4689 = CARTESIAN_POINT('',(-69.40474265865,-29.78222548732,
    -9.657253353698));
#4690 = CARTESIAN_POINT('',(-69.4052968906,-29.78053662692,
    -9.613420037945));
#4691 = CARTESIAN_POINT('',(-69.40584200733,-29.77883933971,
    -9.569598429543));
#4692 = CARTESIAN_POINT('',(-69.40637800997,-29.77713176834,
    -9.525788955907));
#4693 = CARTESIAN_POINT('',(-69.40690497853,-29.77541335084,
    -9.481985298349));
#4694 = CARTESIAN_POINT('',(-69.40742307191,-29.77368482062,
    -9.438174392069));
#4695 = ORIENTED_EDGE('',*,*,#3466,.T.);
#4696 = ORIENTED_EDGE('',*,*,#3368,.F.);
#4697 = ORIENTED_EDGE('',*,*,#4506,.F.);
#4698 = CYLINDRICAL_SURFACE('',#4699,257.);
#4699 = AXIS2_PLACEMENT_3D('',#4700,#4701,#4702);
#4700 = CARTESIAN_POINT('',(187.57460853675,-35.58049931062,
    -6.399189317434));
#4701 = DIRECTION('',(0.,1.,-4.4E-16));
#4702 = DIRECTION('',(-0.982685536548,-8.152374365643E-17,
    -0.185281235583));
#4703 = ADVANCED_FACE('',(#4704),#4722,.T.);
#4704 = FACE_BOUND('',#4705,.T.);
#4705 = EDGE_LOOP('',(#4706,#4707,#4715,#4721));
#4706 = ORIENTED_EDGE('',*,*,#3445,.F.);
#4707 = ORIENTED_EDGE('',*,*,#4708,.T.);
#4708 = EDGE_CURVE('',#3446,#4709,#4711,.T.);
#4709 = VERTEX_POINT('',#4710);
#4710 = CARTESIAN_POINT('',(-63.47532663915,-35.71149301867,
    -7.814542756042));
#4711 = ( BOUNDED_CURVE() B_SPLINE_CURVE(2,(#4712,#4713,#4714),
.UNSPECIFIED.,.F.,.F.) B_SPLINE_CURVE_WITH_KNOTS((3,3),(0.,1.29118228509
),.PIECEWISE_BEZIER_KNOTS.) CURVE() GEOMETRIC_REPRESENTATION_ITEM() 
RATIONAL_B_SPLINE_CURVE((1.,0.709995253702,1.)) REPRESENTATION_ITEM('') 
  );
#4712 = CARTESIAN_POINT('',(-69.42249742653,-29.71816448078,
    -8.163459912836));
#4713 = CARTESIAN_POINT('',(-69.42576470683,-35.66282691741,
    -7.887172827831));
#4714 = CARTESIAN_POINT('',(-63.47532663915,-35.71149301867,
    -7.814542756042));
#4715 = ORIENTED_EDGE('',*,*,#4716,.T.);
#4716 = EDGE_CURVE('',#4709,#3497,#4717,.T.);
#4717 = LINE('',#4718,#4719);
#4718 = CARTESIAN_POINT('',(-63.46294556718,-35.76015911992,
    -8.861508420841));
#4719 = VECTOR('',#4720,1.);
#4720 = DIRECTION('',(-1.181209230586E-02,4.642962107417E-02,
    0.998851723111));
#4721 = ORIENTED_EDGE('',*,*,#3533,.F.);
#4722 = CYLINDRICAL_SURFACE('',#4723,6.);
#4723 = AXIS2_PLACEMENT_3D('',#4724,#4725,#4726);
#4724 = CARTESIAN_POINT('',(-63.41053585008,-29.76683058203,
    -9.139476509745));
#4725 = DIRECTION('',(-1.181209230586E-02,4.642962107417E-02,
    0.998851723111));
#4726 = DIRECTION('',(-0.99993008408,1.019150042136E-17,
    -1.182484464838E-02));
#4727 = ADVANCED_FACE('',(#4728),#4754,.T.);
#4728 = FACE_BOUND('',#4729,.T.);
#4729 = EDGE_LOOP('',(#4730,#4738,#4752,#4753));
#4730 = ORIENTED_EDGE('',*,*,#4731,.T.);
#4731 = EDGE_CURVE('',#3467,#4732,#4734,.T.);
#4732 = VERTEX_POINT('',#4733);
#4733 = CARTESIAN_POINT('',(-63.45402767638,-35.76735073912,
    -9.09549789966));
#4734 = ( BOUNDED_CURVE() B_SPLINE_CURVE(2,(#4735,#4736,#4737),
.UNSPECIFIED.,.F.,.F.) B_SPLINE_CURVE_WITH_KNOTS((3,3),(0.,
45.147708759946),.PIECEWISE_BEZIER_KNOTS.) CURVE() 
GEOMETRIC_REPRESENTATION_ITEM() RATIONAL_B_SPLINE_CURVE((1.,
0.709634221817,1.)) REPRESENTATION_ITEM('') );
#4735 = CARTESIAN_POINT('',(-69.40742307191,-29.77368482062,
    -9.438174392069));
#4736 = CARTESIAN_POINT('',(-69.41061969675,-35.72473199322,
    -9.167862059216));
#4737 = CARTESIAN_POINT('',(-63.45402767638,-35.76735073912,
    -9.09549789966));
#4738 = ORIENTED_EDGE('',*,*,#4739,.T.);
#4739 = EDGE_CURVE('',#4732,#4709,#4740,.T.);
#4740 = ( BOUNDED_CURVE() B_SPLINE_CURVE(10,(#4741,#4742,#4743,#4744,
    #4745,#4746,#4747,#4748,#4749,#4750,#4751),.UNSPECIFIED.,.F.,.F.) 
B_SPLINE_CURVE_WITH_KNOTS((11,11),(46.991581992722,48.282764277812),
.PIECEWISE_BEZIER_KNOTS.) CURVE() GEOMETRIC_REPRESENTATION_ITEM() 
RATIONAL_B_SPLINE_CURVE((1.,1.,1.,1.,1.,1.,1.,1.,1.,1.,1.)) 
REPRESENTATION_ITEM('') );
#4741 = CARTESIAN_POINT('',(-63.45402767638,-35.76735073912,
    -9.09549789966));
#4742 = CARTESIAN_POINT('',(-63.45615912167,-35.76213555375,
    -8.967324139621));
#4743 = CARTESIAN_POINT('',(-63.45828786822,-35.75684239108,
    -8.839276836969));
#4744 = CARTESIAN_POINT('',(-63.46042126351,-35.75145748862,
    -8.711014610143));
#4745 = CARTESIAN_POINT('',(-63.46254653686,-35.74600459002,
    -8.583127244363));
#4746 = CARTESIAN_POINT('',(-63.46467976703,-35.740454546,
    -8.454882015239));
#4747 = CARTESIAN_POINT('',(-63.46680733388,-35.7348313793,
    -8.326892902409));
#4748 = CARTESIAN_POINT('',(-63.46893807095,-35.7291196396,
    -8.198761018539));
#4749 = CARTESIAN_POINT('',(-63.4710674498,-35.72332730963,
    -8.070692882083));
#4750 = CARTESIAN_POINT('',(-63.47319708845,-35.71745157434,
    -7.942614912616));
#4751 = CARTESIAN_POINT('',(-63.47532663915,-35.71149301867,
    -7.814542756042));
#4752 = ORIENTED_EDGE('',*,*,#4708,.F.);
#4753 = ORIENTED_EDGE('',*,*,#3474,.F.);
#4754 = ( BOUNDED_SURFACE() B_SPLINE_SURFACE(2,10,(
    (#4755,#4756,#4757,#4758,#4759,#4760,#4761,#4762,#4763,#4764,#4765)
    ,(#4766,#4767,#4768,#4769,#4770,#4771,#4772,#4773,#4774,#4775,#4776)
    ,(#4777,#4778,#4779,#4780,#4781,#4782,#4783,#4784,#4785,#4786,#4787
)),.UNSPECIFIED.,.F.,.F.,.F.) B_SPLINE_SURFACE_WITH_KNOTS((3,3),(11,11),
  (0.,1.29118228509),(46.991581992722,48.282764277812),
.PIECEWISE_BEZIER_KNOTS.) GEOMETRIC_REPRESENTATION_ITEM() 
RATIONAL_B_SPLINE_SURFACE((
    (1.,1.,1.,1.,1.,1.,1.,1.,1.,1.,1.)
    ,(0.709634221817,0.709670370813,0.709706447094,0.709742645106
      ,0.709778624383,0.709814820461,0.709850859677,0.709886983949
      ,0.709923070656,0.709959163763,0.709995253702)
,(1.,1.,1.,1.,1.,1.,1.,1.,1.,1.,1.
  ))) REPRESENTATION_ITEM('') SURFACE() );
#4755 = CARTESIAN_POINT('',(-69.40742307191,-29.77368482062,
    -9.438174392069));
#4756 = CARTESIAN_POINT('',(-69.40889663586,-29.7686363969,
    -9.313567179649));
#4757 = CARTESIAN_POINT('',(-69.41037528915,-29.76348622402,
    -9.188529603864));
#4758 = CARTESIAN_POINT('',(-69.41182853994,-29.75836058266,
    -9.065640109248));
#4759 = CARTESIAN_POINT('',(-69.41344039316,-29.75251875368,
    -8.929338908487));
#4760 = CARTESIAN_POINT('',(-69.41491774387,-29.74712661539,
    -8.804411481325));
#4761 = CARTESIAN_POINT('',(-69.41645040022,-29.74143695912,
    -8.674807310213));
#4762 = CARTESIAN_POINT('',(-69.41795447001,-29.73577162068,
    -8.547620469081));
#4763 = CARTESIAN_POINT('',(-69.41946831215,-29.72998814152,
    -8.419607261023));
#4764 = CARTESIAN_POINT('',(-69.42098279853,-29.72411800726,
    -8.291539575055));
#4765 = CARTESIAN_POINT('',(-69.42249742653,-29.71816448078,
    -8.163459912836));
#4766 = CARTESIAN_POINT('',(-69.41061969675,-35.72473199322,
    -9.167862059216));
#4767 = CARTESIAN_POINT('',(-69.41213433996,-35.71891383119,
    -9.039781111033));
#4768 = CARTESIAN_POINT('',(-69.41364895516,-35.71301344196,
    -8.911702531985));
#4769 = CARTESIAN_POINT('',(-69.41516354627,-35.70702917797,
    -8.783625989396));
#4770 = CARTESIAN_POINT('',(-69.41667804987,-35.7009640724,
    -8.655556846689));
#4771 = CARTESIAN_POINT('',(-69.4181925684,-35.69481428516,
    -8.52748644174));
#4772 = CARTESIAN_POINT('',(-69.41970705647,-35.68858286784,
    -8.399418612878));
#4773 = CARTESIAN_POINT('',(-69.42122151037,-35.68226795361,
    -8.271353673641));
#4774 = CARTESIAN_POINT('',(-69.42273593849,-35.67587048146,
    -8.143290913601));
#4775 = CARTESIAN_POINT('',(-69.42425033675,-35.66939011499,
    -8.015230679518));
#4776 = CARTESIAN_POINT('',(-69.42576470683,-35.66282691741,
    -7.887172827831));
#4777 = CARTESIAN_POINT('',(-63.45402767638,-35.76735073912,
    -9.09549789966));
#4778 = CARTESIAN_POINT('',(-63.45615912167,-35.76213555375,
    -8.967324139621));
#4779 = CARTESIAN_POINT('',(-63.45828786822,-35.75684239108,
    -8.839276836969));
#4780 = CARTESIAN_POINT('',(-63.46042126351,-35.75145748862,
    -8.711014610143));
#4781 = CARTESIAN_POINT('',(-63.46254653686,-35.74600459002,
    -8.583127244363));
#4782 = CARTESIAN_POINT('',(-63.46467976703,-35.740454546,
    -8.454882015239));
#4783 = CARTESIAN_POINT('',(-63.46680733388,-35.7348313793,
    -8.326892902409));
#4784 = CARTESIAN_POINT('',(-63.46893807095,-35.7291196396,
    -8.198761018539));
#4785 = CARTESIAN_POINT('',(-63.4710674498,-35.72332730963,
    -8.070692882083));
#4786 = CARTESIAN_POINT('',(-63.47319708845,-35.71745157434,
    -7.942614912616));
#4787 = CARTESIAN_POINT('',(-63.47532663915,-35.71149301867,
    -7.814542756042));
#4788 = ADVANCED_FACE('',(#4789),#4799,.T.);
#4789 = FACE_BOUND('',#4790,.T.);
#4790 = EDGE_LOOP('',(#4791,#4792,#4798));
#4791 = ORIENTED_EDGE('',*,*,#4716,.F.);
#4792 = ORIENTED_EDGE('',*,*,#4793,.F.);
#4793 = EDGE_CURVE('',#3506,#4709,#4794,.T.);
#4794 = LINE('',#4795,#4796);
#4795 = CARTESIAN_POINT('',(68.26846664848,-35.71149301867,
    17.025196807482));
#4796 = VECTOR('',#4797,1.);
#4797 = DIRECTION('',(-0.982685536548,-4.E-17,-0.185281235583));
#4798 = ORIENTED_EDGE('',*,*,#3513,.F.);
#4799 = PLANE('',#4800);
#4800 = AXIS2_PLACEMENT_3D('',#4801,#4802,#4803);
#4801 = CARTESIAN_POINT('',(66.181974712617,-35.18,28.091430476788));
#4802 = DIRECTION('',(-8.734952849304E-03,-0.998888089649,
    4.632801481726E-02));
#4803 = DIRECTION('',(0.185075219459,-4.714429295459E-02,-0.981592878328
    ));
#4804 = ADVANCED_FACE('',(#4805),#4897,.T.);
#4805 = FACE_BOUND('',#4806,.T.);
#4806 = EDGE_LOOP('',(#4807,#4838,#4839,#4840,#4841,#4863,#4871,#4880));
#4807 = ORIENTED_EDGE('',*,*,#4808,.F.);
#4808 = EDGE_CURVE('',#3586,#4809,#4811,.T.);
#4809 = VERTEX_POINT('',#4810);
#4810 = CARTESIAN_POINT('',(65.020010086823,-35.775929322,
    -2.611311862116));
#4811 = B_SPLINE_CURVE_WITH_KNOTS('',7,(#4812,#4813,#4814,#4815,#4816,
    #4817,#4818,#4819,#4820,#4821,#4822,#4823,#4824,#4825,#4826,#4827,
    #4828,#4829,#4830,#4831,#4832,#4833,#4834,#4835,#4836,#4837),
  .UNSPECIFIED.,.F.,.F.,(8,6,6,6,8),(-3.207890054255,-2.286280579183,0.,
    3.02649843176,3.239320570552),.UNSPECIFIED.);
#4812 = CARTESIAN_POINT('',(62.797388573341,-35.93858931945,
    3.363698235371));
#4813 = CARTESIAN_POINT('',(62.843597312462,-35.93661274196,
    3.239462901876));
#4814 = CARTESIAN_POINT('',(62.889700683058,-35.9346406716,
    3.115510858815));
#4815 = CARTESIAN_POINT('',(62.935698685131,-35.93267310838,
    2.991842106186));
#4816 = CARTESIAN_POINT('',(62.98159131868,-35.93071005229,2.86845664399
    ));
#4817 = CARTESIAN_POINT('',(63.027378583705,-35.92875150333,
    2.745354472227));
#4818 = CARTESIAN_POINT('',(63.073060480206,-35.92679746152,
    2.622535590897));
#4819 = CARTESIAN_POINT('',(63.23170087482,-35.92001162317,
    2.196020115564));
#4820 = CARTESIAN_POINT('',(63.344760820687,-35.91461792549,
    1.892050772336));
#4821 = CARTESIAN_POINT('',(63.457816443526,-35.90866687314,
    1.588093051826));
#4822 = CARTESIAN_POINT('',(63.570867341066,-35.90215850549,
    1.284148035545));
#4823 = CARTESIAN_POINT('',(63.683913111054,-35.8950928619,
    0.980216805003));
#4824 = CARTESIAN_POINT('',(63.796953351221,-35.88746998172,
    0.67630044171));
#4825 = CARTESIAN_POINT('',(64.059618531069,-35.86846140335,
    -2.989273442262E-02));
#4826 = CARTESIAN_POINT('',(64.209296180075,-35.85664090503,
    -0.432377672487));
#4827 = CARTESIAN_POINT('',(64.358571948302,-35.8439427396,
    -0.833411492562));
#4828 = CARTESIAN_POINT('',(64.509216316469,-35.82995846051,
    -1.239066497873));
#4829 = CARTESIAN_POINT('',(64.656107720238,-35.81569645041,
    -1.633179900851));
#4830 = CARTESIAN_POINT('',(64.813956615494,-35.79892216342,
    -2.058412422032));
#4831 = CARTESIAN_POINT('',(64.961844713576,-35.7824794098,
    -2.455291609072));
#4832 = CARTESIAN_POINT('',(64.971554133648,-35.78139590248,
    -2.481344816058));
#4833 = CARTESIAN_POINT('',(64.981257079715,-35.78030915127,
    -2.507377134334));
#4834 = CARTESIAN_POINT('',(64.99095384992,-35.7792191369,
    -2.533389280988));
#4835 = CARTESIAN_POINT('',(65.00064474241,-35.77812584008,
    -2.559381973111));
#4836 = CARTESIAN_POINT('',(65.01033005533,-35.77702924154,
    -2.58535592779));
#4837 = CARTESIAN_POINT('',(65.020010086823,-35.775929322,
    -2.611311862116));
#4838 = ORIENTED_EDGE('',*,*,#3585,.F.);
#4839 = ORIENTED_EDGE('',*,*,#4793,.T.);
#4840 = ORIENTED_EDGE('',*,*,#4739,.F.);
#4841 = ORIENTED_EDGE('',*,*,#4842,.F.);
#4842 = EDGE_CURVE('',#4843,#4732,#4845,.T.);
#4843 = VERTEX_POINT('',#4844);
#4844 = CARTESIAN_POINT('',(-59.10010363626,-33.08020886563,
    -52.78249194485));
#4845 = ( BOUNDED_CURVE() B_SPLINE_CURVE(6,(#4846,#4847,#4848,#4849,
    #4850,#4851,#4852,#4853,#4854,#4855,#4856,#4857,#4858,#4859,#4860,
#4861,#4862),.UNSPECIFIED.,.F.,.F.) B_SPLINE_CURVE_WITH_KNOTS((7,5,5,7),
  (1.843873232777,21.527876985064,46.719213425487,46.991581992722),
.UNSPECIFIED.) CURVE() GEOMETRIC_REPRESENTATION_ITEM() 
RATIONAL_B_SPLINE_CURVE((1.,1.,1.,1.,1.,1.,1.,1.,1.,1.,1.,1.,1.,1.,1.,1.
,1.)) REPRESENTATION_ITEM('') );
#4846 = CARTESIAN_POINT('',(-59.10010363626,-33.08020886563,
    -52.78249194485));
#4847 = CARTESIAN_POINT('',(-59.66977807189,-33.60077089493,
    -49.6885389969));
#4848 = CARTESIAN_POINT('',(-60.19951641866,-34.06708110478,
    -46.56453614843));
#4849 = CARTESIAN_POINT('',(-60.68632817463,-34.47675654433,
    -43.42052915201));
#4850 = CARTESIAN_POINT('',(-61.12953555444,-34.82952734771,
    -40.25758315871));
#4851 = CARTESIAN_POINT('',(-61.52772618988,-35.12459652211,
    -37.0810891145));
#4852 = CARTESIAN_POINT('',(-62.33148491775,-35.66574628586,
    -29.81715588141));
#4853 = CARTESIAN_POINT('',(-62.707912758,-35.87498284572,
    -25.72348232098));
#4854 = CARTESIAN_POINT('',(-63.00807433421,-35.98955555195,
    -21.62341441776));
#4855 = CARTESIAN_POINT('',(-63.2312817662,-36.01006868882,
    -17.52355343521));
#4856 = CARTESIAN_POINT('',(-63.37801359667,-35.93887560547,
    -13.43732621989));
#4857 = CARTESIAN_POINT('',(-63.45018625626,-35.77641676346,
    -9.321035609326));
#4858 = CARTESIAN_POINT('',(-63.45097084551,-35.77462883123,
    -9.276006526957));
#4859 = CARTESIAN_POINT('',(-63.45175221847,-35.77281926228,
    -9.230709109393));
#4860 = CARTESIAN_POINT('',(-63.45252181029,-35.77100358347,
    -9.18553992149));
#4861 = CARTESIAN_POINT('',(-63.45327831317,-35.76918426873,
    -9.140560609217));
#4862 = CARTESIAN_POINT('',(-63.45402767638,-35.76735073912,
    -9.09549789966));
#4863 = ORIENTED_EDGE('',*,*,#4864,.F.);
#4864 = EDGE_CURVE('',#4865,#4843,#4867,.T.);
#4865 = VERTEX_POINT('',#4866);
#4866 = CARTESIAN_POINT('',(70.710009030417,-33.08020886563,
    -28.30733975068));
#4867 = LINE('',#4868,#4869);
#4868 = CARTESIAN_POINT('',(76.606122249706,-33.08020886563,
    -27.19565233718));
#4869 = VECTOR('',#4870,1.);
#4870 = DIRECTION('',(-0.982685536548,-4.E-17,-0.185281235583));
#4871 = ORIENTED_EDGE('',*,*,#4872,.F.);
#4872 = EDGE_CURVE('',#4873,#4865,#4875,.T.);
#4873 = VERTEX_POINT('',#4874);
#4874 = CARTESIAN_POINT('',(67.634821082935,-35.16343196138,
    -11.99730863148));
#4875 = CIRCLE('',#4876,213.89338386691);
#4876 = AXIS2_PLACEMENT_3D('',#4877,#4878,#4879);
#4877 = CARTESIAN_POINT('',(64.240702052047,177.94406058062,
    6.004253536883));
#4878 = DIRECTION('',(0.982685536548,1.734723475977E-18,0.185281235583)
  );
#4879 = DIRECTION('',(1.542314830594E-02,-0.996529376619,
    -8.180053808803E-02));
#4880 = ORIENTED_EDGE('',*,*,#4881,.F.);
#4881 = EDGE_CURVE('',#4809,#4873,#4882,.T.);
#4882 = ( BOUNDED_CURVE() B_SPLINE_CURVE(7,(#4883,#4884,#4885,#4886,
    #4887,#4888,#4889,#4890,#4891,#4892,#4893,#4894,#4895,#4896),
.UNSPECIFIED.,.F.,.F.) B_SPLINE_CURVE_WITH_KNOTS((8,6,8),(3.239320570552
,13.499408523372,14.012515012661),.UNSPECIFIED.) CURVE() 
GEOMETRIC_REPRESENTATION_ITEM() RATIONAL_B_SPLINE_CURVE((1.,1.,1.,1.,1.,
1.,1.,1.,1.,1.,1.,1.,1.,1.)) REPRESENTATION_ITEM('') );
#4883 = CARTESIAN_POINT('',(65.020010086823,-35.775929322,
    -2.611311862116));
#4884 = CARTESIAN_POINT('',(65.48668134139,-35.72290254923,
    -3.862639240896));
#4885 = CARTESIAN_POINT('',(65.904627772275,-35.66192078547,
    -5.085712896251));
#4886 = CARTESIAN_POINT('',(66.302794776406,-35.5906300029,
    -6.351891277965));
#4887 = CARTESIAN_POINT('',(66.661782592487,-35.50942179571,
    -7.620206451203));
#4888 = CARTESIAN_POINT('',(66.989150004941,-35.41817275488,
    -8.905573428986));
#4889 = CARTESIAN_POINT('',(67.280272558582,-35.31776136879,
    -10.19188254623));
#4890 = CARTESIAN_POINT('',(67.551027037939,-35.20117291809,
    -11.56091933263));
#4891 = CARTESIAN_POINT('',(67.566006083753,-35.19461514363,
    -11.63766098669));
#4892 = CARTESIAN_POINT('',(67.579912499459,-35.18845815744,
    -11.7092959811));
#4893 = CARTESIAN_POINT('',(67.593585042657,-35.1823347312,
    -11.78021681966));
#4894 = CARTESIAN_POINT('',(67.60758741194,-35.17599393538,
    -11.85339642111));
#4895 = CARTESIAN_POINT('',(67.621221100658,-35.16974159026,
    -11.92517771203));
#4896 = CARTESIAN_POINT('',(67.634821082935,-35.16343196138,
    -11.99730863148));
#4897 = CYLINDRICAL_SURFACE('',#4898,213.89338386691);
#4898 = AXIS2_PLACEMENT_3D('',#4899,#4900,#4901);
#4899 = CARTESIAN_POINT('',(70.136815271336,177.94406058062,
    7.11594095038));
#4900 = DIRECTION('',(0.982685536548,4.E-17,0.185281235583));
#4901 = DIRECTION('',(-0.185281235583,2.2E-16,0.982685536548));
#4902 = ADVANCED_FACE('',(#4903),#4914,.T.);
#4903 = FACE_BOUND('',#4904,.T.);
#4904 = EDGE_LOOP('',(#4905,#4906,#4907,#4908));
#4905 = ORIENTED_EDGE('',*,*,#4245,.F.);
#4906 = ORIENTED_EDGE('',*,*,#3704,.F.);
#4907 = ORIENTED_EDGE('',*,*,#4808,.T.);
#4908 = ORIENTED_EDGE('',*,*,#4909,.F.);
#4909 = EDGE_CURVE('',#4246,#4809,#4910,.T.);
#4910 = ( BOUNDED_CURVE() B_SPLINE_CURVE(2,(#4911,#4912,#4913),
.UNSPECIFIED.,.F.,.F.) B_SPLINE_CURVE_WITH_KNOTS((3,3),(0.,
5.525601149735),.PIECEWISE_BEZIER_KNOTS.) CURVE() 
GEOMETRIC_REPRESENTATION_ITEM() RATIONAL_B_SPLINE_CURVE((1.,
0.704639536959,1.)) REPRESENTATION_ITEM('') );
#4911 = CARTESIAN_POINT('',(70.609547634531,-29.77864364818,
    -0.311050082519));
#4912 = CARTESIAN_POINT('',(70.684212846031,-35.81688648287,
    -0.50888043919));
#4913 = CARTESIAN_POINT('',(65.020010086823,-35.775929322,
    -2.611311862116));
#4914 = ( BOUNDED_SURFACE() B_SPLINE_SURFACE(2,7,(
    (#4915,#4916,#4917,#4918,#4919,#4920,#4921,#4922,#4923,#4924,#4925
      ,#4926,#4927,#4928,#4929,#4930,#4931,#4932,#4933,#4934,#4935,#4936
      ,#4937,#4938,#4939,#4940)
    ,(#4941,#4942,#4943,#4944,#4945,#4946,#4947,#4948,#4949,#4950,#4951
      ,#4952,#4953,#4954,#4955,#4956,#4957,#4958,#4959,#4960,#4961,#4962
      ,#4963,#4964,#4965,#4966)
    ,(#4967,#4968,#4969,#4970,#4971,#4972,#4973,#4974,#4975,#4976,#4977
      ,#4978,#4979,#4980,#4981,#4982,#4983,#4984,#4985,#4986,#4987,#4988
      ,#4989,#4990,#4991,#4992
)),.UNSPECIFIED.,.F.,.F.,.F.) B_SPLINE_SURFACE_WITH_KNOTS((3,3),(8,6,6,6
    ,8),(0.,5.525601149735),(-3.207890054255,-2.286280579183,0.,
    3.02649843176,3.239320570552),.UNSPECIFIED.) 
GEOMETRIC_REPRESENTATION_ITEM() RATIONAL_B_SPLINE_SURFACE((
    (1.,1.,1.,1.,1.,1.,1.,1.,1.,1.,1.,1.,1.,1.,1.,1.,1.,1.,1.,1.,1.,1.
      ,1.,1.,1.,1.)
    ,(0.706177420732,0.706214456124,0.706239146385,0.706251491515
      ,0.706251491515,0.706239146385,0.706214456124,0.706085545269
      ,0.705993659046,0.705901762383,0.705809855603,0.705717939026
      ,0.705626012975,0.705412377157,0.705290609596,0.705169231846
      ,0.705046151962,0.704928383252,0.704793231092,0.704682865469
      ,0.704675623901,0.704668391166,0.704661166683,0.704653949874
      ,0.704646740159,0.704639536959)
    ,(1.,1.,1.,1.,1.,1.,1.,1.,1.,1.,1.,1.,1.,1.,1.,1.,1.,1.,1.,1.,1.,1.
,1.,1.,1.,1.))) REPRESENTATION_ITEM('') SURFACE() );
#4915 = CARTESIAN_POINT('',(68.400112036031,-29.93902785839,
    5.542993905458));
#4916 = CARTESIAN_POINT('',(68.448172852499,-29.93698162164,
    5.415653631818));
#4917 = CARTESIAN_POINT('',(68.495708199775,-29.93495775726,
    5.289705623138));
#4918 = CARTESIAN_POINT('',(68.542718077858,-29.93295626525,
    5.165149879418));
#4919 = CARTESIAN_POINT('',(68.58920248675,-29.93097714561,
    5.041986400659));
#4920 = CARTESIAN_POINT('',(68.635161426449,-29.92902039835,
    4.920215186861));
#4921 = CARTESIAN_POINT('',(68.680594896956,-29.92708602345,
    4.799836238023));
#4922 = CARTESIAN_POINT('',(68.836908318931,-29.92043082506,
    4.385673612611));
#4923 = CARTESIAN_POINT('',(68.948309610483,-29.9151458503,
    4.090508611416));
#4924 = CARTESIAN_POINT('',(69.059706417899,-29.90931913564,
    3.795355491246));
#4925 = CARTESIAN_POINT('',(69.171098386132,-29.90295072009,
    3.500215192789));
#4926 = CARTESIAN_POINT('',(69.28248516016,-29.89604064265,
    3.205088656732));
#4927 = CARTESIAN_POINT('',(69.39386638494,-29.88858894231,
    2.909976823761));
#4928 = CARTESIAN_POINT('',(69.652676467345,-29.87001442743,
    2.224242599168));
#4929 = CARTESIAN_POINT('',(69.800098016785,-29.85848412158,
    1.83363957105));
#4930 = CARTESIAN_POINT('',(69.94752530475,-29.84600598715,
    1.443021338345));
#4931 = CARTESIAN_POINT('',(70.094892253568,-29.83257106614,
    1.052562978141));
#4932 = CARTESIAN_POINT('',(70.242333459338,-29.81822176174,0.6619078693
    ));
#4933 = CARTESIAN_POINT('',(70.389653464425,-29.80278877836,
    0.271573889582));
#4934 = CARTESIAN_POINT('',(70.547365776881,-29.78554112281,
    -0.146295187566));
#4935 = CARTESIAN_POINT('',(70.55772796988,-29.78440328084,
    -0.173750495005));
#4936 = CARTESIAN_POINT('',(70.568090727782,-29.78326075394,
    -0.201207299195));
#4937 = CARTESIAN_POINT('',(70.578454061894,-29.78211353466,
    -0.228665630088));
#4938 = CARTESIAN_POINT('',(70.588817983519,-29.78096161556,
    -0.256125517638));
#4939 = CARTESIAN_POINT('',(70.599182503963,-29.77980498921,
    -0.283586991797));
#4940 = CARTESIAN_POINT('',(70.609547634531,-29.77864364818,
    -0.311050082519));
#4941 = CARTESIAN_POINT('',(68.42152383854,-35.9499442585,5.486261935612
    ));
#4942 = CARTESIAN_POINT('',(68.468343709488,-35.94860700646,
    5.362209628213));
#4943 = CARTESIAN_POINT('',(68.51504864027,-35.94727303729,
    5.238461862295));
#4944 = CARTESIAN_POINT('',(68.561641092118,-35.9459422807,
    5.115012116663));
#4945 = CARTESIAN_POINT('',(68.60812351421,-35.94461466675,4.99185390206
    ));
#4946 = CARTESIAN_POINT('',(68.654498344098,-35.9432901258,
    4.868980760031));
#4947 = CARTESIAN_POINT('',(68.700768008134,-35.94196858857,
    4.746386261798));
#4948 = CARTESIAN_POINT('',(68.861484296296,-35.93737826867,
    4.320557954729));
#4949 = CARTESIAN_POINT('',(68.976026636862,-35.93354995232,
    4.017070538933));
#4950 = CARTESIAN_POINT('',(69.09056153534,-35.92916514155,
    3.713602841435));
#4951 = CARTESIAN_POINT('',(69.205088583056,-35.9242239409,
    3.410155945043));
#4952 = CARTESIAN_POINT('',(69.319607370913,-35.91872645496,
    3.106730933685));
#4953 = CARTESIAN_POINT('',(69.434117489394,-35.91267278832,
    2.803328892408));
#4954 = CARTESIAN_POINT('',(69.700236911811,-35.89731064895,
    2.098228093843));
#4955 = CARTESIAN_POINT('',(69.851836004564,-35.88758415602,
    1.69655639175));
#4956 = CARTESIAN_POINT('',(70.00343865456,-35.8768765038,1.294875264509
    ));
#4957 = CARTESIAN_POINT('',(70.154963781247,-35.86521704094,
    0.893399540341));
#4958 = CARTESIAN_POINT('',(70.306585958285,-35.8525227239,
    0.491666674927));
#4959 = CARTESIAN_POINT('',(70.458007862309,-35.83902403647,
    9.04644459503E-02));
#4960 = CARTESIAN_POINT('',(70.620237654999,-35.82322141732,
    -0.339373990259));
#4961 = CARTESIAN_POINT('',(70.630898360331,-35.82217805116,
    -0.367620225634));
#4962 = CARTESIAN_POINT('',(70.641559784217,-35.82112969928,
    -0.395868364862));
#4963 = CARTESIAN_POINT('',(70.652221935667,-35.82007636411,
    -0.424118431818));
#4964 = CARTESIAN_POINT('',(70.662884823726,-35.81901804805,
    -0.452370450468));
#4965 = CARTESIAN_POINT('',(70.673548457475,-35.8179547535,
    -0.480624444874));
#4966 = CARTESIAN_POINT('',(70.684212846031,-35.81688648287,
    -0.50888043919));
#4967 = CARTESIAN_POINT('',(62.797388573341,-35.93858931945,
    3.363698235371));
#4968 = CARTESIAN_POINT('',(62.843597312462,-35.93661274196,
    3.239462901876));
#4969 = CARTESIAN_POINT('',(62.889700683058,-35.9346406716,
    3.115510858815));
#4970 = CARTESIAN_POINT('',(62.935698685131,-35.93267310838,
    2.991842106186));
#4971 = CARTESIAN_POINT('',(62.98159131868,-35.93071005229,2.86845664399
    ));
#4972 = CARTESIAN_POINT('',(63.027378583705,-35.92875150333,
    2.745354472227));
#4973 = CARTESIAN_POINT('',(63.073060480206,-35.92679746152,
    2.622535590897));
#4974 = CARTESIAN_POINT('',(63.23170087482,-35.92001162317,
    2.196020115564));
#4975 = CARTESIAN_POINT('',(63.344760820687,-35.91461792549,
    1.892050772336));
#4976 = CARTESIAN_POINT('',(63.457816443526,-35.90866687314,
    1.588093051826));
#4977 = CARTESIAN_POINT('',(63.570867341066,-35.90215850549,
    1.284148035545));
#4978 = CARTESIAN_POINT('',(63.683913111054,-35.8950928619,
    0.980216805003));
#4979 = CARTESIAN_POINT('',(63.796953351221,-35.88746998172,
    0.67630044171));
#4980 = CARTESIAN_POINT('',(64.059618531069,-35.86846140335,
    -2.989273442262E-02));
#4981 = CARTESIAN_POINT('',(64.209296180075,-35.85664090503,
    -0.432377672487));
#4982 = CARTESIAN_POINT('',(64.358571948302,-35.8439427396,
    -0.833411492562));
#4983 = CARTESIAN_POINT('',(64.509216316469,-35.82995846051,
    -1.239066497873));
#4984 = CARTESIAN_POINT('',(64.656107720238,-35.81569645041,
    -1.633179900851));
#4985 = CARTESIAN_POINT('',(64.813956615494,-35.79892216342,
    -2.058412422032));
#4986 = CARTESIAN_POINT('',(64.961844713576,-35.7824794098,
    -2.455291609072));
#4987 = CARTESIAN_POINT('',(64.971554133648,-35.78139590248,
    -2.481344816058));
#4988 = CARTESIAN_POINT('',(64.981257079715,-35.78030915127,
    -2.507377134334));
#4989 = CARTESIAN_POINT('',(64.99095384992,-35.7792191369,
    -2.533389280988));
#4990 = CARTESIAN_POINT('',(65.00064474241,-35.77812584008,
    -2.559381973111));
#4991 = CARTESIAN_POINT('',(65.01033005533,-35.77702924154,
    -2.58535592779));
#4992 = CARTESIAN_POINT('',(65.020010086823,-35.775929322,
    -2.611311862116));
#4993 = ADVANCED_FACE('',(#4994),#5005,.F.);
#4994 = FACE_BOUND('',#4995,.F.);
#4995 = EDGE_LOOP('',(#4996,#4997,#5003,#5004));
#4996 = ORIENTED_EDGE('',*,*,#4179,.T.);
#4997 = ORIENTED_EDGE('',*,*,#4998,.T.);
#4998 = EDGE_CURVE('',#4171,#4219,#4999,.T.);
#4999 = LINE('',#5000,#5001);
#5000 = CARTESIAN_POINT('',(-61.84332192722,-4.2,-49.04035129173));
#5001 = VECTOR('',#5002,1.);
#5002 = DIRECTION('',(9.436895709314E-15,1.,-4.987129097982E-14));
#5003 = ORIENTED_EDGE('',*,*,#4218,.F.);
#5004 = ORIENTED_EDGE('',*,*,#4147,.T.);
#5005 = PLANE('',#5006);
#5006 = AXIS2_PLACEMENT_3D('',#5007,#5008,#5009);
#5007 = CARTESIAN_POINT('',(-63.80869300031,-4.2,-49.4109137629));
#5008 = DIRECTION('',(-0.185281235583,5.097E-14,0.982685536548));
#5009 = DIRECTION('',(9.39922385773E-15,1.,-5.009588353467E-14));
#5010 = ADVANCED_FACE('',(#5011,#5081),#5087,.T.);
#5011 = FACE_BOUND('',#5012,.T.);
#5012 = EDGE_LOOP('',(#5013,#5023,#5032,#5040,#5049,#5057,#5066,#5074));
#5013 = ORIENTED_EDGE('',*,*,#5014,.F.);
#5014 = EDGE_CURVE('',#5015,#5017,#5019,.T.);
#5015 = VERTEX_POINT('',#5016);
#5016 = CARTESIAN_POINT('',(-62.4732781282,-6.4,-45.69922046747));
#5017 = VERTEX_POINT('',#5018);
#5018 = CARTESIAN_POINT('',(-62.4732781282,6.4,-45.69922046747));
#5019 = LINE('',#5020,#5021);
#5020 = CARTESIAN_POINT('',(-62.4732781282,-6.4,-45.69922046747));
#5021 = VECTOR('',#5022,1.);
#5022 = DIRECTION('',(-3.6E-16,1.,-2.9E-16));
#5023 = ORIENTED_EDGE('',*,*,#5024,.F.);
#5024 = EDGE_CURVE('',#5025,#5015,#5027,.T.);
#5025 = VERTEX_POINT('',#5026);
#5026 = CARTESIAN_POINT('',(-62.73267185801,-7.8,-44.32346071631));
#5027 = CIRCLE('',#5028,1.4);
#5028 = AXIS2_PLACEMENT_3D('',#5029,#5030,#5031);
#5029 = CARTESIAN_POINT('',(-62.73267185801,-6.4,-44.32346071631));
#5030 = DIRECTION('',(0.982685536548,3.6E-16,0.185281235583));
#5031 = DIRECTION('',(1.697563049029E-15,-1.,-7.060459476883E-15));
#5032 = ORIENTED_EDGE('',*,*,#5033,.F.);
#5033 = EDGE_CURVE('',#5034,#5025,#5036,.T.);
#5034 = VERTEX_POINT('',#5035);
#5035 = CARTESIAN_POINT('',(-63.54790929458,-7.8,-39.99964435549));
#5036 = LINE('',#5037,#5038);
#5037 = CARTESIAN_POINT('',(-63.54790929458,-7.8,-39.99964435549));
#5038 = VECTOR('',#5039,1.);
#5039 = DIRECTION('',(0.185281235583,-2.2E-16,-0.982685536548));
#5040 = ORIENTED_EDGE('',*,*,#5041,.F.);
#5041 = EDGE_CURVE('',#5042,#5034,#5044,.T.);
#5042 = VERTEX_POINT('',#5043);
#5043 = CARTESIAN_POINT('',(-63.80730302439,-6.4,-38.62388460433));
#5044 = CIRCLE('',#5045,1.4);
#5045 = AXIS2_PLACEMENT_3D('',#5046,#5047,#5048);
#5046 = CARTESIAN_POINT('',(-63.54790929458,-6.4,-39.99964435549));
#5047 = DIRECTION('',(0.982685536548,3.6E-16,0.185281235583));
#5048 = DIRECTION('',(-0.185281235583,2.96E-15,0.982685536548));
#5049 = ORIENTED_EDGE('',*,*,#5050,.F.);
#5050 = EDGE_CURVE('',#5051,#5042,#5053,.T.);
#5051 = VERTEX_POINT('',#5052);
#5052 = CARTESIAN_POINT('',(-63.80730302439,6.4,-38.62388460433));
#5053 = LINE('',#5054,#5055);
#5054 = CARTESIAN_POINT('',(-63.80730302439,6.4,-38.62388460433));
#5055 = VECTOR('',#5056,1.);
#5056 = DIRECTION('',(3.6E-16,-1.,2.9E-16));
#5057 = ORIENTED_EDGE('',*,*,#5058,.F.);
#5058 = EDGE_CURVE('',#5059,#5051,#5061,.T.);
#5059 = VERTEX_POINT('',#5060);
#5060 = CARTESIAN_POINT('',(-63.54790929458,7.8,-39.99964435549));
#5061 = CIRCLE('',#5062,1.4);
#5062 = AXIS2_PLACEMENT_3D('',#5063,#5064,#5065);
#5063 = CARTESIAN_POINT('',(-63.54790929458,6.4,-39.99964435549));
#5064 = DIRECTION('',(0.982685536548,3.6E-16,0.185281235583));
#5065 = DIRECTION('',(9.893252907222E-16,1.,-7.190127213604E-15));
#5066 = ORIENTED_EDGE('',*,*,#5067,.F.);
#5067 = EDGE_CURVE('',#5068,#5059,#5070,.T.);
#5068 = VERTEX_POINT('',#5069);
#5069 = CARTESIAN_POINT('',(-62.73267185801,7.8,-44.32346071631));
#5070 = LINE('',#5071,#5072);
#5071 = CARTESIAN_POINT('',(-62.73267185801,7.8,-44.32346071631));
#5072 = VECTOR('',#5073,1.);
#5073 = DIRECTION('',(-0.185281235583,2.2E-16,0.982685536548));
#5074 = ORIENTED_EDGE('',*,*,#5075,.F.);
#5075 = EDGE_CURVE('',#5017,#5068,#5076,.T.);
#5076 = CIRCLE('',#5077,1.4);
#5077 = AXIS2_PLACEMENT_3D('',#5078,#5079,#5080);
#5078 = CARTESIAN_POINT('',(-62.73267185801,6.4,-44.32346071631));
#5079 = DIRECTION('',(0.982685536548,3.6E-16,0.185281235583));
#5080 = DIRECTION('',(0.185281235583,0.,-0.982685536548));
#5081 = FACE_BOUND('',#5082,.T.);
#5082 = EDGE_LOOP('',(#5083,#5084,#5085,#5086));
#5083 = ORIENTED_EDGE('',*,*,#4170,.T.);
#5084 = ORIENTED_EDGE('',*,*,#4998,.T.);
#5085 = ORIENTED_EDGE('',*,*,#4226,.T.);
#5086 = ORIENTED_EDGE('',*,*,#4195,.F.);
#5087 = PLANE('',#5088);
#5088 = AXIS2_PLACEMENT_3D('',#5089,#5090,#5091);
#5089 = CARTESIAN_POINT('',(-63.1402905763,-4.989231250363E-12,
    -42.1615525359));
#5090 = DIRECTION('',(0.982685536548,3.6E-16,0.185281235583));
#5091 = DIRECTION('',(-0.185281235583,0.,0.982685536548));
#5092 = ADVANCED_FACE('',(#5093),#5104,.T.);
#5093 = FACE_BOUND('',#5094,.T.);
#5094 = EDGE_LOOP('',(#5095,#5096,#5097,#5103));
#5095 = ORIENTED_EDGE('',*,*,#4909,.T.);
#5096 = ORIENTED_EDGE('',*,*,#4881,.T.);
#5097 = ORIENTED_EDGE('',*,*,#5098,.F.);
#5098 = EDGE_CURVE('',#4293,#4873,#5099,.T.);
#5099 = ( BOUNDED_CURVE() B_SPLINE_CURVE(2,(#5100,#5101,#5102),
.UNSPECIFIED.,.F.,.F.) B_SPLINE_CURVE_WITH_KNOTS((3,3),(0.,
10.773194442109),.PIECEWISE_BEZIER_KNOTS.) CURVE() 
GEOMETRIC_REPRESENTATION_ITEM() RATIONAL_B_SPLINE_CURVE((1.,
0.707106781187,1.)) REPRESENTATION_ITEM('') );
#5100 = CARTESIAN_POINT('',(73.435724652375,-29.1854772807,
    -10.3806529434));
#5101 = CARTESIAN_POINT('',(73.530934302243,-35.16343196137,
    -10.88562121809));
#5102 = CARTESIAN_POINT('',(67.634821082935,-35.16343196138,
    -11.99730863148));
#5103 = ORIENTED_EDGE('',*,*,#4300,.F.);
#5104 = ( BOUNDED_SURFACE() B_SPLINE_SURFACE(2,7,(
    (#5105,#5106,#5107,#5108,#5109,#5110,#5111,#5112,#5113,#5114,#5115
      ,#5116,#5117,#5118)
    ,(#5119,#5120,#5121,#5122,#5123,#5124,#5125,#5126,#5127,#5128,#5129
      ,#5130,#5131,#5132)
    ,(#5133,#5134,#5135,#5136,#5137,#5138,#5139,#5140,#5141,#5142,#5143
      ,#5144,#5145,#5146
)),.UNSPECIFIED.,.F.,.F.,.F.) B_SPLINE_SURFACE_WITH_KNOTS((3,3),(8,6,8),
  (0.,10.773194442109),(3.239320570552,13.499408523372,14.012515012661),
.UNSPECIFIED.) GEOMETRIC_REPRESENTATION_ITEM() RATIONAL_B_SPLINE_SURFACE
((
    (1.,1.,1.,1.,1.,1.,1.,1.,1.,1.,1.,1.,1.,1.)
    ,(0.704639536959,0.704585163944,0.704676326708,0.704862806134
      ,0.705182959208,0.705621033057,0.706180968589,0.706895612126
      ,0.70692995735,0.706964663292,0.706999697298,0.707035050379
      ,0.707070750633,0.707106781187)
,(1.,1.,1.,1.,1.,1.,1.,1.,1.,1.,1.,1.,1.,1.
))) REPRESENTATION_ITEM('') SURFACE() );
#5105 = CARTESIAN_POINT('',(70.609547634531,-29.77864364818,
    -0.311050082519));
#5106 = CARTESIAN_POINT('',(71.109308510623,-29.72760603213,
    -1.635199179283));
#5107 = CARTESIAN_POINT('',(71.574036013554,-29.66757779564,
    -2.976820148942));
#5108 = CARTESIAN_POINT('',(72.003391314538,-29.59784091423,
    -4.33621054749));
#5109 = CARTESIAN_POINT('',(72.395397573266,-29.51859854185,
    -5.709477376083));
#5110 = CARTESIAN_POINT('',(72.749491726222,-29.42972830881,
    -7.094637378771));
#5111 = CARTESIAN_POINT('',(73.064851018026,-29.33133640602,
    -8.489058774311));
#5112 = CARTESIAN_POINT('',(73.354890166267,-29.21827243696,
    -9.959951917031));
#5113 = CARTESIAN_POINT('',(73.368607001045,-29.21286397831,
    -10.0300273979));
#5114 = CARTESIAN_POINT('',(73.382225849298,-29.20743279982,
    -10.10011839377));
#5115 = CARTESIAN_POINT('',(73.395747011376,-29.20197853272,
    -10.17022635473));
#5116 = CARTESIAN_POINT('',(73.409170633118,-29.19650105901,
    -10.24035196508));
#5117 = CARTESIAN_POINT('',(73.422496465208,-29.19100070383,
    -10.31049393262));
#5118 = CARTESIAN_POINT('',(73.435724652375,-29.1854772807,
    -10.3806529434));
#5119 = CARTESIAN_POINT('',(70.684212846031,-35.81688648287,
    -0.50888043919));
#5120 = CARTESIAN_POINT('',(71.19370801558,-35.7653471774,
    -1.872947869781));
#5121 = CARTESIAN_POINT('',(71.666119692411,-35.70200823637,
    -3.255424345778));
#5122 = CARTESIAN_POINT('',(72.100890491645,-35.62700513811,
    -4.656181612876));
#5123 = CARTESIAN_POINT('',(72.496099804144,-35.53989101403,
    -6.071353031926));
#5124 = CARTESIAN_POINT('',(72.851143216843,-35.44078487714,
    -7.4989901414));
#5125 = CARTESIAN_POINT('',(73.165164594229,-35.32973412117,
    -8.93624577374));
#5126 = CARTESIAN_POINT('',(73.451389356089,-35.20084729662,
    -10.45240858503));
#5127 = CARTESIAN_POINT('',(73.464904142168,-35.19468578406,
    -10.52456276067));
#5128 = CARTESIAN_POINT('',(73.478316490754,-35.18849412133,
    -10.59673849164));
#5129 = CARTESIAN_POINT('',(73.491625762814,-35.18227288047,
    -10.6689326342));
#5130 = CARTESIAN_POINT('',(73.504831598965,-35.17602230434,
    -10.74114339037));
#5131 = CARTESIAN_POINT('',(73.517934529118,-35.16974191183,
    -10.81337332474));
#5132 = CARTESIAN_POINT('',(73.530934302243,-35.16343196137,
    -10.88562121809));
#5133 = CARTESIAN_POINT('',(65.020010086823,-35.775929322,
    -2.611311862116));
#5134 = CARTESIAN_POINT('',(65.48668134139,-35.72290254923,
    -3.862639240896));
#5135 = CARTESIAN_POINT('',(65.904627772275,-35.66192078547,
    -5.085712896251));
#5136 = CARTESIAN_POINT('',(66.302794776406,-35.5906300029,
    -6.351891277965));
#5137 = CARTESIAN_POINT('',(66.661782592487,-35.50942179571,
    -7.620206451203));
#5138 = CARTESIAN_POINT('',(66.989150004941,-35.41817275488,
    -8.905573428986));
#5139 = CARTESIAN_POINT('',(67.280272558582,-35.31776136879,
    -10.19188254623));
#5140 = CARTESIAN_POINT('',(67.551027037939,-35.20117291809,
    -11.56091933263));
#5141 = CARTESIAN_POINT('',(67.566006083753,-35.19461514363,
    -11.63766098669));
#5142 = CARTESIAN_POINT('',(67.579912499459,-35.18845815744,
    -11.7092959811));
#5143 = CARTESIAN_POINT('',(67.593585042657,-35.1823347312,
    -11.78021681966));
#5144 = CARTESIAN_POINT('',(67.60758741194,-35.17599393538,
    -11.85339642111));
#5145 = CARTESIAN_POINT('',(67.621221100658,-35.16974159026,
    -11.92517771203));
#5146 = CARTESIAN_POINT('',(67.634821082935,-35.16343196138,
    -11.99730863148));
#5147 = ADVANCED_FACE('',(#5148),#5160,.T.);
#5148 = FACE_BOUND('',#5149,.F.);
#5149 = EDGE_LOOP('',(#5150,#5151,#5152,#5159));
#5150 = ORIENTED_EDGE('',*,*,#5098,.F.);
#5151 = ORIENTED_EDGE('',*,*,#4351,.T.);
#5152 = ORIENTED_EDGE('',*,*,#5153,.T.);
#5153 = EDGE_CURVE('',#4352,#4865,#5154,.T.);
#5154 = CIRCLE('',#5155,6.);
#5155 = AXIS2_PLACEMENT_3D('',#5156,#5157,#5158);
#5156 = CARTESIAN_POINT('',(70.528536180867,-27.16069142294,
    -27.34485294532));
#5157 = DIRECTION('',(0.182795917639,0.163240896089,-0.969504029047));
#5158 = DIRECTION('',(3.0245474925E-02,-0.986586240449,-0.16041446756));
#5159 = ORIENTED_EDGE('',*,*,#4872,.F.);
#5160 = TOROIDAL_SURFACE('',#5161,207.89338386691,6.);
#5161 = AXIS2_PLACEMENT_3D('',#5162,#5163,#5164);
#5162 = CARTESIAN_POINT('',(64.240702052047,177.94406058062,
    6.004253536883));
#5163 = DIRECTION('',(-0.982685536548,-0.,-0.185281235583));
#5164 = DIRECTION('',(1.542314830594E-02,-0.996529376619,
    -8.180053808803E-02));
#5165 = ADVANCED_FACE('',(#5166),#5177,.T.);
#5166 = FACE_BOUND('',#5167,.T.);
#5167 = EDGE_LOOP('',(#5168,#5169,#5175,#5176));
#5168 = ORIENTED_EDGE('',*,*,#5153,.T.);
#5169 = ORIENTED_EDGE('',*,*,#5170,.T.);
#5170 = EDGE_CURVE('',#4865,#4386,#5171,.T.);
#5171 = LINE('',#5172,#5173);
#5172 = CARTESIAN_POINT('',(70.710009030417,-33.08020886563,
    -28.30733975068));
#5173 = VECTOR('',#5174,1.);
#5174 = DIRECTION('',(0.182795917639,0.163240896089,-0.969504029047));
#5175 = ORIENTED_EDGE('',*,*,#4385,.F.);
#5176 = ORIENTED_EDGE('',*,*,#4360,.F.);
#5177 = CYLINDRICAL_SURFACE('',#5178,6.);
#5178 = AXIS2_PLACEMENT_3D('',#5179,#5180,#5181);
#5179 = CARTESIAN_POINT('',(70.528536180867,-27.16069142294,
    -27.34485294532));
#5180 = DIRECTION('',(0.182795917639,0.163240896089,-0.969504029047));
#5181 = DIRECTION('',(0.982685536548,1.040834085586E-17,0.185281235583)
  );
#5182 = ADVANCED_FACE('',(#5183),#5206,.T.);
#5183 = FACE_BOUND('',#5184,.T.);
#5184 = EDGE_LOOP('',(#5185,#5186,#5187,#5188,#5200));
#5185 = ORIENTED_EDGE('',*,*,#4394,.F.);
#5186 = ORIENTED_EDGE('',*,*,#5170,.F.);
#5187 = ORIENTED_EDGE('',*,*,#4864,.T.);
#5188 = ORIENTED_EDGE('',*,*,#5189,.F.);
#5189 = EDGE_CURVE('',#5190,#4843,#5192,.T.);
#5190 = VERTEX_POINT('',#5191);
#5191 = CARTESIAN_POINT('',(-58.89798828728,-32.89763327257,
    -53.86726625407));
#5192 = ( BOUNDED_CURVE() B_SPLINE_CURVE(6,(#5193,#5194,#5195,#5196,
#5197,#5198,#5199),.UNSPECIFIED.,.F.,.F.) B_SPLINE_CURVE_WITH_KNOTS((7,7
),(0.720611534187,1.843873232777),.PIECEWISE_BEZIER_KNOTS.) CURVE() 
GEOMETRIC_REPRESENTATION_ITEM() RATIONAL_B_SPLINE_CURVE((1.,1.,1.,1.,1.,
1.,1.)) REPRESENTATION_ITEM('') );
#5193 = CARTESIAN_POINT('',(-58.89798828728,-32.89763327258,
    -53.86726625405));
#5194 = CARTESIAN_POINT('',(-58.93206274816,-32.92806253816,
    -53.68654379849));
#5195 = CARTESIAN_POINT('',(-58.96593579352,-32.95844929449,
    -53.50604480873));
#5196 = CARTESIAN_POINT('',(-58.99948467112,-32.98869251855,
    -53.32636745524));
#5197 = CARTESIAN_POINT('',(-59.03352207727,-33.01949138496,
    -53.14336488228));
#5198 = CARTESIAN_POINT('',(-59.06716099874,-33.05010652191,
    -52.96141715555));
#5199 = CARTESIAN_POINT('',(-59.10010363626,-33.08020886563,
    -52.78249194485));
#5200 = ORIENTED_EDGE('',*,*,#5201,.F.);
#5201 = EDGE_CURVE('',#4395,#5190,#5202,.T.);
#5202 = LINE('',#5203,#5204);
#5203 = CARTESIAN_POINT('',(-58.76626344062,-32.78,-54.56590203986));
#5204 = VECTOR('',#5205,1.);
#5205 = DIRECTION('',(-0.182795917639,-0.163240896089,0.969504029047));
#5206 = PLANE('',#5207);
#5207 = AXIS2_PLACEMENT_3D('',#5208,#5209,#5210);
#5208 = CARTESIAN_POINT('',(76.606122249706,-33.08020886563,
    -27.19565233718));
#5209 = DIRECTION('',(3.0245474925E-02,-0.986586240449,-0.16041446756));
#5210 = DIRECTION('',(0.182795917639,0.163240896089,-0.969504029047));
#5211 = ADVANCED_FACE('',(#5212),#5229,.T.);
#5212 = FACE_BOUND('',#5213,.T.);
#5213 = EDGE_LOOP('',(#5214,#5215,#5216,#5223));
#5214 = ORIENTED_EDGE('',*,*,#4402,.T.);
#5215 = ORIENTED_EDGE('',*,*,#5201,.T.);
#5216 = ORIENTED_EDGE('',*,*,#5217,.F.);
#5217 = EDGE_CURVE('',#4657,#5190,#5218,.T.);
#5218 = CIRCLE('',#5219,6.);
#5219 = AXIS2_PLACEMENT_3D('',#5220,#5221,#5222);
#5220 = CARTESIAN_POINT('',(-59.07946113683,-26.97811582987,
    -52.90477944871));
#5221 = DIRECTION('',(-0.182795917639,-0.163240896089,0.969504029047));
#5222 = DIRECTION('',(-0.982685536548,-1.040834085586E-17,
    -0.185281235583));
#5223 = ORIENTED_EDGE('',*,*,#5224,.F.);
#5224 = EDGE_CURVE('',#4403,#4657,#5225,.T.);
#5225 = LINE('',#5226,#5227);
#5226 = CARTESIAN_POINT('',(-64.84384950946,-26.8604825573,-54.715102648
    ));
#5227 = VECTOR('',#5228,1.);
#5228 = DIRECTION('',(-0.182795917639,-0.163240896089,0.969504029047));
#5229 = CYLINDRICAL_SURFACE('',#5230,6.);
#5230 = AXIS2_PLACEMENT_3D('',#5231,#5232,#5233);
#5231 = CARTESIAN_POINT('',(-58.94773629017,-26.8604825573,
    -53.6034152345));
#5232 = DIRECTION('',(-0.182795917639,-0.163240896089,0.969504029047));
#5233 = DIRECTION('',(-0.982685536548,-1.040834085586E-17,
    -0.185281235583));
#5234 = ADVANCED_FACE('',(#5235),#5241,.T.);
#5235 = FACE_BOUND('',#5236,.T.);
#5236 = EDGE_LOOP('',(#5237,#5238,#5239,#5240));
#5237 = ORIENTED_EDGE('',*,*,#4656,.T.);
#5238 = ORIENTED_EDGE('',*,*,#4481,.F.);
#5239 = ORIENTED_EDGE('',*,*,#4411,.F.);
#5240 = ORIENTED_EDGE('',*,*,#5224,.T.);
#5241 = PLANE('',#5242);
#5242 = AXIS2_PLACEMENT_3D('',#5243,#5244,#5245);
#5243 = CARTESIAN_POINT('',(-66.96845495248,-9.62E-15,-43.44672442738));
#5244 = DIRECTION('',(-0.982685536548,0.,-0.185281235583));
#5245 = DIRECTION('',(0.185281235583,0.,-0.982685536548));
#5246 = ADVANCED_FACE('',(#5247),#5266,.F.);
#5247 = FACE_BOUND('',#5248,.F.);
#5248 = EDGE_LOOP('',(#5249,#5257,#5264,#5265));
#5249 = ORIENTED_EDGE('',*,*,#5250,.T.);
#5250 = EDGE_CURVE('',#4431,#5251,#5253,.T.);
#5251 = VERTEX_POINT('',#5252);
#5252 = CARTESIAN_POINT('',(75.394153062008,-24.69842319099,
    -28.8634704923));
#5253 = LINE('',#5254,#5255);
#5254 = CARTESIAN_POINT('',(75.468265556241,-24.69842319099,
    -29.25654470691));
#5255 = VECTOR('',#5256,1.);
#5256 = DIRECTION('',(-0.185281235583,2.2E-16,0.982685536548));
#5257 = ORIENTED_EDGE('',*,*,#5258,.T.);
#5258 = EDGE_CURVE('',#5251,#5251,#5259,.T.);
#5259 = CIRCLE('',#5260,6.5);
#5260 = AXIS2_PLACEMENT_3D('',#5261,#5262,#5263);
#5261 = CARTESIAN_POINT('',(69.006697074445,-24.69842319099,
    -30.06779852358));
#5262 = DIRECTION('',(0.185281235583,0.,-0.982685536548));
#5263 = DIRECTION('',(0.982685536548,-2.775557561563E-17,0.185281235583)
  );
#5264 = ORIENTED_EDGE('',*,*,#5250,.F.);
#5265 = ORIENTED_EDGE('',*,*,#4430,.F.);
#5266 = CYLINDRICAL_SURFACE('',#5267,6.5);
#5267 = AXIS2_PLACEMENT_3D('',#5268,#5269,#5270);
#5268 = CARTESIAN_POINT('',(69.080809568678,-24.69842319099,
    -30.4608727382));
#5269 = DIRECTION('',(0.185281235583,-2.2E-16,-0.982685536548));
#5270 = DIRECTION('',(0.982685536548,4.E-17,0.185281235583));
#5271 = ADVANCED_FACE('',(#5272),#5291,.F.);
#5272 = FACE_BOUND('',#5273,.F.);
#5273 = EDGE_LOOP('',(#5274,#5282,#5289,#5290));
#5274 = ORIENTED_EDGE('',*,*,#5275,.T.);
#5275 = EDGE_CURVE('',#4442,#5276,#5278,.T.);
#5276 = VERTEX_POINT('',#5277);
#5277 = CARTESIAN_POINT('',(-50.4875488742,-24.69842319099,
    -52.59793732279));
#5278 = LINE('',#5279,#5280);
#5279 = CARTESIAN_POINT('',(-50.41343637996,-24.69842319099,
    -52.99101153741));
#5280 = VECTOR('',#5281,1.);
#5281 = DIRECTION('',(-0.185281235583,2.2E-16,0.982685536548));
#5282 = ORIENTED_EDGE('',*,*,#5283,.T.);
#5283 = EDGE_CURVE('',#5276,#5276,#5284,.T.);
#5284 = CIRCLE('',#5285,6.5);
#5285 = AXIS2_PLACEMENT_3D('',#5286,#5287,#5288);
#5286 = CARTESIAN_POINT('',(-56.87500486176,-24.69842319099,
    -53.80226535408));
#5287 = DIRECTION('',(0.185281235583,0.,-0.982685536548));
#5288 = DIRECTION('',(0.982685536548,-2.775557561563E-17,0.185281235583)
  );
#5289 = ORIENTED_EDGE('',*,*,#5275,.F.);
#5290 = ORIENTED_EDGE('',*,*,#4441,.F.);
#5291 = CYLINDRICAL_SURFACE('',#5292,6.5);
#5292 = AXIS2_PLACEMENT_3D('',#5293,#5294,#5295);
#5293 = CARTESIAN_POINT('',(-56.80089236753,-24.69842319099,
    -54.1953395687));
#5294 = DIRECTION('',(0.185281235583,-2.2E-16,-0.982685536548));
#5295 = DIRECTION('',(0.982685536548,4.E-17,0.185281235583));
#5296 = ADVANCED_FACE('',(#5297),#5316,.F.);
#5297 = FACE_BOUND('',#5298,.F.);
#5298 = EDGE_LOOP('',(#5299,#5307,#5314,#5315));
#5299 = ORIENTED_EDGE('',*,*,#5300,.T.);
#5300 = EDGE_CURVE('',#4453,#5301,#5303,.T.);
#5301 = VERTEX_POINT('',#5302);
#5302 = CARTESIAN_POINT('',(75.394153062008,24.698423190996,
    -28.8634704923));
#5303 = LINE('',#5304,#5305);
#5304 = CARTESIAN_POINT('',(75.468265556241,24.698423190995,
    -29.25654470691));
#5305 = VECTOR('',#5306,1.);
#5306 = DIRECTION('',(-0.185281235583,2.2E-16,0.982685536548));
#5307 = ORIENTED_EDGE('',*,*,#5308,.T.);
#5308 = EDGE_CURVE('',#5301,#5301,#5309,.T.);
#5309 = CIRCLE('',#5310,6.5);
#5310 = AXIS2_PLACEMENT_3D('',#5311,#5312,#5313);
#5311 = CARTESIAN_POINT('',(69.006697074445,24.698423190996,
    -30.06779852358));
#5312 = DIRECTION('',(0.185281235583,0.,-0.982685536548));
#5313 = DIRECTION('',(0.982685536548,-2.775557561563E-17,0.185281235583)
  );
#5314 = ORIENTED_EDGE('',*,*,#5300,.F.);
#5315 = ORIENTED_EDGE('',*,*,#4452,.F.);
#5316 = CYLINDRICAL_SURFACE('',#5317,6.5);
#5317 = AXIS2_PLACEMENT_3D('',#5318,#5319,#5320);
#5318 = CARTESIAN_POINT('',(69.080809568678,24.698423190995,
    -30.4608727382));
#5319 = DIRECTION('',(0.185281235583,-2.2E-16,-0.982685536548));
#5320 = DIRECTION('',(0.982685536548,4.E-17,0.185281235583));
#5321 = ADVANCED_FACE('',(#5322),#5341,.F.);
#5322 = FACE_BOUND('',#5323,.F.);
#5323 = EDGE_LOOP('',(#5324,#5332,#5339,#5340));
#5324 = ORIENTED_EDGE('',*,*,#5325,.T.);
#5325 = EDGE_CURVE('',#4464,#5326,#5328,.T.);
#5326 = VERTEX_POINT('',#5327);
#5327 = CARTESIAN_POINT('',(-50.4875488742,24.698423190996,
    -52.59793732279));
#5328 = LINE('',#5329,#5330);
#5329 = CARTESIAN_POINT('',(-50.41343637996,24.698423190995,
    -52.99101153741));
#5330 = VECTOR('',#5331,1.);
#5331 = DIRECTION('',(-0.185281235583,2.2E-16,0.982685536548));
#5332 = ORIENTED_EDGE('',*,*,#5333,.T.);
#5333 = EDGE_CURVE('',#5326,#5326,#5334,.T.);
#5334 = CIRCLE('',#5335,6.5);
#5335 = AXIS2_PLACEMENT_3D('',#5336,#5337,#5338);
#5336 = CARTESIAN_POINT('',(-56.87500486176,24.698423190996,
    -53.80226535408));
#5337 = DIRECTION('',(0.185281235583,0.,-0.982685536548));
#5338 = DIRECTION('',(0.982685536548,-2.775557561563E-17,0.185281235583)
  );
#5339 = ORIENTED_EDGE('',*,*,#5325,.F.);
#5340 = ORIENTED_EDGE('',*,*,#4463,.F.);
#5341 = CYLINDRICAL_SURFACE('',#5342,6.5);
#5342 = AXIS2_PLACEMENT_3D('',#5343,#5344,#5345);
#5343 = CARTESIAN_POINT('',(-56.80089236753,24.698423190995,
    -54.1953395687));
#5344 = DIRECTION('',(0.185281235583,-2.2E-16,-0.982685536548));
#5345 = DIRECTION('',(0.982685536548,4.E-17,0.185281235583));
#5346 = ADVANCED_FACE('',(#5347),#5372,.T.);
#5347 = FACE_BOUND('',#5348,.T.);
#5348 = EDGE_LOOP('',(#5349,#5357,#5365,#5371));
#5349 = ORIENTED_EDGE('',*,*,#5350,.F.);
#5350 = EDGE_CURVE('',#5351,#4544,#5353,.T.);
#5351 = VERTEX_POINT('',#5352);
#5352 = CARTESIAN_POINT('',(-66.68992317906,3.2,-37.84448514486));
#5353 = LINE('',#5354,#5355);
#5354 = CARTESIAN_POINT('',(-66.68992317906,3.2,-37.84448514486));
#5355 = VECTOR('',#5356,1.);
#5356 = DIRECTION('',(-0.807216387506,2.6E-16,0.59025562576));
#5357 = ORIENTED_EDGE('',*,*,#5358,.T.);
#5358 = EDGE_CURVE('',#5351,#5359,#5361,.T.);
#5359 = VERTEX_POINT('',#5360);
#5360 = CARTESIAN_POINT('',(-66.68992317906,-3.200000000027,
    -37.84448514486));
#5361 = LINE('',#5362,#5363);
#5362 = CARTESIAN_POINT('',(-66.68992317906,3.2,-37.84448514486));
#5363 = VECTOR('',#5364,1.);
#5364 = DIRECTION('',(0.,-1.,4.4E-16));
#5365 = ORIENTED_EDGE('',*,*,#5366,.T.);
#5366 = EDGE_CURVE('',#5359,#4546,#5367,.T.);
#5367 = LINE('',#5368,#5369);
#5368 = CARTESIAN_POINT('',(-66.68992317906,-3.200000000027,
    -37.84448514486));
#5369 = VECTOR('',#5370,1.);
#5370 = DIRECTION('',(-0.807216387506,2.6E-16,0.59025562576));
#5371 = ORIENTED_EDGE('',*,*,#4543,.F.);
#5372 = PLANE('',#5373);
#5373 = AXIS2_PLACEMENT_3D('',#5374,#5375,#5376);
#5374 = CARTESIAN_POINT('',(-66.68992317906,3.2,-37.84448514486));
#5375 = DIRECTION('',(-0.59025562576,-3.6E-16,-0.807216387506));
#5376 = DIRECTION('',(2.847859143808E-18,-1.,4.438946491484E-16));
#5377 = ADVANCED_FACE('',(#5378),#5424,.F.);
#5378 = FACE_BOUND('',#5379,.F.);
#5379 = EDGE_LOOP('',(#5380,#5387,#5388,#5389));
#5380 = ORIENTED_EDGE('',*,*,#5381,.T.);
#5381 = EDGE_CURVE('',#5382,#4605,#5384,.T.);
#5382 = VERTEX_POINT('',#5383);
#5383 = CARTESIAN_POINT('',(-65.2984495484,3.200000000081,
    -47.55480008439));
#5384 = B_SPLINE_CURVE_WITH_KNOTS('',1,(#5385,#5386),.UNSPECIFIED.,.F.,
  .F.,(2,2),(0.,7.203398308977),.PIECEWISE_BEZIER_KNOTS.);
#5385 = CARTESIAN_POINT('',(-65.2984495484,3.200000000081,
    -47.55480008439));
#5386 = CARTESIAN_POINT('',(-65.9548522871,3.223217841998,-48.4920924528
    ));
#5387 = ORIENTED_EDGE('',*,*,#4619,.T.);
#5388 = ORIENTED_EDGE('',*,*,#5350,.F.);
#5389 = ORIENTED_EDGE('',*,*,#5390,.F.);
#5390 = EDGE_CURVE('',#5382,#5351,#5391,.T.);
#5391 = B_SPLINE_CURVE_WITH_KNOTS('',11,(#5392,#5393,#5394,#5395,#5396,
    #5397,#5398,#5399,#5400,#5401,#5402,#5403,#5404,#5405,#5406,#5407,
    #5408,#5409,#5410,#5411,#5412,#5413,#5414,#5415,#5416,#5417,#5418,
    #5419,#5420,#5421,#5422,#5423),.UNSPECIFIED.,.F.,.F.,(12,10,10,12),(
    50.355022341592,56.384430143822,60.237352549163,65.40486555703),
  .UNSPECIFIED.);
#5392 = CARTESIAN_POINT('',(-65.2984495484,3.200000000081,
    -47.55480008439));
#5393 = CARTESIAN_POINT('',(-65.29811186846,3.686789361554,
    -47.55473641624));
#5394 = CARTESIAN_POINT('',(-65.30731074688,4.171211075648,
    -47.50271667136));
#5395 = CARTESIAN_POINT('',(-65.32387089736,4.653429109586,
    -47.39563009278));
#5396 = CARTESIAN_POINT('',(-65.34892326737,5.117758326481,
    -47.24847218274));
#5397 = CARTESIAN_POINT('',(-65.3847696651,5.611302988045,
    -47.01799255577));
#5398 = CARTESIAN_POINT('',(-65.4262718515,6.021026535919,
    -46.76854780881));
#5399 = CARTESIAN_POINT('',(-65.47892387439,6.482789962655,
    -46.43232401318));
#5400 = CARTESIAN_POINT('',(-65.54274905013,6.877706193031,
    -46.03112967322));
#5401 = CARTESIAN_POINT('',(-65.61454065226,7.242313355889,
    -45.56887004203));
#5402 = CARTESIAN_POINT('',(-65.69639915138,7.548056251968,
    -45.03408169194));
#5403 = CARTESIAN_POINT('',(-65.84277307778,7.924377119112,
    -44.05873402726));
#5404 = CARTESIAN_POINT('',(-65.90292047514,8.039684172343,
    -43.65363947559));
#5405 = CARTESIAN_POINT('',(-65.96496465095,8.117693626693,
    -43.23080497478));
#5406 = CARTESIAN_POINT('',(-66.02777223381,8.154025097529,
    -42.79714569097));
#5407 = CARTESIAN_POINT('',(-66.09023190896,8.146306638765,
    -42.35984183254));
#5408 = CARTESIAN_POINT('',(-66.15125622435,8.094434570265,
    -41.92646348447));
#5409 = CARTESIAN_POINT('',(-66.2098121415,8.000589002169,
    -41.50478430353));
#5410 = CARTESIAN_POINT('',(-66.26498032232,7.869005054332,
    -41.10228406577));
#5411 = CARTESIAN_POINT('',(-66.31604316098,7.705499772805,
    -40.72534007548));
#5412 = CARTESIAN_POINT('',(-66.3626015532,7.516754741675,
    -40.37810742748));
#5413 = CARTESIAN_POINT('',(-66.46120992652,7.031190469441,
    -39.63590402733));
#5414 = CARTESIAN_POINT('',(-66.50970936634,6.718990422527,
    -39.26497879702));
#5415 = CARTESIAN_POINT('',(-66.55162811994,6.379217117995,
    -38.94040636066));
#5416 = CARTESIAN_POINT('',(-66.58749084848,6.017288006263,
    -38.65989599311));
#5417 = CARTESIAN_POINT('',(-66.61754763326,5.638129271177,
    -38.42273538323));
#5418 = CARTESIAN_POINT('',(-66.64205358155,5.24622616904,
    -38.22794781629));
#5419 = CARTESIAN_POINT('',(-66.66131941974,4.845405293826,
    -38.07397378587));
#5420 = CARTESIAN_POINT('',(-66.67563460933,4.438584507135,
    -37.95920735047));
#5421 = CARTESIAN_POINT('',(-66.68516451765,4.027726270118,
    -37.88271754245));
#5422 = CARTESIAN_POINT('',(-66.68992317906,3.614230115905,
    -37.84448514486));
#5423 = CARTESIAN_POINT('',(-66.68992317906,3.2,-37.84448514486));
#5424 = B_SPLINE_SURFACE_WITH_KNOTS('',1,11,(
    (#5425,#5426,#5427,#5428,#5429,#5430,#5431,#5432,#5433,#5434,#5435
      ,#5436,#5437,#5438,#5439,#5440,#5441,#5442,#5443,#5444,#5445,#5446
      ,#5447,#5448,#5449,#5450,#5451,#5452,#5453,#5454,#5455,#5456)
    ,(#5457,#5458,#5459,#5460,#5461,#5462,#5463,#5464,#5465,#5466,#5467
      ,#5468,#5469,#5470,#5471,#5472,#5473,#5474,#5475,#5476,#5477,#5478
      ,#5479,#5480,#5481,#5482,#5483,#5484,#5485,#5486,#5487,#5488
  )),.UNSPECIFIED.,.F.,.F.,.F.,(2,2),(12,10,10,12),(0.,15.049843215438),
  (50.355022341592,56.384430143822,60.237352549163,65.40486555703),
  .UNSPECIFIED.);
#5425 = CARTESIAN_POINT('',(-65.2984495484,3.200000000081,
    -47.55480008439));
#5426 = CARTESIAN_POINT('',(-65.29811186846,3.686789361554,
    -47.55473641624));
#5427 = CARTESIAN_POINT('',(-65.30731074688,4.171211075648,
    -47.50271667136));
#5428 = CARTESIAN_POINT('',(-65.32387089736,4.653429109586,
    -47.39563009278));
#5429 = CARTESIAN_POINT('',(-65.34892326737,5.117758326481,
    -47.24847218274));
#5430 = CARTESIAN_POINT('',(-65.3847696651,5.611302988045,
    -47.01799255577));
#5431 = CARTESIAN_POINT('',(-65.4262718515,6.021026535919,
    -46.76854780881));
#5432 = CARTESIAN_POINT('',(-65.47892387439,6.482789962655,
    -46.43232401318));
#5433 = CARTESIAN_POINT('',(-65.54274905013,6.877706193031,
    -46.03112967322));
#5434 = CARTESIAN_POINT('',(-65.61454065226,7.242313355889,
    -45.56887004203));
#5435 = CARTESIAN_POINT('',(-65.69639915138,7.548056251968,
    -45.03408169194));
#5436 = CARTESIAN_POINT('',(-65.84277307778,7.924377119112,
    -44.05873402726));
#5437 = CARTESIAN_POINT('',(-65.90292047514,8.039684172343,
    -43.65363947559));
#5438 = CARTESIAN_POINT('',(-65.96496465095,8.117693626693,
    -43.23080497478));
#5439 = CARTESIAN_POINT('',(-66.02777223381,8.154025097529,
    -42.79714569097));
#5440 = CARTESIAN_POINT('',(-66.09023190896,8.146306638765,
    -42.35984183254));
#5441 = CARTESIAN_POINT('',(-66.15125622435,8.094434570265,
    -41.92646348447));
#5442 = CARTESIAN_POINT('',(-66.2098121415,8.000589002169,
    -41.50478430353));
#5443 = CARTESIAN_POINT('',(-66.26498032232,7.869005054332,
    -41.10228406577));
#5444 = CARTESIAN_POINT('',(-66.31604316098,7.705499772805,
    -40.72534007548));
#5445 = CARTESIAN_POINT('',(-66.3626015532,7.516754741675,
    -40.37810742748));
#5446 = CARTESIAN_POINT('',(-66.46120992652,7.031190469441,
    -39.63590402733));
#5447 = CARTESIAN_POINT('',(-66.50970936634,6.718990422527,
    -39.26497879702));
#5448 = CARTESIAN_POINT('',(-66.55162811994,6.379217117995,
    -38.94040636066));
#5449 = CARTESIAN_POINT('',(-66.58749084848,6.017288006263,
    -38.65989599311));
#5450 = CARTESIAN_POINT('',(-66.61754763326,5.638129271177,
    -38.42273538323));
#5451 = CARTESIAN_POINT('',(-66.64205358155,5.24622616904,
    -38.22794781629));
#5452 = CARTESIAN_POINT('',(-66.66131941974,4.845405293826,
    -38.07397378587));
#5453 = CARTESIAN_POINT('',(-66.67563460933,4.438584507135,
    -37.95920735047));
#5454 = CARTESIAN_POINT('',(-66.68516451765,4.027726270118,
    -37.88271754245));
#5455 = CARTESIAN_POINT('',(-66.68992317906,3.614230115905,
    -37.84448514486));
#5456 = CARTESIAN_POINT('',(-66.68992317906,3.2,-37.84448514486));
#5457 = CARTESIAN_POINT('',(-65.9548522871,3.223217841998,-48.4920924528
    ));
#5458 = CARTESIAN_POINT('',(-65.95722407236,3.73441329513,
    -48.47780697019));
#5459 = CARTESIAN_POINT('',(-65.96265050453,4.340450305174,
    -48.44511521195));
#5460 = CARTESIAN_POINT('',(-65.98566971128,4.909878038338,
    -48.30644705201));
#5461 = CARTESIAN_POINT('',(-66.01719143555,5.429741875404,
    -48.11631117471));
#5462 = CARTESIAN_POINT('',(-66.05492903347,6.014453048277,
    -47.88711492623));
#5463 = CARTESIAN_POINT('',(-66.10970977665,6.504210153015,
    -47.55301938344));
#5464 = CARTESIAN_POINT('',(-66.16989119413,7.026372667131,
    -47.18209222392));
#5465 = CARTESIAN_POINT('',(-66.24635007218,7.495824867979,
    -46.70547986377));
#5466 = CARTESIAN_POINT('',(-66.3320461471,7.91763616471,-46.16229791507
    ));
#5467 = CARTESIAN_POINT('',(-66.42886879647,8.272117788047,
    -45.5365221729));
#5468 = CARTESIAN_POINT('',(-66.60175237262,8.705614957783,
    -44.39367095656));
#5469 = CARTESIAN_POINT('',(-66.67255281105,8.837491961949,
    -43.9198282749));
#5470 = CARTESIAN_POINT('',(-66.7454010016,8.925034881286,
    -43.42542613105));
#5471 = CARTESIAN_POINT('',(-66.81891288462,8.963507877714,
    -42.91877549704));
#5472 = CARTESIAN_POINT('',(-66.89172155707,8.950649640732,
    -42.40867714747));
#5473 = CARTESIAN_POINT('',(-66.96253088174,8.886627942813,
    -41.90418100482));
#5474 = CARTESIAN_POINT('',(-67.03017034358,8.77393761987,-41.4142175626
    ));
#5475 = CARTESIAN_POINT('',(-67.09365114351,8.617241975327,
    -40.94710137647));
#5476 = CARTESIAN_POINT('',(-67.15222353941,8.423157609359,
    -40.50990663377));
#5477 = CARTESIAN_POINT('',(-67.20543542621,8.199982671924,
    -40.10771479238));
#5478 = CARTESIAN_POINT('',(-67.31724316425,7.631976137709,
    -39.25322496528));
#5479 = CARTESIAN_POINT('',(-67.37237295914,7.267237055773,
    -38.82385652102));
#5480 = CARTESIAN_POINT('',(-67.41955625665,6.870845247198,
    -38.45047729524));
#5481 = CARTESIAN_POINT('',(-67.4595541774,6.450024657401,
    -38.12971661245));
#5482 = CARTESIAN_POINT('',(-67.49294502693,6.010891551627,
    -37.85900036873));
#5483 = CARTESIAN_POINT('',(-67.52016719135,5.558290757503,
    -37.63637751299));
#5484 = CARTESIAN_POINT('',(-67.54156183273,5.095946039453,
    -37.46027927598));
#5485 = CARTESIAN_POINT('',(-67.55740306546,4.626764821286,
    -37.32933299069));
#5486 = CARTESIAN_POINT('',(-67.56790329317,4.153137473092,
    -37.24235235059));
#5487 = CARTESIAN_POINT('',(-67.57318138732,3.677071378715,
    -37.19862594962));
#5488 = CARTESIAN_POINT('',(-67.57318138732,3.199999999953,
    -37.19862594962));
#5489 = ADVANCED_FACE('',(#5490),#5550,.F.);
#5490 = FACE_BOUND('',#5491,.F.);
#5491 = EDGE_LOOP('',(#5492,#5493,#5494,#5501));
#5492 = ORIENTED_EDGE('',*,*,#5366,.T.);
#5493 = ORIENTED_EDGE('',*,*,#4553,.T.);
#5494 = ORIENTED_EDGE('',*,*,#5495,.F.);
#5495 = EDGE_CURVE('',#5496,#4554,#5498,.T.);
#5496 = VERTEX_POINT('',#5497);
#5497 = CARTESIAN_POINT('',(-65.29844948417,-3.199999999999,
    -47.55480007227));
#5498 = B_SPLINE_CURVE_WITH_KNOTS('',1,(#5499,#5500),.UNSPECIFIED.,.F.,
  .F.,(2,2),(0.,14.950002179146),.PIECEWISE_BEZIER_KNOTS.);
#5499 = CARTESIAN_POINT('',(-65.29844948417,-3.199999999999,
    -47.55480007227));
#5500 = CARTESIAN_POINT('',(-65.9548703971,-3.226758342256,
    -48.49198337446));
#5501 = ORIENTED_EDGE('',*,*,#5502,.F.);
#5502 = EDGE_CURVE('',#5359,#5496,#5503,.T.);
#5503 = B_SPLINE_CURVE_WITH_KNOTS('',12,(#5504,#5505,#5506,#5507,#5508,
    #5509,#5510,#5511,#5512,#5513,#5514,#5515,#5516,#5517,#5518,#5519,
    #5520,#5521,#5522,#5523,#5524,#5525,#5526,#5527,#5528,#5529,#5530,
    #5531,#5532,#5533,#5534,#5535,#5536,#5537,#5538,#5539,#5540,#5541,
    #5542,#5543,#5544,#5545,#5546,#5547,#5548,#5549),.UNSPECIFIED.,.F.,
  .F.,(13,11,11,11,13),(28.201621853469,32.073309191246,34.718777907284,
    39.287077283274,43.151624032615),.UNSPECIFIED.);
#5504 = CARTESIAN_POINT('',(-66.68992317906,-3.200000000027,
    -37.84448514486));
#5505 = CARTESIAN_POINT('',(-66.68992317906,-3.489256673671,
    -37.84448514486));
#5506 = CARTESIAN_POINT('',(-66.6876125876,-3.778318428624,
    -37.86303448306));
#5507 = CARTESIAN_POINT('',(-66.68300747601,-4.066555832216,
    -37.90001863391));
#5508 = CARTESIAN_POINT('',(-66.67608965892,-4.35335228666,
    -37.95553584074));
#5509 = CARTESIAN_POINT('',(-66.66681877672,-4.638041975369,
    -38.02981223518));
#5510 = CARTESIAN_POINT('',(-66.65514032352,-4.919863108079,
    -38.12314376705));
#5511 = CARTESIAN_POINT('',(-66.64098960795,-5.197926464069,
    -38.23586494157));
#5512 = CARTESIAN_POINT('',(-66.62429166486,-5.471199234499,
    -38.36834436849));
#5513 = CARTESIAN_POINT('',(-66.60495709593,-5.738504162622,
    -38.52100711731));
#5514 = CARTESIAN_POINT('',(-66.58287386203,-5.99853398315,
    -38.69438388494));
#5515 = CARTESIAN_POINT('',(-66.55789500724,-6.249881159661,
    -38.88918696993));
#5516 = CARTESIAN_POINT('',(-66.51064066905,-6.655892642784,
    -39.25484054431));
#5517 = CARTESIAN_POINT('',(-66.49001381893,-6.816003797698,
    -39.41374699675));
#5518 = CARTESIAN_POINT('',(-66.46787720931,-6.970775837146,
    -39.58346717147));
#5519 = CARTESIAN_POINT('',(-66.44419985968,-7.11936795658,
    -39.76405780784));
#5520 = CARTESIAN_POINT('',(-66.41896912243,-7.260820372562,
    -39.95541547935));
#5521 = CARTESIAN_POINT('',(-66.39218050812,-7.394115628489,
    -40.1573571636));
#5522 = CARTESIAN_POINT('',(-66.36383260104,-7.51821992952,
    -40.36966354121));
#5523 = CARTESIAN_POINT('',(-66.33392705371,-7.632104505813,
    -40.59208500971));
#5524 = CARTESIAN_POINT('',(-66.30247367254,-7.73474700504,
    -40.82431042877));
#5525 = CARTESIAN_POINT('',(-66.26950058359,-7.825112913295,
    -41.06589858055));
#5526 = CARTESIAN_POINT('',(-66.23506948693,-7.902117005092,
    -41.31617235877));
#5527 = CARTESIAN_POINT('',(-66.1375209202,-8.072402167073,
    -42.01943326513));
#5528 = CARTESIAN_POINT('',(-66.07168081195,-8.136684990055,
    -42.48796978471));
#5529 = CARTESIAN_POINT('',(-66.00410374976,-8.152358268627,
    -42.96211302019));
#5530 = CARTESIAN_POINT('',(-65.93275494878,-8.107518412644,
    -43.45508397901));
#5531 = CARTESIAN_POINT('',(-65.86919074277,-8.030943388715,
    -43.88720824402));
#5532 = CARTESIAN_POINT('',(-65.7939988649,-7.875125567976,
    -44.39331878874));
#5533 = CARTESIAN_POINT('',(-65.73927789769,-7.70161341762,
    -44.75157653395));
#5534 = CARTESIAN_POINT('',(-65.67897837839,-7.500000555152,
    -45.14911315172));
#5535 = CARTESIAN_POINT('',(-65.62667237207,-7.264906222639,
    -45.48703457671));
#5536 = CARTESIAN_POINT('',(-65.57782800808,-7.011337202537,
    -45.80123434281));
#5537 = CARTESIAN_POINT('',(-65.53385777207,-6.740462958884,
    -46.08170994034));
#5538 = CARTESIAN_POINT('',(-65.46110099538,-6.215574756573,
    -46.54297165958));
#5539 = CARTESIAN_POINT('',(-65.43102028458,-5.96530413161,
    -46.73233614901));
#5540 = CARTESIAN_POINT('',(-65.40415298156,-5.706953156774,
    -46.90069310067));
#5541 = CARTESIAN_POINT('',(-65.38041795617,-5.44184603998,
    -47.04869452516));
#5542 = CARTESIAN_POINT('',(-65.35975714326,-5.171246625193,
    -47.17686285474));
#5543 = CARTESIAN_POINT('',(-65.34213981212,-4.896385477855,
    -47.28569990928));
#5544 = CARTESIAN_POINT('',(-65.32753941256,-4.618351492131,
    -47.37570627647));
#5545 = CARTESIAN_POINT('',(-65.31590715655,-4.337949004131,
    -47.44734280664));
#5546 = CARTESIAN_POINT('',(-65.30716647848,-4.055621393465,
    -47.50096589935));
#5547 = CARTESIAN_POINT('',(-65.30125253311,-3.771542157348,
    -47.5367682833));
#5548 = CARTESIAN_POINT('',(-65.2982208763,-3.485974439836,
    -47.55475696922));
#5549 = CARTESIAN_POINT('',(-65.29844948417,-3.199999999999,
    -47.55480007227));
#5550 = B_SPLINE_SURFACE_WITH_KNOTS('',1,12,(
    (#5551,#5552,#5553,#5554,#5555,#5556,#5557,#5558,#5559,#5560,#5561
      ,#5562,#5563,#5564,#5565,#5566,#5567,#5568,#5569,#5570,#5571,#5572
      ,#5573,#5574,#5575,#5576,#5577,#5578,#5579,#5580,#5581,#5582,#5583
      ,#5584,#5585,#5586,#5587,#5588,#5589,#5590,#5591,#5592,#5593,#5594
      ,#5595,#5596)
    ,(#5597,#5598,#5599,#5600,#5601,#5602,#5603,#5604,#5605,#5606,#5607
      ,#5608,#5609,#5610,#5611,#5612,#5613,#5614,#5615,#5616,#5617,#5618
      ,#5619,#5620,#5621,#5622,#5623,#5624,#5625,#5626,#5627,#5628,#5629
      ,#5630,#5631,#5632,#5633,#5634,#5635,#5636,#5637,#5638,#5639,#5640
      ,#5641,#5642
    )),.UNSPECIFIED.,.F.,.F.,.F.,(2,2),(13,11,11,11,13),(0.,
    14.950002179146),(28.201621853469,32.073309191246,34.718777907284,
    39.287077283274,43.151624032615),.UNSPECIFIED.);
#5551 = CARTESIAN_POINT('',(-66.68992317906,-3.200000000027,
    -37.84448514486));
#5552 = CARTESIAN_POINT('',(-66.68992317906,-3.489256673671,
    -37.84448514486));
#5553 = CARTESIAN_POINT('',(-66.6876125876,-3.778318428624,
    -37.86303448306));
#5554 = CARTESIAN_POINT('',(-66.68300747601,-4.066555832216,
    -37.90001863391));
#5555 = CARTESIAN_POINT('',(-66.67608965892,-4.35335228666,
    -37.95553584074));
#5556 = CARTESIAN_POINT('',(-66.66681877672,-4.638041975369,
    -38.02981223518));
#5557 = CARTESIAN_POINT('',(-66.65514032352,-4.919863108079,
    -38.12314376705));
#5558 = CARTESIAN_POINT('',(-66.64098960795,-5.197926464069,
    -38.23586494157));
#5559 = CARTESIAN_POINT('',(-66.62429166486,-5.471199234499,
    -38.36834436849));
#5560 = CARTESIAN_POINT('',(-66.60495709593,-5.738504162622,
    -38.52100711731));
#5561 = CARTESIAN_POINT('',(-66.58287386203,-5.99853398315,
    -38.69438388494));
#5562 = CARTESIAN_POINT('',(-66.55789500724,-6.249881159661,
    -38.88918696993));
#5563 = CARTESIAN_POINT('',(-66.51064066905,-6.655892642784,
    -39.25484054431));
#5564 = CARTESIAN_POINT('',(-66.49001381893,-6.816003797698,
    -39.41374699675));
#5565 = CARTESIAN_POINT('',(-66.46787720931,-6.970775837146,
    -39.58346717147));
#5566 = CARTESIAN_POINT('',(-66.44419985968,-7.11936795658,
    -39.76405780784));
#5567 = CARTESIAN_POINT('',(-66.41896912243,-7.260820372562,
    -39.95541547935));
#5568 = CARTESIAN_POINT('',(-66.39218050812,-7.394115628489,
    -40.1573571636));
#5569 = CARTESIAN_POINT('',(-66.36383260104,-7.51821992952,
    -40.36966354121));
#5570 = CARTESIAN_POINT('',(-66.33392705371,-7.632104505813,
    -40.59208500971));
#5571 = CARTESIAN_POINT('',(-66.30247367254,-7.73474700504,
    -40.82431042877));
#5572 = CARTESIAN_POINT('',(-66.26950058359,-7.825112913295,
    -41.06589858055));
#5573 = CARTESIAN_POINT('',(-66.23506948693,-7.902117005092,
    -41.31617235877));
#5574 = CARTESIAN_POINT('',(-66.1375209202,-8.072402167073,
    -42.01943326513));
#5575 = CARTESIAN_POINT('',(-66.07168081195,-8.136684990055,
    -42.48796978471));
#5576 = CARTESIAN_POINT('',(-66.00410374976,-8.152358268627,
    -42.96211302019));
#5577 = CARTESIAN_POINT('',(-65.93275494878,-8.107518412644,
    -43.45508397901));
#5578 = CARTESIAN_POINT('',(-65.86919074277,-8.030943388715,
    -43.88720824402));
#5579 = CARTESIAN_POINT('',(-65.7939988649,-7.875125567976,
    -44.39331878874));
#5580 = CARTESIAN_POINT('',(-65.73927789769,-7.70161341762,
    -44.75157653395));
#5581 = CARTESIAN_POINT('',(-65.67897837839,-7.500000555152,
    -45.14911315172));
#5582 = CARTESIAN_POINT('',(-65.62667237207,-7.264906222639,
    -45.48703457671));
#5583 = CARTESIAN_POINT('',(-65.57782800808,-7.011337202537,
    -45.80123434281));
#5584 = CARTESIAN_POINT('',(-65.53385777207,-6.740462958884,
    -46.08170994034));
#5585 = CARTESIAN_POINT('',(-65.46110099538,-6.215574756573,
    -46.54297165958));
#5586 = CARTESIAN_POINT('',(-65.43102028458,-5.96530413161,
    -46.73233614901));
#5587 = CARTESIAN_POINT('',(-65.40415298156,-5.706953156774,
    -46.90069310067));
#5588 = CARTESIAN_POINT('',(-65.38041795617,-5.44184603998,
    -47.04869452516));
#5589 = CARTESIAN_POINT('',(-65.35975714326,-5.171246625193,
    -47.17686285474));
#5590 = CARTESIAN_POINT('',(-65.34213981212,-4.896385477855,
    -47.28569990928));
#5591 = CARTESIAN_POINT('',(-65.32753941256,-4.618351492131,
    -47.37570627647));
#5592 = CARTESIAN_POINT('',(-65.31590715655,-4.337949004131,
    -47.44734280664));
#5593 = CARTESIAN_POINT('',(-65.30716647848,-4.055621393465,
    -47.50096589935));
#5594 = CARTESIAN_POINT('',(-65.30125253311,-3.771542157348,
    -47.5367682833));
#5595 = CARTESIAN_POINT('',(-65.2982208763,-3.485974439836,
    -47.55475696922));
#5596 = CARTESIAN_POINT('',(-65.29844948417,-3.199999999999,
    -47.55480007227));
#5597 = CARTESIAN_POINT('',(-67.57318138732,-3.199999999999,
    -37.19862594962));
#5598 = CARTESIAN_POINT('',(-67.57318138732,-3.533139189992,
    -37.19862594961));
#5599 = CARTESIAN_POINT('',(-67.57063174006,-3.866047049857,
    -37.21974736064));
#5600 = CARTESIAN_POINT('',(-67.56553812253,-4.198076540632,
    -37.2619438463));
#5601 = CARTESIAN_POINT('',(-67.55788037404,-4.528561865837,
    -37.32531776367));
#5602 = CARTESIAN_POINT('',(-67.54761535934,-4.856774970737,
    -37.41009710843));
#5603 = CARTESIAN_POINT('',(-67.53467876908,-5.18188823054,
    -37.51661835081));
#5604 = CARTESIAN_POINT('',(-67.51898585182,-5.502943327246,
    -37.64531515502));
#5605 = CARTESIAN_POINT('',(-67.50043108601,-5.81882631555,
    -37.79671299272));
#5606 = CARTESIAN_POINT('',(-67.47888678157,-6.128248877346,
    -37.97142963777));
#5607 = CARTESIAN_POINT('',(-67.454200622,-6.429735765275,
    -38.17018155539));
#5608 = CARTESIAN_POINT('',(-67.42619213721,-6.721618434944,
    -38.39379617419));
#5609 = CARTESIAN_POINT('',(-67.37309453374,-7.193639412453,
    -38.81366465783));
#5610 = CARTESIAN_POINT('',(-67.34985460883,-7.380207820701,
    -38.99643735922));
#5611 = CARTESIAN_POINT('',(-67.32486685238,-7.560827134565,
    -39.19179059666));
#5612 = CARTESIAN_POINT('',(-67.29808814782,-7.734468927602,
    -39.39980031386));
#5613 = CARTESIAN_POINT('',(-67.26948779617,-7.900026892516,
    -39.62042178841));
#5614 = CARTESIAN_POINT('',(-67.23904390882,-8.05634515026,
    -39.85351964487));
#5615 = CARTESIAN_POINT('',(-67.2067421604,-8.202237279145,
    -40.09888205563));
#5616 = CARTESIAN_POINT('',(-67.17257688275,-8.3364960638,
    -40.35621911936));
#5617 = CARTESIAN_POINT('',(-67.13655452119,-8.457893963975,
    -40.62514542834));
#5618 = CARTESIAN_POINT('',(-67.09869943322,-8.565174303358,
    -40.90514681412));
#5619 = CARTESIAN_POINT('',(-67.05906204543,-8.657033178165,
    -41.19553127984));
#5620 = CARTESIAN_POINT('',(-66.94635444826,-8.861706757909,
    -42.01312723791));
#5621 = CARTESIAN_POINT('',(-66.87002938054,-8.940545267934,
    -42.55821665865));
#5622 = CARTESIAN_POINT('',(-66.79157271699,-8.962978624687,
    -43.10959388177));
#5623 = CARTESIAN_POINT('',(-66.70708805909,-8.917958048459,
    -43.69129990565));
#5624 = CARTESIAN_POINT('',(-66.63390608245,-8.821418945637,
    -44.18826269041));
#5625 = CARTESIAN_POINT('',(-66.54438125869,-8.662875279457,
    -44.7848042337));
#5626 = CARTESIAN_POINT('',(-66.47894329031,-8.438161377523,
    -45.21068237939));
#5627 = CARTESIAN_POINT('',(-66.40911977492,-8.22353421628,
    -45.66544569606));
#5628 = CARTESIAN_POINT('',(-66.34583552631,-7.941480194279,
    -46.06957030136));
#5629 = CARTESIAN_POINT('',(-66.28816595448,-7.649176283705,
    -46.43540829393));
#5630 = CARTESIAN_POINT('',(-66.23574180432,-7.333053276925,
    -46.76494362423));
#5631 = CARTESIAN_POINT('',(-66.14907903518,-6.72132616385,
    -47.3058316134));
#5632 = CARTESIAN_POINT('',(-66.11320479737,-6.429439288582,
    -47.52804239978));
#5633 = CARTESIAN_POINT('',(-66.08109929666,-6.127741139335,
    -47.72561356969));
#5634 = CARTESIAN_POINT('',(-66.05276005271,-5.818182871103,
    -47.89904642963));
#5635 = CARTESIAN_POINT('',(-66.02811340853,-5.502429987024,
    -48.04918162177));
#5636 = CARTESIAN_POINT('',(-66.00704365605,-5.181519945229,
    -48.17703620651));
#5637 = CARTESIAN_POINT('',(-65.98949752306,-4.855820394011,
    -48.28318536734));
#5638 = CARTESIAN_POINT('',(-65.97556933669,-4.525431756088,
    -48.36725834005));
#5639 = CARTESIAN_POINT('',(-65.96547215689,-4.191177881737,
    -48.42811816154));
#5640 = CARTESIAN_POINT('',(-65.95930019387,-3.856328491577,
    -48.4652948388));
#5641 = CARTESIAN_POINT('',(-65.95648780754,-3.529197128922,
    -48.48224153542));
#5642 = CARTESIAN_POINT('',(-65.9548703971,-3.226758342256,
    -48.49198337446));
#5643 = ADVANCED_FACE('',(#5644),#5662,.F.);
#5644 = FACE_BOUND('',#5645,.F.);
#5645 = EDGE_LOOP('',(#5646,#5647,#5648,#5649));
#5646 = ORIENTED_EDGE('',*,*,#5495,.T.);
#5647 = ORIENTED_EDGE('',*,*,#4604,.T.);
#5648 = ORIENTED_EDGE('',*,*,#5381,.F.);
#5649 = ORIENTED_EDGE('',*,*,#5650,.F.);
#5650 = EDGE_CURVE('',#5496,#5382,#5651,.T.);
#5651 = B_SPLINE_CURVE_WITH_KNOTS('',9,(#5652,#5653,#5654,#5655,#5656,
    #5657,#5658,#5659,#5660,#5661),.UNSPECIFIED.,.F.,.F.,(10,10),(
    43.151624032615,50.355022341592),.PIECEWISE_BEZIER_KNOTS.);
#5652 = CARTESIAN_POINT('',(-65.29844948416,-3.199999999999,
    -47.55480007229));
#5653 = CARTESIAN_POINT('',(-65.29901764169,-2.489269719513,
    -47.55490719601));
#5654 = CARTESIAN_POINT('',(-65.29911004577,-1.780686434619,
    -47.55492461841));
#5655 = CARTESIAN_POINT('',(-65.29765161258,-1.063484623309,
    -47.55464963694));
#5656 = CARTESIAN_POINT('',(-65.29898152351,-0.359782834708,
    -47.55490038608));
#5657 = CARTESIAN_POINT('',(-65.29852795909,0.359450958427,
    -47.55481486839));
#5658 = CARTESIAN_POINT('',(-65.29798371763,1.063941973034,
    -47.55471225396));
#5659 = CARTESIAN_POINT('',(-65.29893565048,1.780044625344,
    -47.55489173689));
#5660 = CARTESIAN_POINT('',(-65.29894262935,2.489189188193,
    -47.55489305273));
#5661 = CARTESIAN_POINT('',(-65.2984495484,3.200000000081,
    -47.55480008439));
#5662 = B_SPLINE_SURFACE_WITH_KNOTS('',1,9,(
    (#5663,#5664,#5665,#5666,#5667,#5668,#5669,#5670,#5671,#5672)
    ,(#5673,#5674,#5675,#5676,#5677,#5678,#5679,#5680,#5681,#5682
  )),.UNSPECIFIED.,.F.,.F.,.F.,(2,2),(10,10),(0.,7.203398308977),(
    43.151624032615,50.355022341592),.PIECEWISE_BEZIER_KNOTS.);
#5663 = CARTESIAN_POINT('',(-65.29844948416,-3.199999999999,
    -47.55480007229));
#5664 = CARTESIAN_POINT('',(-65.29901764169,-2.489269719513,
    -47.55490719601));
#5665 = CARTESIAN_POINT('',(-65.29911004577,-1.780686434619,
    -47.55492461841));
#5666 = CARTESIAN_POINT('',(-65.29765161258,-1.063484623309,
    -47.55464963694));
#5667 = CARTESIAN_POINT('',(-65.29898152351,-0.359782834708,
    -47.55490038608));
#5668 = CARTESIAN_POINT('',(-65.29852795909,0.359450958427,
    -47.55481486839));
#5669 = CARTESIAN_POINT('',(-65.29798371763,1.063941973034,
    -47.55471225396));
#5670 = CARTESIAN_POINT('',(-65.29893565048,1.780044625344,
    -47.55489173689));
#5671 = CARTESIAN_POINT('',(-65.29894262935,2.489189188193,
    -47.55489305273));
#5672 = CARTESIAN_POINT('',(-65.2984495484,3.200000000081,
    -47.55480008439));
#5673 = CARTESIAN_POINT('',(-65.9548703971,-3.226758342256,
    -48.49198337446));
#5674 = CARTESIAN_POINT('',(-65.95085065823,-2.475109335444,
    -48.51619469906));
#5675 = CARTESIAN_POINT('',(-65.95407672774,-1.769120228554,
    -48.49675285979));
#5676 = CARTESIAN_POINT('',(-65.95457005576,-1.063936515335,
    -48.49380904073));
#5677 = CARTESIAN_POINT('',(-65.95492089506,-0.356943855889,
    -48.4916679295));
#5678 = CARTESIAN_POINT('',(-65.95482977055,0.356932930901,
    -48.49222672763));
#5679 = CARTESIAN_POINT('',(-65.95464949647,1.063985699232,
    -48.49332333588));
#5680 = CARTESIAN_POINT('',(-65.95414158104,1.770354004999,
    -48.49636561367));
#5681 = CARTESIAN_POINT('',(-65.95138900148,2.476769205622,
    -48.51295214346));
#5682 = CARTESIAN_POINT('',(-65.9548522871,3.223217841998,-48.4920924528
    ));
#5683 = ADVANCED_FACE('',(#5684),#5695,.T.);
#5684 = FACE_BOUND('',#5685,.T.);
#5685 = EDGE_LOOP('',(#5686,#5687,#5688,#5694));
#5686 = ORIENTED_EDGE('',*,*,#5217,.T.);
#5687 = ORIENTED_EDGE('',*,*,#5189,.T.);
#5688 = ORIENTED_EDGE('',*,*,#5689,.F.);
#5689 = EDGE_CURVE('',#4665,#4843,#5690,.T.);
#5690 = ( BOUNDED_CURVE() B_SPLINE_CURVE(2,(#5691,#5692,#5693),
.UNSPECIFIED.,.F.,.F.) B_SPLINE_CURVE_WITH_KNOTS((3,3),(0.,1.12326169859
),.PIECEWISE_BEZIER_KNOTS.) CURVE() GEOMETRIC_REPRESENTATION_ITEM() 
RATIONAL_B_SPLINE_CURVE((1.,0.706859615296,1.)) REPRESENTATION_ITEM('') 
  );
#5691 = CARTESIAN_POINT('',(-65.17781728683,-27.1565456794,
    -52.93101971658));
#5692 = CARTESIAN_POINT('',(-65.00034878999,-33.0802089826,
    -53.89495769787));
#5693 = CARTESIAN_POINT('',(-59.10010363626,-33.08020886563,
    -52.78249194485));
#5694 = ORIENTED_EDGE('',*,*,#4664,.F.);
#5695 = ( BOUNDED_SURFACE() B_SPLINE_SURFACE(2,6,(
    (#5696,#5697,#5698,#5699,#5700,#5701,#5702)
    ,(#5703,#5704,#5705,#5706,#5707,#5708,#5709)
    ,(#5710,#5711,#5712,#5713,#5714,#5715,#5716
)),.UNSPECIFIED.,.F.,.F.,.F.) B_SPLINE_SURFACE_WITH_KNOTS((3,3),(7,7),(
    0.,1.12326169859),(0.720611534187,1.843873232777),
.PIECEWISE_BEZIER_KNOTS.) GEOMETRIC_REPRESENTATION_ITEM() 
RATIONAL_B_SPLINE_SURFACE((
    (1.,1.,1.,1.,1.,1.,1.)
    ,(0.707106781187,0.707065455633,0.707024249729,0.706982339656
      ,0.706942372688,0.706898740547,0.706859615296)
,(1.,1.,1.,1.,1.,1.,1.))) REPRESENTATION_ITEM('') SURFACE() );
#5696 = CARTESIAN_POINT('',(-64.97557435612,-26.97811582987,
    -54.01646686221));
#5697 = CARTESIAN_POINT('',(-65.00967002872,-27.00785318491,
    -53.83563190493));
#5698 = CARTESIAN_POINT('',(-65.04355957453,-27.03754606709,
    -53.65504844527));
#5699 = CARTESIAN_POINT('',(-65.07757566268,-27.06748573468,
    -53.4728781635));
#5700 = CARTESIAN_POINT('',(-65.1106765855,-27.0967614557,
    -53.29486358685));
#5701 = CARTESIAN_POINT('',(-65.14504955818,-27.12728191663,
    -53.10900095826));
#5702 = CARTESIAN_POINT('',(-65.17781728683,-27.1565456794,
    -52.93101971658));
#5703 = CARTESIAN_POINT('',(-64.79410150657,-32.89763327257,
    -54.97895366759));
#5704 = CARTESIAN_POINT('',(-64.82886717426,-32.9280643167,
    -54.79835059774));
#5705 = CARTESIAN_POINT('',(-64.86347607174,-32.95849492855,
    -54.61772062813));
#5706 = CARTESIAN_POINT('',(-64.89793326218,-32.98892338779,
    -54.43707529383));
#5707 = CARTESIAN_POINT('',(-64.93222253673,-33.01935469101,
    -54.2563808086));
#5708 = CARTESIAN_POINT('',(-64.96637936886,-33.04977970185,
    -54.07570005146));
#5709 = CARTESIAN_POINT('',(-65.00034878999,-33.0802089826,
    -53.89495769787));
#5710 = CARTESIAN_POINT('',(-58.89798828728,-32.89763327258,
    -53.86726625405));
#5711 = CARTESIAN_POINT('',(-58.93206274816,-32.92806253816,
    -53.68654379849));
#5712 = CARTESIAN_POINT('',(-58.96593579352,-32.95844929449,
    -53.50604480873));
#5713 = CARTESIAN_POINT('',(-58.99948467112,-32.98869251855,
    -53.32636745524));
#5714 = CARTESIAN_POINT('',(-59.03352207727,-33.01949138496,
    -53.14336488228));
#5715 = CARTESIAN_POINT('',(-59.06716099874,-33.05010652191,
    -52.96141715555));
#5716 = CARTESIAN_POINT('',(-59.10010363626,-33.08020886563,
    -52.78249194485));
#5717 = ADVANCED_FACE('',(#5718),#5724,.T.);
#5718 = FACE_BOUND('',#5719,.T.);
#5719 = EDGE_LOOP('',(#5720,#5721,#5722,#5723));
#5720 = ORIENTED_EDGE('',*,*,#5689,.T.);
#5721 = ORIENTED_EDGE('',*,*,#4842,.T.);
#5722 = ORIENTED_EDGE('',*,*,#4731,.F.);
#5723 = ORIENTED_EDGE('',*,*,#4676,.F.);
#5724 = ( BOUNDED_SURFACE() B_SPLINE_SURFACE(2,6,(
    (#5725,#5726,#5727,#5728,#5729,#5730,#5731,#5732,#5733,#5734,#5735
      ,#5736,#5737,#5738,#5739,#5740,#5741)
    ,(#5742,#5743,#5744,#5745,#5746,#5747,#5748,#5749,#5750,#5751,#5752
      ,#5753,#5754,#5755,#5756,#5757,#5758)
    ,(#5759,#5760,#5761,#5762,#5763,#5764,#5765,#5766,#5767,#5768,#5769
      ,#5770,#5771,#5772,#5773,#5774,#5775
)),.UNSPECIFIED.,.F.,.F.,.F.) B_SPLINE_SURFACE_WITH_KNOTS((3,3),(7,5,5,7
    ),(0.,45.147708759946),(1.843873232777,21.527876985064,
    46.719213425487,46.991581992722),.UNSPECIFIED.) 
GEOMETRIC_REPRESENTATION_ITEM() RATIONAL_B_SPLINE_SURFACE((
    (1.,1.,1.,1.,1.,1.,1.,1.,1.,1.,1.,1.,1.,1.,1.,1.,1.)
    ,(0.706859613826,0.706175967656,0.705645074799,0.70526213838
      ,0.705037498444,0.704969135532,0.705172348106,0.705544158022
      ,0.706173107893,0.707056448585,0.70818196717,0.709557211001
      ,0.709572512652,0.709587993279,0.70960342954,0.709618787336
      ,0.709634221817)
    ,(1.,1.,1.,1.,1.,1.,1.,1.,1.,1.,1.,1.,1.,1.,1.,1.,1.
))) REPRESENTATION_ITEM('') SURFACE() );
#5725 = CARTESIAN_POINT('',(-65.17781728683,-27.1565456794,
    -52.93101971658));
#5726 = CARTESIAN_POINT('',(-65.74589080122,-27.66393818358,
    -49.84547146681));
#5727 = CARTESIAN_POINT('',(-66.2703772538,-28.11633947146,
    -46.74272429093));
#5728 = CARTESIAN_POINT('',(-66.7530338461,-28.51564901052,
    -43.60972729978));
#5729 = CARTESIAN_POINT('',(-67.18973886387,-28.85850139176,
    -40.46297113182));
#5730 = CARTESIAN_POINT('',(-67.58081945779,-29.14572421669,
    -37.30045900474));
#5731 = CARTESIAN_POINT('',(-68.36567694962,-29.67248619557,
    -30.06868681907));
#5732 = CARTESIAN_POINT('',(-68.72971259685,-29.87631267001,
    -25.99279653927));
#5733 = CARTESIAN_POINT('',(-69.01567522086,-29.98805113009,
    -21.90946147715));
#5734 = CARTESIAN_POINT('',(-69.2229843743,-30.00853859413,
    -17.82754627386));
#5735 = CARTESIAN_POINT('',(-69.35208267278,-29.93962377278,
    -13.7556487052));
#5736 = CARTESIAN_POINT('',(-69.40474265865,-29.78222548732,
    -9.657253353698));
#5737 = CARTESIAN_POINT('',(-69.4052968906,-29.78053662692,
    -9.613420037945));
#5738 = CARTESIAN_POINT('',(-69.40584200733,-29.77883933971,
    -9.569598429543));
#5739 = CARTESIAN_POINT('',(-69.40637800997,-29.77713176834,
    -9.525788955907));
#5740 = CARTESIAN_POINT('',(-69.40690497853,-29.77541335084,
    -9.481985298349));
#5741 = CARTESIAN_POINT('',(-69.40742307191,-29.77368482062,
    -9.438174392069));
#5742 = CARTESIAN_POINT('',(-65.00034878963,-33.08020899491,
    -53.89495769987));
#5743 = CARTESIAN_POINT('',(-65.59623711311,-33.61399735335,
    -50.72439257571));
#5744 = CARTESIAN_POINT('',(-66.14733116069,-34.08967767048,
    -47.52909851769));
#5745 = CARTESIAN_POINT('',(-66.65236308217,-34.50638923802,
    -44.31119751814));
#5746 = CARTESIAN_POINT('',(-67.10980907199,-34.8632300411,
    -41.07469192362));
#5747 = CARTESIAN_POINT('',(-67.51875182818,-35.15983874625,
    -37.82256081904));
#5748 = CARTESIAN_POINT('',(-68.33854180723,-35.69829510058,
    -30.38242433158));
#5749 = CARTESIAN_POINT('',(-68.71741754204,-35.90131163259,
    -26.19220922005));
#5750 = CARTESIAN_POINT('',(-69.0137774727,-36.00525349263,
    -21.99541797444));
#5751 = CARTESIAN_POINT('',(-69.22719599746,-36.01111976207,
    -17.79936850848));
#5752 = CARTESIAN_POINT('',(-69.35809380011,-35.92083172919,
    -13.61147243808));
#5753 = CARTESIAN_POINT('',(-69.40809276268,-35.73484982419,
    -9.393030541687));
#5754 = CARTESIAN_POINT('',(-69.40861705862,-35.73284862154,
    -9.347997012861));
#5755 = CARTESIAN_POINT('',(-69.40913189746,-35.73083515934,
    -9.30296382135));
#5756 = CARTESIAN_POINT('',(-69.40963729039,-35.72881129865,
    -9.257930154967));
#5757 = CARTESIAN_POINT('',(-69.41013323143,-35.7267773334,
    -9.212895971608));
#5758 = CARTESIAN_POINT('',(-69.41061969675,-35.72473199322,
    -9.167862059216));
#5759 = CARTESIAN_POINT('',(-59.10010363626,-33.08020886563,
    -52.78249194485));
#5760 = CARTESIAN_POINT('',(-59.66977807189,-33.60077089493,
    -49.6885389969));
#5761 = CARTESIAN_POINT('',(-60.19951641866,-34.06708110478,
    -46.56453614843));
#5762 = CARTESIAN_POINT('',(-60.68632817463,-34.47675654433,
    -43.42052915201));
#5763 = CARTESIAN_POINT('',(-61.12953555444,-34.82952734771,
    -40.25758315871));
#5764 = CARTESIAN_POINT('',(-61.52772618988,-35.12459652211,
    -37.0810891145));
#5765 = CARTESIAN_POINT('',(-62.33148491775,-35.66574628586,
    -29.81715588141));
#5766 = CARTESIAN_POINT('',(-62.707912758,-35.87498284572,
    -25.72348232098));
#5767 = CARTESIAN_POINT('',(-63.00807433421,-35.98955555195,
    -21.62341441776));
#5768 = CARTESIAN_POINT('',(-63.2312817662,-36.01006868882,
    -17.52355343521));
#5769 = CARTESIAN_POINT('',(-63.37801359667,-35.93887560547,
    -13.43732621989));
#5770 = CARTESIAN_POINT('',(-63.45018625626,-35.77641676346,
    -9.321035609326));
#5771 = CARTESIAN_POINT('',(-63.45097084551,-35.77462883123,
    -9.276006526957));
#5772 = CARTESIAN_POINT('',(-63.45175221847,-35.77281926228,
    -9.230709109393));
#5773 = CARTESIAN_POINT('',(-63.45252181029,-35.77100358347,
    -9.18553992149));
#5774 = CARTESIAN_POINT('',(-63.45327831317,-35.76918426873,
    -9.140560609217));
#5775 = CARTESIAN_POINT('',(-63.45402767638,-35.76735073912,
    -9.09549789966));
#5776 = ADVANCED_FACE('',(#5777),#5802,.F.);
#5777 = FACE_BOUND('',#5778,.T.);
#5778 = EDGE_LOOP('',(#5779,#5787,#5788,#5796));
#5779 = ORIENTED_EDGE('',*,*,#5780,.F.);
#5780 = EDGE_CURVE('',#5015,#5781,#5783,.T.);
#5781 = VERTEX_POINT('',#5782);
#5782 = CARTESIAN_POINT('',(-63.4076515459,-6.4,-45.0612970267));
#5783 = LINE('',#5784,#5785);
#5784 = CARTESIAN_POINT('',(-62.94046483705,-6.4,-45.38025874709));
#5785 = VECTOR('',#5786,1.);
#5786 = DIRECTION('',(-0.825877224774,-1.3E-16,0.56384998856));
#5787 = ORIENTED_EDGE('',*,*,#5014,.T.);
#5788 = ORIENTED_EDGE('',*,*,#5789,.T.);
#5789 = EDGE_CURVE('',#5017,#5790,#5792,.T.);
#5790 = VERTEX_POINT('',#5791);
#5791 = CARTESIAN_POINT('',(-63.4076515459,6.4,-45.0612970267));
#5792 = LINE('',#5793,#5794);
#5793 = CARTESIAN_POINT('',(-62.94046483705,6.4,-45.38025874709));
#5794 = VECTOR('',#5795,1.);
#5795 = DIRECTION('',(-0.825877224774,-1.3E-16,0.56384998856));
#5796 = ORIENTED_EDGE('',*,*,#5797,.F.);
#5797 = EDGE_CURVE('',#5781,#5790,#5798,.T.);
#5798 = LINE('',#5799,#5800);
#5799 = CARTESIAN_POINT('',(-63.4076515459,-6.4,-45.0612970267));
#5800 = VECTOR('',#5801,1.);
#5801 = DIRECTION('',(-3.6E-16,1.,-2.9E-16));
#5802 = PLANE('',#5803);
#5803 = AXIS2_PLACEMENT_3D('',#5804,#5805,#5806);
#5804 = CARTESIAN_POINT('',(-62.94046483705,-6.4,-45.38025874709));
#5805 = DIRECTION('',(-0.56384998856,-0.,-0.825877224774));
#5806 = DIRECTION('',(1.122817200434E-16,-1.,-7.665793977942E-17));
#5807 = ADVANCED_FACE('',(#5808),#5827,.F.);
#5808 = FACE_BOUND('',#5809,.T.);
#5809 = EDGE_LOOP('',(#5810,#5818,#5819,#5820));
#5810 = ORIENTED_EDGE('',*,*,#5811,.F.);
#5811 = EDGE_CURVE('',#5025,#5812,#5814,.T.);
#5812 = VERTEX_POINT('',#5813);
#5813 = CARTESIAN_POINT('',(-63.51882028725,-7.,-44.47168570477));
#5814 = LINE('',#5815,#5816);
#5815 = CARTESIAN_POINT('',(-63.12574607263,-7.4,-44.39757321054));
#5816 = VECTOR('',#5817,1.);
#5817 = DIRECTION('',(-0.694863606667,0.707106781187,-0.131013618107));
#5818 = ORIENTED_EDGE('',*,*,#5024,.T.);
#5819 = ORIENTED_EDGE('',*,*,#5780,.T.);
#5820 = ORIENTED_EDGE('',*,*,#5821,.F.);
#5821 = EDGE_CURVE('',#5812,#5781,#5822,.T.);
#5822 = CIRCLE('',#5823,0.6);
#5823 = AXIS2_PLACEMENT_3D('',#5824,#5825,#5826);
#5824 = CARTESIAN_POINT('',(-63.51882028725,-6.4,-44.47168570477));
#5825 = DIRECTION('',(0.982685536548,3.6E-16,0.185281235583));
#5826 = DIRECTION('',(1.697563049029E-15,-1.,-7.060459476883E-15));
#5827 = CONICAL_SURFACE('',#5828,0.6,0.785398163397);
#5828 = AXIS2_PLACEMENT_3D('',#5829,#5830,#5831);
#5829 = CARTESIAN_POINT('',(-63.51882028725,-6.4,-44.47168570477));
#5830 = DIRECTION('',(0.982685536548,3.6E-16,0.185281235583));
#5831 = DIRECTION('',(1.697563049029E-15,-1.,-7.060459476883E-15));
#5832 = ADVANCED_FACE('',(#5833),#5852,.F.);
#5833 = FACE_BOUND('',#5834,.T.);
#5834 = EDGE_LOOP('',(#5835,#5836,#5837,#5845));
#5835 = ORIENTED_EDGE('',*,*,#5789,.F.);
#5836 = ORIENTED_EDGE('',*,*,#5075,.T.);
#5837 = ORIENTED_EDGE('',*,*,#5838,.T.);
#5838 = EDGE_CURVE('',#5068,#5839,#5841,.T.);
#5839 = VERTEX_POINT('',#5840);
#5840 = CARTESIAN_POINT('',(-63.51882028725,7.,-44.47168570477));
#5841 = LINE('',#5842,#5843);
#5842 = CARTESIAN_POINT('',(-63.51882028725,7.,-44.47168570477));
#5843 = VECTOR('',#5844,1.);
#5844 = DIRECTION('',(-0.694863606667,-0.707106781187,-0.131013618107));
#5845 = ORIENTED_EDGE('',*,*,#5846,.F.);
#5846 = EDGE_CURVE('',#5790,#5839,#5847,.T.);
#5847 = CIRCLE('',#5848,0.6);
#5848 = AXIS2_PLACEMENT_3D('',#5849,#5850,#5851);
#5849 = CARTESIAN_POINT('',(-63.51882028725,6.4,-44.47168570477));
#5850 = DIRECTION('',(0.982685536548,3.6E-16,0.185281235583));
#5851 = DIRECTION('',(0.185281235583,0.,-0.982685536548));
#5852 = CONICAL_SURFACE('',#5853,0.6,0.785398163397);
#5853 = AXIS2_PLACEMENT_3D('',#5854,#5855,#5856);
#5854 = CARTESIAN_POINT('',(-63.51882028725,6.4,-44.47168570477));
#5855 = DIRECTION('',(0.982685536548,3.6E-16,0.185281235583));
#5856 = DIRECTION('',(0.185281235583,0.,-0.982685536548));
#5857 = ADVANCED_FACE('',(#5858),#5876,.F.);
#5858 = FACE_BOUND('',#5859,.T.);
#5859 = EDGE_LOOP('',(#5860,#5868,#5869,#5870));
#5860 = ORIENTED_EDGE('',*,*,#5861,.F.);
#5861 = EDGE_CURVE('',#5034,#5862,#5864,.T.);
#5862 = VERTEX_POINT('',#5863);
#5863 = CARTESIAN_POINT('',(-64.33405772382,-7.,-40.14786934396));
#5864 = LINE('',#5865,#5866);
#5865 = CARTESIAN_POINT('',(-64.33405772382,-7.,-40.14786934396));
#5866 = VECTOR('',#5867,1.);
#5867 = DIRECTION('',(-0.694863606667,0.707106781187,-0.131013618107));
#5868 = ORIENTED_EDGE('',*,*,#5033,.T.);
#5869 = ORIENTED_EDGE('',*,*,#5811,.T.);
#5870 = ORIENTED_EDGE('',*,*,#5871,.F.);
#5871 = EDGE_CURVE('',#5862,#5812,#5872,.T.);
#5872 = LINE('',#5873,#5874);
#5873 = CARTESIAN_POINT('',(-64.33405772382,-7.,-40.14786934396));
#5874 = VECTOR('',#5875,1.);
#5875 = DIRECTION('',(0.185281235583,-2.2E-16,-0.982685536548));
#5876 = PLANE('',#5877);
#5877 = AXIS2_PLACEMENT_3D('',#5878,#5879,#5880);
#5878 = CARTESIAN_POINT('',(-63.9409835092,-7.4,-40.07375684973));
#5879 = DIRECTION('',(-0.694863606667,-0.707106781187,-0.131013618107));
#5880 = DIRECTION('',(-0.185281235583,5.273559366969E-16,0.982685536548)
  );
#5881 = ADVANCED_FACE('',(#5882),#5900,.F.);
#5882 = FACE_BOUND('',#5883,.T.);
#5883 = EDGE_LOOP('',(#5884,#5885,#5886,#5894));
#5884 = ORIENTED_EDGE('',*,*,#5838,.F.);
#5885 = ORIENTED_EDGE('',*,*,#5067,.T.);
#5886 = ORIENTED_EDGE('',*,*,#5887,.T.);
#5887 = EDGE_CURVE('',#5059,#5888,#5890,.T.);
#5888 = VERTEX_POINT('',#5889);
#5889 = CARTESIAN_POINT('',(-64.33405772382,7.,-40.14786934396));
#5890 = LINE('',#5891,#5892);
#5891 = CARTESIAN_POINT('',(-63.9409835092,7.4,-40.07375684973));
#5892 = VECTOR('',#5893,1.);
#5893 = DIRECTION('',(-0.694863606667,-0.707106781187,-0.131013618107));
#5894 = ORIENTED_EDGE('',*,*,#5895,.F.);
#5895 = EDGE_CURVE('',#5839,#5888,#5896,.T.);
#5896 = LINE('',#5897,#5898);
#5897 = CARTESIAN_POINT('',(-63.51882028725,7.,-44.47168570477));
#5898 = VECTOR('',#5899,1.);
#5899 = DIRECTION('',(-0.185281235583,2.2E-16,0.982685536548));
#5900 = PLANE('',#5901);
#5901 = AXIS2_PLACEMENT_3D('',#5902,#5903,#5904);
#5902 = CARTESIAN_POINT('',(-63.12574607263,7.4,-44.39757321054));
#5903 = DIRECTION('',(-0.694863606667,0.707106781187,-0.131013618107));
#5904 = DIRECTION('',(0.185281235583,5.828670879282E-16,-0.982685536548)
  );
#5905 = ADVANCED_FACE('',(#5906),#5925,.F.);
#5906 = FACE_BOUND('',#5907,.T.);
#5907 = EDGE_LOOP('',(#5908,#5916,#5917,#5918));
#5908 = ORIENTED_EDGE('',*,*,#5909,.F.);
#5909 = EDGE_CURVE('',#5042,#5910,#5912,.T.);
#5910 = VERTEX_POINT('',#5911);
#5911 = CARTESIAN_POINT('',(-64.44522646517,-6.4,-39.55825802203));
#5912 = LINE('',#5913,#5914);
#5913 = CARTESIAN_POINT('',(-64.12626474478,-6.4,-39.09107131318));
#5914 = VECTOR('',#5915,1.);
#5915 = DIRECTION('',(-0.56384998856,-4.4E-16,-0.825877224774));
#5916 = ORIENTED_EDGE('',*,*,#5041,.T.);
#5917 = ORIENTED_EDGE('',*,*,#5861,.T.);
#5918 = ORIENTED_EDGE('',*,*,#5919,.F.);
#5919 = EDGE_CURVE('',#5910,#5862,#5920,.T.);
#5920 = CIRCLE('',#5921,0.6);
#5921 = AXIS2_PLACEMENT_3D('',#5922,#5923,#5924);
#5922 = CARTESIAN_POINT('',(-64.33405772382,-6.4,-40.14786934396));
#5923 = DIRECTION('',(0.982685536548,3.6E-16,0.185281235583));
#5924 = DIRECTION('',(-0.185281235583,2.96E-15,0.982685536548));
#5925 = CONICAL_SURFACE('',#5926,0.6,0.785398163397);
#5926 = AXIS2_PLACEMENT_3D('',#5927,#5928,#5929);
#5927 = CARTESIAN_POINT('',(-64.33405772382,-6.4,-40.14786934396));
#5928 = DIRECTION('',(0.982685536548,3.6E-16,0.185281235583));
#5929 = DIRECTION('',(-0.185281235583,2.96E-15,0.982685536548));
#5930 = ADVANCED_FACE('',(#5931),#5950,.F.);
#5931 = FACE_BOUND('',#5932,.T.);
#5932 = EDGE_LOOP('',(#5933,#5934,#5935,#5943));
#5933 = ORIENTED_EDGE('',*,*,#5887,.F.);
#5934 = ORIENTED_EDGE('',*,*,#5058,.T.);
#5935 = ORIENTED_EDGE('',*,*,#5936,.T.);
#5936 = EDGE_CURVE('',#5051,#5937,#5939,.T.);
#5937 = VERTEX_POINT('',#5938);
#5938 = CARTESIAN_POINT('',(-64.44522646517,6.4,-39.55825802203));
#5939 = LINE('',#5940,#5941);
#5940 = CARTESIAN_POINT('',(-64.44522646517,6.4,-39.55825802203));
#5941 = VECTOR('',#5942,1.);
#5942 = DIRECTION('',(-0.56384998856,-4.8E-15,-0.825877224774));
#5943 = ORIENTED_EDGE('',*,*,#5944,.F.);
#5944 = EDGE_CURVE('',#5888,#5937,#5945,.T.);
#5945 = CIRCLE('',#5946,0.6);
#5946 = AXIS2_PLACEMENT_3D('',#5947,#5948,#5949);
#5947 = CARTESIAN_POINT('',(-64.33405772382,6.4,-40.14786934396));
#5948 = DIRECTION('',(0.982685536548,3.6E-16,0.185281235583));
#5949 = DIRECTION('',(9.893252907222E-16,1.,-7.190127213604E-15));
#5950 = CONICAL_SURFACE('',#5951,0.6,0.785398163397);
#5951 = AXIS2_PLACEMENT_3D('',#5952,#5953,#5954);
#5952 = CARTESIAN_POINT('',(-64.33405772382,6.4,-40.14786934396));
#5953 = DIRECTION('',(0.982685536548,3.6E-16,0.185281235583));
#5954 = DIRECTION('',(9.893252907222E-16,1.,-7.190127213604E-15));
#5955 = ADVANCED_FACE('',(#5956),#5967,.F.);
#5956 = FACE_BOUND('',#5957,.T.);
#5957 = EDGE_LOOP('',(#5958,#5959,#5960,#5961));
#5958 = ORIENTED_EDGE('',*,*,#5936,.F.);
#5959 = ORIENTED_EDGE('',*,*,#5050,.T.);
#5960 = ORIENTED_EDGE('',*,*,#5909,.T.);
#5961 = ORIENTED_EDGE('',*,*,#5962,.F.);
#5962 = EDGE_CURVE('',#5937,#5910,#5963,.T.);
#5963 = LINE('',#5964,#5965);
#5964 = CARTESIAN_POINT('',(-64.44522646517,6.4,-39.55825802203));
#5965 = VECTOR('',#5966,1.);
#5966 = DIRECTION('',(3.6E-16,-1.,2.9E-16));
#5967 = PLANE('',#5968);
#5968 = AXIS2_PLACEMENT_3D('',#5969,#5970,#5971);
#5969 = CARTESIAN_POINT('',(-64.12626474478,6.4,-39.09107131318));
#5970 = DIRECTION('',(-0.825877224774,-1.E-17,0.56384998856));
#5971 = DIRECTION('',(-2.585612536902E-16,1.,-3.609822732314E-16));
#5972 = ADVANCED_FACE('',(#5973),#5976,.F.);
#5973 = FACE_BOUND('',#5974,.T.);
#5974 = EDGE_LOOP('',(#5975));
#5975 = ORIENTED_EDGE('',*,*,#5258,.T.);
#5976 = PLANE('',#5977);
#5977 = AXIS2_PLACEMENT_3D('',#5978,#5979,#5980);
#5978 = CARTESIAN_POINT('',(6.06584610634,-2.375877272698E-14,
    -41.93503193883));
#5979 = DIRECTION('',(-0.185281235583,0.,0.982685536548));
#5980 = DIRECTION('',(0.982685536548,0.,0.185281235583));
#5981 = ADVANCED_FACE('',(#5982),#5985,.F.);
#5982 = FACE_BOUND('',#5983,.T.);
#5983 = EDGE_LOOP('',(#5984));
#5984 = ORIENTED_EDGE('',*,*,#5283,.T.);
#5985 = PLANE('',#5986);
#5986 = AXIS2_PLACEMENT_3D('',#5987,#5988,#5989);
#5987 = CARTESIAN_POINT('',(6.06584610634,-2.375877272698E-14,
    -41.93503193883));
#5988 = DIRECTION('',(-0.185281235583,0.,0.982685536548));
#5989 = DIRECTION('',(0.982685536548,0.,0.185281235583));
#5990 = ADVANCED_FACE('',(#5991),#5994,.F.);
#5991 = FACE_BOUND('',#5992,.T.);
#5992 = EDGE_LOOP('',(#5993));
#5993 = ORIENTED_EDGE('',*,*,#5308,.T.);
#5994 = PLANE('',#5995);
#5995 = AXIS2_PLACEMENT_3D('',#5996,#5997,#5998);
#5996 = CARTESIAN_POINT('',(6.06584610634,-2.375877272698E-14,
    -41.93503193883));
#5997 = DIRECTION('',(-0.185281235583,0.,0.982685536548));
#5998 = DIRECTION('',(0.982685536548,0.,0.185281235583));
#5999 = ADVANCED_FACE('',(#6000),#6003,.F.);
#6000 = FACE_BOUND('',#6001,.T.);
#6001 = EDGE_LOOP('',(#6002));
#6002 = ORIENTED_EDGE('',*,*,#5333,.T.);
#6003 = PLANE('',#6004);
#6004 = AXIS2_PLACEMENT_3D('',#6005,#6006,#6007);
#6005 = CARTESIAN_POINT('',(6.06584610634,-2.375877272698E-14,
    -41.93503193883));
#6006 = DIRECTION('',(-0.185281235583,0.,0.982685536548));
#6007 = DIRECTION('',(0.982685536548,0.,0.185281235583));
#6008 = ADVANCED_FACE('',(#6009),#6034,.T.);
#6009 = FACE_BOUND('',#6010,.T.);
#6010 = EDGE_LOOP('',(#6011,#6019,#6027,#6033));
#6011 = ORIENTED_EDGE('',*,*,#6012,.F.);
#6012 = EDGE_CURVE('',#6013,#5351,#6015,.T.);
#6013 = VERTEX_POINT('',#6014);
#6014 = CARTESIAN_POINT('',(-66.01353970374,3.2,-37.716955878));
#6015 = LINE('',#6016,#6017);
#6016 = CARTESIAN_POINT('',(-66.01353970374,3.2,-37.716955878));
#6017 = VECTOR('',#6018,1.);
#6018 = DIRECTION('',(-0.982685536548,-4.E-17,-0.185281235583));
#6019 = ORIENTED_EDGE('',*,*,#6020,.F.);
#6020 = EDGE_CURVE('',#6021,#6013,#6023,.T.);
#6021 = VERTEX_POINT('',#6022);
#6022 = CARTESIAN_POINT('',(-66.01353970374,-3.200000000027,
    -37.71695587799));
#6023 = LINE('',#6024,#6025);
#6024 = CARTESIAN_POINT('',(-66.01353970374,-3.200000000027,
    -37.71695587799));
#6025 = VECTOR('',#6026,1.);
#6026 = DIRECTION('',(0.,1.,0.));
#6027 = ORIENTED_EDGE('',*,*,#6028,.T.);
#6028 = EDGE_CURVE('',#6021,#5359,#6029,.T.);
#6029 = LINE('',#6030,#6031);
#6030 = CARTESIAN_POINT('',(-66.01353970374,-3.200000000027,
    -37.71695587799));
#6031 = VECTOR('',#6032,1.);
#6032 = DIRECTION('',(-0.982685536548,-4.E-17,-0.185281235583));
#6033 = ORIENTED_EDGE('',*,*,#5358,.F.);
#6034 = PLANE('',#6035);
#6035 = AXIS2_PLACEMENT_3D('',#6036,#6037,#6038);
#6036 = CARTESIAN_POINT('',(-66.01353970374,-3.200000000027,
    -37.71695587799));
#6037 = DIRECTION('',(0.185281235583,-2.2E-16,-0.982685536548));
#6038 = DIRECTION('',(7.057699399989E-19,1.,-2.237432280176E-16));
#6039 = ADVANCED_FACE('',(#6040),#6059,.F.);
#6040 = FACE_BOUND('',#6041,.F.);
#6041 = EDGE_LOOP('',(#6042,#6043,#6052,#6058));
#6042 = ORIENTED_EDGE('',*,*,#6012,.F.);
#6043 = ORIENTED_EDGE('',*,*,#6044,.F.);
#6044 = EDGE_CURVE('',#6045,#6013,#6047,.T.);
#6045 = VERTEX_POINT('',#6046);
#6046 = CARTESIAN_POINT('',(-64.19778359504,3.200000000081,
    -47.34727413614));
#6047 = CIRCLE('',#6048,4.899999999983);
#6048 = AXIS2_PLACEMENT_3D('',#6049,#6050,#6051);
#6049 = CARTESIAN_POINT('',(-65.10566164939,3.2,-42.53211500707));
#6050 = DIRECTION('',(0.982685536548,0.,0.185281235583));
#6051 = DIRECTION('',(-0.185281235583,0.,0.982685536548));
#6052 = ORIENTED_EDGE('',*,*,#6053,.T.);
#6053 = EDGE_CURVE('',#6045,#5382,#6054,.T.);
#6054 = LINE('',#6055,#6056);
#6055 = CARTESIAN_POINT('',(-64.19778359504,3.200000000081,
    -47.34727413614));
#6056 = VECTOR('',#6057,1.);
#6057 = DIRECTION('',(-0.982685536548,-4.E-17,-0.185281235583));
#6058 = ORIENTED_EDGE('',*,*,#5390,.T.);
#6059 = CYLINDRICAL_SURFACE('',#6060,4.899999999983);
#6060 = AXIS2_PLACEMENT_3D('',#6061,#6062,#6063);
#6061 = CARTESIAN_POINT('',(-65.10566164939,3.2,-42.53211500707));
#6062 = DIRECTION('',(0.982685536548,4.E-17,0.185281235583));
#6063 = DIRECTION('',(-0.185281235583,2.2E-16,0.982685536548));
#6064 = ADVANCED_FACE('',(#6065),#6084,.F.);
#6065 = FACE_BOUND('',#6066,.F.);
#6066 = EDGE_LOOP('',(#6067,#6075,#6082,#6083));
#6067 = ORIENTED_EDGE('',*,*,#6068,.F.);
#6068 = EDGE_CURVE('',#6069,#5496,#6071,.T.);
#6069 = VERTEX_POINT('',#6070);
#6070 = CARTESIAN_POINT('',(-64.19778359504,-3.199999999999,
    -47.34727413614));
#6071 = LINE('',#6072,#6073);
#6072 = CARTESIAN_POINT('',(-64.19778359504,-3.199999999999,
    -47.34727413614));
#6073 = VECTOR('',#6074,1.);
#6074 = DIRECTION('',(-0.982685536548,-4.E-17,-0.185281235583));
#6075 = ORIENTED_EDGE('',*,*,#6076,.F.);
#6076 = EDGE_CURVE('',#6021,#6069,#6077,.T.);
#6077 = CIRCLE('',#6078,4.899999999983);
#6078 = AXIS2_PLACEMENT_3D('',#6079,#6080,#6081);
#6079 = CARTESIAN_POINT('',(-65.10566164939,-3.200000000027,
    -42.53211500706));
#6080 = DIRECTION('',(0.982685536548,0.,0.185281235583));
#6081 = DIRECTION('',(-0.185281235583,0.,0.982685536548));
#6082 = ORIENTED_EDGE('',*,*,#6028,.T.);
#6083 = ORIENTED_EDGE('',*,*,#5502,.T.);
#6084 = CYLINDRICAL_SURFACE('',#6085,4.899999999983);
#6085 = AXIS2_PLACEMENT_3D('',#6086,#6087,#6088);
#6086 = CARTESIAN_POINT('',(-65.10566164939,-3.200000000027,
    -42.53211500706));
#6087 = DIRECTION('',(0.982685536548,4.E-17,0.185281235583));
#6088 = DIRECTION('',(-0.185281235583,2.2E-16,0.982685536548));
#6089 = ADVANCED_FACE('',(#6090),#6101,.F.);
#6090 = FACE_BOUND('',#6091,.F.);
#6091 = EDGE_LOOP('',(#6092,#6093,#6099,#6100));
#6092 = ORIENTED_EDGE('',*,*,#6053,.F.);
#6093 = ORIENTED_EDGE('',*,*,#6094,.F.);
#6094 = EDGE_CURVE('',#6069,#6045,#6095,.T.);
#6095 = LINE('',#6096,#6097);
#6096 = CARTESIAN_POINT('',(-64.19778359504,-3.2,-47.34727413615));
#6097 = VECTOR('',#6098,1.);
#6098 = DIRECTION('',(-4.864719738151E-13,1.,2.580217759604E-12));
#6099 = ORIENTED_EDGE('',*,*,#6068,.T.);
#6100 = ORIENTED_EDGE('',*,*,#5650,.T.);
#6101 = PLANE('',#6102);
#6102 = AXIS2_PLACEMENT_3D('',#6103,#6104,#6105);
#6103 = CARTESIAN_POINT('',(-64.19778359504,-3.2,-47.34727413615));
#6104 = DIRECTION('',(0.185281235583,2.62546E-12,-0.982685536548));
#6105 = DIRECTION('',(-4.864906807719E-13,1.,2.579993610645E-12));
#6106 = ADVANCED_FACE('',(#6107),#6132,.F.);
#6107 = FACE_BOUND('',#6108,.F.);
#6108 = EDGE_LOOP('',(#6109,#6117,#6118,#6126));
#6109 = ORIENTED_EDGE('',*,*,#6110,.F.);
#6110 = EDGE_CURVE('',#5790,#6111,#6113,.T.);
#6111 = VERTEX_POINT('',#6112);
#6112 = CARTESIAN_POINT('',(-64.58687418976,6.4,-45.2836345094));
#6113 = LINE('',#6114,#6115);
#6114 = CARTESIAN_POINT('',(-59.67344650702,6.4,-44.35722833149));
#6115 = VECTOR('',#6116,1.);
#6116 = DIRECTION('',(-0.982685536548,-4.E-17,-0.185281235583));
#6117 = ORIENTED_EDGE('',*,*,#5797,.F.);
#6118 = ORIENTED_EDGE('',*,*,#6119,.T.);
#6119 = EDGE_CURVE('',#5781,#6120,#6122,.T.);
#6120 = VERTEX_POINT('',#6121);
#6121 = CARTESIAN_POINT('',(-64.58687418976,-6.4,-45.2836345094));
#6122 = LINE('',#6123,#6124);
#6123 = CARTESIAN_POINT('',(-59.67344650702,-6.4,-44.35722833149));
#6124 = VECTOR('',#6125,1.);
#6125 = DIRECTION('',(-0.982685536548,-4.E-17,-0.185281235583));
#6126 = ORIENTED_EDGE('',*,*,#6127,.F.);
#6127 = EDGE_CURVE('',#6111,#6120,#6128,.T.);
#6128 = LINE('',#6129,#6130);
#6129 = CARTESIAN_POINT('',(-64.58687418976,-3.200000000005,
    -45.2836345094));
#6130 = VECTOR('',#6131,1.);
#6131 = DIRECTION('',(1.4E-16,-1.,2.5E-16));
#6132 = PLANE('',#6133);
#6133 = AXIS2_PLACEMENT_3D('',#6134,#6135,#6136);
#6134 = CARTESIAN_POINT('',(-59.67344650702,-6.4,-44.35722833149));
#6135 = DIRECTION('',(0.185281235583,-2.2E-16,-0.982685536548));
#6136 = DIRECTION('',(7.057699399989E-19,1.,-2.237432280176E-16));
#6137 = ADVANCED_FACE('',(#6138),#6157,.F.);
#6138 = FACE_BOUND('',#6139,.F.);
#6139 = EDGE_LOOP('',(#6140,#6141,#6142,#6150));
#6140 = ORIENTED_EDGE('',*,*,#6119,.F.);
#6141 = ORIENTED_EDGE('',*,*,#5821,.F.);
#6142 = ORIENTED_EDGE('',*,*,#6143,.T.);
#6143 = EDGE_CURVE('',#5812,#6144,#6146,.T.);
#6144 = VERTEX_POINT('',#6145);
#6145 = CARTESIAN_POINT('',(-64.69804293111,-7.,-44.69402318747));
#6146 = LINE('',#6147,#6148);
#6147 = CARTESIAN_POINT('',(-59.78461524837,-7.,-43.76761700956));
#6148 = VECTOR('',#6149,1.);
#6149 = DIRECTION('',(-0.982685536548,-4.E-17,-0.185281235583));
#6150 = ORIENTED_EDGE('',*,*,#6151,.T.);
#6151 = EDGE_CURVE('',#6144,#6120,#6152,.T.);
#6152 = CIRCLE('',#6153,0.6);
#6153 = AXIS2_PLACEMENT_3D('',#6154,#6155,#6156);
#6154 = CARTESIAN_POINT('',(-64.69804293111,-6.4,-44.69402318747));
#6155 = DIRECTION('',(0.982685536548,4.E-17,0.185281235583));
#6156 = DIRECTION('',(-0.185281235583,2.2E-16,0.982685536548));
#6157 = CYLINDRICAL_SURFACE('',#6158,0.6);
#6158 = AXIS2_PLACEMENT_3D('',#6159,#6160,#6161);
#6159 = CARTESIAN_POINT('',(-59.78461524837,-6.4,-43.76761700956));
#6160 = DIRECTION('',(0.982685536548,4.E-17,0.185281235583));
#6161 = DIRECTION('',(-0.185281235583,2.2E-16,0.982685536548));
#6162 = ADVANCED_FACE('',(#6163),#6182,.F.);
#6163 = FACE_BOUND('',#6164,.F.);
#6164 = EDGE_LOOP('',(#6165,#6173,#6174,#6175));
#6165 = ORIENTED_EDGE('',*,*,#6166,.F.);
#6166 = EDGE_CURVE('',#5839,#6167,#6169,.T.);
#6167 = VERTEX_POINT('',#6168);
#6168 = CARTESIAN_POINT('',(-64.69804293111,7.,-44.69402318747));
#6169 = LINE('',#6170,#6171);
#6170 = CARTESIAN_POINT('',(-59.78461524837,7.,-43.76761700956));
#6171 = VECTOR('',#6172,1.);
#6172 = DIRECTION('',(-0.982685536548,-4.E-17,-0.185281235583));
#6173 = ORIENTED_EDGE('',*,*,#5846,.F.);
#6174 = ORIENTED_EDGE('',*,*,#6110,.T.);
#6175 = ORIENTED_EDGE('',*,*,#6176,.T.);
#6176 = EDGE_CURVE('',#6111,#6167,#6177,.T.);
#6177 = CIRCLE('',#6178,0.6);
#6178 = AXIS2_PLACEMENT_3D('',#6179,#6180,#6181);
#6179 = CARTESIAN_POINT('',(-64.69804293111,6.4,-44.69402318747));
#6180 = DIRECTION('',(0.982685536548,4.E-17,0.185281235583));
#6181 = DIRECTION('',(-0.185281235583,2.2E-16,0.982685536548));
#6182 = CYLINDRICAL_SURFACE('',#6183,0.6);
#6183 = AXIS2_PLACEMENT_3D('',#6184,#6185,#6186);
#6184 = CARTESIAN_POINT('',(-59.78461524837,6.4,-43.76761700956));
#6185 = DIRECTION('',(0.982685536548,4.E-17,0.185281235583));
#6186 = DIRECTION('',(-0.185281235583,2.2E-16,0.982685536548));
#6187 = ADVANCED_FACE('',(#6188),#6206,.F.);
#6188 = FACE_BOUND('',#6189,.F.);
#6189 = EDGE_LOOP('',(#6190,#6191,#6192,#6200));
#6190 = ORIENTED_EDGE('',*,*,#6143,.F.);
#6191 = ORIENTED_EDGE('',*,*,#5871,.F.);
#6192 = ORIENTED_EDGE('',*,*,#6193,.T.);
#6193 = EDGE_CURVE('',#5862,#6194,#6196,.T.);
#6194 = VERTEX_POINT('',#6195);
#6195 = CARTESIAN_POINT('',(-65.51328036767,-7.,-40.37020682666));
#6196 = LINE('',#6197,#6198);
#6197 = CARTESIAN_POINT('',(-60.59985268493,-7.,-39.44380064875));
#6198 = VECTOR('',#6199,1.);
#6199 = DIRECTION('',(-0.982685536548,-4.E-17,-0.185281235583));
#6200 = ORIENTED_EDGE('',*,*,#6201,.F.);
#6201 = EDGE_CURVE('',#6144,#6194,#6202,.T.);
#6202 = LINE('',#6203,#6204);
#6203 = CARTESIAN_POINT('',(-65.30947100853,-7.,-41.45116091686));
#6204 = VECTOR('',#6205,1.);
#6205 = DIRECTION('',(-0.185281235583,2.2E-16,0.982685536548));
#6206 = PLANE('',#6207);
#6207 = AXIS2_PLACEMENT_3D('',#6208,#6209,#6210);
#6208 = CARTESIAN_POINT('',(-60.59985268493,-7.,-39.44380064875));
#6209 = DIRECTION('',(0.,-1.,2.2E-16));
#6210 = DIRECTION('',(0.185281235583,-2.161908180406E-16,-0.982685536548
    ));
#6211 = ADVANCED_FACE('',(#6212),#6230,.F.);
#6212 = FACE_BOUND('',#6213,.F.);
#6213 = EDGE_LOOP('',(#6214,#6222,#6223,#6224));
#6214 = ORIENTED_EDGE('',*,*,#6215,.F.);
#6215 = EDGE_CURVE('',#5888,#6216,#6218,.T.);
#6216 = VERTEX_POINT('',#6217);
#6217 = CARTESIAN_POINT('',(-65.51328036767,7.,-40.37020682666));
#6218 = LINE('',#6219,#6220);
#6219 = CARTESIAN_POINT('',(-60.59985268493,7.,-39.44380064875));
#6220 = VECTOR('',#6221,1.);
#6221 = DIRECTION('',(-0.982685536548,-4.E-17,-0.185281235583));
#6222 = ORIENTED_EDGE('',*,*,#5895,.F.);
#6223 = ORIENTED_EDGE('',*,*,#6166,.T.);
#6224 = ORIENTED_EDGE('',*,*,#6225,.F.);
#6225 = EDGE_CURVE('',#6216,#6167,#6226,.T.);
#6226 = LINE('',#6227,#6228);
#6227 = CARTESIAN_POINT('',(-64.90185229025,7.,-43.61306909727));
#6228 = VECTOR('',#6229,1.);
#6229 = DIRECTION('',(0.185281235583,-2.2E-16,-0.982685536548));
#6230 = PLANE('',#6231);
#6231 = AXIS2_PLACEMENT_3D('',#6232,#6233,#6234);
#6232 = CARTESIAN_POINT('',(-59.78461524837,7.,-43.76761700956));
#6233 = DIRECTION('',(0.,1.,-2.2E-16));
#6234 = DIRECTION('',(-0.185281235583,2.161908180406E-16,0.982685536548)
  );
#6235 = ADVANCED_FACE('',(#6236),#6255,.F.);
#6236 = FACE_BOUND('',#6237,.F.);
#6237 = EDGE_LOOP('',(#6238,#6239,#6240,#6248));
#6238 = ORIENTED_EDGE('',*,*,#6193,.F.);
#6239 = ORIENTED_EDGE('',*,*,#5919,.F.);
#6240 = ORIENTED_EDGE('',*,*,#6241,.T.);
#6241 = EDGE_CURVE('',#5910,#6242,#6244,.T.);
#6242 = VERTEX_POINT('',#6243);
#6243 = CARTESIAN_POINT('',(-65.62444910902,-6.4,-39.78059550473));
#6244 = LINE('',#6245,#6246);
#6245 = CARTESIAN_POINT('',(-60.71102142628,-6.4,-38.85418932682));
#6246 = VECTOR('',#6247,1.);
#6247 = DIRECTION('',(-0.982685536548,-4.E-17,-0.185281235583));
#6248 = ORIENTED_EDGE('',*,*,#6249,.T.);
#6249 = EDGE_CURVE('',#6242,#6194,#6250,.T.);
#6250 = CIRCLE('',#6251,0.6);
#6251 = AXIS2_PLACEMENT_3D('',#6252,#6253,#6254);
#6252 = CARTESIAN_POINT('',(-65.51328036767,-6.4,-40.37020682666));
#6253 = DIRECTION('',(0.982685536548,4.E-17,0.185281235583));
#6254 = DIRECTION('',(-0.185281235583,2.2E-16,0.982685536548));
#6255 = CYLINDRICAL_SURFACE('',#6256,0.6);
#6256 = AXIS2_PLACEMENT_3D('',#6257,#6258,#6259);
#6257 = CARTESIAN_POINT('',(-60.59985268493,-6.4,-39.44380064875));
#6258 = DIRECTION('',(0.982685536548,4.E-17,0.185281235583));
#6259 = DIRECTION('',(-0.185281235583,2.2E-16,0.982685536548));
#6260 = ADVANCED_FACE('',(#6261),#6280,.F.);
#6261 = FACE_BOUND('',#6262,.F.);
#6262 = EDGE_LOOP('',(#6263,#6271,#6272,#6273));
#6263 = ORIENTED_EDGE('',*,*,#6264,.F.);
#6264 = EDGE_CURVE('',#5937,#6265,#6267,.T.);
#6265 = VERTEX_POINT('',#6266);
#6266 = CARTESIAN_POINT('',(-65.62444910902,6.4,-39.78059550473));
#6267 = LINE('',#6268,#6269);
#6268 = CARTESIAN_POINT('',(-60.71102142628,6.4,-38.85418932682));
#6269 = VECTOR('',#6270,1.);
#6270 = DIRECTION('',(-0.982685536548,-4.E-17,-0.185281235583));
#6271 = ORIENTED_EDGE('',*,*,#5944,.F.);
#6272 = ORIENTED_EDGE('',*,*,#6215,.T.);
#6273 = ORIENTED_EDGE('',*,*,#6274,.T.);
#6274 = EDGE_CURVE('',#6216,#6265,#6275,.T.);
#6275 = CIRCLE('',#6276,0.6);
#6276 = AXIS2_PLACEMENT_3D('',#6277,#6278,#6279);
#6277 = CARTESIAN_POINT('',(-65.51328036767,6.4,-40.37020682666));
#6278 = DIRECTION('',(0.982685536548,4.E-17,0.185281235583));
#6279 = DIRECTION('',(-0.185281235583,2.2E-16,0.982685536548));
#6280 = CYLINDRICAL_SURFACE('',#6281,0.6);
#6281 = AXIS2_PLACEMENT_3D('',#6282,#6283,#6284);
#6282 = CARTESIAN_POINT('',(-60.59985268493,6.4,-39.44380064875));
#6283 = DIRECTION('',(0.982685536548,4.E-17,0.185281235583));
#6284 = DIRECTION('',(-0.185281235583,2.2E-16,0.982685536548));
#6285 = ADVANCED_FACE('',(#6286),#6297,.F.);
#6286 = FACE_BOUND('',#6287,.F.);
#6287 = EDGE_LOOP('',(#6288,#6289,#6290,#6291));
#6288 = ORIENTED_EDGE('',*,*,#6241,.F.);
#6289 = ORIENTED_EDGE('',*,*,#5962,.F.);
#6290 = ORIENTED_EDGE('',*,*,#6264,.T.);
#6291 = ORIENTED_EDGE('',*,*,#6292,.F.);
#6292 = EDGE_CURVE('',#6242,#6265,#6293,.T.);
#6293 = LINE('',#6294,#6295);
#6294 = CARTESIAN_POINT('',(-65.62444910902,3.199999999995,
    -39.78059550473));
#6295 = VECTOR('',#6296,1.);
#6296 = DIRECTION('',(-1.4E-16,1.,-2.5E-16));
#6297 = PLANE('',#6298);
#6298 = AXIS2_PLACEMENT_3D('',#6299,#6300,#6301);
#6299 = CARTESIAN_POINT('',(-60.71102142628,6.4,-38.85418932682));
#6300 = DIRECTION('',(-0.185281235583,2.2E-16,0.982685536548));
#6301 = DIRECTION('',(-7.057699399989E-19,-1.,2.237432280176E-16));
#6302 = ADVANCED_FACE('',(#6303,#6309),#6319,.F.);
#6303 = FACE_BOUND('',#6304,.F.);
#6304 = EDGE_LOOP('',(#6305,#6306,#6307,#6308));
#6305 = ORIENTED_EDGE('',*,*,#6076,.T.);
#6306 = ORIENTED_EDGE('',*,*,#6094,.T.);
#6307 = ORIENTED_EDGE('',*,*,#6044,.T.);
#6308 = ORIENTED_EDGE('',*,*,#6020,.F.);
#6309 = FACE_BOUND('',#6310,.F.);
#6310 = EDGE_LOOP('',(#6311,#6312,#6313,#6314,#6315,#6316,#6317,#6318));
#6311 = ORIENTED_EDGE('',*,*,#6151,.F.);
#6312 = ORIENTED_EDGE('',*,*,#6201,.T.);
#6313 = ORIENTED_EDGE('',*,*,#6249,.F.);
#6314 = ORIENTED_EDGE('',*,*,#6292,.T.);
#6315 = ORIENTED_EDGE('',*,*,#6274,.F.);
#6316 = ORIENTED_EDGE('',*,*,#6225,.T.);
#6317 = ORIENTED_EDGE('',*,*,#6176,.F.);
#6318 = ORIENTED_EDGE('',*,*,#6127,.T.);
#6319 = PLANE('',#6320);
#6320 = AXIS2_PLACEMENT_3D('',#6321,#6322,#6323);
#6321 = CARTESIAN_POINT('',(-65.10566164939,-1.048341E-11,
    -42.53211500707));
#6322 = DIRECTION('',(0.982685536548,1.5E-16,0.185281235583));
#6323 = DIRECTION('',(-0.185281235583,0.,0.982685536548));
#6324 = ( GEOMETRIC_REPRESENTATION_CONTEXT(3) 
GLOBAL_UNCERTAINTY_ASSIGNED_CONTEXT((#6328)) 
GLOBAL_UNIT_ASSIGNED_CONTEXT((#6325,#6326,#6327)) REPRESENTATION_CONTEXT
('Context #1','3D Context with UNIT and UNCERTAINTY') );
#6325 = ( LENGTH_UNIT() NAMED_UNIT(*) SI_UNIT(.MILLI.,.METRE.) );
#6326 = ( NAMED_UNIT(*) PLANE_ANGLE_UNIT() SI_UNIT($,.RADIAN.) );
#6327 = ( NAMED_UNIT(*) SI_UNIT($,.STERADIAN.) SOLID_ANGLE_UNIT() );
#6328 = UNCERTAINTY_MEASURE_WITH_UNIT(LENGTH_MEASURE(5.E-05),#6325,
  'distance_accuracy_value','confusion accuracy');
#6329 = CONTEXT_DEPENDENT_SHAPE_REPRESENTATION(#6330,#6332);
#6330 = ( REPRESENTATION_RELATIONSHIP('','',#48,#10) 
REPRESENTATION_RELATIONSHIP_WITH_TRANSFORMATION(#6331) 
SHAPE_REPRESENTATION_RELATIONSHIP() );
#6331 = ITEM_DEFINED_TRANSFORMATION('','',#11,#15);
#6332 = PRODUCT_DEFINITION_SHAPE('Placement','Placement of an item',
  #6333);
#6333 = NEXT_ASSEMBLY_USAGE_OCCURRENCE('6','Body','',#5,#43,$);
#6334 = PRODUCT_RELATED_PRODUCT_CATEGORY('part',$,(#45));
#6335 = SHAPE_DEFINITION_REPRESENTATION(#6336,#6342);
#6336 = PRODUCT_DEFINITION_SHAPE('','',#6337);
#6337 = PRODUCT_DEFINITION('design','',#6338,#6341);
#6338 = PRODUCT_DEFINITION_FORMATION('','',#6339);
#6339 = PRODUCT('Sup','Sup','',(#6340));
#6340 = PRODUCT_CONTEXT('',#2,'mechanical');
#6341 = PRODUCT_DEFINITION_CONTEXT('part definition',#2,'design');
#6342 = ADVANCED_BREP_SHAPE_REPRESENTATION('',(#11,#6343),#6685);
#6343 = MANIFOLD_SOLID_BREP('',#6344);
#6344 = CLOSED_SHELL('',(#6345,#6385,#6416,#6447,#6478,#6509,#6533,#6557
    ,#6579,#6603,#6620,#6644,#6661,#6673));
#6345 = ADVANCED_FACE('',(#6346),#6380,.F.);
#6346 = FACE_BOUND('',#6347,.F.);
#6347 = EDGE_LOOP('',(#6348,#6358,#6366,#6374));
#6348 = ORIENTED_EDGE('',*,*,#6349,.F.);
#6349 = EDGE_CURVE('',#6350,#6352,#6354,.T.);
#6350 = VERTEX_POINT('',#6351);
#6351 = CARTESIAN_POINT('',(-63.5486,35.48,-2.2042));
#6352 = VERTEX_POINT('',#6353);
#6353 = CARTESIAN_POINT('',(-63.5486,35.48,-4.0958));
#6354 = LINE('',#6355,#6356);
#6355 = CARTESIAN_POINT('',(-63.5486,35.48,-1.9042));
#6356 = VECTOR('',#6357,1.);
#6357 = DIRECTION('',(0.,2.2E-16,-1.));
#6358 = ORIENTED_EDGE('',*,*,#6359,.T.);
#6359 = EDGE_CURVE('',#6350,#6360,#6362,.T.);
#6360 = VERTEX_POINT('',#6361);
#6361 = CARTESIAN_POINT('',(-63.5486,-30.48,-2.2042));
#6362 = LINE('',#6363,#6364);
#6363 = CARTESIAN_POINT('',(-63.5486,35.48,-2.2042));
#6364 = VECTOR('',#6365,1.);
#6365 = DIRECTION('',(0.,-1.,2.2E-16));
#6366 = ORIENTED_EDGE('',*,*,#6367,.T.);
#6367 = EDGE_CURVE('',#6360,#6368,#6370,.T.);
#6368 = VERTEX_POINT('',#6369);
#6369 = CARTESIAN_POINT('',(-63.5486,-30.48,-4.0958));
#6370 = LINE('',#6371,#6372);
#6371 = CARTESIAN_POINT('',(-63.5486,-30.48,-1.9042));
#6372 = VECTOR('',#6373,1.);
#6373 = DIRECTION('',(0.,2.2E-16,-1.));
#6374 = ORIENTED_EDGE('',*,*,#6375,.F.);
#6375 = EDGE_CURVE('',#6352,#6368,#6376,.T.);
#6376 = LINE('',#6377,#6378);
#6377 = CARTESIAN_POINT('',(-63.5486,35.48,-4.0958));
#6378 = VECTOR('',#6379,1.);
#6379 = DIRECTION('',(0.,-1.,2.2E-16));
#6380 = PLANE('',#6381);
#6381 = AXIS2_PLACEMENT_3D('',#6382,#6383,#6384);
#6382 = CARTESIAN_POINT('',(-63.5486,35.48,-1.9042));
#6383 = DIRECTION('',(1.,0.,0.));
#6384 = DIRECTION('',(0.,-2.2E-16,-1.));
#6385 = ADVANCED_FACE('',(#6386),#6411,.T.);
#6386 = FACE_BOUND('',#6387,.T.);
#6387 = EDGE_LOOP('',(#6388,#6389,#6397,#6405));
#6388 = ORIENTED_EDGE('',*,*,#6349,.F.);
#6389 = ORIENTED_EDGE('',*,*,#6390,.F.);
#6390 = EDGE_CURVE('',#6391,#6350,#6393,.T.);
#6391 = VERTEX_POINT('',#6392);
#6392 = CARTESIAN_POINT('',(-62.7486,35.48,-2.2042));
#6393 = LINE('',#6394,#6395);
#6394 = CARTESIAN_POINT('',(-62.7486,35.48,-2.2042));
#6395 = VECTOR('',#6396,1.);
#6396 = DIRECTION('',(-1.,-0.,0.));
#6397 = ORIENTED_EDGE('',*,*,#6398,.F.);
#6398 = EDGE_CURVE('',#6399,#6391,#6401,.T.);
#6399 = VERTEX_POINT('',#6400);
#6400 = CARTESIAN_POINT('',(-62.7486,35.48,-4.0958));
#6401 = LINE('',#6402,#6403);
#6402 = CARTESIAN_POINT('',(-62.7486,35.48,-4.3958));
#6403 = VECTOR('',#6404,1.);
#6404 = DIRECTION('',(0.,-2.2E-16,1.));
#6405 = ORIENTED_EDGE('',*,*,#6406,.F.);
#6406 = EDGE_CURVE('',#6352,#6399,#6407,.T.);
#6407 = LINE('',#6408,#6409);
#6408 = CARTESIAN_POINT('',(-63.5486,35.48,-4.0958));
#6409 = VECTOR('',#6410,1.);
#6410 = DIRECTION('',(1.,0.,0.));
#6411 = PLANE('',#6412);
#6412 = AXIS2_PLACEMENT_3D('',#6413,#6414,#6415);
#6413 = CARTESIAN_POINT('',(-63.1486,35.48,-3.15));
#6414 = DIRECTION('',(0.,1.,2.2E-16));
#6415 = DIRECTION('',(0.,-2.2E-16,1.));
#6416 = ADVANCED_FACE('',(#6417),#6442,.T.);
#6417 = FACE_BOUND('',#6418,.T.);
#6418 = EDGE_LOOP('',(#6419,#6427,#6428,#6436));
#6419 = ORIENTED_EDGE('',*,*,#6420,.F.);
#6420 = EDGE_CURVE('',#6350,#6421,#6423,.T.);
#6421 = VERTEX_POINT('',#6422);
#6422 = CARTESIAN_POINT('',(-63.2486,35.18,-1.9042));
#6423 = LINE('',#6424,#6425);
#6424 = CARTESIAN_POINT('',(-63.31526666666,35.246666666667,
    -1.970866666667));
#6425 = VECTOR('',#6426,1.);
#6426 = DIRECTION('',(0.57735026919,-0.57735026919,0.57735026919));
#6427 = ORIENTED_EDGE('',*,*,#6359,.T.);
#6428 = ORIENTED_EDGE('',*,*,#6429,.T.);
#6429 = EDGE_CURVE('',#6360,#6430,#6432,.T.);
#6430 = VERTEX_POINT('',#6431);
#6431 = CARTESIAN_POINT('',(-63.2486,-30.18,-1.9042));
#6432 = LINE('',#6433,#6434);
#6433 = CARTESIAN_POINT('',(-52.32193333333,-19.25333333333,
    9.022466666667));
#6434 = VECTOR('',#6435,1.);
#6435 = DIRECTION('',(0.57735026919,0.57735026919,0.57735026919));
#6436 = ORIENTED_EDGE('',*,*,#6437,.F.);
#6437 = EDGE_CURVE('',#6421,#6430,#6438,.T.);
#6438 = LINE('',#6439,#6440);
#6439 = CARTESIAN_POINT('',(-63.2486,35.48,-1.9042));
#6440 = VECTOR('',#6441,1.);
#6441 = DIRECTION('',(0.,-1.,2.2E-16));
#6442 = PLANE('',#6443);
#6443 = AXIS2_PLACEMENT_3D('',#6444,#6445,#6446);
#6444 = CARTESIAN_POINT('',(-63.3986,35.48,-2.0542));
#6445 = DIRECTION('',(-0.707106781187,1.6E-16,0.707106781187));
#6446 = DIRECTION('',(-3.137084989848E-18,-1.,2.231370849898E-16));
#6447 = ADVANCED_FACE('',(#6448),#6473,.T.);
#6448 = FACE_BOUND('',#6449,.F.);
#6449 = EDGE_LOOP('',(#6450,#6458,#6459,#6467));
#6450 = ORIENTED_EDGE('',*,*,#6451,.F.);
#6451 = EDGE_CURVE('',#6352,#6452,#6454,.T.);
#6452 = VERTEX_POINT('',#6453);
#6453 = CARTESIAN_POINT('',(-63.2486,35.18,-4.3958));
#6454 = LINE('',#6455,#6456);
#6455 = CARTESIAN_POINT('',(-63.4486,35.38,-4.1958));
#6456 = VECTOR('',#6457,1.);
#6457 = DIRECTION('',(0.57735026919,-0.57735026919,-0.57735026919));
#6458 = ORIENTED_EDGE('',*,*,#6375,.T.);
#6459 = ORIENTED_EDGE('',*,*,#6460,.T.);
#6460 = EDGE_CURVE('',#6368,#6461,#6463,.T.);
#6461 = VERTEX_POINT('',#6462);
#6462 = CARTESIAN_POINT('',(-63.2486,-30.18,-4.3958));
#6463 = LINE('',#6464,#6465);
#6464 = CARTESIAN_POINT('',(-52.45526666666,-19.38666666666,
    -15.18913333333));
#6465 = VECTOR('',#6466,1.);
#6466 = DIRECTION('',(0.57735026919,0.57735026919,-0.57735026919));
#6467 = ORIENTED_EDGE('',*,*,#6468,.F.);
#6468 = EDGE_CURVE('',#6452,#6461,#6469,.T.);
#6469 = LINE('',#6470,#6471);
#6470 = CARTESIAN_POINT('',(-63.2486,35.48,-4.3958));
#6471 = VECTOR('',#6472,1.);
#6472 = DIRECTION('',(0.,-1.,2.2E-16));
#6473 = PLANE('',#6474);
#6474 = AXIS2_PLACEMENT_3D('',#6475,#6476,#6477);
#6475 = CARTESIAN_POINT('',(-63.3986,35.48,-4.2458));
#6476 = DIRECTION('',(-0.707106781187,-1.6E-16,-0.707106781187));
#6477 = DIRECTION('',(-3.137084989848E-18,1.,-2.231370849898E-16));
#6478 = ADVANCED_FACE('',(#6479),#6504,.F.);
#6479 = FACE_BOUND('',#6480,.F.);
#6480 = EDGE_LOOP('',(#6481,#6482,#6490,#6498));
#6481 = ORIENTED_EDGE('',*,*,#6367,.F.);
#6482 = ORIENTED_EDGE('',*,*,#6483,.F.);
#6483 = EDGE_CURVE('',#6484,#6360,#6486,.T.);
#6484 = VERTEX_POINT('',#6485);
#6485 = CARTESIAN_POINT('',(-62.7486,-30.48,-2.2042));
#6486 = LINE('',#6487,#6488);
#6487 = CARTESIAN_POINT('',(-62.7486,-30.48,-2.2042));
#6488 = VECTOR('',#6489,1.);
#6489 = DIRECTION('',(-1.,-0.,0.));
#6490 = ORIENTED_EDGE('',*,*,#6491,.F.);
#6491 = EDGE_CURVE('',#6492,#6484,#6494,.T.);
#6492 = VERTEX_POINT('',#6493);
#6493 = CARTESIAN_POINT('',(-62.7486,-30.48,-4.0958));
#6494 = LINE('',#6495,#6496);
#6495 = CARTESIAN_POINT('',(-62.7486,-30.48,-4.3958));
#6496 = VECTOR('',#6497,1.);
#6497 = DIRECTION('',(0.,-2.2E-16,1.));
#6498 = ORIENTED_EDGE('',*,*,#6499,.F.);
#6499 = EDGE_CURVE('',#6368,#6492,#6500,.T.);
#6500 = LINE('',#6501,#6502);
#6501 = CARTESIAN_POINT('',(-63.5486,-30.48,-4.0958));
#6502 = VECTOR('',#6503,1.);
#6503 = DIRECTION('',(1.,0.,0.));
#6504 = PLANE('',#6505);
#6505 = AXIS2_PLACEMENT_3D('',#6506,#6507,#6508);
#6506 = CARTESIAN_POINT('',(-63.1486,-30.48,-3.15));
#6507 = DIRECTION('',(0.,1.,2.2E-16));
#6508 = DIRECTION('',(0.,-2.2E-16,1.));
#6509 = ADVANCED_FACE('',(#6510),#6528,.F.);
#6510 = FACE_BOUND('',#6511,.F.);
#6511 = EDGE_LOOP('',(#6512,#6520,#6526,#6527));
#6512 = ORIENTED_EDGE('',*,*,#6513,.T.);
#6513 = EDGE_CURVE('',#6391,#6514,#6516,.T.);
#6514 = VERTEX_POINT('',#6515);
#6515 = CARTESIAN_POINT('',(-63.0486,35.18,-1.9042));
#6516 = LINE('',#6517,#6518);
#6517 = CARTESIAN_POINT('',(-62.8486,35.38,-2.1042));
#6518 = VECTOR('',#6519,1.);
#6519 = DIRECTION('',(-0.57735026919,-0.57735026919,0.57735026919));
#6520 = ORIENTED_EDGE('',*,*,#6521,.T.);
#6521 = EDGE_CURVE('',#6514,#6421,#6522,.T.);
#6522 = LINE('',#6523,#6524);
#6523 = CARTESIAN_POINT('',(-62.7486,35.18,-1.9042));
#6524 = VECTOR('',#6525,1.);
#6525 = DIRECTION('',(-1.,-0.,0.));
#6526 = ORIENTED_EDGE('',*,*,#6420,.F.);
#6527 = ORIENTED_EDGE('',*,*,#6390,.F.);
#6528 = PLANE('',#6529);
#6529 = AXIS2_PLACEMENT_3D('',#6530,#6531,#6532);
#6530 = CARTESIAN_POINT('',(-62.7486,35.33,-2.0542));
#6531 = DIRECTION('',(0.,-0.707106781187,-0.707106781187));
#6532 = DIRECTION('',(-1.,-0.,0.));
#6533 = ADVANCED_FACE('',(#6534),#6552,.F.);
#6534 = FACE_BOUND('',#6535,.F.);
#6535 = EDGE_LOOP('',(#6536,#6537,#6545,#6551));
#6536 = ORIENTED_EDGE('',*,*,#6451,.T.);
#6537 = ORIENTED_EDGE('',*,*,#6538,.T.);
#6538 = EDGE_CURVE('',#6452,#6539,#6541,.T.);
#6539 = VERTEX_POINT('',#6540);
#6540 = CARTESIAN_POINT('',(-63.0486,35.18,-4.3958));
#6541 = LINE('',#6542,#6543);
#6542 = CARTESIAN_POINT('',(-63.5486,35.18,-4.3958));
#6543 = VECTOR('',#6544,1.);
#6544 = DIRECTION('',(1.,0.,0.));
#6545 = ORIENTED_EDGE('',*,*,#6546,.T.);
#6546 = EDGE_CURVE('',#6539,#6399,#6547,.T.);
#6547 = LINE('',#6548,#6549);
#6548 = CARTESIAN_POINT('',(-62.98193333333,35.246666666667,
    -4.329133333333));
#6549 = VECTOR('',#6550,1.);
#6550 = DIRECTION('',(0.57735026919,0.57735026919,0.57735026919));
#6551 = ORIENTED_EDGE('',*,*,#6406,.F.);
#6552 = PLANE('',#6553);
#6553 = AXIS2_PLACEMENT_3D('',#6554,#6555,#6556);
#6554 = CARTESIAN_POINT('',(-63.5486,35.33,-4.2458));
#6555 = DIRECTION('',(-0.,-0.707106781187,0.707106781187));
#6556 = DIRECTION('',(1.,0.,0.));
#6557 = ADVANCED_FACE('',(#6558),#6574,.F.);
#6558 = FACE_BOUND('',#6559,.F.);
#6559 = EDGE_LOOP('',(#6560,#6561,#6567,#6568));
#6560 = ORIENTED_EDGE('',*,*,#6398,.F.);
#6561 = ORIENTED_EDGE('',*,*,#6562,.T.);
#6562 = EDGE_CURVE('',#6399,#6492,#6563,.T.);
#6563 = LINE('',#6564,#6565);
#6564 = CARTESIAN_POINT('',(-62.7486,35.48,-4.0958));
#6565 = VECTOR('',#6566,1.);
#6566 = DIRECTION('',(0.,-1.,2.2E-16));
#6567 = ORIENTED_EDGE('',*,*,#6491,.T.);
#6568 = ORIENTED_EDGE('',*,*,#6569,.F.);
#6569 = EDGE_CURVE('',#6391,#6484,#6570,.T.);
#6570 = LINE('',#6571,#6572);
#6571 = CARTESIAN_POINT('',(-62.7486,35.48,-2.2042));
#6572 = VECTOR('',#6573,1.);
#6573 = DIRECTION('',(0.,-1.,2.2E-16));
#6574 = PLANE('',#6575);
#6575 = AXIS2_PLACEMENT_3D('',#6576,#6577,#6578);
#6576 = CARTESIAN_POINT('',(-62.7486,35.48,-4.3958));
#6577 = DIRECTION('',(-1.,0.,0.));
#6578 = DIRECTION('',(0.,2.2E-16,1.));
#6579 = ADVANCED_FACE('',(#6580),#6598,.F.);
#6580 = FACE_BOUND('',#6581,.F.);
#6581 = EDGE_LOOP('',(#6582,#6590,#6596,#6597));
#6582 = ORIENTED_EDGE('',*,*,#6583,.T.);
#6583 = EDGE_CURVE('',#6514,#6584,#6586,.T.);
#6584 = VERTEX_POINT('',#6585);
#6585 = CARTESIAN_POINT('',(-63.0486,-30.18,-1.9042));
#6586 = LINE('',#6587,#6588);
#6587 = CARTESIAN_POINT('',(-63.0486,35.48,-1.9042));
#6588 = VECTOR('',#6589,1.);
#6589 = DIRECTION('',(0.,-1.,2.2E-16));
#6590 = ORIENTED_EDGE('',*,*,#6591,.T.);
#6591 = EDGE_CURVE('',#6584,#6430,#6592,.T.);
#6592 = LINE('',#6593,#6594);
#6593 = CARTESIAN_POINT('',(-62.7486,-30.18,-1.9042));
#6594 = VECTOR('',#6595,1.);
#6595 = DIRECTION('',(-1.,-0.,0.));
#6596 = ORIENTED_EDGE('',*,*,#6437,.F.);
#6597 = ORIENTED_EDGE('',*,*,#6521,.F.);
#6598 = PLANE('',#6599);
#6599 = AXIS2_PLACEMENT_3D('',#6600,#6601,#6602);
#6600 = CARTESIAN_POINT('',(-62.7486,35.48,-1.9042));
#6601 = DIRECTION('',(0.,-2.2E-16,-1.));
#6602 = DIRECTION('',(-1.,0.,0.));
#6603 = ADVANCED_FACE('',(#6604),#6615,.T.);
#6604 = FACE_BOUND('',#6605,.T.);
#6605 = EDGE_LOOP('',(#6606,#6612,#6613,#6614));
#6606 = ORIENTED_EDGE('',*,*,#6607,.T.);
#6607 = EDGE_CURVE('',#6484,#6584,#6608,.T.);
#6608 = LINE('',#6609,#6610);
#6609 = CARTESIAN_POINT('',(-73.84193333333,-19.38666666666,
    8.889133333333));
#6610 = VECTOR('',#6611,1.);
#6611 = DIRECTION('',(-0.57735026919,0.57735026919,0.57735026919));
#6612 = ORIENTED_EDGE('',*,*,#6591,.T.);
#6613 = ORIENTED_EDGE('',*,*,#6429,.F.);
#6614 = ORIENTED_EDGE('',*,*,#6483,.F.);
#6615 = PLANE('',#6616);
#6616 = AXIS2_PLACEMENT_3D('',#6617,#6618,#6619);
#6617 = CARTESIAN_POINT('',(-62.7486,-30.33,-2.0542));
#6618 = DIRECTION('',(-0.,-0.707106781187,0.707106781187));
#6619 = DIRECTION('',(-1.,0.,0.));
#6620 = ADVANCED_FACE('',(#6621),#6639,.F.);
#6621 = FACE_BOUND('',#6622,.F.);
#6622 = EDGE_LOOP('',(#6623,#6624,#6632,#6638));
#6623 = ORIENTED_EDGE('',*,*,#6468,.T.);
#6624 = ORIENTED_EDGE('',*,*,#6625,.T.);
#6625 = EDGE_CURVE('',#6461,#6626,#6628,.T.);
#6626 = VERTEX_POINT('',#6627);
#6627 = CARTESIAN_POINT('',(-63.0486,-30.18,-4.3958));
#6628 = LINE('',#6629,#6630);
#6629 = CARTESIAN_POINT('',(-63.5486,-30.18,-4.3958));
#6630 = VECTOR('',#6631,1.);
#6631 = DIRECTION('',(1.,0.,0.));
#6632 = ORIENTED_EDGE('',*,*,#6633,.F.);
#6633 = EDGE_CURVE('',#6539,#6626,#6634,.T.);
#6634 = LINE('',#6635,#6636);
#6635 = CARTESIAN_POINT('',(-63.0486,35.48,-4.3958));
#6636 = VECTOR('',#6637,1.);
#6637 = DIRECTION('',(0.,-1.,2.2E-16));
#6638 = ORIENTED_EDGE('',*,*,#6538,.F.);
#6639 = PLANE('',#6640);
#6640 = AXIS2_PLACEMENT_3D('',#6641,#6642,#6643);
#6641 = CARTESIAN_POINT('',(-63.5486,35.48,-4.3958));
#6642 = DIRECTION('',(0.,2.2E-16,1.));
#6643 = DIRECTION('',(1.,0.,0.));
#6644 = ADVANCED_FACE('',(#6645),#6656,.T.);
#6645 = FACE_BOUND('',#6646,.T.);
#6646 = EDGE_LOOP('',(#6647,#6648,#6649,#6655));
#6647 = ORIENTED_EDGE('',*,*,#6460,.T.);
#6648 = ORIENTED_EDGE('',*,*,#6625,.T.);
#6649 = ORIENTED_EDGE('',*,*,#6650,.T.);
#6650 = EDGE_CURVE('',#6626,#6492,#6651,.T.);
#6651 = LINE('',#6652,#6653);
#6652 = CARTESIAN_POINT('',(-73.97526666666,-19.25333333333,
    -15.32246666666));
#6653 = VECTOR('',#6654,1.);
#6654 = DIRECTION('',(0.57735026919,-0.57735026919,0.57735026919));
#6655 = ORIENTED_EDGE('',*,*,#6499,.F.);
#6656 = PLANE('',#6657);
#6657 = AXIS2_PLACEMENT_3D('',#6658,#6659,#6660);
#6658 = CARTESIAN_POINT('',(-63.5486,-30.33,-4.2458));
#6659 = DIRECTION('',(0.,-0.707106781187,-0.707106781187));
#6660 = DIRECTION('',(1.,0.,0.));
#6661 = ADVANCED_FACE('',(#6662),#6668,.T.);
#6662 = FACE_BOUND('',#6663,.F.);
#6663 = EDGE_LOOP('',(#6664,#6665,#6666,#6667));
#6664 = ORIENTED_EDGE('',*,*,#6513,.F.);
#6665 = ORIENTED_EDGE('',*,*,#6569,.T.);
#6666 = ORIENTED_EDGE('',*,*,#6607,.T.);
#6667 = ORIENTED_EDGE('',*,*,#6583,.F.);
#6668 = PLANE('',#6669);
#6669 = AXIS2_PLACEMENT_3D('',#6670,#6671,#6672);
#6670 = CARTESIAN_POINT('',(-62.8986,35.48,-2.0542));
#6671 = DIRECTION('',(0.707106781187,1.5E-16,0.707106781187));
#6672 = DIRECTION('',(3.933982822017E-18,1.,-2.16066017178E-16));
#6673 = ADVANCED_FACE('',(#6674),#6680,.T.);
#6674 = FACE_BOUND('',#6675,.F.);
#6675 = EDGE_LOOP('',(#6676,#6677,#6678,#6679));
#6676 = ORIENTED_EDGE('',*,*,#6546,.F.);
#6677 = ORIENTED_EDGE('',*,*,#6633,.T.);
#6678 = ORIENTED_EDGE('',*,*,#6650,.T.);
#6679 = ORIENTED_EDGE('',*,*,#6562,.F.);
#6680 = PLANE('',#6681);
#6681 = AXIS2_PLACEMENT_3D('',#6682,#6683,#6684);
#6682 = CARTESIAN_POINT('',(-62.8986,35.48,-4.2458));
#6683 = DIRECTION('',(0.707106781187,-1.5E-16,-0.707106781187));
#6684 = DIRECTION('',(-3.933982822017E-18,1.,-2.16066017178E-16));
#6685 = ( GEOMETRIC_REPRESENTATION_CONTEXT(3) 
GLOBAL_UNCERTAINTY_ASSIGNED_CONTEXT((#6689)) 
GLOBAL_UNIT_ASSIGNED_CONTEXT((#6686,#6687,#6688)) REPRESENTATION_CONTEXT
('Context #1','3D Context with UNIT and UNCERTAINTY') );
#6686 = ( LENGTH_UNIT() NAMED_UNIT(*) SI_UNIT(.MILLI.,.METRE.) );
#6687 = ( NAMED_UNIT(*) PLANE_ANGLE_UNIT() SI_UNIT($,.RADIAN.) );
#6688 = ( NAMED_UNIT(*) SI_UNIT($,.STERADIAN.) SOLID_ANGLE_UNIT() );
#6689 = UNCERTAINTY_MEASURE_WITH_UNIT(LENGTH_MEASURE(1.E-07),#6686,
  'distance_accuracy_value','confusion accuracy');
#6690 = CONTEXT_DEPENDENT_SHAPE_REPRESENTATION(#6691,#6693);
#6691 = ( REPRESENTATION_RELATIONSHIP('','',#6342,#10) 
REPRESENTATION_RELATIONSHIP_WITH_TRANSFORMATION(#6692) 
SHAPE_REPRESENTATION_RELATIONSHIP() );
#6692 = ITEM_DEFINED_TRANSFORMATION('','',#11,#19);
#6693 = PRODUCT_DEFINITION_SHAPE('Placement','Placement of an item',
  #6694);
#6694 = NEXT_ASSEMBLY_USAGE_OCCURRENCE('7','Sup','',#5,#6337,$);
#6695 = PRODUCT_RELATED_PRODUCT_CATEGORY('part',$,(#6339));
#6696 = SHAPE_DEFINITION_REPRESENTATION(#6697,#6703);
#6697 = PRODUCT_DEFINITION_SHAPE('','',#6698);
#6698 = PRODUCT_DEFINITION('design','',#6699,#6702);
#6699 = PRODUCT_DEFINITION_FORMATION('','',#6700);
#6700 = PRODUCT('Body002','Body002','',(#6701));
#6701 = PRODUCT_CONTEXT('',#2,'mechanical');
#6702 = PRODUCT_DEFINITION_CONTEXT('part definition',#2,'design');
#6703 = ADVANCED_BREP_SHAPE_REPRESENTATION('',(#11,#6704),#7046);
#6704 = MANIFOLD_SOLID_BREP('',#6705);
#6705 = CLOSED_SHELL('',(#6706,#6746,#6777,#6808,#6839,#6870,#6894,#6918
    ,#6940,#6964,#6981,#7005,#7022,#7034));
#6706 = ADVANCED_FACE('',(#6707),#6741,.F.);
#6707 = FACE_BOUND('',#6708,.F.);
#6708 = EDGE_LOOP('',(#6709,#6719,#6727,#6735));
#6709 = ORIENTED_EDGE('',*,*,#6710,.F.);
#6710 = EDGE_CURVE('',#6711,#6713,#6715,.T.);
#6711 = VERTEX_POINT('',#6712);
#6712 = CARTESIAN_POINT('',(-63.5486,35.48,-2.2042));
#6713 = VERTEX_POINT('',#6714);
#6714 = CARTESIAN_POINT('',(-63.5486,35.48,-4.0958));
#6715 = LINE('',#6716,#6717);
#6716 = CARTESIAN_POINT('',(-63.5486,35.48,-1.9042));
#6717 = VECTOR('',#6718,1.);
#6718 = DIRECTION('',(0.,2.2E-16,-1.));
#6719 = ORIENTED_EDGE('',*,*,#6720,.T.);
#6720 = EDGE_CURVE('',#6711,#6721,#6723,.T.);
#6721 = VERTEX_POINT('',#6722);
#6722 = CARTESIAN_POINT('',(-63.5486,-30.48,-2.2042));
#6723 = LINE('',#6724,#6725);
#6724 = CARTESIAN_POINT('',(-63.5486,35.48,-2.2042));
#6725 = VECTOR('',#6726,1.);
#6726 = DIRECTION('',(0.,-1.,2.2E-16));
#6727 = ORIENTED_EDGE('',*,*,#6728,.T.);
#6728 = EDGE_CURVE('',#6721,#6729,#6731,.T.);
#6729 = VERTEX_POINT('',#6730);
#6730 = CARTESIAN_POINT('',(-63.5486,-30.48,-4.0958));
#6731 = LINE('',#6732,#6733);
#6732 = CARTESIAN_POINT('',(-63.5486,-30.48,-1.9042));
#6733 = VECTOR('',#6734,1.);
#6734 = DIRECTION('',(0.,2.2E-16,-1.));
#6735 = ORIENTED_EDGE('',*,*,#6736,.F.);
#6736 = EDGE_CURVE('',#6713,#6729,#6737,.T.);
#6737 = LINE('',#6738,#6739);
#6738 = CARTESIAN_POINT('',(-63.5486,35.48,-4.0958));
#6739 = VECTOR('',#6740,1.);
#6740 = DIRECTION('',(0.,-1.,2.2E-16));
#6741 = PLANE('',#6742);
#6742 = AXIS2_PLACEMENT_3D('',#6743,#6744,#6745);
#6743 = CARTESIAN_POINT('',(-63.5486,35.48,-1.9042));
#6744 = DIRECTION('',(1.,0.,0.));
#6745 = DIRECTION('',(0.,-2.2E-16,-1.));
#6746 = ADVANCED_FACE('',(#6747),#6772,.T.);
#6747 = FACE_BOUND('',#6748,.T.);
#6748 = EDGE_LOOP('',(#6749,#6750,#6758,#6766));
#6749 = ORIENTED_EDGE('',*,*,#6710,.F.);
#6750 = ORIENTED_EDGE('',*,*,#6751,.F.);
#6751 = EDGE_CURVE('',#6752,#6711,#6754,.T.);
#6752 = VERTEX_POINT('',#6753);
#6753 = CARTESIAN_POINT('',(-62.7486,35.48,-2.2042));
#6754 = LINE('',#6755,#6756);
#6755 = CARTESIAN_POINT('',(-62.7486,35.48,-2.2042));
#6756 = VECTOR('',#6757,1.);
#6757 = DIRECTION('',(-1.,0.,0.));
#6758 = ORIENTED_EDGE('',*,*,#6759,.F.);
#6759 = EDGE_CURVE('',#6760,#6752,#6762,.T.);
#6760 = VERTEX_POINT('',#6761);
#6761 = CARTESIAN_POINT('',(-62.7486,35.48,-4.0958));
#6762 = LINE('',#6763,#6764);
#6763 = CARTESIAN_POINT('',(-62.7486,35.48,-4.3958));
#6764 = VECTOR('',#6765,1.);
#6765 = DIRECTION('',(0.,-2.2E-16,1.));
#6766 = ORIENTED_EDGE('',*,*,#6767,.F.);
#6767 = EDGE_CURVE('',#6713,#6760,#6768,.T.);
#6768 = LINE('',#6769,#6770);
#6769 = CARTESIAN_POINT('',(-63.5486,35.48,-4.0958));
#6770 = VECTOR('',#6771,1.);
#6771 = DIRECTION('',(1.,0.,0.));
#6772 = PLANE('',#6773);
#6773 = AXIS2_PLACEMENT_3D('',#6774,#6775,#6776);
#6774 = CARTESIAN_POINT('',(-63.1486,35.48,-3.15));
#6775 = DIRECTION('',(0.,1.,2.2E-16));
#6776 = DIRECTION('',(0.,-2.2E-16,1.));
#6777 = ADVANCED_FACE('',(#6778),#6803,.T.);
#6778 = FACE_BOUND('',#6779,.T.);
#6779 = EDGE_LOOP('',(#6780,#6788,#6789,#6797));
#6780 = ORIENTED_EDGE('',*,*,#6781,.F.);
#6781 = EDGE_CURVE('',#6711,#6782,#6784,.T.);
#6782 = VERTEX_POINT('',#6783);
#6783 = CARTESIAN_POINT('',(-63.2486,35.18,-1.9042));
#6784 = LINE('',#6785,#6786);
#6785 = CARTESIAN_POINT('',(-63.31526666666,35.246666666667,
    -1.970866666667));
#6786 = VECTOR('',#6787,1.);
#6787 = DIRECTION('',(0.57735026919,-0.57735026919,0.57735026919));
#6788 = ORIENTED_EDGE('',*,*,#6720,.T.);
#6789 = ORIENTED_EDGE('',*,*,#6790,.T.);
#6790 = EDGE_CURVE('',#6721,#6791,#6793,.T.);
#6791 = VERTEX_POINT('',#6792);
#6792 = CARTESIAN_POINT('',(-63.2486,-30.18,-1.9042));
#6793 = LINE('',#6794,#6795);
#6794 = CARTESIAN_POINT('',(-52.32193333333,-19.25333333333,
    9.022466666667));
#6795 = VECTOR('',#6796,1.);
#6796 = DIRECTION('',(0.57735026919,0.57735026919,0.57735026919));
#6797 = ORIENTED_EDGE('',*,*,#6798,.F.);
#6798 = EDGE_CURVE('',#6782,#6791,#6799,.T.);
#6799 = LINE('',#6800,#6801);
#6800 = CARTESIAN_POINT('',(-63.2486,35.48,-1.9042));
#6801 = VECTOR('',#6802,1.);
#6802 = DIRECTION('',(0.,-1.,2.2E-16));
#6803 = PLANE('',#6804);
#6804 = AXIS2_PLACEMENT_3D('',#6805,#6806,#6807);
#6805 = CARTESIAN_POINT('',(-63.3986,35.48,-2.0542));
#6806 = DIRECTION('',(-0.707106781187,1.6E-16,0.707106781187));
#6807 = DIRECTION('',(-3.137084989848E-18,-1.,2.231370849898E-16));
#6808 = ADVANCED_FACE('',(#6809),#6834,.T.);
#6809 = FACE_BOUND('',#6810,.F.);
#6810 = EDGE_LOOP('',(#6811,#6819,#6820,#6828));
#6811 = ORIENTED_EDGE('',*,*,#6812,.F.);
#6812 = EDGE_CURVE('',#6713,#6813,#6815,.T.);
#6813 = VERTEX_POINT('',#6814);
#6814 = CARTESIAN_POINT('',(-63.2486,35.18,-4.3958));
#6815 = LINE('',#6816,#6817);
#6816 = CARTESIAN_POINT('',(-63.4486,35.38,-4.1958));
#6817 = VECTOR('',#6818,1.);
#6818 = DIRECTION('',(0.57735026919,-0.57735026919,-0.57735026919));
#6819 = ORIENTED_EDGE('',*,*,#6736,.T.);
#6820 = ORIENTED_EDGE('',*,*,#6821,.T.);
#6821 = EDGE_CURVE('',#6729,#6822,#6824,.T.);
#6822 = VERTEX_POINT('',#6823);
#6823 = CARTESIAN_POINT('',(-63.2486,-30.18,-4.3958));
#6824 = LINE('',#6825,#6826);
#6825 = CARTESIAN_POINT('',(-52.45526666666,-19.38666666666,
    -15.18913333333));
#6826 = VECTOR('',#6827,1.);
#6827 = DIRECTION('',(0.57735026919,0.57735026919,-0.57735026919));
#6828 = ORIENTED_EDGE('',*,*,#6829,.F.);
#6829 = EDGE_CURVE('',#6813,#6822,#6830,.T.);
#6830 = LINE('',#6831,#6832);
#6831 = CARTESIAN_POINT('',(-63.2486,35.48,-4.3958));
#6832 = VECTOR('',#6833,1.);
#6833 = DIRECTION('',(0.,-1.,2.2E-16));
#6834 = PLANE('',#6835);
#6835 = AXIS2_PLACEMENT_3D('',#6836,#6837,#6838);
#6836 = CARTESIAN_POINT('',(-63.3986,35.48,-4.2458));
#6837 = DIRECTION('',(-0.707106781187,-1.6E-16,-0.707106781187));
#6838 = DIRECTION('',(-3.137084989848E-18,1.,-2.231370849898E-16));
#6839 = ADVANCED_FACE('',(#6840),#6865,.F.);
#6840 = FACE_BOUND('',#6841,.F.);
#6841 = EDGE_LOOP('',(#6842,#6843,#6851,#6859));
#6842 = ORIENTED_EDGE('',*,*,#6728,.F.);
#6843 = ORIENTED_EDGE('',*,*,#6844,.F.);
#6844 = EDGE_CURVE('',#6845,#6721,#6847,.T.);
#6845 = VERTEX_POINT('',#6846);
#6846 = CARTESIAN_POINT('',(-62.7486,-30.48,-2.2042));
#6847 = LINE('',#6848,#6849);
#6848 = CARTESIAN_POINT('',(-62.7486,-30.48,-2.2042));
#6849 = VECTOR('',#6850,1.);
#6850 = DIRECTION('',(-1.,0.,0.));
#6851 = ORIENTED_EDGE('',*,*,#6852,.F.);
#6852 = EDGE_CURVE('',#6853,#6845,#6855,.T.);
#6853 = VERTEX_POINT('',#6854);
#6854 = CARTESIAN_POINT('',(-62.7486,-30.48,-4.0958));
#6855 = LINE('',#6856,#6857);
#6856 = CARTESIAN_POINT('',(-62.7486,-30.48,-4.3958));
#6857 = VECTOR('',#6858,1.);
#6858 = DIRECTION('',(0.,-2.2E-16,1.));
#6859 = ORIENTED_EDGE('',*,*,#6860,.F.);
#6860 = EDGE_CURVE('',#6729,#6853,#6861,.T.);
#6861 = LINE('',#6862,#6863);
#6862 = CARTESIAN_POINT('',(-63.5486,-30.48,-4.0958));
#6863 = VECTOR('',#6864,1.);
#6864 = DIRECTION('',(1.,0.,0.));
#6865 = PLANE('',#6866);
#6866 = AXIS2_PLACEMENT_3D('',#6867,#6868,#6869);
#6867 = CARTESIAN_POINT('',(-63.1486,-30.48,-3.15));
#6868 = DIRECTION('',(0.,1.,2.2E-16));
#6869 = DIRECTION('',(0.,-2.2E-16,1.));
#6870 = ADVANCED_FACE('',(#6871),#6889,.F.);
#6871 = FACE_BOUND('',#6872,.F.);
#6872 = EDGE_LOOP('',(#6873,#6881,#6887,#6888));
#6873 = ORIENTED_EDGE('',*,*,#6874,.T.);
#6874 = EDGE_CURVE('',#6752,#6875,#6877,.T.);
#6875 = VERTEX_POINT('',#6876);
#6876 = CARTESIAN_POINT('',(-63.0486,35.18,-1.9042));
#6877 = LINE('',#6878,#6879);
#6878 = CARTESIAN_POINT('',(-62.8486,35.38,-2.1042));
#6879 = VECTOR('',#6880,1.);
#6880 = DIRECTION('',(-0.57735026919,-0.57735026919,0.57735026919));
#6881 = ORIENTED_EDGE('',*,*,#6882,.T.);
#6882 = EDGE_CURVE('',#6875,#6782,#6883,.T.);
#6883 = LINE('',#6884,#6885);
#6884 = CARTESIAN_POINT('',(-62.7486,35.18,-1.9042));
#6885 = VECTOR('',#6886,1.);
#6886 = DIRECTION('',(-1.,0.,0.));
#6887 = ORIENTED_EDGE('',*,*,#6781,.F.);
#6888 = ORIENTED_EDGE('',*,*,#6751,.F.);
#6889 = PLANE('',#6890);
#6890 = AXIS2_PLACEMENT_3D('',#6891,#6892,#6893);
#6891 = CARTESIAN_POINT('',(-62.7486,35.33,-2.0542));
#6892 = DIRECTION('',(0.,-0.707106781187,-0.707106781187));
#6893 = DIRECTION('',(-1.,-0.,0.));
#6894 = ADVANCED_FACE('',(#6895),#6913,.F.);
#6895 = FACE_BOUND('',#6896,.F.);
#6896 = EDGE_LOOP('',(#6897,#6898,#6906,#6912));
#6897 = ORIENTED_EDGE('',*,*,#6812,.T.);
#6898 = ORIENTED_EDGE('',*,*,#6899,.T.);
#6899 = EDGE_CURVE('',#6813,#6900,#6902,.T.);
#6900 = VERTEX_POINT('',#6901);
#6901 = CARTESIAN_POINT('',(-63.0486,35.18,-4.3958));
#6902 = LINE('',#6903,#6904);
#6903 = CARTESIAN_POINT('',(-63.5486,35.18,-4.3958));
#6904 = VECTOR('',#6905,1.);
#6905 = DIRECTION('',(1.,0.,0.));
#6906 = ORIENTED_EDGE('',*,*,#6907,.T.);
#6907 = EDGE_CURVE('',#6900,#6760,#6908,.T.);
#6908 = LINE('',#6909,#6910);
#6909 = CARTESIAN_POINT('',(-62.98193333333,35.246666666667,
    -4.329133333333));
#6910 = VECTOR('',#6911,1.);
#6911 = DIRECTION('',(0.57735026919,0.57735026919,0.57735026919));
#6912 = ORIENTED_EDGE('',*,*,#6767,.F.);
#6913 = PLANE('',#6914);
#6914 = AXIS2_PLACEMENT_3D('',#6915,#6916,#6917);
#6915 = CARTESIAN_POINT('',(-63.5486,35.33,-4.2458));
#6916 = DIRECTION('',(-0.,-0.707106781187,0.707106781187));
#6917 = DIRECTION('',(1.,0.,0.));
#6918 = ADVANCED_FACE('',(#6919),#6935,.F.);
#6919 = FACE_BOUND('',#6920,.F.);
#6920 = EDGE_LOOP('',(#6921,#6922,#6928,#6929));
#6921 = ORIENTED_EDGE('',*,*,#6759,.F.);
#6922 = ORIENTED_EDGE('',*,*,#6923,.T.);
#6923 = EDGE_CURVE('',#6760,#6853,#6924,.T.);
#6924 = LINE('',#6925,#6926);
#6925 = CARTESIAN_POINT('',(-62.7486,35.48,-4.0958));
#6926 = VECTOR('',#6927,1.);
#6927 = DIRECTION('',(0.,-1.,2.2E-16));
#6928 = ORIENTED_EDGE('',*,*,#6852,.T.);
#6929 = ORIENTED_EDGE('',*,*,#6930,.F.);
#6930 = EDGE_CURVE('',#6752,#6845,#6931,.T.);
#6931 = LINE('',#6932,#6933);
#6932 = CARTESIAN_POINT('',(-62.7486,35.48,-2.2042));
#6933 = VECTOR('',#6934,1.);
#6934 = DIRECTION('',(0.,-1.,2.2E-16));
#6935 = PLANE('',#6936);
#6936 = AXIS2_PLACEMENT_3D('',#6937,#6938,#6939);
#6937 = CARTESIAN_POINT('',(-62.7486,35.48,-4.3958));
#6938 = DIRECTION('',(-1.,0.,0.));
#6939 = DIRECTION('',(0.,2.2E-16,1.));
#6940 = ADVANCED_FACE('',(#6941),#6959,.F.);
#6941 = FACE_BOUND('',#6942,.F.);
#6942 = EDGE_LOOP('',(#6943,#6951,#6957,#6958));
#6943 = ORIENTED_EDGE('',*,*,#6944,.T.);
#6944 = EDGE_CURVE('',#6875,#6945,#6947,.T.);
#6945 = VERTEX_POINT('',#6946);
#6946 = CARTESIAN_POINT('',(-63.0486,-30.18,-1.9042));
#6947 = LINE('',#6948,#6949);
#6948 = CARTESIAN_POINT('',(-63.0486,35.48,-1.9042));
#6949 = VECTOR('',#6950,1.);
#6950 = DIRECTION('',(0.,-1.,2.2E-16));
#6951 = ORIENTED_EDGE('',*,*,#6952,.T.);
#6952 = EDGE_CURVE('',#6945,#6791,#6953,.T.);
#6953 = LINE('',#6954,#6955);
#6954 = CARTESIAN_POINT('',(-62.7486,-30.18,-1.9042));
#6955 = VECTOR('',#6956,1.);
#6956 = DIRECTION('',(-1.,0.,0.));
#6957 = ORIENTED_EDGE('',*,*,#6798,.F.);
#6958 = ORIENTED_EDGE('',*,*,#6882,.F.);
#6959 = PLANE('',#6960);
#6960 = AXIS2_PLACEMENT_3D('',#6961,#6962,#6963);
#6961 = CARTESIAN_POINT('',(-62.7486,35.48,-1.9042));
#6962 = DIRECTION('',(0.,-2.2E-16,-1.));
#6963 = DIRECTION('',(-1.,0.,0.));
#6964 = ADVANCED_FACE('',(#6965),#6976,.T.);
#6965 = FACE_BOUND('',#6966,.T.);
#6966 = EDGE_LOOP('',(#6967,#6973,#6974,#6975));
#6967 = ORIENTED_EDGE('',*,*,#6968,.T.);
#6968 = EDGE_CURVE('',#6845,#6945,#6969,.T.);
#6969 = LINE('',#6970,#6971);
#6970 = CARTESIAN_POINT('',(-73.84193333333,-19.38666666666,
    8.889133333333));
#6971 = VECTOR('',#6972,1.);
#6972 = DIRECTION('',(-0.57735026919,0.57735026919,0.57735026919));
#6973 = ORIENTED_EDGE('',*,*,#6952,.T.);
#6974 = ORIENTED_EDGE('',*,*,#6790,.F.);
#6975 = ORIENTED_EDGE('',*,*,#6844,.F.);
#6976 = PLANE('',#6977);
#6977 = AXIS2_PLACEMENT_3D('',#6978,#6979,#6980);
#6978 = CARTESIAN_POINT('',(-62.7486,-30.33,-2.0542));
#6979 = DIRECTION('',(-0.,-0.707106781187,0.707106781187));
#6980 = DIRECTION('',(-1.,0.,0.));
#6981 = ADVANCED_FACE('',(#6982),#7000,.F.);
#6982 = FACE_BOUND('',#6983,.F.);
#6983 = EDGE_LOOP('',(#6984,#6985,#6993,#6999));
#6984 = ORIENTED_EDGE('',*,*,#6829,.T.);
#6985 = ORIENTED_EDGE('',*,*,#6986,.T.);
#6986 = EDGE_CURVE('',#6822,#6987,#6989,.T.);
#6987 = VERTEX_POINT('',#6988);
#6988 = CARTESIAN_POINT('',(-63.0486,-30.18,-4.3958));
#6989 = LINE('',#6990,#6991);
#6990 = CARTESIAN_POINT('',(-63.5486,-30.18,-4.3958));
#6991 = VECTOR('',#6992,1.);
#6992 = DIRECTION('',(1.,0.,0.));
#6993 = ORIENTED_EDGE('',*,*,#6994,.F.);
#6994 = EDGE_CURVE('',#6900,#6987,#6995,.T.);
#6995 = LINE('',#6996,#6997);
#6996 = CARTESIAN_POINT('',(-63.0486,35.48,-4.3958));
#6997 = VECTOR('',#6998,1.);
#6998 = DIRECTION('',(0.,-1.,2.2E-16));
#6999 = ORIENTED_EDGE('',*,*,#6899,.F.);
#7000 = PLANE('',#7001);
#7001 = AXIS2_PLACEMENT_3D('',#7002,#7003,#7004);
#7002 = CARTESIAN_POINT('',(-63.5486,35.48,-4.3958));
#7003 = DIRECTION('',(0.,2.2E-16,1.));
#7004 = DIRECTION('',(1.,0.,0.));
#7005 = ADVANCED_FACE('',(#7006),#7017,.T.);
#7006 = FACE_BOUND('',#7007,.T.);
#7007 = EDGE_LOOP('',(#7008,#7009,#7010,#7016));
#7008 = ORIENTED_EDGE('',*,*,#6821,.T.);
#7009 = ORIENTED_EDGE('',*,*,#6986,.T.);
#7010 = ORIENTED_EDGE('',*,*,#7011,.T.);
#7011 = EDGE_CURVE('',#6987,#6853,#7012,.T.);
#7012 = LINE('',#7013,#7014);
#7013 = CARTESIAN_POINT('',(-73.97526666666,-19.25333333333,
    -15.32246666666));
#7014 = VECTOR('',#7015,1.);
#7015 = DIRECTION('',(0.57735026919,-0.57735026919,0.57735026919));
#7016 = ORIENTED_EDGE('',*,*,#6860,.F.);
#7017 = PLANE('',#7018);
#7018 = AXIS2_PLACEMENT_3D('',#7019,#7020,#7021);
#7019 = CARTESIAN_POINT('',(-63.5486,-30.33,-4.2458));
#7020 = DIRECTION('',(0.,-0.707106781187,-0.707106781187));
#7021 = DIRECTION('',(1.,0.,0.));
#7022 = ADVANCED_FACE('',(#7023),#7029,.T.);
#7023 = FACE_BOUND('',#7024,.F.);
#7024 = EDGE_LOOP('',(#7025,#7026,#7027,#7028));
#7025 = ORIENTED_EDGE('',*,*,#6874,.F.);
#7026 = ORIENTED_EDGE('',*,*,#6930,.T.);
#7027 = ORIENTED_EDGE('',*,*,#6968,.T.);
#7028 = ORIENTED_EDGE('',*,*,#6944,.F.);
#7029 = PLANE('',#7030);
#7030 = AXIS2_PLACEMENT_3D('',#7031,#7032,#7033);
#7031 = CARTESIAN_POINT('',(-62.8986,35.48,-2.0542));
#7032 = DIRECTION('',(0.707106781187,1.5E-16,0.707106781187));
#7033 = DIRECTION('',(3.933982822017E-18,1.,-2.16066017178E-16));
#7034 = ADVANCED_FACE('',(#7035),#7041,.T.);
#7035 = FACE_BOUND('',#7036,.F.);
#7036 = EDGE_LOOP('',(#7037,#7038,#7039,#7040));
#7037 = ORIENTED_EDGE('',*,*,#6907,.F.);
#7038 = ORIENTED_EDGE('',*,*,#6994,.T.);
#7039 = ORIENTED_EDGE('',*,*,#7011,.T.);
#7040 = ORIENTED_EDGE('',*,*,#6923,.F.);
#7041 = PLANE('',#7042);
#7042 = AXIS2_PLACEMENT_3D('',#7043,#7044,#7045);
#7043 = CARTESIAN_POINT('',(-62.8986,35.48,-4.2458));
#7044 = DIRECTION('',(0.707106781187,-1.5E-16,-0.707106781187));
#7045 = DIRECTION('',(-3.933982822017E-18,1.,-2.16066017178E-16));
#7046 = ( GEOMETRIC_REPRESENTATION_CONTEXT(3) 
GLOBAL_UNCERTAINTY_ASSIGNED_CONTEXT((#7050)) 
GLOBAL_UNIT_ASSIGNED_CONTEXT((#7047,#7048,#7049)) REPRESENTATION_CONTEXT
('Context #1','3D Context with UNIT and UNCERTAINTY') );
#7047 = ( LENGTH_UNIT() NAMED_UNIT(*) SI_UNIT(.MILLI.,.METRE.) );
#7048 = ( NAMED_UNIT(*) PLANE_ANGLE_UNIT() SI_UNIT($,.RADIAN.) );
#7049 = ( NAMED_UNIT(*) SI_UNIT($,.STERADIAN.) SOLID_ANGLE_UNIT() );
#7050 = UNCERTAINTY_MEASURE_WITH_UNIT(LENGTH_MEASURE(1.E-07),#7047,
  'distance_accuracy_value','confusion accuracy');
#7051 = CONTEXT_DEPENDENT_SHAPE_REPRESENTATION(#7052,#7054);
#7052 = ( REPRESENTATION_RELATIONSHIP('','',#6703,#10) 
REPRESENTATION_RELATIONSHIP_WITH_TRANSFORMATION(#7053) 
SHAPE_REPRESENTATION_RELATIONSHIP() );
#7053 = ITEM_DEFINED_TRANSFORMATION('','',#11,#23);
#7054 = PRODUCT_DEFINITION_SHAPE('Placement','Placement of an item',
  #7055);
#7055 = NEXT_ASSEMBLY_USAGE_OCCURRENCE('8','Body002','',#5,#6698,$);
#7056 = PRODUCT_RELATED_PRODUCT_CATEGORY('part',$,(#6700));
#7057 = SHAPE_DEFINITION_REPRESENTATION(#7058,#7064);
#7058 = PRODUCT_DEFINITION_SHAPE('','',#7059);
#7059 = PRODUCT_DEFINITION('design','',#7060,#7063);
#7060 = PRODUCT_DEFINITION_FORMATION('','',#7061);
#7061 = PRODUCT('Body003','Body003','',(#7062));
#7062 = PRODUCT_CONTEXT('',#2,'mechanical');
#7063 = PRODUCT_DEFINITION_CONTEXT('part definition',#2,'design');
#7064 = ADVANCED_BREP_SHAPE_REPRESENTATION('',(#11,#7065),#7407);
#7065 = MANIFOLD_SOLID_BREP('',#7066);
#7066 = CLOSED_SHELL('',(#7067,#7107,#7138,#7169,#7200,#7231,#7255,#7279
    ,#7301,#7325,#7342,#7366,#7383,#7395));
#7067 = ADVANCED_FACE('',(#7068),#7102,.F.);
#7068 = FACE_BOUND('',#7069,.F.);
#7069 = EDGE_LOOP('',(#7070,#7080,#7088,#7096));
#7070 = ORIENTED_EDGE('',*,*,#7071,.F.);
#7071 = EDGE_CURVE('',#7072,#7074,#7076,.T.);
#7072 = VERTEX_POINT('',#7073);
#7073 = CARTESIAN_POINT('',(-63.5486,35.48,-2.2042));
#7074 = VERTEX_POINT('',#7075);
#7075 = CARTESIAN_POINT('',(-63.5486,35.48,-4.0958));
#7076 = LINE('',#7077,#7078);
#7077 = CARTESIAN_POINT('',(-63.5486,35.48,-1.9042));
#7078 = VECTOR('',#7079,1.);
#7079 = DIRECTION('',(0.,2.2E-16,-1.));
#7080 = ORIENTED_EDGE('',*,*,#7081,.T.);
#7081 = EDGE_CURVE('',#7072,#7082,#7084,.T.);
#7082 = VERTEX_POINT('',#7083);
#7083 = CARTESIAN_POINT('',(-63.5486,-30.48,-2.2042));
#7084 = LINE('',#7085,#7086);
#7085 = CARTESIAN_POINT('',(-63.5486,35.48,-2.2042));
#7086 = VECTOR('',#7087,1.);
#7087 = DIRECTION('',(0.,-1.,2.2E-16));
#7088 = ORIENTED_EDGE('',*,*,#7089,.T.);
#7089 = EDGE_CURVE('',#7082,#7090,#7092,.T.);
#7090 = VERTEX_POINT('',#7091);
#7091 = CARTESIAN_POINT('',(-63.5486,-30.48,-4.0958));
#7092 = LINE('',#7093,#7094);
#7093 = CARTESIAN_POINT('',(-63.5486,-30.48,-1.9042));
#7094 = VECTOR('',#7095,1.);
#7095 = DIRECTION('',(0.,2.2E-16,-1.));
#7096 = ORIENTED_EDGE('',*,*,#7097,.F.);
#7097 = EDGE_CURVE('',#7074,#7090,#7098,.T.);
#7098 = LINE('',#7099,#7100);
#7099 = CARTESIAN_POINT('',(-63.5486,35.48,-4.0958));
#7100 = VECTOR('',#7101,1.);
#7101 = DIRECTION('',(0.,-1.,2.2E-16));
#7102 = PLANE('',#7103);
#7103 = AXIS2_PLACEMENT_3D('',#7104,#7105,#7106);
#7104 = CARTESIAN_POINT('',(-63.5486,35.48,-1.9042));
#7105 = DIRECTION('',(1.,0.,0.));
#7106 = DIRECTION('',(0.,-2.2E-16,-1.));
#7107 = ADVANCED_FACE('',(#7108),#7133,.T.);
#7108 = FACE_BOUND('',#7109,.T.);
#7109 = EDGE_LOOP('',(#7110,#7111,#7119,#7127));
#7110 = ORIENTED_EDGE('',*,*,#7071,.F.);
#7111 = ORIENTED_EDGE('',*,*,#7112,.F.);
#7112 = EDGE_CURVE('',#7113,#7072,#7115,.T.);
#7113 = VERTEX_POINT('',#7114);
#7114 = CARTESIAN_POINT('',(-62.7486,35.48,-2.2042));
#7115 = LINE('',#7116,#7117);
#7116 = CARTESIAN_POINT('',(-62.7486,35.48,-2.2042));
#7117 = VECTOR('',#7118,1.);
#7118 = DIRECTION('',(-1.,0.,0.));
#7119 = ORIENTED_EDGE('',*,*,#7120,.F.);
#7120 = EDGE_CURVE('',#7121,#7113,#7123,.T.);
#7121 = VERTEX_POINT('',#7122);
#7122 = CARTESIAN_POINT('',(-62.7486,35.48,-4.0958));
#7123 = LINE('',#7124,#7125);
#7124 = CARTESIAN_POINT('',(-62.7486,35.48,-4.3958));
#7125 = VECTOR('',#7126,1.);
#7126 = DIRECTION('',(0.,-2.2E-16,1.));
#7127 = ORIENTED_EDGE('',*,*,#7128,.F.);
#7128 = EDGE_CURVE('',#7074,#7121,#7129,.T.);
#7129 = LINE('',#7130,#7131);
#7130 = CARTESIAN_POINT('',(-63.5486,35.48,-4.0958));
#7131 = VECTOR('',#7132,1.);
#7132 = DIRECTION('',(1.,0.,0.));
#7133 = PLANE('',#7134);
#7134 = AXIS2_PLACEMENT_3D('',#7135,#7136,#7137);
#7135 = CARTESIAN_POINT('',(-63.1486,35.48,-3.15));
#7136 = DIRECTION('',(0.,1.,2.2E-16));
#7137 = DIRECTION('',(0.,-2.2E-16,1.));
#7138 = ADVANCED_FACE('',(#7139),#7164,.T.);
#7139 = FACE_BOUND('',#7140,.T.);
#7140 = EDGE_LOOP('',(#7141,#7149,#7150,#7158));
#7141 = ORIENTED_EDGE('',*,*,#7142,.F.);
#7142 = EDGE_CURVE('',#7072,#7143,#7145,.T.);
#7143 = VERTEX_POINT('',#7144);
#7144 = CARTESIAN_POINT('',(-63.2486,35.18,-1.9042));
#7145 = LINE('',#7146,#7147);
#7146 = CARTESIAN_POINT('',(-63.31526666666,35.246666666667,
    -1.970866666667));
#7147 = VECTOR('',#7148,1.);
#7148 = DIRECTION('',(0.57735026919,-0.57735026919,0.57735026919));
#7149 = ORIENTED_EDGE('',*,*,#7081,.T.);
#7150 = ORIENTED_EDGE('',*,*,#7151,.T.);
#7151 = EDGE_CURVE('',#7082,#7152,#7154,.T.);
#7152 = VERTEX_POINT('',#7153);
#7153 = CARTESIAN_POINT('',(-63.2486,-30.18,-1.9042));
#7154 = LINE('',#7155,#7156);
#7155 = CARTESIAN_POINT('',(-52.32193333333,-19.25333333333,
    9.022466666667));
#7156 = VECTOR('',#7157,1.);
#7157 = DIRECTION('',(0.57735026919,0.57735026919,0.57735026919));
#7158 = ORIENTED_EDGE('',*,*,#7159,.F.);
#7159 = EDGE_CURVE('',#7143,#7152,#7160,.T.);
#7160 = LINE('',#7161,#7162);
#7161 = CARTESIAN_POINT('',(-63.2486,35.48,-1.9042));
#7162 = VECTOR('',#7163,1.);
#7163 = DIRECTION('',(0.,-1.,2.2E-16));
#7164 = PLANE('',#7165);
#7165 = AXIS2_PLACEMENT_3D('',#7166,#7167,#7168);
#7166 = CARTESIAN_POINT('',(-63.3986,35.48,-2.0542));
#7167 = DIRECTION('',(-0.707106781187,1.6E-16,0.707106781187));
#7168 = DIRECTION('',(-3.137084989848E-18,-1.,2.231370849898E-16));
#7169 = ADVANCED_FACE('',(#7170),#7195,.T.);
#7170 = FACE_BOUND('',#7171,.F.);
#7171 = EDGE_LOOP('',(#7172,#7180,#7181,#7189));
#7172 = ORIENTED_EDGE('',*,*,#7173,.F.);
#7173 = EDGE_CURVE('',#7074,#7174,#7176,.T.);
#7174 = VERTEX_POINT('',#7175);
#7175 = CARTESIAN_POINT('',(-63.2486,35.18,-4.3958));
#7176 = LINE('',#7177,#7178);
#7177 = CARTESIAN_POINT('',(-63.4486,35.38,-4.1958));
#7178 = VECTOR('',#7179,1.);
#7179 = DIRECTION('',(0.57735026919,-0.57735026919,-0.57735026919));
#7180 = ORIENTED_EDGE('',*,*,#7097,.T.);
#7181 = ORIENTED_EDGE('',*,*,#7182,.T.);
#7182 = EDGE_CURVE('',#7090,#7183,#7185,.T.);
#7183 = VERTEX_POINT('',#7184);
#7184 = CARTESIAN_POINT('',(-63.2486,-30.18,-4.3958));
#7185 = LINE('',#7186,#7187);
#7186 = CARTESIAN_POINT('',(-52.45526666666,-19.38666666666,
    -15.18913333333));
#7187 = VECTOR('',#7188,1.);
#7188 = DIRECTION('',(0.57735026919,0.57735026919,-0.57735026919));
#7189 = ORIENTED_EDGE('',*,*,#7190,.F.);
#7190 = EDGE_CURVE('',#7174,#7183,#7191,.T.);
#7191 = LINE('',#7192,#7193);
#7192 = CARTESIAN_POINT('',(-63.2486,35.48,-4.3958));
#7193 = VECTOR('',#7194,1.);
#7194 = DIRECTION('',(0.,-1.,2.2E-16));
#7195 = PLANE('',#7196);
#7196 = AXIS2_PLACEMENT_3D('',#7197,#7198,#7199);
#7197 = CARTESIAN_POINT('',(-63.3986,35.48,-4.2458));
#7198 = DIRECTION('',(-0.707106781187,-1.6E-16,-0.707106781187));
#7199 = DIRECTION('',(-3.137084989848E-18,1.,-2.231370849898E-16));
#7200 = ADVANCED_FACE('',(#7201),#7226,.F.);
#7201 = FACE_BOUND('',#7202,.F.);
#7202 = EDGE_LOOP('',(#7203,#7204,#7212,#7220));
#7203 = ORIENTED_EDGE('',*,*,#7089,.F.);
#7204 = ORIENTED_EDGE('',*,*,#7205,.F.);
#7205 = EDGE_CURVE('',#7206,#7082,#7208,.T.);
#7206 = VERTEX_POINT('',#7207);
#7207 = CARTESIAN_POINT('',(-62.7486,-30.48,-2.2042));
#7208 = LINE('',#7209,#7210);
#7209 = CARTESIAN_POINT('',(-62.7486,-30.48,-2.2042));
#7210 = VECTOR('',#7211,1.);
#7211 = DIRECTION('',(-1.,0.,0.));
#7212 = ORIENTED_EDGE('',*,*,#7213,.F.);
#7213 = EDGE_CURVE('',#7214,#7206,#7216,.T.);
#7214 = VERTEX_POINT('',#7215);
#7215 = CARTESIAN_POINT('',(-62.7486,-30.48,-4.0958));
#7216 = LINE('',#7217,#7218);
#7217 = CARTESIAN_POINT('',(-62.7486,-30.48,-4.3958));
#7218 = VECTOR('',#7219,1.);
#7219 = DIRECTION('',(0.,-2.2E-16,1.));
#7220 = ORIENTED_EDGE('',*,*,#7221,.F.);
#7221 = EDGE_CURVE('',#7090,#7214,#7222,.T.);
#7222 = LINE('',#7223,#7224);
#7223 = CARTESIAN_POINT('',(-63.5486,-30.48,-4.0958));
#7224 = VECTOR('',#7225,1.);
#7225 = DIRECTION('',(1.,0.,0.));
#7226 = PLANE('',#7227);
#7227 = AXIS2_PLACEMENT_3D('',#7228,#7229,#7230);
#7228 = CARTESIAN_POINT('',(-63.1486,-30.48,-3.15));
#7229 = DIRECTION('',(0.,1.,2.2E-16));
#7230 = DIRECTION('',(0.,-2.2E-16,1.));
#7231 = ADVANCED_FACE('',(#7232),#7250,.F.);
#7232 = FACE_BOUND('',#7233,.F.);
#7233 = EDGE_LOOP('',(#7234,#7242,#7248,#7249));
#7234 = ORIENTED_EDGE('',*,*,#7235,.T.);
#7235 = EDGE_CURVE('',#7113,#7236,#7238,.T.);
#7236 = VERTEX_POINT('',#7237);
#7237 = CARTESIAN_POINT('',(-63.0486,35.18,-1.9042));
#7238 = LINE('',#7239,#7240);
#7239 = CARTESIAN_POINT('',(-62.8486,35.38,-2.1042));
#7240 = VECTOR('',#7241,1.);
#7241 = DIRECTION('',(-0.57735026919,-0.57735026919,0.57735026919));
#7242 = ORIENTED_EDGE('',*,*,#7243,.T.);
#7243 = EDGE_CURVE('',#7236,#7143,#7244,.T.);
#7244 = LINE('',#7245,#7246);
#7245 = CARTESIAN_POINT('',(-62.7486,35.18,-1.9042));
#7246 = VECTOR('',#7247,1.);
#7247 = DIRECTION('',(-1.,0.,0.));
#7248 = ORIENTED_EDGE('',*,*,#7142,.F.);
#7249 = ORIENTED_EDGE('',*,*,#7112,.F.);
#7250 = PLANE('',#7251);
#7251 = AXIS2_PLACEMENT_3D('',#7252,#7253,#7254);
#7252 = CARTESIAN_POINT('',(-62.7486,35.33,-2.0542));
#7253 = DIRECTION('',(0.,-0.707106781187,-0.707106781187));
#7254 = DIRECTION('',(-1.,-0.,0.));
#7255 = ADVANCED_FACE('',(#7256),#7274,.F.);
#7256 = FACE_BOUND('',#7257,.F.);
#7257 = EDGE_LOOP('',(#7258,#7259,#7267,#7273));
#7258 = ORIENTED_EDGE('',*,*,#7173,.T.);
#7259 = ORIENTED_EDGE('',*,*,#7260,.T.);
#7260 = EDGE_CURVE('',#7174,#7261,#7263,.T.);
#7261 = VERTEX_POINT('',#7262);
#7262 = CARTESIAN_POINT('',(-63.0486,35.18,-4.3958));
#7263 = LINE('',#7264,#7265);
#7264 = CARTESIAN_POINT('',(-63.5486,35.18,-4.3958));
#7265 = VECTOR('',#7266,1.);
#7266 = DIRECTION('',(1.,0.,0.));
#7267 = ORIENTED_EDGE('',*,*,#7268,.T.);
#7268 = EDGE_CURVE('',#7261,#7121,#7269,.T.);
#7269 = LINE('',#7270,#7271);
#7270 = CARTESIAN_POINT('',(-62.98193333333,35.246666666667,
    -4.329133333333));
#7271 = VECTOR('',#7272,1.);
#7272 = DIRECTION('',(0.57735026919,0.57735026919,0.57735026919));
#7273 = ORIENTED_EDGE('',*,*,#7128,.F.);
#7274 = PLANE('',#7275);
#7275 = AXIS2_PLACEMENT_3D('',#7276,#7277,#7278);
#7276 = CARTESIAN_POINT('',(-63.5486,35.33,-4.2458));
#7277 = DIRECTION('',(-0.,-0.707106781187,0.707106781187));
#7278 = DIRECTION('',(1.,0.,0.));
#7279 = ADVANCED_FACE('',(#7280),#7296,.F.);
#7280 = FACE_BOUND('',#7281,.F.);
#7281 = EDGE_LOOP('',(#7282,#7283,#7289,#7290));
#7282 = ORIENTED_EDGE('',*,*,#7120,.F.);
#7283 = ORIENTED_EDGE('',*,*,#7284,.T.);
#7284 = EDGE_CURVE('',#7121,#7214,#7285,.T.);
#7285 = LINE('',#7286,#7287);
#7286 = CARTESIAN_POINT('',(-62.7486,35.48,-4.0958));
#7287 = VECTOR('',#7288,1.);
#7288 = DIRECTION('',(0.,-1.,2.2E-16));
#7289 = ORIENTED_EDGE('',*,*,#7213,.T.);
#7290 = ORIENTED_EDGE('',*,*,#7291,.F.);
#7291 = EDGE_CURVE('',#7113,#7206,#7292,.T.);
#7292 = LINE('',#7293,#7294);
#7293 = CARTESIAN_POINT('',(-62.7486,35.48,-2.2042));
#7294 = VECTOR('',#7295,1.);
#7295 = DIRECTION('',(0.,-1.,2.2E-16));
#7296 = PLANE('',#7297);
#7297 = AXIS2_PLACEMENT_3D('',#7298,#7299,#7300);
#7298 = CARTESIAN_POINT('',(-62.7486,35.48,-4.3958));
#7299 = DIRECTION('',(-1.,0.,0.));
#7300 = DIRECTION('',(0.,2.2E-16,1.));
#7301 = ADVANCED_FACE('',(#7302),#7320,.F.);
#7302 = FACE_BOUND('',#7303,.F.);
#7303 = EDGE_LOOP('',(#7304,#7312,#7318,#7319));
#7304 = ORIENTED_EDGE('',*,*,#7305,.T.);
#7305 = EDGE_CURVE('',#7236,#7306,#7308,.T.);
#7306 = VERTEX_POINT('',#7307);
#7307 = CARTESIAN_POINT('',(-63.0486,-30.18,-1.9042));
#7308 = LINE('',#7309,#7310);
#7309 = CARTESIAN_POINT('',(-63.0486,35.48,-1.9042));
#7310 = VECTOR('',#7311,1.);
#7311 = DIRECTION('',(0.,-1.,2.2E-16));
#7312 = ORIENTED_EDGE('',*,*,#7313,.T.);
#7313 = EDGE_CURVE('',#7306,#7152,#7314,.T.);
#7314 = LINE('',#7315,#7316);
#7315 = CARTESIAN_POINT('',(-62.7486,-30.18,-1.9042));
#7316 = VECTOR('',#7317,1.);
#7317 = DIRECTION('',(-1.,0.,0.));
#7318 = ORIENTED_EDGE('',*,*,#7159,.F.);
#7319 = ORIENTED_EDGE('',*,*,#7243,.F.);
#7320 = PLANE('',#7321);
#7321 = AXIS2_PLACEMENT_3D('',#7322,#7323,#7324);
#7322 = CARTESIAN_POINT('',(-62.7486,35.48,-1.9042));
#7323 = DIRECTION('',(0.,-2.2E-16,-1.));
#7324 = DIRECTION('',(-1.,0.,0.));
#7325 = ADVANCED_FACE('',(#7326),#7337,.T.);
#7326 = FACE_BOUND('',#7327,.T.);
#7327 = EDGE_LOOP('',(#7328,#7334,#7335,#7336));
#7328 = ORIENTED_EDGE('',*,*,#7329,.T.);
#7329 = EDGE_CURVE('',#7206,#7306,#7330,.T.);
#7330 = LINE('',#7331,#7332);
#7331 = CARTESIAN_POINT('',(-73.84193333333,-19.38666666666,
    8.889133333333));
#7332 = VECTOR('',#7333,1.);
#7333 = DIRECTION('',(-0.57735026919,0.57735026919,0.57735026919));
#7334 = ORIENTED_EDGE('',*,*,#7313,.T.);
#7335 = ORIENTED_EDGE('',*,*,#7151,.F.);
#7336 = ORIENTED_EDGE('',*,*,#7205,.F.);
#7337 = PLANE('',#7338);
#7338 = AXIS2_PLACEMENT_3D('',#7339,#7340,#7341);
#7339 = CARTESIAN_POINT('',(-62.7486,-30.33,-2.0542));
#7340 = DIRECTION('',(-0.,-0.707106781187,0.707106781187));
#7341 = DIRECTION('',(-1.,0.,0.));
#7342 = ADVANCED_FACE('',(#7343),#7361,.F.);
#7343 = FACE_BOUND('',#7344,.F.);
#7344 = EDGE_LOOP('',(#7345,#7346,#7354,#7360));
#7345 = ORIENTED_EDGE('',*,*,#7190,.T.);
#7346 = ORIENTED_EDGE('',*,*,#7347,.T.);
#7347 = EDGE_CURVE('',#7183,#7348,#7350,.T.);
#7348 = VERTEX_POINT('',#7349);
#7349 = CARTESIAN_POINT('',(-63.0486,-30.18,-4.3958));
#7350 = LINE('',#7351,#7352);
#7351 = CARTESIAN_POINT('',(-63.5486,-30.18,-4.3958));
#7352 = VECTOR('',#7353,1.);
#7353 = DIRECTION('',(1.,0.,0.));
#7354 = ORIENTED_EDGE('',*,*,#7355,.F.);
#7355 = EDGE_CURVE('',#7261,#7348,#7356,.T.);
#7356 = LINE('',#7357,#7358);
#7357 = CARTESIAN_POINT('',(-63.0486,35.48,-4.3958));
#7358 = VECTOR('',#7359,1.);
#7359 = DIRECTION('',(0.,-1.,2.2E-16));
#7360 = ORIENTED_EDGE('',*,*,#7260,.F.);
#7361 = PLANE('',#7362);
#7362 = AXIS2_PLACEMENT_3D('',#7363,#7364,#7365);
#7363 = CARTESIAN_POINT('',(-63.5486,35.48,-4.3958));
#7364 = DIRECTION('',(0.,2.2E-16,1.));
#7365 = DIRECTION('',(1.,0.,0.));
#7366 = ADVANCED_FACE('',(#7367),#7378,.T.);
#7367 = FACE_BOUND('',#7368,.T.);
#7368 = EDGE_LOOP('',(#7369,#7370,#7371,#7377));
#7369 = ORIENTED_EDGE('',*,*,#7182,.T.);
#7370 = ORIENTED_EDGE('',*,*,#7347,.T.);
#7371 = ORIENTED_EDGE('',*,*,#7372,.T.);
#7372 = EDGE_CURVE('',#7348,#7214,#7373,.T.);
#7373 = LINE('',#7374,#7375);
#7374 = CARTESIAN_POINT('',(-73.97526666666,-19.25333333333,
    -15.32246666666));
#7375 = VECTOR('',#7376,1.);
#7376 = DIRECTION('',(0.57735026919,-0.57735026919,0.57735026919));
#7377 = ORIENTED_EDGE('',*,*,#7221,.F.);
#7378 = PLANE('',#7379);
#7379 = AXIS2_PLACEMENT_3D('',#7380,#7381,#7382);
#7380 = CARTESIAN_POINT('',(-63.5486,-30.33,-4.2458));
#7381 = DIRECTION('',(0.,-0.707106781187,-0.707106781187));
#7382 = DIRECTION('',(1.,0.,0.));
#7383 = ADVANCED_FACE('',(#7384),#7390,.T.);
#7384 = FACE_BOUND('',#7385,.F.);
#7385 = EDGE_LOOP('',(#7386,#7387,#7388,#7389));
#7386 = ORIENTED_EDGE('',*,*,#7235,.F.);
#7387 = ORIENTED_EDGE('',*,*,#7291,.T.);
#7388 = ORIENTED_EDGE('',*,*,#7329,.T.);
#7389 = ORIENTED_EDGE('',*,*,#7305,.F.);
#7390 = PLANE('',#7391);
#7391 = AXIS2_PLACEMENT_3D('',#7392,#7393,#7394);
#7392 = CARTESIAN_POINT('',(-62.8986,35.48,-2.0542));
#7393 = DIRECTION('',(0.707106781187,1.5E-16,0.707106781187));
#7394 = DIRECTION('',(3.933982822017E-18,1.,-2.16066017178E-16));
#7395 = ADVANCED_FACE('',(#7396),#7402,.T.);
#7396 = FACE_BOUND('',#7397,.F.);
#7397 = EDGE_LOOP('',(#7398,#7399,#7400,#7401));
#7398 = ORIENTED_EDGE('',*,*,#7268,.F.);
#7399 = ORIENTED_EDGE('',*,*,#7355,.T.);
#7400 = ORIENTED_EDGE('',*,*,#7372,.T.);
#7401 = ORIENTED_EDGE('',*,*,#7284,.F.);
#7402 = PLANE('',#7403);
#7403 = AXIS2_PLACEMENT_3D('',#7404,#7405,#7406);
#7404 = CARTESIAN_POINT('',(-62.8986,35.48,-4.2458));
#7405 = DIRECTION('',(0.707106781187,-1.5E-16,-0.707106781187));
#7406 = DIRECTION('',(-3.933982822017E-18,1.,-2.16066017178E-16));
#7407 = ( GEOMETRIC_REPRESENTATION_CONTEXT(3) 
GLOBAL_UNCERTAINTY_ASSIGNED_CONTEXT((#7411)) 
GLOBAL_UNIT_ASSIGNED_CONTEXT((#7408,#7409,#7410)) REPRESENTATION_CONTEXT
('Context #1','3D Context with UNIT and UNCERTAINTY') );
#7408 = ( LENGTH_UNIT() NAMED_UNIT(*) SI_UNIT(.MILLI.,.METRE.) );
#7409 = ( NAMED_UNIT(*) PLANE_ANGLE_UNIT() SI_UNIT($,.RADIAN.) );
#7410 = ( NAMED_UNIT(*) SI_UNIT($,.STERADIAN.) SOLID_ANGLE_UNIT() );
#7411 = UNCERTAINTY_MEASURE_WITH_UNIT(LENGTH_MEASURE(1.E-07),#7408,
  'distance_accuracy_value','confusion accuracy');
#7412 = CONTEXT_DEPENDENT_SHAPE_REPRESENTATION(#7413,#7415);
#7413 = ( REPRESENTATION_RELATIONSHIP('','',#7064,#10) 
REPRESENTATION_RELATIONSHIP_WITH_TRANSFORMATION(#7414) 
SHAPE_REPRESENTATION_RELATIONSHIP() );
#7414 = ITEM_DEFINED_TRANSFORMATION('','',#11,#27);
#7415 = PRODUCT_DEFINITION_SHAPE('Placement','Placement of an item',
  #7416);
#7416 = NEXT_ASSEMBLY_USAGE_OCCURRENCE('9','Body003','',#5,#7059,$);
#7417 = PRODUCT_RELATED_PRODUCT_CATEGORY('part',$,(#7061));
#7418 = SHAPE_DEFINITION_REPRESENTATION(#7419,#7425);
#7419 = PRODUCT_DEFINITION_SHAPE('','',#7420);
#7420 = PRODUCT_DEFINITION('design','',#7421,#7424);
#7421 = PRODUCT_DEFINITION_FORMATION('','',#7422);
#7422 = PRODUCT('Body004','Body004','',(#7423));
#7423 = PRODUCT_CONTEXT('',#2,'mechanical');
#7424 = PRODUCT_DEFINITION_CONTEXT('part definition',#2,'design');
#7425 = ADVANCED_BREP_SHAPE_REPRESENTATION('',(#11,#7426),#7768);
#7426 = MANIFOLD_SOLID_BREP('',#7427);
#7427 = CLOSED_SHELL('',(#7428,#7468,#7499,#7530,#7561,#7592,#7616,#7640
    ,#7662,#7686,#7703,#7727,#7744,#7756));
#7428 = ADVANCED_FACE('',(#7429),#7463,.F.);
#7429 = FACE_BOUND('',#7430,.F.);
#7430 = EDGE_LOOP('',(#7431,#7441,#7449,#7457));
#7431 = ORIENTED_EDGE('',*,*,#7432,.F.);
#7432 = EDGE_CURVE('',#7433,#7435,#7437,.T.);
#7433 = VERTEX_POINT('',#7434);
#7434 = CARTESIAN_POINT('',(-29.7486,35.48,-2.2042));
#7435 = VERTEX_POINT('',#7436);
#7436 = CARTESIAN_POINT('',(-29.7486,35.48,-4.0958));
#7437 = LINE('',#7438,#7439);
#7438 = CARTESIAN_POINT('',(-29.7486,35.48,-1.9042));
#7439 = VECTOR('',#7440,1.);
#7440 = DIRECTION('',(0.,2.2E-16,-1.));
#7441 = ORIENTED_EDGE('',*,*,#7442,.T.);
#7442 = EDGE_CURVE('',#7433,#7443,#7445,.T.);
#7443 = VERTEX_POINT('',#7444);
#7444 = CARTESIAN_POINT('',(-29.7486,-30.48,-2.2042));
#7445 = LINE('',#7446,#7447);
#7446 = CARTESIAN_POINT('',(-29.7486,35.48,-2.2042));
#7447 = VECTOR('',#7448,1.);
#7448 = DIRECTION('',(0.,-1.,2.2E-16));
#7449 = ORIENTED_EDGE('',*,*,#7450,.T.);
#7450 = EDGE_CURVE('',#7443,#7451,#7453,.T.);
#7451 = VERTEX_POINT('',#7452);
#7452 = CARTESIAN_POINT('',(-29.7486,-30.48,-4.0958));
#7453 = LINE('',#7454,#7455);
#7454 = CARTESIAN_POINT('',(-29.7486,-30.48,-1.9042));
#7455 = VECTOR('',#7456,1.);
#7456 = DIRECTION('',(0.,2.2E-16,-1.));
#7457 = ORIENTED_EDGE('',*,*,#7458,.F.);
#7458 = EDGE_CURVE('',#7435,#7451,#7459,.T.);
#7459 = LINE('',#7460,#7461);
#7460 = CARTESIAN_POINT('',(-29.7486,35.48,-4.0958));
#7461 = VECTOR('',#7462,1.);
#7462 = DIRECTION('',(0.,-1.,2.2E-16));
#7463 = PLANE('',#7464);
#7464 = AXIS2_PLACEMENT_3D('',#7465,#7466,#7467);
#7465 = CARTESIAN_POINT('',(-29.7486,35.48,-1.9042));
#7466 = DIRECTION('',(1.,0.,0.));
#7467 = DIRECTION('',(0.,-2.2E-16,-1.));
#7468 = ADVANCED_FACE('',(#7469),#7494,.T.);
#7469 = FACE_BOUND('',#7470,.T.);
#7470 = EDGE_LOOP('',(#7471,#7472,#7480,#7488));
#7471 = ORIENTED_EDGE('',*,*,#7432,.F.);
#7472 = ORIENTED_EDGE('',*,*,#7473,.F.);
#7473 = EDGE_CURVE('',#7474,#7433,#7476,.T.);
#7474 = VERTEX_POINT('',#7475);
#7475 = CARTESIAN_POINT('',(-28.9486,35.48,-2.2042));
#7476 = LINE('',#7477,#7478);
#7477 = CARTESIAN_POINT('',(-28.9486,35.48,-2.2042));
#7478 = VECTOR('',#7479,1.);
#7479 = DIRECTION('',(-1.,0.,0.));
#7480 = ORIENTED_EDGE('',*,*,#7481,.F.);
#7481 = EDGE_CURVE('',#7482,#7474,#7484,.T.);
#7482 = VERTEX_POINT('',#7483);
#7483 = CARTESIAN_POINT('',(-28.9486,35.48,-4.0958));
#7484 = LINE('',#7485,#7486);
#7485 = CARTESIAN_POINT('',(-28.9486,35.48,-4.3958));
#7486 = VECTOR('',#7487,1.);
#7487 = DIRECTION('',(0.,-2.2E-16,1.));
#7488 = ORIENTED_EDGE('',*,*,#7489,.F.);
#7489 = EDGE_CURVE('',#7435,#7482,#7490,.T.);
#7490 = LINE('',#7491,#7492);
#7491 = CARTESIAN_POINT('',(-29.7486,35.48,-4.0958));
#7492 = VECTOR('',#7493,1.);
#7493 = DIRECTION('',(1.,0.,0.));
#7494 = PLANE('',#7495);
#7495 = AXIS2_PLACEMENT_3D('',#7496,#7497,#7498);
#7496 = CARTESIAN_POINT('',(-29.3486,35.48,-3.15));
#7497 = DIRECTION('',(0.,1.,2.2E-16));
#7498 = DIRECTION('',(0.,-2.2E-16,1.));
#7499 = ADVANCED_FACE('',(#7500),#7525,.T.);
#7500 = FACE_BOUND('',#7501,.T.);
#7501 = EDGE_LOOP('',(#7502,#7510,#7511,#7519));
#7502 = ORIENTED_EDGE('',*,*,#7503,.F.);
#7503 = EDGE_CURVE('',#7433,#7504,#7506,.T.);
#7504 = VERTEX_POINT('',#7505);
#7505 = CARTESIAN_POINT('',(-29.4486,35.18,-1.9042));
#7506 = LINE('',#7507,#7508);
#7507 = CARTESIAN_POINT('',(-29.51526666666,35.246666666667,
    -1.970866666667));
#7508 = VECTOR('',#7509,1.);
#7509 = DIRECTION('',(0.57735026919,-0.57735026919,0.57735026919));
#7510 = ORIENTED_EDGE('',*,*,#7442,.T.);
#7511 = ORIENTED_EDGE('',*,*,#7512,.T.);
#7512 = EDGE_CURVE('',#7443,#7513,#7515,.T.);
#7513 = VERTEX_POINT('',#7514);
#7514 = CARTESIAN_POINT('',(-29.4486,-30.18,-1.9042));
#7515 = LINE('',#7516,#7517);
#7516 = CARTESIAN_POINT('',(-18.52193333333,-19.25333333333,
    9.022466666667));
#7517 = VECTOR('',#7518,1.);
#7518 = DIRECTION('',(0.57735026919,0.57735026919,0.57735026919));
#7519 = ORIENTED_EDGE('',*,*,#7520,.F.);
#7520 = EDGE_CURVE('',#7504,#7513,#7521,.T.);
#7521 = LINE('',#7522,#7523);
#7522 = CARTESIAN_POINT('',(-29.4486,35.48,-1.9042));
#7523 = VECTOR('',#7524,1.);
#7524 = DIRECTION('',(0.,-1.,2.2E-16));
#7525 = PLANE('',#7526);
#7526 = AXIS2_PLACEMENT_3D('',#7527,#7528,#7529);
#7527 = CARTESIAN_POINT('',(-29.5986,35.48,-2.0542));
#7528 = DIRECTION('',(-0.707106781187,1.6E-16,0.707106781187));
#7529 = DIRECTION('',(-3.137084989848E-18,-1.,2.231370849898E-16));
#7530 = ADVANCED_FACE('',(#7531),#7556,.T.);
#7531 = FACE_BOUND('',#7532,.F.);
#7532 = EDGE_LOOP('',(#7533,#7541,#7542,#7550));
#7533 = ORIENTED_EDGE('',*,*,#7534,.F.);
#7534 = EDGE_CURVE('',#7435,#7535,#7537,.T.);
#7535 = VERTEX_POINT('',#7536);
#7536 = CARTESIAN_POINT('',(-29.4486,35.18,-4.3958));
#7537 = LINE('',#7538,#7539);
#7538 = CARTESIAN_POINT('',(-29.6486,35.38,-4.1958));
#7539 = VECTOR('',#7540,1.);
#7540 = DIRECTION('',(0.57735026919,-0.57735026919,-0.57735026919));
#7541 = ORIENTED_EDGE('',*,*,#7458,.T.);
#7542 = ORIENTED_EDGE('',*,*,#7543,.T.);
#7543 = EDGE_CURVE('',#7451,#7544,#7546,.T.);
#7544 = VERTEX_POINT('',#7545);
#7545 = CARTESIAN_POINT('',(-29.4486,-30.18,-4.3958));
#7546 = LINE('',#7547,#7548);
#7547 = CARTESIAN_POINT('',(-18.65526666666,-19.38666666666,
    -15.18913333333));
#7548 = VECTOR('',#7549,1.);
#7549 = DIRECTION('',(0.57735026919,0.57735026919,-0.57735026919));
#7550 = ORIENTED_EDGE('',*,*,#7551,.F.);
#7551 = EDGE_CURVE('',#7535,#7544,#7552,.T.);
#7552 = LINE('',#7553,#7554);
#7553 = CARTESIAN_POINT('',(-29.4486,35.48,-4.3958));
#7554 = VECTOR('',#7555,1.);
#7555 = DIRECTION('',(0.,-1.,2.2E-16));
#7556 = PLANE('',#7557);
#7557 = AXIS2_PLACEMENT_3D('',#7558,#7559,#7560);
#7558 = CARTESIAN_POINT('',(-29.5986,35.48,-4.2458));
#7559 = DIRECTION('',(-0.707106781187,-1.6E-16,-0.707106781187));
#7560 = DIRECTION('',(-3.137084989848E-18,1.,-2.231370849898E-16));
#7561 = ADVANCED_FACE('',(#7562),#7587,.F.);
#7562 = FACE_BOUND('',#7563,.F.);
#7563 = EDGE_LOOP('',(#7564,#7565,#7573,#7581));
#7564 = ORIENTED_EDGE('',*,*,#7450,.F.);
#7565 = ORIENTED_EDGE('',*,*,#7566,.F.);
#7566 = EDGE_CURVE('',#7567,#7443,#7569,.T.);
#7567 = VERTEX_POINT('',#7568);
#7568 = CARTESIAN_POINT('',(-28.9486,-30.48,-2.2042));
#7569 = LINE('',#7570,#7571);
#7570 = CARTESIAN_POINT('',(-28.9486,-30.48,-2.2042));
#7571 = VECTOR('',#7572,1.);
#7572 = DIRECTION('',(-1.,0.,0.));
#7573 = ORIENTED_EDGE('',*,*,#7574,.F.);
#7574 = EDGE_CURVE('',#7575,#7567,#7577,.T.);
#7575 = VERTEX_POINT('',#7576);
#7576 = CARTESIAN_POINT('',(-28.9486,-30.48,-4.0958));
#7577 = LINE('',#7578,#7579);
#7578 = CARTESIAN_POINT('',(-28.9486,-30.48,-4.3958));
#7579 = VECTOR('',#7580,1.);
#7580 = DIRECTION('',(0.,-2.2E-16,1.));
#7581 = ORIENTED_EDGE('',*,*,#7582,.F.);
#7582 = EDGE_CURVE('',#7451,#7575,#7583,.T.);
#7583 = LINE('',#7584,#7585);
#7584 = CARTESIAN_POINT('',(-29.7486,-30.48,-4.0958));
#7585 = VECTOR('',#7586,1.);
#7586 = DIRECTION('',(1.,0.,0.));
#7587 = PLANE('',#7588);
#7588 = AXIS2_PLACEMENT_3D('',#7589,#7590,#7591);
#7589 = CARTESIAN_POINT('',(-29.3486,-30.48,-3.15));
#7590 = DIRECTION('',(0.,1.,2.2E-16));
#7591 = DIRECTION('',(0.,-2.2E-16,1.));
#7592 = ADVANCED_FACE('',(#7593),#7611,.F.);
#7593 = FACE_BOUND('',#7594,.F.);
#7594 = EDGE_LOOP('',(#7595,#7603,#7609,#7610));
#7595 = ORIENTED_EDGE('',*,*,#7596,.T.);
#7596 = EDGE_CURVE('',#7474,#7597,#7599,.T.);
#7597 = VERTEX_POINT('',#7598);
#7598 = CARTESIAN_POINT('',(-29.2486,35.18,-1.9042));
#7599 = LINE('',#7600,#7601);
#7600 = CARTESIAN_POINT('',(-29.0486,35.38,-2.1042));
#7601 = VECTOR('',#7602,1.);
#7602 = DIRECTION('',(-0.57735026919,-0.57735026919,0.57735026919));
#7603 = ORIENTED_EDGE('',*,*,#7604,.T.);
#7604 = EDGE_CURVE('',#7597,#7504,#7605,.T.);
#7605 = LINE('',#7606,#7607);
#7606 = CARTESIAN_POINT('',(-28.9486,35.18,-1.9042));
#7607 = VECTOR('',#7608,1.);
#7608 = DIRECTION('',(-1.,0.,0.));
#7609 = ORIENTED_EDGE('',*,*,#7503,.F.);
#7610 = ORIENTED_EDGE('',*,*,#7473,.F.);
#7611 = PLANE('',#7612);
#7612 = AXIS2_PLACEMENT_3D('',#7613,#7614,#7615);
#7613 = CARTESIAN_POINT('',(-28.9486,35.33,-2.0542));
#7614 = DIRECTION('',(0.,-0.707106781187,-0.707106781187));
#7615 = DIRECTION('',(-1.,-0.,0.));
#7616 = ADVANCED_FACE('',(#7617),#7635,.F.);
#7617 = FACE_BOUND('',#7618,.F.);
#7618 = EDGE_LOOP('',(#7619,#7620,#7628,#7634));
#7619 = ORIENTED_EDGE('',*,*,#7534,.T.);
#7620 = ORIENTED_EDGE('',*,*,#7621,.T.);
#7621 = EDGE_CURVE('',#7535,#7622,#7624,.T.);
#7622 = VERTEX_POINT('',#7623);
#7623 = CARTESIAN_POINT('',(-29.2486,35.18,-4.3958));
#7624 = LINE('',#7625,#7626);
#7625 = CARTESIAN_POINT('',(-29.7486,35.18,-4.3958));
#7626 = VECTOR('',#7627,1.);
#7627 = DIRECTION('',(1.,0.,0.));
#7628 = ORIENTED_EDGE('',*,*,#7629,.T.);
#7629 = EDGE_CURVE('',#7622,#7482,#7630,.T.);
#7630 = LINE('',#7631,#7632);
#7631 = CARTESIAN_POINT('',(-29.18193333333,35.246666666667,
    -4.329133333333));
#7632 = VECTOR('',#7633,1.);
#7633 = DIRECTION('',(0.57735026919,0.57735026919,0.57735026919));
#7634 = ORIENTED_EDGE('',*,*,#7489,.F.);
#7635 = PLANE('',#7636);
#7636 = AXIS2_PLACEMENT_3D('',#7637,#7638,#7639);
#7637 = CARTESIAN_POINT('',(-29.7486,35.33,-4.2458));
#7638 = DIRECTION('',(-0.,-0.707106781187,0.707106781187));
#7639 = DIRECTION('',(1.,0.,0.));
#7640 = ADVANCED_FACE('',(#7641),#7657,.F.);
#7641 = FACE_BOUND('',#7642,.F.);
#7642 = EDGE_LOOP('',(#7643,#7644,#7650,#7651));
#7643 = ORIENTED_EDGE('',*,*,#7481,.F.);
#7644 = ORIENTED_EDGE('',*,*,#7645,.T.);
#7645 = EDGE_CURVE('',#7482,#7575,#7646,.T.);
#7646 = LINE('',#7647,#7648);
#7647 = CARTESIAN_POINT('',(-28.9486,35.48,-4.0958));
#7648 = VECTOR('',#7649,1.);
#7649 = DIRECTION('',(0.,-1.,2.2E-16));
#7650 = ORIENTED_EDGE('',*,*,#7574,.T.);
#7651 = ORIENTED_EDGE('',*,*,#7652,.F.);
#7652 = EDGE_CURVE('',#7474,#7567,#7653,.T.);
#7653 = LINE('',#7654,#7655);
#7654 = CARTESIAN_POINT('',(-28.9486,35.48,-2.2042));
#7655 = VECTOR('',#7656,1.);
#7656 = DIRECTION('',(0.,-1.,2.2E-16));
#7657 = PLANE('',#7658);
#7658 = AXIS2_PLACEMENT_3D('',#7659,#7660,#7661);
#7659 = CARTESIAN_POINT('',(-28.9486,35.48,-4.3958));
#7660 = DIRECTION('',(-1.,0.,0.));
#7661 = DIRECTION('',(0.,2.2E-16,1.));
#7662 = ADVANCED_FACE('',(#7663),#7681,.F.);
#7663 = FACE_BOUND('',#7664,.F.);
#7664 = EDGE_LOOP('',(#7665,#7673,#7679,#7680));
#7665 = ORIENTED_EDGE('',*,*,#7666,.T.);
#7666 = EDGE_CURVE('',#7597,#7667,#7669,.T.);
#7667 = VERTEX_POINT('',#7668);
#7668 = CARTESIAN_POINT('',(-29.2486,-30.18,-1.9042));
#7669 = LINE('',#7670,#7671);
#7670 = CARTESIAN_POINT('',(-29.2486,35.48,-1.9042));
#7671 = VECTOR('',#7672,1.);
#7672 = DIRECTION('',(0.,-1.,2.2E-16));
#7673 = ORIENTED_EDGE('',*,*,#7674,.T.);
#7674 = EDGE_CURVE('',#7667,#7513,#7675,.T.);
#7675 = LINE('',#7676,#7677);
#7676 = CARTESIAN_POINT('',(-28.9486,-30.18,-1.9042));
#7677 = VECTOR('',#7678,1.);
#7678 = DIRECTION('',(-1.,0.,0.));
#7679 = ORIENTED_EDGE('',*,*,#7520,.F.);
#7680 = ORIENTED_EDGE('',*,*,#7604,.F.);
#7681 = PLANE('',#7682);
#7682 = AXIS2_PLACEMENT_3D('',#7683,#7684,#7685);
#7683 = CARTESIAN_POINT('',(-28.9486,35.48,-1.9042));
#7684 = DIRECTION('',(0.,-2.2E-16,-1.));
#7685 = DIRECTION('',(-1.,0.,0.));
#7686 = ADVANCED_FACE('',(#7687),#7698,.T.);
#7687 = FACE_BOUND('',#7688,.T.);
#7688 = EDGE_LOOP('',(#7689,#7695,#7696,#7697));
#7689 = ORIENTED_EDGE('',*,*,#7690,.T.);
#7690 = EDGE_CURVE('',#7567,#7667,#7691,.T.);
#7691 = LINE('',#7692,#7693);
#7692 = CARTESIAN_POINT('',(-40.04193333333,-19.38666666666,
    8.889133333333));
#7693 = VECTOR('',#7694,1.);
#7694 = DIRECTION('',(-0.57735026919,0.57735026919,0.57735026919));
#7695 = ORIENTED_EDGE('',*,*,#7674,.T.);
#7696 = ORIENTED_EDGE('',*,*,#7512,.F.);
#7697 = ORIENTED_EDGE('',*,*,#7566,.F.);
#7698 = PLANE('',#7699);
#7699 = AXIS2_PLACEMENT_3D('',#7700,#7701,#7702);
#7700 = CARTESIAN_POINT('',(-28.9486,-30.33,-2.0542));
#7701 = DIRECTION('',(-0.,-0.707106781187,0.707106781187));
#7702 = DIRECTION('',(-1.,0.,0.));
#7703 = ADVANCED_FACE('',(#7704),#7722,.F.);
#7704 = FACE_BOUND('',#7705,.F.);
#7705 = EDGE_LOOP('',(#7706,#7707,#7715,#7721));
#7706 = ORIENTED_EDGE('',*,*,#7551,.T.);
#7707 = ORIENTED_EDGE('',*,*,#7708,.T.);
#7708 = EDGE_CURVE('',#7544,#7709,#7711,.T.);
#7709 = VERTEX_POINT('',#7710);
#7710 = CARTESIAN_POINT('',(-29.2486,-30.18,-4.3958));
#7711 = LINE('',#7712,#7713);
#7712 = CARTESIAN_POINT('',(-29.7486,-30.18,-4.3958));
#7713 = VECTOR('',#7714,1.);
#7714 = DIRECTION('',(1.,0.,0.));
#7715 = ORIENTED_EDGE('',*,*,#7716,.F.);
#7716 = EDGE_CURVE('',#7622,#7709,#7717,.T.);
#7717 = LINE('',#7718,#7719);
#7718 = CARTESIAN_POINT('',(-29.2486,35.48,-4.3958));
#7719 = VECTOR('',#7720,1.);
#7720 = DIRECTION('',(0.,-1.,2.2E-16));
#7721 = ORIENTED_EDGE('',*,*,#7621,.F.);
#7722 = PLANE('',#7723);
#7723 = AXIS2_PLACEMENT_3D('',#7724,#7725,#7726);
#7724 = CARTESIAN_POINT('',(-29.7486,35.48,-4.3958));
#7725 = DIRECTION('',(0.,2.2E-16,1.));
#7726 = DIRECTION('',(1.,0.,0.));
#7727 = ADVANCED_FACE('',(#7728),#7739,.T.);
#7728 = FACE_BOUND('',#7729,.T.);
#7729 = EDGE_LOOP('',(#7730,#7731,#7732,#7738));
#7730 = ORIENTED_EDGE('',*,*,#7543,.T.);
#7731 = ORIENTED_EDGE('',*,*,#7708,.T.);
#7732 = ORIENTED_EDGE('',*,*,#7733,.T.);
#7733 = EDGE_CURVE('',#7709,#7575,#7734,.T.);
#7734 = LINE('',#7735,#7736);
#7735 = CARTESIAN_POINT('',(-40.17526666666,-19.25333333333,
    -15.32246666666));
#7736 = VECTOR('',#7737,1.);
#7737 = DIRECTION('',(0.57735026919,-0.57735026919,0.57735026919));
#7738 = ORIENTED_EDGE('',*,*,#7582,.F.);
#7739 = PLANE('',#7740);
#7740 = AXIS2_PLACEMENT_3D('',#7741,#7742,#7743);
#7741 = CARTESIAN_POINT('',(-29.7486,-30.33,-4.2458));
#7742 = DIRECTION('',(0.,-0.707106781187,-0.707106781187));
#7743 = DIRECTION('',(1.,0.,0.));
#7744 = ADVANCED_FACE('',(#7745),#7751,.T.);
#7745 = FACE_BOUND('',#7746,.F.);
#7746 = EDGE_LOOP('',(#7747,#7748,#7749,#7750));
#7747 = ORIENTED_EDGE('',*,*,#7596,.F.);
#7748 = ORIENTED_EDGE('',*,*,#7652,.T.);
#7749 = ORIENTED_EDGE('',*,*,#7690,.T.);
#7750 = ORIENTED_EDGE('',*,*,#7666,.F.);
#7751 = PLANE('',#7752);
#7752 = AXIS2_PLACEMENT_3D('',#7753,#7754,#7755);
#7753 = CARTESIAN_POINT('',(-29.0986,35.48,-2.0542));
#7754 = DIRECTION('',(0.707106781187,1.5E-16,0.707106781187));
#7755 = DIRECTION('',(3.933982822017E-18,1.,-2.16066017178E-16));
#7756 = ADVANCED_FACE('',(#7757),#7763,.T.);
#7757 = FACE_BOUND('',#7758,.F.);
#7758 = EDGE_LOOP('',(#7759,#7760,#7761,#7762));
#7759 = ORIENTED_EDGE('',*,*,#7629,.F.);
#7760 = ORIENTED_EDGE('',*,*,#7716,.T.);
#7761 = ORIENTED_EDGE('',*,*,#7733,.T.);
#7762 = ORIENTED_EDGE('',*,*,#7645,.F.);
#7763 = PLANE('',#7764);
#7764 = AXIS2_PLACEMENT_3D('',#7765,#7766,#7767);
#7765 = CARTESIAN_POINT('',(-29.0986,35.48,-4.2458));
#7766 = DIRECTION('',(0.707106781187,-1.5E-16,-0.707106781187));
#7767 = DIRECTION('',(-3.933982822017E-18,1.,-2.16066017178E-16));
#7768 = ( GEOMETRIC_REPRESENTATION_CONTEXT(3) 
GLOBAL_UNCERTAINTY_ASSIGNED_CONTEXT((#7772)) 
GLOBAL_UNIT_ASSIGNED_CONTEXT((#7769,#7770,#7771)) REPRESENTATION_CONTEXT
('Context #1','3D Context with UNIT and UNCERTAINTY') );
#7769 = ( LENGTH_UNIT() NAMED_UNIT(*) SI_UNIT(.MILLI.,.METRE.) );
#7770 = ( NAMED_UNIT(*) PLANE_ANGLE_UNIT() SI_UNIT($,.RADIAN.) );
#7771 = ( NAMED_UNIT(*) SI_UNIT($,.STERADIAN.) SOLID_ANGLE_UNIT() );
#7772 = UNCERTAINTY_MEASURE_WITH_UNIT(LENGTH_MEASURE(1.E-07),#7769,
  'distance_accuracy_value','confusion accuracy');
#7773 = CONTEXT_DEPENDENT_SHAPE_REPRESENTATION(#7774,#7776);
#7774 = ( REPRESENTATION_RELATIONSHIP('','',#7425,#10) 
REPRESENTATION_RELATIONSHIP_WITH_TRANSFORMATION(#7775) 
SHAPE_REPRESENTATION_RELATIONSHIP() );
#7775 = ITEM_DEFINED_TRANSFORMATION('','',#11,#31);
#7776 = PRODUCT_DEFINITION_SHAPE('Placement','Placement of an item',
  #7777);
#7777 = NEXT_ASSEMBLY_USAGE_OCCURRENCE('10','Body004','',#5,#7420,$);
#7778 = PRODUCT_RELATED_PRODUCT_CATEGORY('part',$,(#7422));
#7779 = MECHANICAL_DESIGN_GEOMETRIC_PRESENTATION_REPRESENTATION('',(
    #7780),#7768);
#7780 = STYLED_ITEM('color',(#7781),#7426);
#7781 = PRESENTATION_STYLE_ASSIGNMENT((#7782,#7788));
#7782 = SURFACE_STYLE_USAGE(.BOTH.,#7783);
#7783 = SURFACE_SIDE_STYLE('',(#7784));
#7784 = SURFACE_STYLE_FILL_AREA(#7785);
#7785 = FILL_AREA_STYLE('',(#7786));
#7786 = FILL_AREA_STYLE_COLOUR('',#7787);
#7787 = COLOUR_RGB('',0.800000010877,0.800000010877,0.800000010877);
#7788 = CURVE_STYLE('',#7789,POSITIVE_LENGTH_MEASURE(0.1),#7790);
#7789 = DRAUGHTING_PRE_DEFINED_CURVE_FONT('continuous');
#7790 = COLOUR_RGB('',9.803921802644E-02,9.803921802644E-02,
  9.803921802644E-02);
#7791 = MECHANICAL_DESIGN_GEOMETRIC_PRESENTATION_REPRESENTATION('',(
    #7792),#7407);
#7792 = STYLED_ITEM('color',(#7793),#7065);
#7793 = PRESENTATION_STYLE_ASSIGNMENT((#7794,#7799));
#7794 = SURFACE_STYLE_USAGE(.BOTH.,#7795);
#7795 = SURFACE_SIDE_STYLE('',(#7796));
#7796 = SURFACE_STYLE_FILL_AREA(#7797);
#7797 = FILL_AREA_STYLE('',(#7798));
#7798 = FILL_AREA_STYLE_COLOUR('',#7787);
#7799 = CURVE_STYLE('',#7800,POSITIVE_LENGTH_MEASURE(0.1),#7790);
#7800 = DRAUGHTING_PRE_DEFINED_CURVE_FONT('continuous');
#7801 = MECHANICAL_DESIGN_GEOMETRIC_PRESENTATION_REPRESENTATION('',(
    #7802),#7046);
#7802 = STYLED_ITEM('color',(#7803),#6704);
#7803 = PRESENTATION_STYLE_ASSIGNMENT((#7804,#7809));
#7804 = SURFACE_STYLE_USAGE(.BOTH.,#7805);
#7805 = SURFACE_SIDE_STYLE('',(#7806));
#7806 = SURFACE_STYLE_FILL_AREA(#7807);
#7807 = FILL_AREA_STYLE('',(#7808));
#7808 = FILL_AREA_STYLE_COLOUR('',#7787);
#7809 = CURVE_STYLE('',#7810,POSITIVE_LENGTH_MEASURE(0.1),#7790);
#7810 = DRAUGHTING_PRE_DEFINED_CURVE_FONT('continuous');
#7811 = MECHANICAL_DESIGN_GEOMETRIC_PRESENTATION_REPRESENTATION('',(
    #7812),#6685);
#7812 = STYLED_ITEM('color',(#7813),#6343);
#7813 = PRESENTATION_STYLE_ASSIGNMENT((#7814,#7819));
#7814 = SURFACE_STYLE_USAGE(.BOTH.,#7815);
#7815 = SURFACE_SIDE_STYLE('',(#7816));
#7816 = SURFACE_STYLE_FILL_AREA(#7817);
#7817 = FILL_AREA_STYLE('',(#7818));
#7818 = FILL_AREA_STYLE_COLOUR('',#7787);
#7819 = CURVE_STYLE('',#7820,POSITIVE_LENGTH_MEASURE(0.1),#7790);
#7820 = DRAUGHTING_PRE_DEFINED_CURVE_FONT('continuous');
#7821 = MECHANICAL_DESIGN_GEOMETRIC_PRESENTATION_REPRESENTATION('',(
    #7822),#6324);
#7822 = STYLED_ITEM('color',(#7823),#49);
#7823 = PRESENTATION_STYLE_ASSIGNMENT((#7824,#7829));
#7824 = SURFACE_STYLE_USAGE(.BOTH.,#7825);
#7825 = SURFACE_SIDE_STYLE('',(#7826));
#7826 = SURFACE_STYLE_FILL_AREA(#7827);
#7827 = FILL_AREA_STYLE('',(#7828));
#7828 = FILL_AREA_STYLE_COLOUR('',#7787);
#7829 = CURVE_STYLE('',#7830,POSITIVE_LENGTH_MEASURE(0.1),#7790);
#7830 = DRAUGHTING_PRE_DEFINED_CURVE_FONT('continuous');
ENDSEC;
END-ISO-10303-21;
