ISO-10303-21;
HEADER;
FILE_DESCRIPTION(('FreeCAD Model'),'2;1');
FILE_NAME('Open CASCADE Shape Model','2025-03-07T12:23:57',(''),(''),
  'Open CASCADE STEP processor 7.8','FreeCAD','Unknown');
FILE_SCHEMA(('AUTOMOTIVE_DESIGN { 1 0 10303 214 1 1 1 1 }'));
ENDSEC;
DATA;
#1 = APPLICATION_PROTOCOL_DEFINITION('international standard',
  'automotive_design',2000,#2);
#2 = APPLICATION_CONTEXT(
  'core data for automotive mechanical design processes');
#3 = SHAPE_DEFINITION_REPRESENTATION(#4,#10);
#4 = PRODUCT_DEFINITION_SHAPE('','',#5);
#5 = PRODUCT_DEFINITION('design','',#6,#9);
#6 = PRODUCT_DEFINITION_FORMATION('','',#7);
#7 = PRODUCT('Part','Part','',(#8));
#8 = PRODUCT_CONTEXT('',#2,'mechanical');
#9 = PRODUCT_DEFINITION_CONTEXT('part definition',#2,'design');
#10 = SHAPE_REPRESENTATION('',(#11,#15,#19,#23,#27,#31),#35);
#11 = AXIS2_PLACEMENT_3D('',#12,#13,#14);
#12 = CARTESIAN_POINT('',(0.,0.,0.));
#13 = DIRECTION('',(0.,0.,1.));
#14 = DIRECTION('',(1.,0.,-0.));
#15 = AXIS2_PLACEMENT_3D('',#16,#17,#18);
#16 = CARTESIAN_POINT('',(0.,0.,0.));
#17 = DIRECTION('',(0.,0.,1.));
#18 = DIRECTION('',(1.,0.,0.));
#19 = AXIS2_PLACEMENT_3D('',#20,#21,#22);
#20 = CARTESIAN_POINT('',(0.,0.,0.));
#21 = DIRECTION('',(0.,0.,1.));
#22 = DIRECTION('',(1.,0.,0.));
#23 = AXIS2_PLACEMENT_3D('',#24,#25,#26);
#24 = CARTESIAN_POINT('',(3.65,0.,0.));
#25 = DIRECTION('',(0.,0.,1.));
#26 = DIRECTION('',(1.,0.,0.));
#27 = AXIS2_PLACEMENT_3D('',#28,#29,#30);
#28 = CARTESIAN_POINT('',(122.5,0.,0.));
#29 = DIRECTION('',(0.,0.,1.));
#30 = DIRECTION('',(1.,0.,0.));
#31 = AXIS2_PLACEMENT_3D('',#32,#33,#34);
#32 = CARTESIAN_POINT('',(92.2,0.,0.));
#33 = DIRECTION('',(0.,0.,1.));
#34 = DIRECTION('',(1.,0.,0.));
#35 = ( GEOMETRIC_REPRESENTATION_CONTEXT(3) 
GLOBAL_UNCERTAINTY_ASSIGNED_CONTEXT((#39)) GLOBAL_UNIT_ASSIGNED_CONTEXT(
(#36,#37,#38)) REPRESENTATION_CONTEXT('Context #1',
  '3D Context with UNIT and UNCERTAINTY') );
#36 = ( LENGTH_UNIT() NAMED_UNIT(*) SI_UNIT(.MILLI.,.METRE.) );
#37 = ( NAMED_UNIT(*) PLANE_ANGLE_UNIT() SI_UNIT($,.RADIAN.) );
#38 = ( NAMED_UNIT(*) SI_UNIT($,.STERADIAN.) SOLID_ANGLE_UNIT() );
#39 = UNCERTAINTY_MEASURE_WITH_UNIT(LENGTH_MEASURE(2.E-04),#36,
  'distance_accuracy_value','confusion accuracy');
#40 = PRODUCT_RELATED_PRODUCT_CATEGORY('part',$,(#7));
#41 = SHAPE_DEFINITION_REPRESENTATION(#42,#48);
#42 = PRODUCT_DEFINITION_SHAPE('','',#43);
#43 = PRODUCT_DEFINITION('design','',#44,#47);
#44 = PRODUCT_DEFINITION_FORMATION('','',#45);
#45 = PRODUCT('Body','Body','',(#46));
#46 = PRODUCT_CONTEXT('',#2,'mechanical');
#47 = PRODUCT_DEFINITION_CONTEXT('part definition',#2,'design');
#48 = ADVANCED_BREP_SHAPE_REPRESENTATION('',(#11,#49),#5495);
#49 = MANIFOLD_SOLID_BREP('',#50);
#50 = CLOSED_SHELL('',(#51,#347,#396,#421,#445,#478,#502,#535,#567,#608,
    #648,#672,#696,#720,#760,#793,#817,#861,#885,#913,#937,#981,#1005,
    #1030,#1054,#1079,#1103,#1128,#1160,#1204,#1228,#1256,#1280,#1324,
    #1355,#1388,#1419,#1436,#1494,#1519,#1570,#1587,#1657,#1674,#1698,
    #1715,#1768,#1786,#1798,#1975,#1987,#2009,#2031,#2055,#2245,#2262,
    #2306,#2323,#2347,#2384,#2408,#2425,#2443,#2455,#2489,#2507,#2530,
    #2559,#2595,#2616,#2627,#2757,#2821,#2895,#2921,#2974,#3016,#3089,
    #3120,#3161,#3255,#3276,#3343,#3367,#3389,#3431,#3448,#3480,#3504,
    #3529,#3568,#3606,#3641,#3666,#3700,#3796,#3821,#3855,#3995,#4018,
    #4035,#4134,#4198,#4215,#4297,#4337,#4392,#4410,#4427,#4455,#4478,
    #4490,#4515,#4540,#4565,#4590,#4621,#4719,#4849,#4866,#4897,#4947,
    #4978,#5003,#5028,#5052,#5076,#5101,#5126,#5143,#5152,#5161,#5170,
    #5179,#5210,#5235,#5260,#5277,#5308,#5333,#5358,#5382,#5406,#5431,
    #5456,#5473));
#51 = ADVANCED_FACE('',(#52),#342,.T.);
#52 = FACE_BOUND('',#53,.T.);
#53 = EDGE_LOOP('',(#54,#64,#72,#80,#88,#96,#104,#112,#120,#128,#136,
    #144,#152,#160,#168,#176,#184,#192,#200,#208,#216,#224,#232,#240,
    #248,#256,#264,#272,#280,#288,#296,#304,#312,#320,#328,#336));
#54 = ORIENTED_EDGE('',*,*,#55,.F.);
#55 = EDGE_CURVE('',#56,#58,#60,.T.);
#56 = VERTEX_POINT('',#57);
#57 = CARTESIAN_POINT('',(-56.4214,-25.7,-8.));
#58 = VERTEX_POINT('',#59);
#59 = CARTESIAN_POINT('',(-67.18770943707,-25.7,-27.82490138756));
#60 = LINE('',#61,#62);
#61 = CARTESIAN_POINT('',(-56.4214,-25.7,-8.));
#62 = VECTOR('',#63,1.);
#63 = DIRECTION('',(-0.477236341727,-1.951272443463E-16,-0.878774984928)
  );
#64 = ORIENTED_EDGE('',*,*,#65,.F.);
#65 = EDGE_CURVE('',#66,#56,#68,.T.);
#66 = VERTEX_POINT('',#67);
#67 = CARTESIAN_POINT('',(-56.4214,-25.7,5.706546346601E-15));
#68 = LINE('',#69,#70);
#69 = CARTESIAN_POINT('',(-56.4214,-25.7,3.552713678801E-15));
#70 = VECTOR('',#71,1.);
#71 = DIRECTION('',(0.,-2.22044604925E-16,-1.));
#72 = ORIENTED_EDGE('',*,*,#73,.F.);
#73 = EDGE_CURVE('',#74,#66,#76,.T.);
#74 = VERTEX_POINT('',#75);
#75 = CARTESIAN_POINT('',(-59.7514,-25.7,5.706546346601E-15));
#76 = LINE('',#77,#78);
#77 = CARTESIAN_POINT('',(-59.7514,-25.7,3.552713678801E-15));
#78 = VECTOR('',#79,1.);
#79 = DIRECTION('',(1.,0.,0.));
#80 = ORIENTED_EDGE('',*,*,#81,.T.);
#81 = EDGE_CURVE('',#74,#82,#84,.T.);
#82 = VERTEX_POINT('',#83);
#83 = CARTESIAN_POINT('',(-59.7514,-25.7,-1.8542));
#84 = LINE('',#85,#86);
#85 = CARTESIAN_POINT('',(-59.7514,-25.7,3.552713678801E-15));
#86 = VECTOR('',#87,1.);
#87 = DIRECTION('',(0.,-2.22044604925E-16,-1.));
#88 = ORIENTED_EDGE('',*,*,#89,.T.);
#89 = EDGE_CURVE('',#82,#90,#92,.T.);
#90 = VERTEX_POINT('',#91);
#91 = CARTESIAN_POINT('',(-58.4214,-25.7,-1.8542));
#92 = LINE('',#93,#94);
#93 = CARTESIAN_POINT('',(-59.7514,-25.7,-1.8542));
#94 = VECTOR('',#95,1.);
#95 = DIRECTION('',(1.,0.,0.));
#96 = ORIENTED_EDGE('',*,*,#97,.T.);
#97 = EDGE_CURVE('',#90,#98,#100,.T.);
#98 = VERTEX_POINT('',#99);
#99 = CARTESIAN_POINT('',(-58.4214,-25.7,-4.4958));
#100 = LINE('',#101,#102);
#101 = CARTESIAN_POINT('',(-58.4214,-25.7,-1.8542));
#102 = VECTOR('',#103,1.);
#103 = DIRECTION('',(0.,-2.22044604925E-16,-1.));
#104 = ORIENTED_EDGE('',*,*,#105,.F.);
#105 = EDGE_CURVE('',#106,#98,#108,.T.);
#106 = VERTEX_POINT('',#107);
#107 = CARTESIAN_POINT('',(-59.7514,-25.7,-4.4958));
#108 = LINE('',#109,#110);
#109 = CARTESIAN_POINT('',(-59.7514,-25.7,-4.4958));
#110 = VECTOR('',#111,1.);
#111 = DIRECTION('',(1.,0.,0.));
#112 = ORIENTED_EDGE('',*,*,#113,.T.);
#113 = EDGE_CURVE('',#106,#114,#116,.T.);
#114 = VERTEX_POINT('',#115);
#115 = CARTESIAN_POINT('',(-59.7514,-25.7,-5.8928));
#116 = LINE('',#117,#118);
#117 = CARTESIAN_POINT('',(-59.7514,-25.7,-4.4958));
#118 = VECTOR('',#119,1.);
#119 = DIRECTION('',(0.,-2.22044604925E-16,-1.));
#120 = ORIENTED_EDGE('',*,*,#121,.T.);
#121 = EDGE_CURVE('',#114,#122,#124,.T.);
#122 = VERTEX_POINT('',#123);
#123 = CARTESIAN_POINT('',(-62.7486,-25.7,-5.8928));
#124 = LINE('',#125,#126);
#125 = CARTESIAN_POINT('',(-59.7514,-25.7,-5.8928));
#126 = VECTOR('',#127,1.);
#127 = DIRECTION('',(-1.,0.,0.));
#128 = ORIENTED_EDGE('',*,*,#129,.T.);
#129 = EDGE_CURVE('',#122,#130,#132,.T.);
#130 = VERTEX_POINT('',#131);
#131 = CARTESIAN_POINT('',(-62.7486,-25.7,-4.4958));
#132 = LINE('',#133,#134);
#133 = CARTESIAN_POINT('',(-62.7486,-25.7,-5.8928));
#134 = VECTOR('',#135,1.);
#135 = DIRECTION('',(0.,2.22044604925E-16,1.));
#136 = ORIENTED_EDGE('',*,*,#137,.T.);
#137 = EDGE_CURVE('',#130,#138,#140,.T.);
#138 = VERTEX_POINT('',#139);
#139 = CARTESIAN_POINT('',(-64.0786,-25.7,-4.4958));
#140 = LINE('',#141,#142);
#141 = CARTESIAN_POINT('',(-62.7486,-25.7,-4.4958));
#142 = VECTOR('',#143,1.);
#143 = DIRECTION('',(-1.,0.,0.));
#144 = ORIENTED_EDGE('',*,*,#145,.T.);
#145 = EDGE_CURVE('',#138,#146,#148,.T.);
#146 = VERTEX_POINT('',#147);
#147 = CARTESIAN_POINT('',(-64.0786,-25.7,-1.8542));
#148 = LINE('',#149,#150);
#149 = CARTESIAN_POINT('',(-64.0786,-25.7,-4.4958));
#150 = VECTOR('',#151,1.);
#151 = DIRECTION('',(0.,2.22044604925E-16,1.));
#152 = ORIENTED_EDGE('',*,*,#153,.F.);
#153 = EDGE_CURVE('',#154,#146,#156,.T.);
#154 = VERTEX_POINT('',#155);
#155 = CARTESIAN_POINT('',(-62.7486,-25.7,-1.8542));
#156 = LINE('',#157,#158);
#157 = CARTESIAN_POINT('',(-62.7486,-25.7,-1.8542));
#158 = VECTOR('',#159,1.);
#159 = DIRECTION('',(-1.,0.,0.));
#160 = ORIENTED_EDGE('',*,*,#161,.F.);
#161 = EDGE_CURVE('',#162,#154,#164,.T.);
#162 = VERTEX_POINT('',#163);
#163 = CARTESIAN_POINT('',(-62.7486,-25.7,5.706546346606E-15));
#164 = LINE('',#165,#166);
#165 = CARTESIAN_POINT('',(-62.7486,-25.7,3.552713678801E-15));
#166 = VECTOR('',#167,1.);
#167 = DIRECTION('',(0.,-2.22044604925E-16,-1.));
#168 = ORIENTED_EDGE('',*,*,#169,.T.);
#169 = EDGE_CURVE('',#162,#170,#172,.T.);
#170 = VERTEX_POINT('',#171);
#171 = CARTESIAN_POINT('',(-65.1486,-25.7,5.706546346606E-15));
#172 = LINE('',#173,#174);
#173 = CARTESIAN_POINT('',(-62.7486,-25.7,3.552713678801E-15));
#174 = VECTOR('',#175,1.);
#175 = DIRECTION('',(-1.,0.,0.));
#176 = ORIENTED_EDGE('',*,*,#177,.T.);
#177 = EDGE_CURVE('',#170,#178,#180,.T.);
#178 = VERTEX_POINT('',#179);
#179 = CARTESIAN_POINT('',(-65.1486,-25.7,1.9));
#180 = LINE('',#181,#182);
#181 = CARTESIAN_POINT('',(-65.1486,-25.7,3.552713678801E-15));
#182 = VECTOR('',#183,1.);
#183 = DIRECTION('',(0.,2.22044604925E-16,1.));
#184 = ORIENTED_EDGE('',*,*,#185,.T.);
#185 = EDGE_CURVE('',#178,#186,#188,.T.);
#186 = VERTEX_POINT('',#187);
#187 = CARTESIAN_POINT('',(65.1486,-25.7,1.9));
#188 = LINE('',#189,#190);
#189 = CARTESIAN_POINT('',(-65.1486,-25.7,1.9));
#190 = VECTOR('',#191,1.);
#191 = DIRECTION('',(1.,2.835646243134E-33,1.277061536393E-17));
#192 = ORIENTED_EDGE('',*,*,#193,.F.);
#193 = EDGE_CURVE('',#194,#186,#196,.T.);
#194 = VERTEX_POINT('',#195);
#195 = CARTESIAN_POINT('',(65.1486,-25.7,5.706546346573E-15));
#196 = LINE('',#197,#198);
#197 = CARTESIAN_POINT('',(65.1486,-25.7,3.552713678801E-15));
#198 = VECTOR('',#199,1.);
#199 = DIRECTION('',(0.,2.22044604925E-16,1.));
#200 = ORIENTED_EDGE('',*,*,#201,.F.);
#201 = EDGE_CURVE('',#202,#194,#204,.T.);
#202 = VERTEX_POINT('',#203);
#203 = CARTESIAN_POINT('',(62.7486,-25.7,5.706546346573E-15));
#204 = LINE('',#205,#206);
#205 = CARTESIAN_POINT('',(62.7486,-25.7,3.552713678801E-15));
#206 = VECTOR('',#207,1.);
#207 = DIRECTION('',(1.,0.,0.));
#208 = ORIENTED_EDGE('',*,*,#209,.F.);
#209 = EDGE_CURVE('',#210,#202,#212,.T.);
#210 = VERTEX_POINT('',#211);
#211 = CARTESIAN_POINT('',(62.7486,-25.7,-1.8542));
#212 = LINE('',#213,#214);
#213 = CARTESIAN_POINT('',(62.7486,-25.7,-1.8542));
#214 = VECTOR('',#215,1.);
#215 = DIRECTION('',(0.,2.22044604925E-16,1.));
#216 = ORIENTED_EDGE('',*,*,#217,.T.);
#217 = EDGE_CURVE('',#210,#218,#220,.T.);
#218 = VERTEX_POINT('',#219);
#219 = CARTESIAN_POINT('',(64.0786,-25.7,-1.8542));
#220 = LINE('',#221,#222);
#221 = CARTESIAN_POINT('',(62.7486,-25.7,-1.8542));
#222 = VECTOR('',#223,1.);
#223 = DIRECTION('',(1.,0.,0.));
#224 = ORIENTED_EDGE('',*,*,#225,.F.);
#225 = EDGE_CURVE('',#226,#218,#228,.T.);
#226 = VERTEX_POINT('',#227);
#227 = CARTESIAN_POINT('',(64.0786,-25.7,-4.4958));
#228 = LINE('',#229,#230);
#229 = CARTESIAN_POINT('',(64.0786,-25.7,-4.4958));
#230 = VECTOR('',#231,1.);
#231 = DIRECTION('',(0.,2.22044604925E-16,1.));
#232 = ORIENTED_EDGE('',*,*,#233,.F.);
#233 = EDGE_CURVE('',#234,#226,#236,.T.);
#234 = VERTEX_POINT('',#235);
#235 = CARTESIAN_POINT('',(62.7486,-25.7,-4.4958));
#236 = LINE('',#237,#238);
#237 = CARTESIAN_POINT('',(62.7486,-25.7,-4.4958));
#238 = VECTOR('',#239,1.);
#239 = DIRECTION('',(1.,0.,0.));
#240 = ORIENTED_EDGE('',*,*,#241,.F.);
#241 = EDGE_CURVE('',#242,#234,#244,.T.);
#242 = VERTEX_POINT('',#243);
#243 = CARTESIAN_POINT('',(62.7486,-25.7,-5.8928));
#244 = LINE('',#245,#246);
#245 = CARTESIAN_POINT('',(62.7486,-25.7,-5.8928));
#246 = VECTOR('',#247,1.);
#247 = DIRECTION('',(0.,2.22044604925E-16,1.));
#248 = ORIENTED_EDGE('',*,*,#249,.F.);
#249 = EDGE_CURVE('',#250,#242,#252,.T.);
#250 = VERTEX_POINT('',#251);
#251 = CARTESIAN_POINT('',(59.7514,-25.7,-5.8928));
#252 = LINE('',#253,#254);
#253 = CARTESIAN_POINT('',(59.7514,-25.7,-5.8928));
#254 = VECTOR('',#255,1.);
#255 = DIRECTION('',(1.,0.,0.));
#256 = ORIENTED_EDGE('',*,*,#257,.F.);
#257 = EDGE_CURVE('',#258,#250,#260,.T.);
#258 = VERTEX_POINT('',#259);
#259 = CARTESIAN_POINT('',(59.7514,-25.7,-4.4958));
#260 = LINE('',#261,#262);
#261 = CARTESIAN_POINT('',(59.7514,-25.7,-4.4958));
#262 = VECTOR('',#263,1.);
#263 = DIRECTION('',(0.,-2.22044604925E-16,-1.));
#264 = ORIENTED_EDGE('',*,*,#265,.F.);
#265 = EDGE_CURVE('',#266,#258,#268,.T.);
#266 = VERTEX_POINT('',#267);
#267 = CARTESIAN_POINT('',(58.4214,-25.7,-4.4958));
#268 = LINE('',#269,#270);
#269 = CARTESIAN_POINT('',(58.4214,-25.7,-4.4958));
#270 = VECTOR('',#271,1.);
#271 = DIRECTION('',(1.,0.,0.));
#272 = ORIENTED_EDGE('',*,*,#273,.F.);
#273 = EDGE_CURVE('',#274,#266,#276,.T.);
#274 = VERTEX_POINT('',#275);
#275 = CARTESIAN_POINT('',(58.4214,-25.7,-1.8542));
#276 = LINE('',#277,#278);
#277 = CARTESIAN_POINT('',(58.4214,-25.7,-1.8542));
#278 = VECTOR('',#279,1.);
#279 = DIRECTION('',(0.,-2.22044604925E-16,-1.));
#280 = ORIENTED_EDGE('',*,*,#281,.F.);
#281 = EDGE_CURVE('',#282,#274,#284,.T.);
#282 = VERTEX_POINT('',#283);
#283 = CARTESIAN_POINT('',(59.7514,-25.7,-1.8542));
#284 = LINE('',#285,#286);
#285 = CARTESIAN_POINT('',(59.7514,-25.7,-1.8542));
#286 = VECTOR('',#287,1.);
#287 = DIRECTION('',(-1.,0.,0.));
#288 = ORIENTED_EDGE('',*,*,#289,.F.);
#289 = EDGE_CURVE('',#290,#282,#292,.T.);
#290 = VERTEX_POINT('',#291);
#291 = CARTESIAN_POINT('',(59.7514,-25.7,5.706546346573E-15));
#292 = LINE('',#293,#294);
#293 = CARTESIAN_POINT('',(59.7514,-25.7,3.552713678801E-15));
#294 = VECTOR('',#295,1.);
#295 = DIRECTION('',(0.,-2.22044604925E-16,-1.));
#296 = ORIENTED_EDGE('',*,*,#297,.F.);
#297 = EDGE_CURVE('',#298,#290,#300,.T.);
#298 = VERTEX_POINT('',#299);
#299 = CARTESIAN_POINT('',(56.4214,-25.7,5.706546346573E-15));
#300 = LINE('',#301,#302);
#301 = CARTESIAN_POINT('',(56.4214,-25.7,3.552713678801E-15));
#302 = VECTOR('',#303,1.);
#303 = DIRECTION('',(1.,0.,0.));
#304 = ORIENTED_EDGE('',*,*,#305,.F.);
#305 = EDGE_CURVE('',#306,#298,#308,.T.);
#306 = VERTEX_POINT('',#307);
#307 = CARTESIAN_POINT('',(56.4214,-25.7,-8.));
#308 = LINE('',#309,#310);
#309 = CARTESIAN_POINT('',(56.4214,-25.7,-8.));
#310 = VECTOR('',#311,1.);
#311 = DIRECTION('',(0.,2.22044604925E-16,1.));
#312 = ORIENTED_EDGE('',*,*,#313,.F.);
#313 = EDGE_CURVE('',#314,#306,#316,.T.);
#314 = VERTEX_POINT('',#315);
#315 = CARTESIAN_POINT('',(70.572285296001,-25.7,-21.43106319697));
#316 = LINE('',#317,#318);
#317 = CARTESIAN_POINT('',(73.957448240596,-25.7,-24.6440309011));
#318 = VECTOR('',#319,1.);
#319 = DIRECTION('',(-0.725313599184,1.5285963832E-16,0.688418610178));
#320 = ORIENTED_EDGE('',*,*,#321,.T.);
#321 = EDGE_CURVE('',#314,#322,#324,.T.);
#322 = VERTEX_POINT('',#323);
#323 = CARTESIAN_POINT('',(72.162061988723,-25.7,-35.39531451978));
#324 = LINE('',#325,#326);
#325 = CARTESIAN_POINT('',(70.976702703919,-25.7,-24.98337739892));
#326 = VECTOR('',#327,1.);
#327 = DIRECTION('',(0.113115499275,-2.206194883578E-16,-0.993581845559)
  );
#328 = ORIENTED_EDGE('',*,*,#329,.F.);
#329 = EDGE_CURVE('',#330,#322,#332,.T.);
#330 = VERTEX_POINT('',#331);
#331 = CARTESIAN_POINT('',(-64.55387792639,-25.7,-50.95990224999));
#332 = LINE('',#333,#334);
#333 = CARTESIAN_POINT('',(-67.53462346306,-25.7,-51.29924874781));
#334 = VECTOR('',#335,1.);
#335 = DIRECTION('',(0.993581845559,2.51166863474E-17,0.113115499275));
#336 = ORIENTED_EDGE('',*,*,#337,.T.);
#337 = EDGE_CURVE('',#330,#58,#338,.T.);
#338 = LINE('',#339,#340);
#339 = CARTESIAN_POINT('',(-64.21453142856,-25.7,-53.94064778666));
#340 = VECTOR('',#341,1.);
#341 = DIRECTION('',(-0.113115499275,2.206194883578E-16,0.993581845559)
  );
#342 = PLANE('',#343);
#343 = AXIS2_PLACEMENT_3D('',#344,#345,#346);
#344 = CARTESIAN_POINT('',(-0.788855472504,-25.7,-23.53174146704));
#345 = DIRECTION('',(0.,1.,0.));
#346 = DIRECTION('',(0.,0.,1.));
#347 = ADVANCED_FACE('',(#348),#391,.T.);
#348 = FACE_BOUND('',#349,.T.);
#349 = EDGE_LOOP('',(#350,#360,#369,#377,#383,#384));
#350 = ORIENTED_EDGE('',*,*,#351,.F.);
#351 = EDGE_CURVE('',#352,#354,#356,.T.);
#352 = VERTEX_POINT('',#353);
#353 = CARTESIAN_POINT('',(-69.68381794928,22.7,-32.4211936822));
#354 = VERTEX_POINT('',#355);
#355 = CARTESIAN_POINT('',(-69.68381794928,-22.7,-32.4211936822));
#356 = LINE('',#357,#358);
#357 = CARTESIAN_POINT('',(-69.68381794928,25.7,-32.4211936822));
#358 = VECTOR('',#359,1.);
#359 = DIRECTION('',(0.,-1.,2.22044604925E-16));
#360 = ORIENTED_EDGE('',*,*,#361,.F.);
#361 = EDGE_CURVE('',#362,#352,#364,.T.);
#362 = VERTEX_POINT('',#363);
#363 = CARTESIAN_POINT('',(-67.18770943707,25.7,-27.82490138756));
#364 = ELLIPSE('',#365,5.230340386863,3.);
#365 = AXIS2_PLACEMENT_3D('',#366,#367,#368);
#366 = CARTESIAN_POINT('',(-67.18770943707,22.7,-27.82490138756));
#367 = DIRECTION('',(-0.878774984928,1.059677549546E-16,0.477236341727)
  );
#368 = DIRECTION('',(0.477236341727,1.951272443463E-16,0.878774984928));
#369 = ORIENTED_EDGE('',*,*,#370,.F.);
#370 = EDGE_CURVE('',#371,#362,#373,.T.);
#371 = VERTEX_POINT('',#372);
#372 = CARTESIAN_POINT('',(-56.4214,25.7,-8.));
#373 = LINE('',#374,#375);
#374 = CARTESIAN_POINT('',(-56.4214,25.7,-8.));
#375 = VECTOR('',#376,1.);
#376 = DIRECTION('',(-0.477236341727,-1.951272443463E-16,-0.878774984928
    ));
#377 = ORIENTED_EDGE('',*,*,#378,.T.);
#378 = EDGE_CURVE('',#371,#56,#379,.T.);
#379 = LINE('',#380,#381);
#380 = CARTESIAN_POINT('',(-56.4214,25.7,-8.));
#381 = VECTOR('',#382,1.);
#382 = DIRECTION('',(0.,-1.,2.22044604925E-16));
#383 = ORIENTED_EDGE('',*,*,#55,.T.);
#384 = ORIENTED_EDGE('',*,*,#385,.T.);
#385 = EDGE_CURVE('',#58,#354,#386,.T.);
#386 = ELLIPSE('',#387,5.230340386863,3.);
#387 = AXIS2_PLACEMENT_3D('',#388,#389,#390);
#388 = CARTESIAN_POINT('',(-67.18770943707,-22.7,-27.82490138756));
#389 = DIRECTION('',(0.878774984928,-1.059677549546E-16,-0.477236341727)
  );
#390 = DIRECTION('',(0.477236341727,1.951272443463E-16,0.878774984928));
#391 = PLANE('',#392);
#392 = AXIS2_PLACEMENT_3D('',#393,#394,#395);
#393 = CARTESIAN_POINT('',(-56.4214,25.7,-8.));
#394 = DIRECTION('',(0.878774984928,-1.059677549546E-16,-0.477236341727)
  );
#395 = DIRECTION('',(-0.477236341727,-1.951272443463E-16,-0.878774984928
    ));
#396 = ADVANCED_FACE('',(#397),#416,.F.);
#397 = FACE_BOUND('',#398,.T.);
#398 = EDGE_LOOP('',(#399,#408,#414,#415));
#399 = ORIENTED_EDGE('',*,*,#400,.T.);
#400 = EDGE_CURVE('',#330,#401,#403,.T.);
#401 = VERTEX_POINT('',#402);
#402 = CARTESIAN_POINT('',(-67.53462346306,-22.7,-51.29924874781));
#403 = CIRCLE('',#404,3.);
#404 = AXIS2_PLACEMENT_3D('',#405,#406,#407);
#405 = CARTESIAN_POINT('',(-64.55387792639,-22.7,-50.95990224999));
#406 = DIRECTION('',(0.113115499275,0.,-0.993581845559));
#407 = DIRECTION('',(-0.993581845559,0.,-0.113115499275));
#408 = ORIENTED_EDGE('',*,*,#409,.T.);
#409 = EDGE_CURVE('',#401,#354,#410,.T.);
#410 = LINE('',#411,#412);
#411 = CARTESIAN_POINT('',(-67.19527696524,-22.7,-54.27999428449));
#412 = VECTOR('',#413,1.);
#413 = DIRECTION('',(-0.113115499275,2.206194883578E-16,0.993581845559)
  );
#414 = ORIENTED_EDGE('',*,*,#385,.F.);
#415 = ORIENTED_EDGE('',*,*,#337,.F.);
#416 = CYLINDRICAL_SURFACE('',#417,3.);
#417 = AXIS2_PLACEMENT_3D('',#418,#419,#420);
#418 = CARTESIAN_POINT('',(-64.21453142856,-22.7,-53.94064778666));
#419 = DIRECTION('',(-0.113115499275,2.206194883578E-16,0.993581845559)
  );
#420 = DIRECTION('',(-2.495548357537E-17,-1.,2.192035184087E-16));
#421 = ADVANCED_FACE('',(#422),#440,.T.);
#422 = FACE_BOUND('',#423,.T.);
#423 = EDGE_LOOP('',(#424,#432,#433,#434));
#424 = ORIENTED_EDGE('',*,*,#425,.T.);
#425 = EDGE_CURVE('',#426,#66,#428,.T.);
#426 = VERTEX_POINT('',#427);
#427 = CARTESIAN_POINT('',(-56.4214,25.7,-5.706546346546E-15));
#428 = LINE('',#429,#430);
#429 = CARTESIAN_POINT('',(-56.4214,25.7,-5.706546346546E-15));
#430 = VECTOR('',#431,1.);
#431 = DIRECTION('',(0.,-1.,2.22044604925E-16));
#432 = ORIENTED_EDGE('',*,*,#65,.T.);
#433 = ORIENTED_EDGE('',*,*,#378,.F.);
#434 = ORIENTED_EDGE('',*,*,#435,.F.);
#435 = EDGE_CURVE('',#426,#371,#436,.T.);
#436 = LINE('',#437,#438);
#437 = CARTESIAN_POINT('',(-56.4214,25.7,-3.552713678801E-15));
#438 = VECTOR('',#439,1.);
#439 = DIRECTION('',(0.,-2.22044604925E-16,-1.));
#440 = PLANE('',#441);
#441 = AXIS2_PLACEMENT_3D('',#442,#443,#444);
#442 = CARTESIAN_POINT('',(-56.4214,25.7,-5.706546346546E-15));
#443 = DIRECTION('',(1.,0.,0.));
#444 = DIRECTION('',(0.,-2.22044604925E-16,-1.));
#445 = ADVANCED_FACE('',(#446),#473,.F.);
#446 = FACE_BOUND('',#447,.F.);
#447 = EDGE_LOOP('',(#448,#457,#465,#472));
#448 = ORIENTED_EDGE('',*,*,#449,.T.);
#449 = EDGE_CURVE('',#330,#450,#452,.T.);
#450 = VERTEX_POINT('',#451);
#451 = CARTESIAN_POINT('',(-64.21453142856,-22.7,-53.94064778666));
#452 = CIRCLE('',#453,3.);
#453 = AXIS2_PLACEMENT_3D('',#454,#455,#456);
#454 = CARTESIAN_POINT('',(-64.55387792639,-22.7,-50.95990224999));
#455 = DIRECTION('',(0.993581845559,-0.,0.113115499275));
#456 = DIRECTION('',(0.113115499275,0.,-0.993581845559));
#457 = ORIENTED_EDGE('',*,*,#458,.T.);
#458 = EDGE_CURVE('',#450,#459,#461,.T.);
#459 = VERTEX_POINT('',#460);
#460 = CARTESIAN_POINT('',(72.501408486547,-22.7,-38.37606005646));
#461 = LINE('',#462,#463);
#462 = CARTESIAN_POINT('',(-67.19527696524,-22.7,-54.27999428449));
#463 = VECTOR('',#464,1.);
#464 = DIRECTION('',(0.993581845559,2.51166863474E-17,0.113115499275));
#465 = ORIENTED_EDGE('',*,*,#466,.T.);
#466 = EDGE_CURVE('',#459,#322,#467,.T.);
#467 = CIRCLE('',#468,3.);
#468 = AXIS2_PLACEMENT_3D('',#469,#470,#471);
#469 = CARTESIAN_POINT('',(72.162061988723,-22.7,-35.39531451978));
#470 = DIRECTION('',(-0.993581845559,-2.51166863474E-17,-0.113115499275)
  );
#471 = DIRECTION('',(0.113115499275,2.206194883578E-16,-0.993581845559)
  );
#472 = ORIENTED_EDGE('',*,*,#329,.F.);
#473 = CYLINDRICAL_SURFACE('',#474,3.);
#474 = AXIS2_PLACEMENT_3D('',#475,#476,#477);
#475 = CARTESIAN_POINT('',(-67.53462346306,-22.7,-51.29924874781));
#476 = DIRECTION('',(0.993581845559,2.51166863474E-17,0.113115499275));
#477 = DIRECTION('',(2.495548357537E-17,-1.,2.841086516317E-18));
#478 = ADVANCED_FACE('',(#479),#497,.T.);
#479 = FACE_BOUND('',#480,.T.);
#480 = EDGE_LOOP('',(#481,#489,#490,#491));
#481 = ORIENTED_EDGE('',*,*,#482,.T.);
#482 = EDGE_CURVE('',#483,#74,#485,.T.);
#483 = VERTEX_POINT('',#484);
#484 = CARTESIAN_POINT('',(-59.7514,25.7,-5.706546346555E-15));
#485 = LINE('',#486,#487);
#486 = CARTESIAN_POINT('',(-59.7514,25.7,-5.706546346546E-15));
#487 = VECTOR('',#488,1.);
#488 = DIRECTION('',(0.,-1.,2.22044604925E-16));
#489 = ORIENTED_EDGE('',*,*,#73,.T.);
#490 = ORIENTED_EDGE('',*,*,#425,.F.);
#491 = ORIENTED_EDGE('',*,*,#492,.F.);
#492 = EDGE_CURVE('',#483,#426,#493,.T.);
#493 = LINE('',#494,#495);
#494 = CARTESIAN_POINT('',(-59.7514,25.7,-3.552713678801E-15));
#495 = VECTOR('',#496,1.);
#496 = DIRECTION('',(1.,0.,0.));
#497 = PLANE('',#498);
#498 = AXIS2_PLACEMENT_3D('',#499,#500,#501);
#499 = CARTESIAN_POINT('',(-59.7514,25.7,-5.706546346546E-15));
#500 = DIRECTION('',(0.,2.22044604925E-16,1.));
#501 = DIRECTION('',(1.,0.,0.));
#502 = ADVANCED_FACE('',(#503),#530,.F.);
#503 = FACE_BOUND('',#504,.T.);
#504 = EDGE_LOOP('',(#505,#514,#522,#529));
#505 = ORIENTED_EDGE('',*,*,#506,.T.);
#506 = EDGE_CURVE('',#314,#507,#509,.T.);
#507 = VERTEX_POINT('',#508);
#508 = CARTESIAN_POINT('',(73.957448240596,-22.7,-24.6440309011));
#509 = ELLIPSE('',#510,4.66717148059,3.);
#510 = AXIS2_PLACEMENT_3D('',#511,#512,#513);
#511 = CARTESIAN_POINT('',(70.572285296001,-22.7,-21.43106319697));
#512 = DIRECTION('',(0.688418610178,1.610519715775E-16,0.725313599184));
#513 = DIRECTION('',(0.725313599184,-1.5285963832E-16,-0.688418610178));
#514 = ORIENTED_EDGE('',*,*,#515,.T.);
#515 = EDGE_CURVE('',#507,#516,#518,.T.);
#516 = VERTEX_POINT('',#517);
#517 = CARTESIAN_POINT('',(75.142807525399,-22.7,-35.05596802196));
#518 = LINE('',#519,#520);
#519 = CARTESIAN_POINT('',(73.957448240596,-22.7,-24.6440309011));
#520 = VECTOR('',#521,1.);
#521 = DIRECTION('',(0.113115499275,-2.206194883578E-16,-0.993581845559)
  );
#522 = ORIENTED_EDGE('',*,*,#523,.T.);
#523 = EDGE_CURVE('',#516,#322,#524,.T.);
#524 = CIRCLE('',#525,3.);
#525 = AXIS2_PLACEMENT_3D('',#526,#527,#528);
#526 = CARTESIAN_POINT('',(72.162061988723,-22.7,-35.39531451978));
#527 = DIRECTION('',(0.113115499275,7.259410381652E-16,-0.993581845559)
  );
#528 = DIRECTION('',(1.070706665516E-16,-1.,-7.184407499506E-16));
#529 = ORIENTED_EDGE('',*,*,#321,.F.);
#530 = CYLINDRICAL_SURFACE('',#531,3.);
#531 = AXIS2_PLACEMENT_3D('',#532,#533,#534);
#532 = CARTESIAN_POINT('',(70.976702703919,-22.7,-24.98337739892));
#533 = DIRECTION('',(0.113115499275,-2.206194883578E-16,-0.993581845559)
  );
#534 = DIRECTION('',(-2.495548357536E-17,-1.,2.192035184087E-16));
#535 = ADVANCED_FACE('',(#536),#562,.T.);
#536 = FACE_BOUND('',#537,.T.);
#537 = EDGE_LOOP('',(#538,#539,#547,#555,#561));
#538 = ORIENTED_EDGE('',*,*,#482,.F.);
#539 = ORIENTED_EDGE('',*,*,#540,.T.);
#540 = EDGE_CURVE('',#483,#541,#543,.T.);
#541 = VERTEX_POINT('',#542);
#542 = CARTESIAN_POINT('',(-59.7514,30.266560592985,-6.720526489309E-15)
  );
#543 = LINE('',#544,#545);
#544 = CARTESIAN_POINT('',(-59.7514,25.7,-5.706546346573E-15));
#545 = VECTOR('',#546,1.);
#546 = DIRECTION('',(0.,1.,-2.22044604925E-16));
#547 = ORIENTED_EDGE('',*,*,#548,.F.);
#548 = EDGE_CURVE('',#549,#541,#551,.T.);
#549 = VERTEX_POINT('',#550);
#550 = CARTESIAN_POINT('',(-59.7514,30.351983751881,-1.8542));
#551 = LINE('',#552,#553);
#552 = CARTESIAN_POINT('',(-59.7514,29.836130301945,9.34294465301));
#553 = VECTOR('',#554,1.);
#554 = DIRECTION('',(0.,-4.602127581844E-02,0.998940459773));
#555 = ORIENTED_EDGE('',*,*,#556,.F.);
#556 = EDGE_CURVE('',#82,#549,#557,.T.);
#557 = LINE('',#558,#559);
#558 = CARTESIAN_POINT('',(-59.7514,25.7,-1.8542));
#559 = VECTOR('',#560,1.);
#560 = DIRECTION('',(0.,1.,-2.22044604925E-16));
#561 = ORIENTED_EDGE('',*,*,#81,.F.);
#562 = PLANE('',#563);
#563 = AXIS2_PLACEMENT_3D('',#564,#565,#566);
#564 = CARTESIAN_POINT('',(-59.7514,2.305127757034,-0.927784321747));
#565 = DIRECTION('',(-1.,0.,0.));
#566 = DIRECTION('',(0.,1.,2.22044604925E-16));
#567 = ADVANCED_FACE('',(#568),#603,.T.);
#568 = FACE_BOUND('',#569,.T.);
#569 = EDGE_LOOP('',(#570,#578,#579,#580,#588,#596));
#570 = ORIENTED_EDGE('',*,*,#571,.T.);
#571 = EDGE_CURVE('',#572,#507,#574,.T.);
#572 = VERTEX_POINT('',#573);
#573 = CARTESIAN_POINT('',(73.957448240596,22.7,-24.6440309011));
#574 = LINE('',#575,#576);
#575 = CARTESIAN_POINT('',(73.957448240596,25.7,-24.6440309011));
#576 = VECTOR('',#577,1.);
#577 = DIRECTION('',(0.,-1.,2.22044604925E-16));
#578 = ORIENTED_EDGE('',*,*,#506,.F.);
#579 = ORIENTED_EDGE('',*,*,#313,.T.);
#580 = ORIENTED_EDGE('',*,*,#581,.F.);
#581 = EDGE_CURVE('',#582,#306,#584,.T.);
#582 = VERTEX_POINT('',#583);
#583 = CARTESIAN_POINT('',(56.4214,25.7,-8.));
#584 = LINE('',#585,#586);
#585 = CARTESIAN_POINT('',(56.4214,25.7,-8.));
#586 = VECTOR('',#587,1.);
#587 = DIRECTION('',(0.,-1.,2.22044604925E-16));
#588 = ORIENTED_EDGE('',*,*,#589,.F.);
#589 = EDGE_CURVE('',#590,#582,#592,.T.);
#590 = VERTEX_POINT('',#591);
#591 = CARTESIAN_POINT('',(70.572285296001,25.7,-21.43106319697));
#592 = LINE('',#593,#594);
#593 = CARTESIAN_POINT('',(73.957448240596,25.7,-24.6440309011));
#594 = VECTOR('',#595,1.);
#595 = DIRECTION('',(-0.725313599184,1.5285963832E-16,0.688418610178));
#596 = ORIENTED_EDGE('',*,*,#597,.T.);
#597 = EDGE_CURVE('',#590,#572,#598,.T.);
#598 = ELLIPSE('',#599,4.66717148059,3.);
#599 = AXIS2_PLACEMENT_3D('',#600,#601,#602);
#600 = CARTESIAN_POINT('',(70.572285296001,22.7,-21.43106319697));
#601 = DIRECTION('',(-0.688418610178,-1.610519715775E-16,-0.725313599184
    ));
#602 = DIRECTION('',(0.725313599184,-1.5285963832E-16,-0.688418610178));
#603 = PLANE('',#604);
#604 = AXIS2_PLACEMENT_3D('',#605,#606,#607);
#605 = CARTESIAN_POINT('',(73.957448240596,25.7,-24.6440309011));
#606 = DIRECTION('',(-0.688418610178,-1.610519715775E-16,-0.725313599184
    ));
#607 = DIRECTION('',(-0.725313599184,1.5285963832E-16,0.688418610178));
#608 = ADVANCED_FACE('',(#609),#643,.T.);
#609 = FACE_BOUND('',#610,.T.);
#610 = EDGE_LOOP('',(#611,#619,#620,#621,#629,#637));
#611 = ORIENTED_EDGE('',*,*,#612,.F.);
#612 = EDGE_CURVE('',#90,#613,#615,.T.);
#613 = VERTEX_POINT('',#614);
#614 = CARTESIAN_POINT('',(-58.4214,29.758323075394,-1.8542));
#615 = LINE('',#616,#617);
#616 = CARTESIAN_POINT('',(-58.4214,25.7,-1.8542));
#617 = VECTOR('',#618,1.);
#618 = DIRECTION('',(0.,1.,-2.22044604925E-16));
#619 = ORIENTED_EDGE('',*,*,#89,.F.);
#620 = ORIENTED_EDGE('',*,*,#556,.T.);
#621 = ORIENTED_EDGE('',*,*,#622,.F.);
#622 = EDGE_CURVE('',#623,#549,#625,.T.);
#623 = VERTEX_POINT('',#624);
#624 = CARTESIAN_POINT('',(-58.4214,30.35895947382,-1.8542));
#625 = LINE('',#626,#627);
#626 = CARTESIAN_POINT('',(5.638506336528,30.694947514426,-1.8542));
#627 = VECTOR('',#628,1.);
#628 = DIRECTION('',(-0.999986245776,-5.244831573541E-03,
    1.164586554645E-18));
#629 = ORIENTED_EDGE('',*,*,#630,.T.);
#630 = EDGE_CURVE('',#623,#631,#633,.T.);
#631 = VERTEX_POINT('',#632);
#632 = CARTESIAN_POINT('',(-57.82140823505,30.362106372855,-1.8542));
#633 = LINE('',#634,#635);
#634 = CARTESIAN_POINT('',(5.909726459081,30.696370037854,-1.8542));
#635 = VECTOR('',#636,1.);
#636 = DIRECTION('',(0.999986245776,5.244831573541E-03,
    -7.391617377581E-19));
#637 = ORIENTED_EDGE('',*,*,#638,.T.);
#638 = EDGE_CURVE('',#631,#613,#639,.T.);
#639 = LINE('',#640,#641);
#640 = CARTESIAN_POINT('',(-65.26352210126,22.872963499962,-1.8542));
#641 = VECTOR('',#642,1.);
#642 = DIRECTION('',(-0.704876109268,-0.709330438219,9.996696976955E-17)
  );
#643 = PLANE('',#644);
#644 = AXIS2_PLACEMENT_3D('',#645,#646,#647);
#645 = CARTESIAN_POINT('',(-59.08635958163,2.327740379767,-1.8542));
#646 = DIRECTION('',(0.,-1.409314536404E-16,-1.));
#647 = DIRECTION('',(0.,1.,-1.409314536404E-16));
#648 = ADVANCED_FACE('',(#649),#667,.T.);
#649 = FACE_BOUND('',#650,.T.);
#650 = EDGE_LOOP('',(#651,#652,#653,#661));
#651 = ORIENTED_EDGE('',*,*,#581,.T.);
#652 = ORIENTED_EDGE('',*,*,#305,.T.);
#653 = ORIENTED_EDGE('',*,*,#654,.F.);
#654 = EDGE_CURVE('',#655,#298,#657,.T.);
#655 = VERTEX_POINT('',#656);
#656 = CARTESIAN_POINT('',(56.4214,25.7,-5.706546346573E-15));
#657 = LINE('',#658,#659);
#658 = CARTESIAN_POINT('',(56.4214,25.7,-5.706546346573E-15));
#659 = VECTOR('',#660,1.);
#660 = DIRECTION('',(0.,-1.,2.22044604925E-16));
#661 = ORIENTED_EDGE('',*,*,#662,.F.);
#662 = EDGE_CURVE('',#582,#655,#663,.T.);
#663 = LINE('',#664,#665);
#664 = CARTESIAN_POINT('',(56.4214,25.7,-8.));
#665 = VECTOR('',#666,1.);
#666 = DIRECTION('',(0.,2.22044604925E-16,1.));
#667 = PLANE('',#668);
#668 = AXIS2_PLACEMENT_3D('',#669,#670,#671);
#669 = CARTESIAN_POINT('',(56.4214,25.7,-8.));
#670 = DIRECTION('',(-1.,0.,0.));
#671 = DIRECTION('',(0.,2.22044604925E-16,1.));
#672 = ADVANCED_FACE('',(#673),#691,.T.);
#673 = FACE_BOUND('',#674,.T.);
#674 = EDGE_LOOP('',(#675,#676,#684,#690));
#675 = ORIENTED_EDGE('',*,*,#612,.T.);
#676 = ORIENTED_EDGE('',*,*,#677,.F.);
#677 = EDGE_CURVE('',#678,#613,#680,.T.);
#678 = VERTEX_POINT('',#679);
#679 = CARTESIAN_POINT('',(-58.4214,29.880021822314,-4.4958));
#680 = LINE('',#681,#682);
#681 = CARTESIAN_POINT('',(-58.4214,29.881293944876,-4.523412765491));
#682 = VECTOR('',#683,1.);
#683 = DIRECTION('',(0.,-4.602127581844E-02,0.998940459773));
#684 = ORIENTED_EDGE('',*,*,#685,.F.);
#685 = EDGE_CURVE('',#98,#678,#686,.T.);
#686 = LINE('',#687,#688);
#687 = CARTESIAN_POINT('',(-58.4214,25.7,-4.4958));
#688 = VECTOR('',#689,1.);
#689 = DIRECTION('',(0.,1.,-2.22044604925E-16));
#690 = ORIENTED_EDGE('',*,*,#97,.F.);
#691 = PLANE('',#692);
#692 = AXIS2_PLACEMENT_3D('',#693,#694,#695);
#693 = CARTESIAN_POINT('',(-58.4214,2.360604886174,-3.176367699277));
#694 = DIRECTION('',(-1.,0.,0.));
#695 = DIRECTION('',(0.,1.,2.22044604925E-16));
#696 = ADVANCED_FACE('',(#697),#715,.T.);
#697 = FACE_BOUND('',#698,.T.);
#698 = EDGE_LOOP('',(#699,#700,#701,#709));
#699 = ORIENTED_EDGE('',*,*,#654,.T.);
#700 = ORIENTED_EDGE('',*,*,#297,.T.);
#701 = ORIENTED_EDGE('',*,*,#702,.F.);
#702 = EDGE_CURVE('',#703,#290,#705,.T.);
#703 = VERTEX_POINT('',#704);
#704 = CARTESIAN_POINT('',(59.7514,25.7,-5.706546346573E-15));
#705 = LINE('',#706,#707);
#706 = CARTESIAN_POINT('',(59.7514,25.7,-5.706546346573E-15));
#707 = VECTOR('',#708,1.);
#708 = DIRECTION('',(0.,-1.,2.22044604925E-16));
#709 = ORIENTED_EDGE('',*,*,#710,.F.);
#710 = EDGE_CURVE('',#655,#703,#711,.T.);
#711 = LINE('',#712,#713);
#712 = CARTESIAN_POINT('',(56.4214,25.7,-3.552713678801E-15));
#713 = VECTOR('',#714,1.);
#714 = DIRECTION('',(1.,0.,0.));
#715 = PLANE('',#716);
#716 = AXIS2_PLACEMENT_3D('',#717,#718,#719);
#717 = CARTESIAN_POINT('',(56.4214,25.7,-5.706546346573E-15));
#718 = DIRECTION('',(0.,2.22044604925E-16,1.));
#719 = DIRECTION('',(1.,0.,0.));
#720 = ADVANCED_FACE('',(#721),#755,.T.);
#721 = FACE_BOUND('',#722,.T.);
#722 = EDGE_LOOP('',(#723,#724,#732,#740,#748,#754));
#723 = ORIENTED_EDGE('',*,*,#685,.T.);
#724 = ORIENTED_EDGE('',*,*,#725,.F.);
#725 = EDGE_CURVE('',#726,#678,#728,.T.);
#726 = VERTEX_POINT('',#727);
#727 = CARTESIAN_POINT('',(-57.82140823505,30.483805119775,-4.4958));
#728 = LINE('',#729,#730);
#729 = CARTESIAN_POINT('',(-65.30915824712,22.948737712181,-4.4958));
#730 = VECTOR('',#731,1.);
#731 = DIRECTION('',(-0.704876109268,-0.709330438219,1.525535952981E-16)
  );
#732 = ORIENTED_EDGE('',*,*,#733,.F.);
#733 = EDGE_CURVE('',#734,#726,#736,.T.);
#734 = VERTEX_POINT('',#735);
#735 = CARTESIAN_POINT('',(-58.4214,30.480658220739,-4.4958));
#736 = LINE('',#737,#738);
#737 = CARTESIAN_POINT('',(5.909247705827,30.818066273759,-4.4958));
#738 = VECTOR('',#739,1.);
#739 = DIRECTION('',(0.999986245776,5.244831573541E-03,
    -1.127990383841E-18));
#740 = ORIENTED_EDGE('',*,*,#741,.F.);
#741 = EDGE_CURVE('',#742,#734,#744,.T.);
#742 = VERTEX_POINT('',#743);
#743 = CARTESIAN_POINT('',(-59.7514,30.473682498801,-4.4958));
#744 = LINE('',#745,#746);
#745 = CARTESIAN_POINT('',(6.302849762885,30.82013067865,-4.4958));
#746 = VECTOR('',#747,1.);
#747 = DIRECTION('',(0.999986245776,5.244831573541E-03,
    -1.164586554645E-18));
#748 = ORIENTED_EDGE('',*,*,#749,.T.);
#749 = EDGE_CURVE('',#742,#106,#750,.T.);
#750 = LINE('',#751,#752);
#751 = CARTESIAN_POINT('',(-59.7514,25.7,-4.4958));
#752 = VECTOR('',#753,1.);
#753 = DIRECTION('',(0.,-1.,2.22044604925E-16));
#754 = ORIENTED_EDGE('',*,*,#105,.T.);
#755 = PLANE('',#756);
#756 = AXIS2_PLACEMENT_3D('',#757,#758,#759);
#757 = CARTESIAN_POINT('',(-59.08635966716,2.388589753227,-4.4958));
#758 = DIRECTION('',(0.,2.15067036572E-16,1.));
#759 = DIRECTION('',(0.,-1.,2.15067036572E-16));
#760 = ADVANCED_FACE('',(#761),#788,.T.);
#761 = FACE_BOUND('',#762,.T.);
#762 = EDGE_LOOP('',(#763,#764,#765,#773,#782));
#763 = ORIENTED_EDGE('',*,*,#702,.T.);
#764 = ORIENTED_EDGE('',*,*,#289,.T.);
#765 = ORIENTED_EDGE('',*,*,#766,.T.);
#766 = EDGE_CURVE('',#282,#767,#769,.T.);
#767 = VERTEX_POINT('',#768);
#768 = CARTESIAN_POINT('',(59.7514,30.861649254804,-1.8542));
#769 = LINE('',#770,#771);
#770 = CARTESIAN_POINT('',(59.7514,25.7,-1.8542));
#771 = VECTOR('',#772,1.);
#772 = DIRECTION('',(0.,1.,-2.22044604925E-16));
#773 = ORIENTED_EDGE('',*,*,#774,.T.);
#774 = EDGE_CURVE('',#767,#775,#777,.T.);
#775 = VERTEX_POINT('',#776);
#776 = CARTESIAN_POINT('',(59.7514,30.829195385952,-6.84545650963E-15));
#777 = ELLIPSE('',#778,216.12396700044,214.73685000176);
#778 = AXIS2_PLACEMENT_3D('',#779,#780,#781);
#779 = CARTESIAN_POINT('',(59.7514,-183.8561406255,-4.733704974711));
#780 = DIRECTION('',(1.,0.,-0.));
#781 = DIRECTION('',(0.,0.,1.));
#782 = ORIENTED_EDGE('',*,*,#783,.F.);
#783 = EDGE_CURVE('',#703,#775,#784,.T.);
#784 = LINE('',#785,#786);
#785 = CARTESIAN_POINT('',(59.7514,25.7,-5.706546346573E-15));
#786 = VECTOR('',#787,1.);
#787 = DIRECTION('',(0.,1.,-2.22044604925E-16));
#788 = PLANE('',#789);
#789 = AXIS2_PLACEMENT_3D('',#790,#791,#792);
#790 = CARTESIAN_POINT('',(59.7514,2.57280196017,-0.927357278193));
#791 = DIRECTION('',(1.,0.,0.));
#792 = DIRECTION('',(0.,-1.,-2.22044604925E-16));
#793 = ADVANCED_FACE('',(#794),#812,.T.);
#794 = FACE_BOUND('',#795,.T.);
#795 = EDGE_LOOP('',(#796,#797,#805,#811));
#796 = ORIENTED_EDGE('',*,*,#749,.F.);
#797 = ORIENTED_EDGE('',*,*,#798,.F.);
#798 = EDGE_CURVE('',#799,#742,#801,.T.);
#799 = VERTEX_POINT('',#800);
#800 = CARTESIAN_POINT('',(-59.7514,30.538042413038,-5.8928));
#801 = LINE('',#802,#803);
#802 = CARTESIAN_POINT('',(-59.7514,29.939471917122,7.099805610411));
#803 = VECTOR('',#804,1.);
#804 = DIRECTION('',(0.,-4.602127581844E-02,0.998940459773));
#805 = ORIENTED_EDGE('',*,*,#806,.F.);
#806 = EDGE_CURVE('',#114,#799,#807,.T.);
#807 = LINE('',#808,#809);
#808 = CARTESIAN_POINT('',(-59.7514,25.7,-5.8928));
#809 = VECTOR('',#810,1.);
#810 = DIRECTION('',(0.,1.,-2.22044604925E-16));
#811 = ORIENTED_EDGE('',*,*,#113,.F.);
#812 = PLANE('',#813);
#813 = AXIS2_PLACEMENT_3D('',#814,#815,#816);
#814 = CARTESIAN_POINT('',(-59.7514,2.403301664877,-5.194690213437));
#815 = DIRECTION('',(-1.,0.,0.));
#816 = DIRECTION('',(0.,1.,2.22044604925E-16));
#817 = ADVANCED_FACE('',(#818),#856,.T.);
#818 = FACE_BOUND('',#819,.T.);
#819 = EDGE_LOOP('',(#820,#828,#838,#847,#854,#855));
#820 = ORIENTED_EDGE('',*,*,#821,.F.);
#821 = EDGE_CURVE('',#822,#274,#824,.T.);
#822 = VERTEX_POINT('',#823);
#823 = CARTESIAN_POINT('',(58.4214,30.259533798361,-1.8542));
#824 = LINE('',#825,#826);
#825 = CARTESIAN_POINT('',(58.4214,25.7,-1.8542));
#826 = VECTOR('',#827,1.);
#827 = DIRECTION('',(0.,-1.,2.22044604925E-16));
#828 = ORIENTED_EDGE('',*,*,#829,.F.);
#829 = EDGE_CURVE('',#830,#822,#832,.T.);
#830 = VERTEX_POINT('',#831);
#831 = CARTESIAN_POINT('',(57.821400774068,30.858629323281,-1.8542));
#832 = B_SPLINE_CURVE_WITH_KNOTS('',4,(#833,#834,#835,#836,#837),
  .UNSPECIFIED.,.F.,.F.,(5,5),(0.,1.),.PIECEWISE_BEZIER_KNOTS.);
#833 = CARTESIAN_POINT('',(57.821400774068,30.858629323281,-1.8542));
#834 = CARTESIAN_POINT('',(57.971400575161,30.7088550579,-1.8542));
#835 = CARTESIAN_POINT('',(58.121400379839,30.559081195302,-1.8542));
#836 = CARTESIAN_POINT('',(58.271400188114,30.409307737202,-1.8542));
#837 = CARTESIAN_POINT('',(58.4214,30.259534685338,-1.8542));
#838 = ORIENTED_EDGE('',*,*,#839,.F.);
#839 = EDGE_CURVE('',#840,#830,#842,.T.);
#840 = VERTEX_POINT('',#841);
#841 = CARTESIAN_POINT('',(58.4214,30.859591942611,-1.8542));
#842 = ELLIPSE('',#843,1.898385732974E+03,214.73685000176);
#843 = AXIS2_PLACEMENT_3D('',#844,#845,#846);
#844 = CARTESIAN_POINT('',(85.044342924779,-183.8561406255,-1.8542));
#845 = DIRECTION('',(-1.483101188778E-15,1.732141539523E-16,1.));
#846 = DIRECTION('',(1.,-1.971977003543E-17,1.483101188778E-15));
#847 = ORIENTED_EDGE('',*,*,#848,.T.);
#848 = EDGE_CURVE('',#840,#767,#849,.T.);
#849 = ELLIPSE('',#850,1.898385732975E+03,214.73685000176);
#850 = AXIS2_PLACEMENT_3D('',#851,#852,#853);
#851 = CARTESIAN_POINT('',(85.044342924782,-183.8561406255,-1.8542));
#852 = DIRECTION('',(1.569337809245E-14,-2.22044604925E-16,-1.));
#853 = DIRECTION('',(1.,-2.527893042699E-17,1.569337809245E-14));
#854 = ORIENTED_EDGE('',*,*,#766,.F.);
#855 = ORIENTED_EDGE('',*,*,#281,.T.);
#856 = PLANE('',#857);
#857 = AXIS2_PLACEMENT_3D('',#858,#859,#860);
#858 = CARTESIAN_POINT('',(59.086411816219,2.580310786934,-1.8542));
#859 = DIRECTION('',(1.483101188778E-15,-1.732141539523E-16,-1.));
#860 = DIRECTION('',(-1.,3.293146175261E-31,-1.483101188778E-15));
#861 = ADVANCED_FACE('',(#862),#880,.T.);
#862 = FACE_BOUND('',#863,.T.);
#863 = EDGE_LOOP('',(#864,#865,#873,#879));
#864 = ORIENTED_EDGE('',*,*,#806,.T.);
#865 = ORIENTED_EDGE('',*,*,#866,.F.);
#866 = EDGE_CURVE('',#867,#799,#869,.T.);
#867 = VERTEX_POINT('',#868);
#868 = CARTESIAN_POINT('',(-62.7486,30.522322387629,-5.8928));
#869 = LINE('',#870,#871);
#870 = CARTESIAN_POINT('',(5.63753050361,30.881001057433,-5.8928));
#871 = VECTOR('',#872,1.);
#872 = DIRECTION('',(0.999986245776,5.244831573541E-03,
    -1.164586554645E-18));
#873 = ORIENTED_EDGE('',*,*,#874,.T.);
#874 = EDGE_CURVE('',#867,#122,#875,.T.);
#875 = LINE('',#876,#877);
#876 = CARTESIAN_POINT('',(-62.7486,25.7,-5.8928));
#877 = VECTOR('',#878,1.);
#878 = DIRECTION('',(0.,-1.,2.22044604925E-16));
#879 = ORIENTED_EDGE('',*,*,#121,.F.);
#880 = PLANE('',#881);
#881 = AXIS2_PLACEMENT_3D('',#882,#883,#884);
#882 = CARTESIAN_POINT('',(-61.24980112221,2.415101506348,-5.8928));
#883 = DIRECTION('',(0.,2.160097396615E-16,1.));
#884 = DIRECTION('',(0.,-1.,2.160097396615E-16));
#885 = ADVANCED_FACE('',(#886),#908,.T.);
#886 = FACE_BOUND('',#887,.T.);
#887 = EDGE_LOOP('',(#888,#889,#890,#898));
#888 = ORIENTED_EDGE('',*,*,#821,.T.);
#889 = ORIENTED_EDGE('',*,*,#273,.T.);
#890 = ORIENTED_EDGE('',*,*,#891,.T.);
#891 = EDGE_CURVE('',#266,#892,#894,.T.);
#892 = VERTEX_POINT('',#893);
#893 = CARTESIAN_POINT('',(58.4214,30.280360985073,-4.4958));
#894 = LINE('',#895,#896);
#895 = CARTESIAN_POINT('',(58.4214,25.7,-4.4958));
#896 = VECTOR('',#897,1.);
#897 = DIRECTION('',(0.,1.,-2.22044604925E-16));
#898 = ORIENTED_EDGE('',*,*,#899,.T.);
#899 = EDGE_CURVE('',#892,#822,#900,.T.);
#900 = B_SPLINE_CURVE_WITH_KNOTS('',6,(#901,#902,#903,#904,#905,#906,
    #907),.UNSPECIFIED.,.F.,.F.,(7,7),(-1.373682148602,4.015382478325),
  .PIECEWISE_BEZIER_KNOTS.);
#901 = CARTESIAN_POINT('',(58.4214,30.278498726179,-5.866782710193));
#902 = CARTESIAN_POINT('',(58.4214,30.282524628797,-4.971054732685));
#903 = CARTESIAN_POINT('',(58.4214,30.282170046805,-4.075339097343));
#904 = CARTESIAN_POINT('',(58.4214,30.277344936562,-3.179722872025));
#905 = CARTESIAN_POINT('',(58.4214,30.268070831205,-2.283924656808));
#906 = CARTESIAN_POINT('',(58.4214,30.254367973256,-1.38841830358));
#907 = CARTESIAN_POINT('',(58.4214,30.236246737426,-0.492858118772));
#908 = PLANE('',#909);
#909 = AXIS2_PLACEMENT_3D('',#910,#911,#912);
#910 = CARTESIAN_POINT('',(58.4214,2.585065097026,-3.175231224653));
#911 = DIRECTION('',(1.,0.,0.));
#912 = DIRECTION('',(0.,-1.,-2.22044604925E-16));
#913 = ADVANCED_FACE('',(#914),#932,.T.);
#914 = FACE_BOUND('',#915,.T.);
#915 = EDGE_LOOP('',(#916,#917,#925,#931));
#916 = ORIENTED_EDGE('',*,*,#874,.F.);
#917 = ORIENTED_EDGE('',*,*,#918,.F.);
#918 = EDGE_CURVE('',#919,#867,#921,.T.);
#919 = VERTEX_POINT('',#920);
#920 = CARTESIAN_POINT('',(-62.7486,30.457962473392,-4.4958));
#921 = LINE('',#922,#923);
#922 = CARTESIAN_POINT('',(-62.7486,29.95589698739,6.402062314859));
#923 = VECTOR('',#924,1.);
#924 = DIRECTION('',(0.,4.602127581844E-02,-0.998940459773));
#925 = ORIENTED_EDGE('',*,*,#926,.F.);
#926 = EDGE_CURVE('',#130,#919,#927,.T.);
#927 = LINE('',#928,#929);
#928 = CARTESIAN_POINT('',(-62.7486,25.7,-4.4958));
#929 = VECTOR('',#930,1.);
#930 = DIRECTION('',(0.,1.,-2.22044604925E-16));
#931 = ORIENTED_EDGE('',*,*,#129,.F.);
#932 = PLANE('',#933);
#933 = AXIS2_PLACEMENT_3D('',#934,#935,#936);
#934 = CARTESIAN_POINT('',(-62.7486,2.395441652172,-5.194690319955));
#935 = DIRECTION('',(1.,0.,0.));
#936 = DIRECTION('',(0.,-1.,-2.22044604925E-16));
#937 = ADVANCED_FACE('',(#938),#976,.T.);
#938 = FACE_BOUND('',#939,.T.);
#939 = EDGE_LOOP('',(#940,#941,#942,#950,#959,#968));
#940 = ORIENTED_EDGE('',*,*,#891,.F.);
#941 = ORIENTED_EDGE('',*,*,#265,.T.);
#942 = ORIENTED_EDGE('',*,*,#943,.F.);
#943 = EDGE_CURVE('',#944,#258,#946,.T.);
#944 = VERTEX_POINT('',#945);
#945 = CARTESIAN_POINT('',(59.7514,30.880579276014,-4.4958));
#946 = LINE('',#947,#948);
#947 = CARTESIAN_POINT('',(59.7514,25.7,-4.4958));
#948 = VECTOR('',#949,1.);
#949 = DIRECTION('',(0.,-1.,2.22044604925E-16));
#950 = ORIENTED_EDGE('',*,*,#951,.T.);
#951 = EDGE_CURVE('',#944,#952,#954,.T.);
#952 = VERTEX_POINT('',#953);
#953 = CARTESIAN_POINT('',(58.4214,30.880360970386,-4.4958));
#954 = ELLIPSE('',#955,1.898385732974E+03,214.73685000176);
#955 = AXIS2_PLACEMENT_3D('',#956,#957,#958);
#956 = CARTESIAN_POINT('',(61.841105348567,-183.8561406255,-4.4958));
#957 = DIRECTION('',(0.,2.22044604925E-16,1.));
#958 = DIRECTION('',(1.,-2.527893042699E-17,5.613050119588E-33));
#959 = ORIENTED_EDGE('',*,*,#960,.T.);
#960 = EDGE_CURVE('',#952,#961,#963,.T.);
#961 = VERTEX_POINT('',#962);
#962 = CARTESIAN_POINT('',(57.821400015164,30.880227986603,-4.4958));
#963 = ELLIPSE('',#964,1.898385732974E+03,214.73685000176);
#964 = AXIS2_PLACEMENT_3D('',#965,#966,#967);
#965 = CARTESIAN_POINT('',(61.841105348567,-183.8561406255,-4.4958));
#966 = DIRECTION('',(0.,2.136897790815E-16,1.));
#967 = DIRECTION('',(1.,-2.432776540634E-17,5.198594815226E-33));
#968 = ORIENTED_EDGE('',*,*,#969,.T.);
#969 = EDGE_CURVE('',#961,#892,#970,.T.);
#970 = B_SPLINE_CURVE_WITH_KNOTS('',4,(#971,#972,#973,#974,#975),
  .UNSPECIFIED.,.F.,.F.,(5,5),(0.,1.),.PIECEWISE_BEZIER_KNOTS.);
#971 = CARTESIAN_POINT('',(57.821400015164,30.880227986603,-4.4958));
#972 = CARTESIAN_POINT('',(57.971400010385,30.730261227606,-4.4958));
#973 = CARTESIAN_POINT('',(58.121400006264,30.580294524127,-4.4958));
#974 = CARTESIAN_POINT('',(58.271400002801,30.430327876398,-4.4958));
#975 = CARTESIAN_POINT('',(58.4214,30.280361284649,-4.4958));
#976 = PLANE('',#977);
#977 = AXIS2_PLACEMENT_3D('',#978,#979,#980);
#978 = CARTESIAN_POINT('',(59.086401253414,2.590235155809,-4.4958));
#979 = DIRECTION('',(0.,2.136897790815E-16,1.));
#980 = DIRECTION('',(0.,-1.,2.136897790815E-16));
#981 = ADVANCED_FACE('',(#982),#1000,.T.);
#982 = FACE_BOUND('',#983,.T.);
#983 = EDGE_LOOP('',(#984,#985,#993,#999));
#984 = ORIENTED_EDGE('',*,*,#926,.T.);
#985 = ORIENTED_EDGE('',*,*,#986,.F.);
#986 = EDGE_CURVE('',#987,#919,#989,.T.);
#987 = VERTEX_POINT('',#988);
#988 = CARTESIAN_POINT('',(-64.0786,30.450986751454,-4.4958));
#989 = LINE('',#990,#991);
#990 = CARTESIAN_POINT('',(4.139309279753,30.808783117136,-4.4958));
#991 = VECTOR('',#992,1.);
#992 = DIRECTION('',(0.999986245776,5.244831573541E-03,
    -1.164586554645E-18));
#993 = ORIENTED_EDGE('',*,*,#994,.T.);
#994 = EDGE_CURVE('',#987,#138,#995,.T.);
#995 = LINE('',#996,#997);
#996 = CARTESIAN_POINT('',(-64.0786,25.7,-4.4958));
#997 = VECTOR('',#998,1.);
#998 = DIRECTION('',(0.,-1.,2.22044604925E-16));
#999 = ORIENTED_EDGE('',*,*,#137,.F.);
#1000 = PLANE('',#1001);
#1001 = AXIS2_PLACEMENT_3D('',#1002,#1003,#1004);
#1002 = CARTESIAN_POINT('',(-63.41355965124,2.377241879554,-4.4958));
#1003 = DIRECTION('',(0.,2.151409600829E-16,1.));
#1004 = DIRECTION('',(0.,-1.,2.151409600829E-16));
#1005 = ADVANCED_FACE('',(#1006),#1025,.T.);
#1006 = FACE_BOUND('',#1007,.T.);
#1007 = EDGE_LOOP('',(#1008,#1009,#1010,#1018));
#1008 = ORIENTED_EDGE('',*,*,#943,.T.);
#1009 = ORIENTED_EDGE('',*,*,#257,.T.);
#1010 = ORIENTED_EDGE('',*,*,#1011,.T.);
#1011 = EDGE_CURVE('',#250,#1012,#1014,.T.);
#1012 = VERTEX_POINT('',#1013);
#1013 = CARTESIAN_POINT('',(59.7514,30.877621129907,-5.8928));
#1014 = LINE('',#1015,#1016);
#1015 = CARTESIAN_POINT('',(59.7514,25.7,-5.8928));
#1016 = VECTOR('',#1017,1.);
#1017 = DIRECTION('',(0.,1.,-2.22044604925E-16));
#1018 = ORIENTED_EDGE('',*,*,#1019,.T.);
#1019 = EDGE_CURVE('',#1012,#944,#1020,.T.);
#1020 = ELLIPSE('',#1021,216.12396700044,214.73685000176);
#1021 = AXIS2_PLACEMENT_3D('',#1022,#1023,#1024);
#1022 = CARTESIAN_POINT('',(59.7514,-183.8561406255,-4.733704974711));
#1023 = DIRECTION('',(1.,0.,-0.));
#1024 = DIRECTION('',(0.,0.,1.));
#1025 = PLANE('',#1026);
#1026 = AXIS2_PLACEMENT_3D('',#1027,#1028,#1029);
#1027 = CARTESIAN_POINT('',(59.7514,2.589559412357,-5.194282196983));
#1028 = DIRECTION('',(1.,0.,0.));
#1029 = DIRECTION('',(0.,-1.,-2.22044604925E-16));
#1030 = ADVANCED_FACE('',(#1031),#1049,.T.);
#1031 = FACE_BOUND('',#1032,.T.);
#1032 = EDGE_LOOP('',(#1033,#1034,#1042,#1048));
#1033 = ORIENTED_EDGE('',*,*,#994,.F.);
#1034 = ORIENTED_EDGE('',*,*,#1035,.F.);
#1035 = EDGE_CURVE('',#1036,#987,#1038,.T.);
#1036 = VERTEX_POINT('',#1037);
#1037 = CARTESIAN_POINT('',(-64.0786,30.329288004534,-1.8542));
#1038 = LINE('',#1039,#1040);
#1039 = CARTESIAN_POINT('',(-64.0786,29.91682423841,7.098762229839));
#1040 = VECTOR('',#1041,1.);
#1041 = DIRECTION('',(0.,4.602127581844E-02,-0.998940459773));
#1042 = ORIENTED_EDGE('',*,*,#1043,.T.);
#1043 = EDGE_CURVE('',#1036,#146,#1044,.T.);
#1044 = LINE('',#1045,#1046);
#1045 = CARTESIAN_POINT('',(-64.0786,25.7,-1.8542));
#1046 = VECTOR('',#1047,1.);
#1047 = DIRECTION('',(0.,-1.,2.22044604925E-16));
#1048 = ORIENTED_EDGE('',*,*,#145,.F.);
#1049 = PLANE('',#1050);
#1050 = AXIS2_PLACEMENT_3D('',#1051,#1052,#1053);
#1051 = CARTESIAN_POINT('',(-64.0786,2.345769151531,-3.176368390227));
#1052 = DIRECTION('',(1.,0.,0.));
#1053 = DIRECTION('',(0.,-1.,-2.22044604925E-16));
#1054 = ADVANCED_FACE('',(#1055),#1074,.T.);
#1055 = FACE_BOUND('',#1056,.T.);
#1056 = EDGE_LOOP('',(#1057,#1058,#1066,#1073));
#1057 = ORIENTED_EDGE('',*,*,#249,.T.);
#1058 = ORIENTED_EDGE('',*,*,#1059,.F.);
#1059 = EDGE_CURVE('',#1060,#242,#1062,.T.);
#1060 = VERTEX_POINT('',#1061);
#1061 = CARTESIAN_POINT('',(62.7486,30.875535205629,-5.8928));
#1062 = LINE('',#1063,#1064);
#1063 = CARTESIAN_POINT('',(62.7486,25.7,-5.8928));
#1064 = VECTOR('',#1065,1.);
#1065 = DIRECTION('',(0.,-1.,2.22044604925E-16));
#1066 = ORIENTED_EDGE('',*,*,#1067,.T.);
#1067 = EDGE_CURVE('',#1060,#1012,#1068,.T.);
#1068 = ELLIPSE('',#1069,1.898385732974E+03,214.73685000176);
#1069 = AXIS2_PLACEMENT_3D('',#1070,#1071,#1072);
#1070 = CARTESIAN_POINT('',(49.570162399608,-183.8561406255,-5.8928));
#1071 = DIRECTION('',(0.,2.22044604925E-16,1.));
#1072 = DIRECTION('',(1.,-2.527893042699E-17,5.613050119588E-33));
#1073 = ORIENTED_EDGE('',*,*,#1011,.F.);
#1074 = PLANE('',#1075);
#1075 = AXIS2_PLACEMENT_3D('',#1076,#1077,#1078);
#1076 = CARTESIAN_POINT('',(61.249973764603,2.588290263638,-5.8928));
#1077 = DIRECTION('',(0.,2.156227645122E-16,1.));
#1078 = DIRECTION('',(0.,-1.,2.156227645122E-16));
#1079 = ADVANCED_FACE('',(#1080),#1098,.T.);
#1080 = FACE_BOUND('',#1081,.T.);
#1081 = EDGE_LOOP('',(#1082,#1083,#1084,#1092));
#1082 = ORIENTED_EDGE('',*,*,#153,.T.);
#1083 = ORIENTED_EDGE('',*,*,#1043,.F.);
#1084 = ORIENTED_EDGE('',*,*,#1085,.F.);
#1085 = EDGE_CURVE('',#1086,#1036,#1088,.T.);
#1086 = VERTEX_POINT('',#1087);
#1087 = CARTESIAN_POINT('',(-62.7486,30.336263726472,-1.8542));
#1088 = LINE('',#1089,#1090);
#1089 = CARTESIAN_POINT('',(3.474965853396,30.683599952913,-1.8542));
#1090 = VECTOR('',#1091,1.);
#1091 = DIRECTION('',(-0.999986245776,-5.244831573541E-03,
    1.164586554645E-18));
#1092 = ORIENTED_EDGE('',*,*,#1093,.F.);
#1093 = EDGE_CURVE('',#154,#1086,#1094,.T.);
#1094 = LINE('',#1095,#1096);
#1095 = CARTESIAN_POINT('',(-62.7486,25.7,-1.8542));
#1096 = VECTOR('',#1097,1.);
#1097 = DIRECTION('',(0.,1.,-2.22044604925E-16));
#1098 = PLANE('',#1099);
#1099 = AXIS2_PLACEMENT_3D('',#1100,#1101,#1102);
#1100 = CARTESIAN_POINT('',(-63.41355956563,2.316392506094,-1.8542));
#1101 = DIRECTION('',(0.,-1.412688613906E-16,-1.));
#1102 = DIRECTION('',(0.,1.,-1.412688613906E-16));
#1103 = ADVANCED_FACE('',(#1104),#1123,.T.);
#1104 = FACE_BOUND('',#1105,.T.);
#1105 = EDGE_LOOP('',(#1106,#1107,#1108,#1116));
#1106 = ORIENTED_EDGE('',*,*,#1059,.T.);
#1107 = ORIENTED_EDGE('',*,*,#241,.T.);
#1108 = ORIENTED_EDGE('',*,*,#1109,.T.);
#1109 = EDGE_CURVE('',#234,#1110,#1112,.T.);
#1110 = VERTEX_POINT('',#1111);
#1111 = CARTESIAN_POINT('',(62.7486,30.880684840643,-4.4958));
#1112 = LINE('',#1113,#1114);
#1113 = CARTESIAN_POINT('',(62.7486,25.7,-4.4958));
#1114 = VECTOR('',#1115,1.);
#1115 = DIRECTION('',(0.,1.,-2.22044604925E-16));
#1116 = ORIENTED_EDGE('',*,*,#1117,.T.);
#1117 = EDGE_CURVE('',#1110,#1060,#1118,.T.);
#1118 = ELLIPSE('',#1119,216.12396700044,214.73685000176);
#1119 = AXIS2_PLACEMENT_3D('',#1120,#1121,#1122);
#1120 = CARTESIAN_POINT('',(62.7486,-183.8561406255,-4.392485199065));
#1121 = DIRECTION('',(-1.,0.,0.));
#1122 = DIRECTION('',(0.,0.,1.));
#1123 = PLANE('',#1124);
#1124 = AXIS2_PLACEMENT_3D('',#1125,#1126,#1127);
#1125 = CARTESIAN_POINT('',(62.7486,2.589065912501,-5.194269007414));
#1126 = DIRECTION('',(-1.,0.,0.));
#1127 = DIRECTION('',(0.,1.,2.22044604925E-16));
#1128 = ADVANCED_FACE('',(#1129),#1155,.T.);
#1129 = FACE_BOUND('',#1130,.T.);
#1130 = EDGE_LOOP('',(#1131,#1139,#1140,#1141,#1149));
#1131 = ORIENTED_EDGE('',*,*,#1132,.T.);
#1132 = EDGE_CURVE('',#1133,#162,#1135,.T.);
#1133 = VERTEX_POINT('',#1134);
#1134 = CARTESIAN_POINT('',(-62.7486,25.7,-5.706546346552E-15));
#1135 = LINE('',#1136,#1137);
#1136 = CARTESIAN_POINT('',(-62.7486,25.7,-5.706546346541E-15));
#1137 = VECTOR('',#1138,1.);
#1138 = DIRECTION('',(0.,-1.,2.22044604925E-16));
#1139 = ORIENTED_EDGE('',*,*,#161,.T.);
#1140 = ORIENTED_EDGE('',*,*,#1093,.T.);
#1141 = ORIENTED_EDGE('',*,*,#1142,.F.);
#1142 = EDGE_CURVE('',#1143,#1086,#1145,.T.);
#1143 = VERTEX_POINT('',#1144);
#1144 = CARTESIAN_POINT('',(-62.7486,30.250840567576,-6.717035942478E-15
    ));
#1145 = LINE('',#1146,#1147);
#1146 = CARTESIAN_POINT('',(-62.7486,29.86306468901,8.417085522617));
#1147 = VECTOR('',#1148,1.);
#1148 = DIRECTION('',(0.,4.602127581844E-02,-0.998940459773));
#1149 = ORIENTED_EDGE('',*,*,#1150,.F.);
#1150 = EDGE_CURVE('',#1133,#1143,#1151,.T.);
#1151 = LINE('',#1152,#1153);
#1152 = CARTESIAN_POINT('',(-62.7486,25.7,-5.706546346573E-15));
#1153 = VECTOR('',#1154,1.);
#1154 = DIRECTION('',(0.,1.,-2.22044604925E-16));
#1155 = PLANE('',#1156);
#1156 = AXIS2_PLACEMENT_3D('',#1157,#1158,#1159);
#1157 = CARTESIAN_POINT('',(-62.7486,2.297267744329,-0.927784507707));
#1158 = DIRECTION('',(1.,0.,0.));
#1159 = DIRECTION('',(0.,-1.,-2.22044604925E-16));
#1160 = ADVANCED_FACE('',(#1161),#1199,.T.);
#1161 = FACE_BOUND('',#1162,.T.);
#1162 = EDGE_LOOP('',(#1163,#1171,#1181,#1190,#1197,#1198));
#1163 = ORIENTED_EDGE('',*,*,#1164,.F.);
#1164 = EDGE_CURVE('',#1165,#226,#1167,.T.);
#1165 = VERTEX_POINT('',#1166);
#1166 = CARTESIAN_POINT('',(64.0786,30.280560081807,-4.4958));
#1167 = LINE('',#1168,#1169);
#1168 = CARTESIAN_POINT('',(64.0786,25.7,-4.4958));
#1169 = VECTOR('',#1170,1.);
#1170 = DIRECTION('',(0.,-1.,2.22044604925E-16));
#1171 = ORIENTED_EDGE('',*,*,#1172,.F.);
#1172 = EDGE_CURVE('',#1173,#1165,#1175,.T.);
#1173 = VERTEX_POINT('',#1174);
#1174 = CARTESIAN_POINT('',(64.678599992848,30.88046950502,-4.4958));
#1175 = B_SPLINE_CURVE_WITH_KNOTS('',4,(#1176,#1177,#1178,#1179,#1180),
  .UNSPECIFIED.,.F.,.F.,(5,5),(0.,1.),.PIECEWISE_BEZIER_KNOTS.);
#1176 = CARTESIAN_POINT('',(64.678599992848,30.88046950502,-4.4958));
#1177 = CARTESIAN_POINT('',(64.52859999528,30.730492319915,-4.4958));
#1178 = CARTESIAN_POINT('',(64.378599997285,30.580515170642,-4.4958));
#1179 = CARTESIAN_POINT('',(64.228599998858,30.43053805735,-4.4958));
#1180 = CARTESIAN_POINT('',(64.0786,30.28056098019,-4.4958));
#1181 = ORIENTED_EDGE('',*,*,#1182,.F.);
#1182 = EDGE_CURVE('',#1183,#1173,#1185,.T.);
#1183 = VERTEX_POINT('',#1184);
#1184 = CARTESIAN_POINT('',(64.0786,30.880560223254,-4.4958));
#1185 = ELLIPSE('',#1186,1.898385732974E+03,214.73685000176);
#1186 = AXIS2_PLACEMENT_3D('',#1187,#1188,#1189);
#1187 = CARTESIAN_POINT('',(61.841105348566,-183.8561406255,-4.4958));
#1188 = DIRECTION('',(0.,-1.476246801207E-16,-1.));
#1189 = DIRECTION('',(1.,-1.680650614924E-17,2.481055094227E-33));
#1190 = ORIENTED_EDGE('',*,*,#1191,.T.);
#1191 = EDGE_CURVE('',#1183,#1110,#1192,.T.);
#1192 = ELLIPSE('',#1193,1.898385732974E+03,214.73685000176);
#1193 = AXIS2_PLACEMENT_3D('',#1194,#1195,#1196);
#1194 = CARTESIAN_POINT('',(61.841105348567,-183.8561406255,-4.4958));
#1195 = DIRECTION('',(0.,2.22044604925E-16,1.));
#1196 = DIRECTION('',(1.,-2.527893042699E-17,5.613050119588E-33));
#1197 = ORIENTED_EDGE('',*,*,#1109,.F.);
#1198 = ORIENTED_EDGE('',*,*,#233,.T.);
#1199 = PLANE('',#1200);
#1200 = AXIS2_PLACEMENT_3D('',#1201,#1202,#1203);
#1201 = CARTESIAN_POINT('',(63.413599284504,2.590311357164,-4.4958));
#1202 = DIRECTION('',(0.,1.476246801207E-16,1.));
#1203 = DIRECTION('',(0.,-1.,1.476246801207E-16));
#1204 = ADVANCED_FACE('',(#1205),#1223,.F.);
#1205 = FACE_BOUND('',#1206,.F.);
#1206 = EDGE_LOOP('',(#1207,#1208,#1209,#1217));
#1207 = ORIENTED_EDGE('',*,*,#1132,.T.);
#1208 = ORIENTED_EDGE('',*,*,#169,.T.);
#1209 = ORIENTED_EDGE('',*,*,#1210,.F.);
#1210 = EDGE_CURVE('',#1211,#170,#1213,.T.);
#1211 = VERTEX_POINT('',#1212);
#1212 = CARTESIAN_POINT('',(-65.1486,25.7,-5.706546346541E-15));
#1213 = LINE('',#1214,#1215);
#1214 = CARTESIAN_POINT('',(-65.1486,25.7,-5.706546346541E-15));
#1215 = VECTOR('',#1216,1.);
#1216 = DIRECTION('',(0.,-1.,2.22044604925E-16));
#1217 = ORIENTED_EDGE('',*,*,#1218,.F.);
#1218 = EDGE_CURVE('',#1133,#1211,#1219,.T.);
#1219 = LINE('',#1220,#1221);
#1220 = CARTESIAN_POINT('',(-62.7486,25.7,-3.552713678801E-15));
#1221 = VECTOR('',#1222,1.);
#1222 = DIRECTION('',(-1.,0.,0.));
#1223 = PLANE('',#1224);
#1224 = AXIS2_PLACEMENT_3D('',#1225,#1226,#1227);
#1225 = CARTESIAN_POINT('',(-62.7486,25.7,-5.706546346541E-15));
#1226 = DIRECTION('',(0.,-2.22044604925E-16,-1.));
#1227 = DIRECTION('',(-1.,0.,0.));
#1228 = ADVANCED_FACE('',(#1229),#1251,.T.);
#1229 = FACE_BOUND('',#1230,.T.);
#1230 = EDGE_LOOP('',(#1231,#1232,#1233,#1241));
#1231 = ORIENTED_EDGE('',*,*,#1164,.T.);
#1232 = ORIENTED_EDGE('',*,*,#225,.T.);
#1233 = ORIENTED_EDGE('',*,*,#1234,.T.);
#1234 = EDGE_CURVE('',#218,#1235,#1237,.T.);
#1235 = VERTEX_POINT('',#1236);
#1236 = CARTESIAN_POINT('',(64.0786,30.267578023141,-1.8542));
#1237 = LINE('',#1238,#1239);
#1238 = CARTESIAN_POINT('',(64.0786,25.7,-1.8542));
#1239 = VECTOR('',#1240,1.);
#1240 = DIRECTION('',(0.,1.,-2.22044604925E-16));
#1241 = ORIENTED_EDGE('',*,*,#1242,.T.);
#1242 = EDGE_CURVE('',#1235,#1165,#1243,.T.);
#1243 = B_SPLINE_CURVE_WITH_KNOTS('',6,(#1244,#1245,#1246,#1247,#1248,
    #1249,#1250),.UNSPECIFIED.,.F.,.F.,(7,7),(-1.373658179999,
    4.015304613449),.PIECEWISE_BEZIER_KNOTS.);
#1244 = CARTESIAN_POINT('',(64.0786,30.248302926625,-0.491036404683));
#1245 = CARTESIAN_POINT('',(64.0786,30.263760088983,-1.386621277954));
#1246 = CARTESIAN_POINT('',(64.0786,30.27483713839,-2.282250447207));
#1247 = CARTESIAN_POINT('',(64.078600000001,30.28144293137,
    -3.177838018714));
#1248 = CARTESIAN_POINT('',(64.0786,30.283602589105,-4.073665076438));
#1249 = CARTESIAN_POINT('',(64.0786,30.281330303853,-4.969257571588));
#1250 = CARTESIAN_POINT('',(64.0786,30.274640862526,-5.864961019082));
#1251 = PLANE('',#1252);
#1252 = AXIS2_PLACEMENT_3D('',#1253,#1254,#1255);
#1253 = CARTESIAN_POINT('',(64.0786,2.587107762665,-3.175144130149));
#1254 = DIRECTION('',(-1.,0.,0.));
#1255 = DIRECTION('',(0.,1.,2.22044604925E-16));
#1256 = ADVANCED_FACE('',(#1257),#1275,.F.);
#1257 = FACE_BOUND('',#1258,.F.);
#1258 = EDGE_LOOP('',(#1259,#1267,#1268,#1269));
#1259 = ORIENTED_EDGE('',*,*,#1260,.F.);
#1260 = EDGE_CURVE('',#1211,#1261,#1263,.T.);
#1261 = VERTEX_POINT('',#1262);
#1262 = CARTESIAN_POINT('',(-65.1486,25.7,1.9));
#1263 = LINE('',#1264,#1265);
#1264 = CARTESIAN_POINT('',(-65.1486,25.7,-3.552713678801E-15));
#1265 = VECTOR('',#1266,1.);
#1266 = DIRECTION('',(0.,2.22044604925E-16,1.));
#1267 = ORIENTED_EDGE('',*,*,#1210,.T.);
#1268 = ORIENTED_EDGE('',*,*,#177,.T.);
#1269 = ORIENTED_EDGE('',*,*,#1270,.F.);
#1270 = EDGE_CURVE('',#1261,#178,#1271,.T.);
#1271 = LINE('',#1272,#1273);
#1272 = CARTESIAN_POINT('',(-65.1486,25.7,1.9));
#1273 = VECTOR('',#1274,1.);
#1274 = DIRECTION('',(0.,-1.,2.22044604925E-16));
#1275 = PLANE('',#1276);
#1276 = AXIS2_PLACEMENT_3D('',#1277,#1278,#1279);
#1277 = CARTESIAN_POINT('',(-65.1486,25.7,-5.706546346541E-15));
#1278 = DIRECTION('',(-1.,0.,0.));
#1279 = DIRECTION('',(0.,2.22044604925E-16,1.));
#1280 = ADVANCED_FACE('',(#1281),#1319,.T.);
#1281 = FACE_BOUND('',#1282,.T.);
#1282 = EDGE_LOOP('',(#1283,#1284,#1285,#1293,#1302,#1311));
#1283 = ORIENTED_EDGE('',*,*,#1234,.F.);
#1284 = ORIENTED_EDGE('',*,*,#217,.F.);
#1285 = ORIENTED_EDGE('',*,*,#1286,.F.);
#1286 = EDGE_CURVE('',#1287,#210,#1289,.T.);
#1287 = VERTEX_POINT('',#1288);
#1288 = CARTESIAN_POINT('',(62.7486,30.865898984893,-1.8542));
#1289 = LINE('',#1290,#1291);
#1290 = CARTESIAN_POINT('',(62.7486,25.7,-1.8542));
#1291 = VECTOR('',#1292,1.);
#1292 = DIRECTION('',(0.,-1.,2.22044604925E-16));
#1293 = ORIENTED_EDGE('',*,*,#1294,.T.);
#1294 = EDGE_CURVE('',#1287,#1295,#1297,.T.);
#1295 = VERTEX_POINT('',#1296);
#1296 = CARTESIAN_POINT('',(64.0786,30.867613293292,-1.8542));
#1297 = ELLIPSE('',#1298,1.898385732974E+03,214.73685000176);
#1298 = AXIS2_PLACEMENT_3D('',#1299,#1300,#1301);
#1299 = CARTESIAN_POINT('',(85.044342924779,-183.8561406255,-1.8542));
#1300 = DIRECTION('',(0.,-2.22044604925E-16,-1.));
#1301 = DIRECTION('',(1.,-2.527893042699E-17,5.613050119588E-33));
#1302 = ORIENTED_EDGE('',*,*,#1303,.T.);
#1303 = EDGE_CURVE('',#1295,#1304,#1306,.T.);
#1304 = VERTEX_POINT('',#1305);
#1305 = CARTESIAN_POINT('',(64.678599546574,30.868352158617,-1.8542));
#1306 = ELLIPSE('',#1307,1.898385732974E+03,214.73685000176);
#1307 = AXIS2_PLACEMENT_3D('',#1308,#1309,#1310);
#1308 = CARTESIAN_POINT('',(85.044342924778,-183.8561406255,-1.8542));
#1309 = DIRECTION('',(-3.421138828918E-49,-1.167836633145E-16,-1.));
#1310 = DIRECTION('',(1.,-1.329537414761E-17,1.552682498095E-33));
#1311 = ORIENTED_EDGE('',*,*,#1312,.T.);
#1312 = EDGE_CURVE('',#1304,#1235,#1313,.T.);
#1313 = B_SPLINE_CURVE_WITH_KNOTS('',4,(#1314,#1315,#1316,#1317,#1318),
  .UNSPECIFIED.,.F.,.F.,(5,5),(0.,1.),.PIECEWISE_BEZIER_KNOTS.);
#1314 = CARTESIAN_POINT('',(64.678599546574,30.868352158616,-1.8542));
#1315 = CARTESIAN_POINT('',(64.528599652024,30.718159239739,-1.8542));
#1316 = CARTESIAN_POINT('',(64.378599762729,30.567965960179,-1.8542));
#1317 = CARTESIAN_POINT('',(64.228599878713,30.417772318452,-1.8542));
#1318 = CARTESIAN_POINT('',(64.0786,30.267578313061,-1.8542));
#1319 = PLANE('',#1320);
#1320 = AXIS2_PLACEMENT_3D('',#1321,#1322,#1323);
#1321 = CARTESIAN_POINT('',(63.413609845126,2.583378435523,-1.8542));
#1322 = DIRECTION('',(0.,-1.167836633145E-16,-1.));
#1323 = DIRECTION('',(0.,1.,-1.167836633145E-16));
#1324 = ADVANCED_FACE('',(#1325),#1350,.T.);
#1325 = FACE_BOUND('',#1326,.T.);
#1326 = EDGE_LOOP('',(#1327,#1335,#1343,#1349));
#1327 = ORIENTED_EDGE('',*,*,#1328,.F.);
#1328 = EDGE_CURVE('',#1329,#178,#1331,.T.);
#1329 = VERTEX_POINT('',#1330);
#1330 = CARTESIAN_POINT('',(-65.7486,-26.3,2.5));
#1331 = LINE('',#1332,#1333);
#1332 = CARTESIAN_POINT('',(-56.78193333333,-17.33333333333,
    -6.466666666667));
#1333 = VECTOR('',#1334,1.);
#1334 = DIRECTION('',(0.57735026919,0.57735026919,-0.57735026919));
#1335 = ORIENTED_EDGE('',*,*,#1336,.T.);
#1336 = EDGE_CURVE('',#1329,#1337,#1339,.T.);
#1337 = VERTEX_POINT('',#1338);
#1338 = CARTESIAN_POINT('',(65.7486,-26.3,2.5));
#1339 = LINE('',#1340,#1341);
#1340 = CARTESIAN_POINT('',(-65.1486,-26.3,2.5));
#1341 = VECTOR('',#1342,1.);
#1342 = DIRECTION('',(1.,2.835646243134E-33,1.277061536393E-17));
#1343 = ORIENTED_EDGE('',*,*,#1344,.T.);
#1344 = EDGE_CURVE('',#1337,#186,#1345,.T.);
#1345 = LINE('',#1346,#1347);
#1346 = CARTESIAN_POINT('',(35.065733333334,4.382866666667,
    -28.18286666666));
#1347 = VECTOR('',#1348,1.);
#1348 = DIRECTION('',(-0.57735026919,0.57735026919,-0.57735026919));
#1349 = ORIENTED_EDGE('',*,*,#185,.F.);
#1350 = PLANE('',#1351);
#1351 = AXIS2_PLACEMENT_3D('',#1352,#1353,#1354);
#1352 = CARTESIAN_POINT('',(-65.1486,-26.,2.2));
#1353 = DIRECTION('',(-6.963829119075E-18,0.707106781187,0.707106781187)
  );
#1354 = DIRECTION('',(1.,-1.461136888845E-18,1.130947847509E-17));
#1355 = ADVANCED_FACE('',(#1356),#1383,.T.);
#1356 = FACE_BOUND('',#1357,.T.);
#1357 = EDGE_LOOP('',(#1358,#1359,#1360,#1368,#1376));
#1358 = ORIENTED_EDGE('',*,*,#1286,.T.);
#1359 = ORIENTED_EDGE('',*,*,#209,.T.);
#1360 = ORIENTED_EDGE('',*,*,#1361,.F.);
#1361 = EDGE_CURVE('',#1362,#202,#1364,.T.);
#1362 = VERTEX_POINT('',#1363);
#1363 = CARTESIAN_POINT('',(62.7486,25.7,-5.706546346573E-15));
#1364 = LINE('',#1365,#1366);
#1365 = CARTESIAN_POINT('',(62.7486,25.7,-5.706546346573E-15));
#1366 = VECTOR('',#1367,1.);
#1367 = DIRECTION('',(0.,-1.,2.22044604925E-16));
#1368 = ORIENTED_EDGE('',*,*,#1369,.T.);
#1369 = EDGE_CURVE('',#1362,#1370,#1372,.T.);
#1370 = VERTEX_POINT('',#1371);
#1371 = CARTESIAN_POINT('',(62.7486,30.836355029225,-6.847046269792E-15)
  );
#1372 = LINE('',#1373,#1374);
#1373 = CARTESIAN_POINT('',(62.7486,25.7,-5.706546346573E-15));
#1374 = VECTOR('',#1375,1.);
#1375 = DIRECTION('',(0.,1.,-2.22044604925E-16));
#1376 = ORIENTED_EDGE('',*,*,#1377,.T.);
#1377 = EDGE_CURVE('',#1370,#1287,#1378,.T.);
#1378 = ELLIPSE('',#1379,216.12396700044,214.73685000176);
#1379 = AXIS2_PLACEMENT_3D('',#1380,#1381,#1382);
#1380 = CARTESIAN_POINT('',(62.7486,-183.8561406255,-4.392485199065));
#1381 = DIRECTION('',(-1.,0.,0.));
#1382 = DIRECTION('',(0.,0.,1.));
#1383 = PLANE('',#1384);
#1384 = AXIS2_PLACEMENT_3D('',#1385,#1386,#1387);
#1385 = CARTESIAN_POINT('',(62.7486,2.575642140181,-0.92733418708));
#1386 = DIRECTION('',(-1.,0.,0.));
#1387 = DIRECTION('',(0.,1.,2.22044604925E-16));
#1388 = ADVANCED_FACE('',(#1389),#1414,.T.);
#1389 = FACE_BOUND('',#1390,.T.);
#1390 = EDGE_LOOP('',(#1391,#1401,#1407,#1408));
#1391 = ORIENTED_EDGE('',*,*,#1392,.F.);
#1392 = EDGE_CURVE('',#1393,#1395,#1397,.T.);
#1393 = VERTEX_POINT('',#1394);
#1394 = CARTESIAN_POINT('',(65.1486,25.7,-5.706546346573E-15));
#1395 = VERTEX_POINT('',#1396);
#1396 = CARTESIAN_POINT('',(65.1486,25.7,1.9));
#1397 = LINE('',#1398,#1399);
#1398 = CARTESIAN_POINT('',(65.1486,25.7,-3.552713678801E-15));
#1399 = VECTOR('',#1400,1.);
#1400 = DIRECTION('',(0.,2.22044604925E-16,1.));
#1401 = ORIENTED_EDGE('',*,*,#1402,.T.);
#1402 = EDGE_CURVE('',#1393,#194,#1403,.T.);
#1403 = LINE('',#1404,#1405);
#1404 = CARTESIAN_POINT('',(65.1486,25.7,-5.706546346573E-15));
#1405 = VECTOR('',#1406,1.);
#1406 = DIRECTION('',(0.,-1.,2.22044604925E-16));
#1407 = ORIENTED_EDGE('',*,*,#193,.T.);
#1408 = ORIENTED_EDGE('',*,*,#1409,.F.);
#1409 = EDGE_CURVE('',#1395,#186,#1410,.T.);
#1410 = LINE('',#1411,#1412);
#1411 = CARTESIAN_POINT('',(65.1486,25.7,1.9));
#1412 = VECTOR('',#1413,1.);
#1413 = DIRECTION('',(0.,-1.,2.22044604925E-16));
#1414 = PLANE('',#1415);
#1415 = AXIS2_PLACEMENT_3D('',#1416,#1417,#1418);
#1416 = CARTESIAN_POINT('',(65.1486,25.7,-5.706546346573E-15));
#1417 = DIRECTION('',(-1.,0.,0.));
#1418 = DIRECTION('',(0.,2.22044604925E-16,1.));
#1419 = ADVANCED_FACE('',(#1420),#1431,.T.);
#1420 = FACE_BOUND('',#1421,.T.);
#1421 = EDGE_LOOP('',(#1422,#1423,#1424,#1425));
#1422 = ORIENTED_EDGE('',*,*,#1361,.T.);
#1423 = ORIENTED_EDGE('',*,*,#201,.T.);
#1424 = ORIENTED_EDGE('',*,*,#1402,.F.);
#1425 = ORIENTED_EDGE('',*,*,#1426,.F.);
#1426 = EDGE_CURVE('',#1362,#1393,#1427,.T.);
#1427 = LINE('',#1428,#1429);
#1428 = CARTESIAN_POINT('',(62.7486,25.7,-3.552713678801E-15));
#1429 = VECTOR('',#1430,1.);
#1430 = DIRECTION('',(1.,0.,0.));
#1431 = PLANE('',#1432);
#1432 = AXIS2_PLACEMENT_3D('',#1433,#1434,#1435);
#1433 = CARTESIAN_POINT('',(62.7486,25.7,-5.706546346573E-15));
#1434 = DIRECTION('',(0.,2.22044604925E-16,1.));
#1435 = DIRECTION('',(1.,0.,0.));
#1436 = ADVANCED_FACE('',(#1437),#1489,.F.);
#1437 = FACE_BOUND('',#1438,.F.);
#1438 = EDGE_LOOP('',(#1439,#1450,#1456,#1457,#1458,#1466,#1474,#1483));
#1439 = ORIENTED_EDGE('',*,*,#1440,.F.);
#1440 = EDGE_CURVE('',#1441,#1443,#1445,.T.);
#1441 = VERTEX_POINT('',#1442);
#1442 = CARTESIAN_POINT('',(-67.53462346306,-7.866060555965,
    -51.29924874781));
#1443 = VERTEX_POINT('',#1444);
#1444 = CARTESIAN_POINT('',(-69.43496385088,-4.2,-34.60707374242));
#1445 = CIRCLE('',#1446,8.8);
#1446 = AXIS2_PLACEMENT_3D('',#1447,#1448,#1449);
#1447 = CARTESIAN_POINT('',(-68.43954745726,-4.2,-43.35059398334));
#1448 = DIRECTION('',(-0.993581845559,-2.51166863474E-17,-0.113115499275
    ));
#1449 = DIRECTION('',(0.113115499275,6.184103163487E-15,-0.993581845559)
  );
#1450 = ORIENTED_EDGE('',*,*,#1451,.T.);
#1451 = EDGE_CURVE('',#1441,#401,#1452,.T.);
#1452 = LINE('',#1453,#1454);
#1453 = CARTESIAN_POINT('',(-67.53462346306,25.7,-51.29924874781));
#1454 = VECTOR('',#1455,1.);
#1455 = DIRECTION('',(0.,-1.,2.22044604925E-16));
#1456 = ORIENTED_EDGE('',*,*,#409,.T.);
#1457 = ORIENTED_EDGE('',*,*,#351,.F.);
#1458 = ORIENTED_EDGE('',*,*,#1459,.F.);
#1459 = EDGE_CURVE('',#1460,#352,#1462,.T.);
#1460 = VERTEX_POINT('',#1461);
#1461 = CARTESIAN_POINT('',(-67.53462346306,22.7,-51.29924874781));
#1462 = LINE('',#1463,#1464);
#1463 = CARTESIAN_POINT('',(-67.19527696524,22.7,-54.27999428449));
#1464 = VECTOR('',#1465,1.);
#1465 = DIRECTION('',(-0.113115499275,2.206194883578E-16,0.993581845559)
  );
#1466 = ORIENTED_EDGE('',*,*,#1467,.T.);
#1467 = EDGE_CURVE('',#1460,#1468,#1470,.T.);
#1468 = VERTEX_POINT('',#1469);
#1469 = CARTESIAN_POINT('',(-67.53462346306,7.866060555965,
    -51.29924874781));
#1470 = LINE('',#1471,#1472);
#1471 = CARTESIAN_POINT('',(-67.53462346306,25.7,-51.29924874781));
#1472 = VECTOR('',#1473,1.);
#1473 = DIRECTION('',(0.,-1.,2.22044604925E-16));
#1474 = ORIENTED_EDGE('',*,*,#1475,.F.);
#1475 = EDGE_CURVE('',#1476,#1468,#1478,.T.);
#1476 = VERTEX_POINT('',#1477);
#1477 = CARTESIAN_POINT('',(-69.43496385088,4.2,-34.60707374242));
#1478 = CIRCLE('',#1479,8.8);
#1479 = AXIS2_PLACEMENT_3D('',#1480,#1481,#1482);
#1480 = CARTESIAN_POINT('',(-68.43954745726,4.2,-43.35059398334));
#1481 = DIRECTION('',(-0.993581845559,-2.51166863474E-17,-0.113115499275
    ));
#1482 = DIRECTION('',(-0.113115499275,7.944415627281E-16,0.993581845559)
  );
#1483 = ORIENTED_EDGE('',*,*,#1484,.F.);
#1484 = EDGE_CURVE('',#1443,#1476,#1485,.T.);
#1485 = LINE('',#1486,#1487);
#1486 = CARTESIAN_POINT('',(-69.43496385088,-4.2,-34.60707374242));
#1487 = VECTOR('',#1488,1.);
#1488 = DIRECTION('',(0.,1.,0.));
#1489 = PLANE('',#1490);
#1490 = AXIS2_PLACEMENT_3D('',#1491,#1492,#1493);
#1491 = CARTESIAN_POINT('',(-67.19527696524,25.7,-54.27999428449));
#1492 = DIRECTION('',(-0.993581845559,-2.51166863474E-17,-0.113115499275
    ));
#1493 = DIRECTION('',(-0.113115499275,2.206194883578E-16,0.993581845559)
  );
#1494 = ADVANCED_FACE('',(#1495),#1514,.F.);
#1495 = FACE_BOUND('',#1496,.F.);
#1496 = EDGE_LOOP('',(#1497,#1505,#1512,#1513));
#1497 = ORIENTED_EDGE('',*,*,#1498,.F.);
#1498 = EDGE_CURVE('',#1499,#362,#1501,.T.);
#1499 = VERTEX_POINT('',#1500);
#1500 = CARTESIAN_POINT('',(-64.55387792639,25.7,-50.95990224999));
#1501 = LINE('',#1502,#1503);
#1502 = CARTESIAN_POINT('',(-64.21453142856,25.7,-53.94064778666));
#1503 = VECTOR('',#1504,1.);
#1504 = DIRECTION('',(-0.113115499275,2.206194883578E-16,0.993581845559)
  );
#1505 = ORIENTED_EDGE('',*,*,#1506,.F.);
#1506 = EDGE_CURVE('',#1460,#1499,#1507,.T.);
#1507 = CIRCLE('',#1508,3.);
#1508 = AXIS2_PLACEMENT_3D('',#1509,#1510,#1511);
#1509 = CARTESIAN_POINT('',(-64.55387792639,22.7,-50.95990224999));
#1510 = DIRECTION('',(0.113115499275,-2.206194883578E-16,-0.993581845559
    ));
#1511 = DIRECTION('',(-0.993581845559,2.51166863474E-17,-0.113115499275)
  );
#1512 = ORIENTED_EDGE('',*,*,#1459,.T.);
#1513 = ORIENTED_EDGE('',*,*,#361,.F.);
#1514 = CYLINDRICAL_SURFACE('',#1515,3.);
#1515 = AXIS2_PLACEMENT_3D('',#1516,#1517,#1518);
#1516 = CARTESIAN_POINT('',(-64.21453142856,22.7,-53.94064778666));
#1517 = DIRECTION('',(-0.113115499275,2.206194883578E-16,0.993581845559)
  );
#1518 = DIRECTION('',(2.495548357537E-17,1.,-2.192035184087E-16));
#1519 = ADVANCED_FACE('',(#1520),#1565,.F.);
#1520 = FACE_BOUND('',#1521,.F.);
#1521 = EDGE_LOOP('',(#1522,#1523,#1524,#1525,#1531,#1532,#1533,#1539,
    #1540,#1541,#1547,#1548,#1549,#1550,#1558,#1564));
#1522 = ORIENTED_EDGE('',*,*,#370,.F.);
#1523 = ORIENTED_EDGE('',*,*,#435,.F.);
#1524 = ORIENTED_EDGE('',*,*,#492,.F.);
#1525 = ORIENTED_EDGE('',*,*,#1526,.F.);
#1526 = EDGE_CURVE('',#1133,#483,#1527,.T.);
#1527 = LINE('',#1528,#1529);
#1528 = CARTESIAN_POINT('',(-62.7486,25.7,-3.552713678801E-15));
#1529 = VECTOR('',#1530,1.);
#1530 = DIRECTION('',(1.,0.,0.));
#1531 = ORIENTED_EDGE('',*,*,#1218,.T.);
#1532 = ORIENTED_EDGE('',*,*,#1260,.T.);
#1533 = ORIENTED_EDGE('',*,*,#1534,.T.);
#1534 = EDGE_CURVE('',#1261,#1395,#1535,.T.);
#1535 = LINE('',#1536,#1537);
#1536 = CARTESIAN_POINT('',(-65.1486,25.7,1.9));
#1537 = VECTOR('',#1538,1.);
#1538 = DIRECTION('',(1.,-7.089115607836E-33,-3.192653840984E-17));
#1539 = ORIENTED_EDGE('',*,*,#1392,.F.);
#1540 = ORIENTED_EDGE('',*,*,#1426,.F.);
#1541 = ORIENTED_EDGE('',*,*,#1542,.F.);
#1542 = EDGE_CURVE('',#703,#1362,#1543,.T.);
#1543 = LINE('',#1544,#1545);
#1544 = CARTESIAN_POINT('',(59.7514,25.7,-3.552713678801E-15));
#1545 = VECTOR('',#1546,1.);
#1546 = DIRECTION('',(1.,0.,0.));
#1547 = ORIENTED_EDGE('',*,*,#710,.F.);
#1548 = ORIENTED_EDGE('',*,*,#662,.F.);
#1549 = ORIENTED_EDGE('',*,*,#589,.F.);
#1550 = ORIENTED_EDGE('',*,*,#1551,.T.);
#1551 = EDGE_CURVE('',#590,#1552,#1554,.T.);
#1552 = VERTEX_POINT('',#1553);
#1553 = CARTESIAN_POINT('',(72.162061988723,25.7,-35.39531451978));
#1554 = LINE('',#1555,#1556);
#1555 = CARTESIAN_POINT('',(70.976702703919,25.7,-24.98337739892));
#1556 = VECTOR('',#1557,1.);
#1557 = DIRECTION('',(0.113115499275,-2.206194883578E-16,-0.993581845559
    ));
#1558 = ORIENTED_EDGE('',*,*,#1559,.F.);
#1559 = EDGE_CURVE('',#1499,#1552,#1560,.T.);
#1560 = LINE('',#1561,#1562);
#1561 = CARTESIAN_POINT('',(-67.53462346306,25.7,-51.29924874781));
#1562 = VECTOR('',#1563,1.);
#1563 = DIRECTION('',(0.993581845559,2.51166863474E-17,0.113115499275));
#1564 = ORIENTED_EDGE('',*,*,#1498,.T.);
#1565 = PLANE('',#1566);
#1566 = AXIS2_PLACEMENT_3D('',#1567,#1568,#1569);
#1567 = CARTESIAN_POINT('',(-0.705140491942,25.7,-21.35276932922));
#1568 = DIRECTION('',(0.,1.,0.));
#1569 = DIRECTION('',(0.,0.,1.));
#1570 = ADVANCED_FACE('',(#1571),#1582,.F.);
#1571 = FACE_BOUND('',#1572,.T.);
#1572 = EDGE_LOOP('',(#1573,#1574,#1575));
#1573 = ORIENTED_EDGE('',*,*,#400,.F.);
#1574 = ORIENTED_EDGE('',*,*,#449,.T.);
#1575 = ORIENTED_EDGE('',*,*,#1576,.F.);
#1576 = EDGE_CURVE('',#401,#450,#1577,.T.);
#1577 = CIRCLE('',#1578,3.);
#1578 = AXIS2_PLACEMENT_3D('',#1579,#1580,#1581);
#1579 = CARTESIAN_POINT('',(-64.55387792639,-22.7,-50.95990224999));
#1580 = DIRECTION('',(0.,-1.,-0.));
#1581 = DIRECTION('',(-0.993581845559,0.,-0.113115499275));
#1582 = SPHERICAL_SURFACE('',#1583,3.);
#1583 = AXIS2_PLACEMENT_3D('',#1584,#1585,#1586);
#1584 = CARTESIAN_POINT('',(-64.55387792639,-22.7,-50.95990224999));
#1585 = DIRECTION('',(0.,1.,0.));
#1586 = DIRECTION('',(-0.993581845559,0.,-0.113115499275));
#1587 = ADVANCED_FACE('',(#1588),#1652,.T.);
#1588 = FACE_BOUND('',#1589,.T.);
#1589 = EDGE_LOOP('',(#1590,#1600,#1612,#1619,#1631,#1637,#1638,#1646));
#1590 = ORIENTED_EDGE('',*,*,#1591,.T.);
#1591 = EDGE_CURVE('',#1592,#1594,#1596,.T.);
#1592 = VERTEX_POINT('',#1593);
#1593 = CARTESIAN_POINT('',(-64.21453142856,22.7,-53.94064778666));
#1594 = VERTEX_POINT('',#1595);
#1595 = CARTESIAN_POINT('',(-64.21453142856,7.866060555965,
    -53.94064778666));
#1596 = LINE('',#1597,#1598);
#1597 = CARTESIAN_POINT('',(-64.21453142856,25.7,-53.94064778666));
#1598 = VECTOR('',#1599,1.);
#1599 = DIRECTION('',(0.,-1.,2.22044604925E-16));
#1600 = ORIENTED_EDGE('',*,*,#1601,.T.);
#1601 = EDGE_CURVE('',#1594,#1602,#1604,.T.);
#1602 = VERTEX_POINT('',#1603);
#1603 = CARTESIAN_POINT('',(-64.32246774264,4.2,-53.95293592388));
#1604 = ( BOUNDED_CURVE() B_SPLINE_CURVE(6,(#1605,#1606,#1607,#1608,
#1609,#1610,#1611),.UNSPECIFIED.,.F.,.F.) B_SPLINE_CURVE_WITH_KNOTS((7,7
),(17.833939444035,21.5),.PIECEWISE_BEZIER_KNOTS.) CURVE() 
GEOMETRIC_REPRESENTATION_ITEM() RATIONAL_B_SPLINE_CURVE((1.,1.,1.,1.,1.,
1.,1.)) REPRESENTATION_ITEM('') );
#1605 = CARTESIAN_POINT('',(-64.21453142856,7.866060555965,
    -53.94064778666));
#1606 = CARTESIAN_POINT('',(-64.21453142856,7.255050463304,
    -53.94064778666));
#1607 = CARTESIAN_POINT('',(-64.24558138061,6.644040370643,
    -53.94418270514));
#1608 = CARTESIAN_POINT('',(-64.28022214064,6.033030277982,
    -53.9481264234));
#1609 = CARTESIAN_POINT('',(-64.30854600555,5.422020185322,
    -53.95135098727));
#1610 = CARTESIAN_POINT('',(-64.32246774276,4.811010092661,
    -53.95293592389));
#1611 = CARTESIAN_POINT('',(-64.32246774264,4.2,-53.95293592388));
#1612 = ORIENTED_EDGE('',*,*,#1613,.T.);
#1613 = EDGE_CURVE('',#1602,#1614,#1616,.T.);
#1614 = VERTEX_POINT('',#1615);
#1615 = CARTESIAN_POINT('',(-64.32246774268,-4.2,-53.95293592389));
#1616 = B_SPLINE_CURVE_WITH_KNOTS('',1,(#1617,#1618),.UNSPECIFIED.,.F.,
  .F.,(2,2),(21.5,29.9),.PIECEWISE_BEZIER_KNOTS.);
#1617 = CARTESIAN_POINT('',(-64.32246774276,4.2,-53.95293592389));
#1618 = CARTESIAN_POINT('',(-64.32246774268,-4.2,-53.95293592389));
#1619 = ORIENTED_EDGE('',*,*,#1620,.T.);
#1620 = EDGE_CURVE('',#1614,#1621,#1623,.T.);
#1621 = VERTEX_POINT('',#1622);
#1622 = CARTESIAN_POINT('',(-64.21453142856,-7.866060555965,
    -53.94064778666));
#1623 = ( BOUNDED_CURVE() B_SPLINE_CURVE(6,(#1624,#1625,#1626,#1627,
#1628,#1629,#1630),.UNSPECIFIED.,.F.,.F.) B_SPLINE_CURVE_WITH_KNOTS((7,7
),(29.9,33.566060555965),.PIECEWISE_BEZIER_KNOTS.) CURVE() 
GEOMETRIC_REPRESENTATION_ITEM() RATIONAL_B_SPLINE_CURVE((1.,1.,1.,1.,1.,
1.,1.)) REPRESENTATION_ITEM('') );
#1624 = CARTESIAN_POINT('',(-64.32246774276,-4.2,-53.95293592389));
#1625 = CARTESIAN_POINT('',(-64.32246774276,-4.811010092661,
    -53.95293592389));
#1626 = CARTESIAN_POINT('',(-64.30854600555,-5.422020185322,
    -53.95135098727));
#1627 = CARTESIAN_POINT('',(-64.28022214064,-6.033030277982,
    -53.9481264234));
#1628 = CARTESIAN_POINT('',(-64.24558138061,-6.644040370643,
    -53.94418270514));
#1629 = CARTESIAN_POINT('',(-64.21453142856,-7.255050463304,
    -53.94064778666));
#1630 = CARTESIAN_POINT('',(-64.21453142856,-7.866060555965,
    -53.94064778666));
#1631 = ORIENTED_EDGE('',*,*,#1632,.T.);
#1632 = EDGE_CURVE('',#1621,#450,#1633,.T.);
#1633 = LINE('',#1634,#1635);
#1634 = CARTESIAN_POINT('',(-64.21453142856,25.7,-53.94064778666));
#1635 = VECTOR('',#1636,1.);
#1636 = DIRECTION('',(0.,-1.,2.22044604925E-16));
#1637 = ORIENTED_EDGE('',*,*,#458,.T.);
#1638 = ORIENTED_EDGE('',*,*,#1639,.F.);
#1639 = EDGE_CURVE('',#1640,#459,#1642,.T.);
#1640 = VERTEX_POINT('',#1641);
#1641 = CARTESIAN_POINT('',(72.501408486547,22.7,-38.37606005646));
#1642 = LINE('',#1643,#1644);
#1643 = CARTESIAN_POINT('',(72.501408486547,25.7,-38.37606005646));
#1644 = VECTOR('',#1645,1.);
#1645 = DIRECTION('',(0.,-1.,2.22044604925E-16));
#1646 = ORIENTED_EDGE('',*,*,#1647,.F.);
#1647 = EDGE_CURVE('',#1592,#1640,#1648,.T.);
#1648 = LINE('',#1649,#1650);
#1649 = CARTESIAN_POINT('',(-67.19527696524,22.7,-54.27999428449));
#1650 = VECTOR('',#1651,1.);
#1651 = DIRECTION('',(0.993581845559,2.51166863474E-17,0.113115499275));
#1652 = PLANE('',#1653);
#1653 = AXIS2_PLACEMENT_3D('',#1654,#1655,#1656);
#1654 = CARTESIAN_POINT('',(-67.19527696524,25.7,-54.27999428449));
#1655 = DIRECTION('',(-0.113115499275,2.206194883578E-16,0.993581845559)
  );
#1656 = DIRECTION('',(0.993581845559,2.51166863474E-17,0.113115499275));
#1657 = ADVANCED_FACE('',(#1658),#1669,.F.);
#1658 = FACE_BOUND('',#1659,.F.);
#1659 = EDGE_LOOP('',(#1660,#1667,#1668));
#1660 = ORIENTED_EDGE('',*,*,#1661,.F.);
#1661 = EDGE_CURVE('',#516,#459,#1662,.T.);
#1662 = CIRCLE('',#1663,3.);
#1663 = AXIS2_PLACEMENT_3D('',#1664,#1665,#1666);
#1664 = CARTESIAN_POINT('',(72.162061988723,-22.7,-35.39531451978));
#1665 = DIRECTION('',(-4.991096715073E-17,1.,2.163624318924E-16));
#1666 = DIRECTION('',(0.113115499275,2.206194883578E-16,-0.993581845559)
  );
#1667 = ORIENTED_EDGE('',*,*,#523,.T.);
#1668 = ORIENTED_EDGE('',*,*,#466,.F.);
#1669 = SPHERICAL_SURFACE('',#1670,3.);
#1670 = AXIS2_PLACEMENT_3D('',#1671,#1672,#1673);
#1671 = CARTESIAN_POINT('',(72.162061988723,-22.7,-35.39531451978));
#1672 = DIRECTION('',(-0.993581845559,-2.51166863474E-17,-0.113115499275
    ));
#1673 = DIRECTION('',(0.113115499275,2.206194883578E-16,-0.993581845559)
  );
#1674 = ADVANCED_FACE('',(#1675),#1693,.F.);
#1675 = FACE_BOUND('',#1676,.F.);
#1676 = EDGE_LOOP('',(#1677,#1678,#1679,#1687));
#1677 = ORIENTED_EDGE('',*,*,#571,.T.);
#1678 = ORIENTED_EDGE('',*,*,#515,.T.);
#1679 = ORIENTED_EDGE('',*,*,#1680,.F.);
#1680 = EDGE_CURVE('',#1681,#516,#1683,.T.);
#1681 = VERTEX_POINT('',#1682);
#1682 = CARTESIAN_POINT('',(75.142807525399,22.7,-35.05596802196));
#1683 = LINE('',#1684,#1685);
#1684 = CARTESIAN_POINT('',(75.142807525399,25.7,-35.05596802196));
#1685 = VECTOR('',#1686,1.);
#1686 = DIRECTION('',(0.,-1.,2.22044604925E-16));
#1687 = ORIENTED_EDGE('',*,*,#1688,.F.);
#1688 = EDGE_CURVE('',#572,#1681,#1689,.T.);
#1689 = LINE('',#1690,#1691);
#1690 = CARTESIAN_POINT('',(73.957448240596,22.7,-24.6440309011));
#1691 = VECTOR('',#1692,1.);
#1692 = DIRECTION('',(0.113115499275,-2.206194883578E-16,-0.993581845559
    ));
#1693 = PLANE('',#1694);
#1694 = AXIS2_PLACEMENT_3D('',#1695,#1696,#1697);
#1695 = CARTESIAN_POINT('',(73.957448240596,25.7,-24.6440309011));
#1696 = DIRECTION('',(0.993581845559,2.51166863474E-17,0.113115499275));
#1697 = DIRECTION('',(0.113115499275,-2.206194883578E-16,-0.993581845559
    ));
#1698 = ADVANCED_FACE('',(#1699),#1710,.T.);
#1699 = FACE_BOUND('',#1700,.T.);
#1700 = EDGE_LOOP('',(#1701,#1702,#1703,#1709));
#1701 = ORIENTED_EDGE('',*,*,#1526,.F.);
#1702 = ORIENTED_EDGE('',*,*,#1150,.T.);
#1703 = ORIENTED_EDGE('',*,*,#1704,.F.);
#1704 = EDGE_CURVE('',#541,#1143,#1705,.T.);
#1705 = LINE('',#1706,#1707);
#1706 = CARTESIAN_POINT('',(4.140395584323,30.601666908884,
    -1.058021414324E-14));
#1707 = VECTOR('',#1708,1.);
#1708 = DIRECTION('',(-0.999986245776,-5.244831573541E-03,
    1.164586554645E-18));
#1709 = ORIENTED_EDGE('',*,*,#540,.F.);
#1710 = PLANE('',#1711);
#1711 = AXIS2_PLACEMENT_3D('',#1712,#1713,#1714);
#1712 = CARTESIAN_POINT('',(-62.7486,25.7,-5.706546346573E-15));
#1713 = DIRECTION('',(0.,-2.22044604925E-16,-1.));
#1714 = DIRECTION('',(1.,0.,0.));
#1715 = ADVANCED_FACE('',(#1716,#1737),#1763,.F.);
#1716 = FACE_BOUND('',#1717,.F.);
#1717 = EDGE_LOOP('',(#1718,#1719,#1720,#1721,#1722,#1723,#1724,#1725,
    #1726,#1727,#1728,#1729,#1730,#1731));
#1718 = ORIENTED_EDGE('',*,*,#733,.F.);
#1719 = ORIENTED_EDGE('',*,*,#741,.F.);
#1720 = ORIENTED_EDGE('',*,*,#798,.F.);
#1721 = ORIENTED_EDGE('',*,*,#866,.F.);
#1722 = ORIENTED_EDGE('',*,*,#918,.F.);
#1723 = ORIENTED_EDGE('',*,*,#986,.F.);
#1724 = ORIENTED_EDGE('',*,*,#1035,.F.);
#1725 = ORIENTED_EDGE('',*,*,#1085,.F.);
#1726 = ORIENTED_EDGE('',*,*,#1142,.F.);
#1727 = ORIENTED_EDGE('',*,*,#1704,.F.);
#1728 = ORIENTED_EDGE('',*,*,#548,.F.);
#1729 = ORIENTED_EDGE('',*,*,#622,.F.);
#1730 = ORIENTED_EDGE('',*,*,#630,.T.);
#1731 = ORIENTED_EDGE('',*,*,#1732,.F.);
#1732 = EDGE_CURVE('',#726,#631,#1733,.T.);
#1733 = LINE('',#1734,#1735);
#1734 = CARTESIAN_POINT('',(-57.82140823505,30.483798454776,
    -4.495655329139));
#1735 = VECTOR('',#1736,1.);
#1736 = DIRECTION('',(0.,-4.602127581844E-02,0.998940459773));
#1737 = FACE_BOUND('',#1738,.F.);
#1738 = EDGE_LOOP('',(#1739,#1749,#1757));
#1739 = ORIENTED_EDGE('',*,*,#1740,.F.);
#1740 = EDGE_CURVE('',#1741,#1743,#1745,.T.);
#1741 = VERTEX_POINT('',#1742);
#1742 = CARTESIAN_POINT('',(-65.28132377099,30.650242884892,
    -8.957790601299));
#1743 = VERTEX_POINT('',#1744);
#1744 = CARTESIAN_POINT('',(-64.701892648,30.217463067705,0.502119022254
    ));
#1745 = LINE('',#1746,#1747);
#1746 = CARTESIAN_POINT('',(-65.3346792072,30.690094309866,
    -9.828882236474));
#1747 = VECTOR('',#1748,1.);
#1748 = DIRECTION('',(6.107301665367E-02,-4.561572192696E-02,
    0.997090413428));
#1749 = ORIENTED_EDGE('',*,*,#1750,.F.);
#1750 = EDGE_CURVE('',#1751,#1741,#1753,.T.);
#1751 = VERTEX_POINT('',#1752);
#1752 = CARTESIAN_POINT('',(17.812456682057,30.650242884892,
    0.502119022254));
#1753 = LINE('',#1754,#1755);
#1754 = CARTESIAN_POINT('',(72.400066860969,30.650242884892,
    6.716710006593));
#1755 = VECTOR('',#1756,1.);
#1756 = DIRECTION('',(-0.993581845559,0.,-0.113115499275));
#1757 = ORIENTED_EDGE('',*,*,#1758,.T.);
#1758 = EDGE_CURVE('',#1751,#1743,#1759,.T.);
#1759 = LINE('',#1760,#1761);
#1760 = CARTESIAN_POINT('',(35.3609241892,30.74228290728,0.502119022254)
  );
#1761 = VECTOR('',#1762,1.);
#1762 = DIRECTION('',(-0.999986245776,-5.244831573541E-03,
    3.309068583973E-17));
#1763 = PLANE('',#1764);
#1764 = AXIS2_PLACEMENT_3D('',#1765,#1766,#1767);
#1765 = CARTESIAN_POINT('',(71.057731134249,30.1,18.507493915634));
#1766 = DIRECTION('',(5.23927461613E-03,-0.998926749222,
    -4.602064417213E-02));
#1767 = DIRECTION('',(0.112994097977,4.631791973438E-02,-0.99251548307)
  );
#1768 = ADVANCED_FACE('',(#1769),#1781,.F.);
#1769 = FACE_BOUND('',#1770,.F.);
#1770 = EDGE_LOOP('',(#1771,#1772,#1773,#1780));
#1771 = ORIENTED_EDGE('',*,*,#597,.T.);
#1772 = ORIENTED_EDGE('',*,*,#1688,.T.);
#1773 = ORIENTED_EDGE('',*,*,#1774,.T.);
#1774 = EDGE_CURVE('',#1681,#1552,#1775,.T.);
#1775 = CIRCLE('',#1776,3.);
#1776 = AXIS2_PLACEMENT_3D('',#1777,#1778,#1779);
#1777 = CARTESIAN_POINT('',(72.162061988723,22.7,-35.39531451978));
#1778 = DIRECTION('',(-0.113115499275,2.847020614497E-16,0.993581845559)
  );
#1779 = DIRECTION('',(7.248732250112E-18,1.,-2.857158861658E-16));
#1780 = ORIENTED_EDGE('',*,*,#1551,.F.);
#1781 = CYLINDRICAL_SURFACE('',#1782,3.);
#1782 = AXIS2_PLACEMENT_3D('',#1783,#1784,#1785);
#1783 = CARTESIAN_POINT('',(70.976702703919,22.7,-24.98337739892));
#1784 = DIRECTION('',(0.113115499275,-2.206194883578E-16,-0.993581845559
    ));
#1785 = DIRECTION('',(2.495548357536E-17,1.,-2.192035184087E-16));
#1786 = ADVANCED_FACE('',(#1787),#1793,.F.);
#1787 = FACE_BOUND('',#1788,.F.);
#1788 = EDGE_LOOP('',(#1789,#1790,#1791,#1792));
#1789 = ORIENTED_EDGE('',*,*,#725,.F.);
#1790 = ORIENTED_EDGE('',*,*,#1732,.T.);
#1791 = ORIENTED_EDGE('',*,*,#638,.T.);
#1792 = ORIENTED_EDGE('',*,*,#677,.F.);
#1793 = PLANE('',#1794);
#1794 = AXIS2_PLACEMENT_3D('',#1795,#1796,#1797);
#1795 = CARTESIAN_POINT('',(-58.12140411752,30.182546199826,
    -4.509534047315));
#1796 = DIRECTION('',(0.708956724567,-0.704504742397,-3.245659613446E-02
    ));
#1797 = DIRECTION('',(8.673617379884E-17,-4.602127581844E-02,
    0.998940459773));
#1798 = ADVANCED_FACE('',(#1799,#1841),#1970,.T.);
#1799 = FACE_BOUND('',#1800,.T.);
#1800 = EDGE_LOOP('',(#1801,#1802,#1803,#1804,#1811,#1812,#1813,#1814,
    #1824,#1825,#1826,#1827,#1828,#1829,#1830,#1831));
#1801 = ORIENTED_EDGE('',*,*,#1303,.F.);
#1802 = ORIENTED_EDGE('',*,*,#1294,.F.);
#1803 = ORIENTED_EDGE('',*,*,#1377,.F.);
#1804 = ORIENTED_EDGE('',*,*,#1805,.F.);
#1805 = EDGE_CURVE('',#775,#1370,#1806,.T.);
#1806 = ELLIPSE('',#1807,1.898385732974E+03,214.73685000176);
#1807 = AXIS2_PLACEMENT_3D('',#1808,#1809,#1810);
#1808 = CARTESIAN_POINT('',(101.33123083885,-183.8561406255,
    4.088815050417E-14));
#1809 = DIRECTION('',(0.,-2.22044604925E-16,-1.));
#1810 = DIRECTION('',(1.,-2.527893042699E-17,5.613050119588E-33));
#1811 = ORIENTED_EDGE('',*,*,#774,.F.);
#1812 = ORIENTED_EDGE('',*,*,#848,.F.);
#1813 = ORIENTED_EDGE('',*,*,#839,.T.);
#1814 = ORIENTED_EDGE('',*,*,#1815,.F.);
#1815 = EDGE_CURVE('',#961,#830,#1816,.T.);
#1816 = B_SPLINE_CURVE_WITH_KNOTS('',6,(#1817,#1818,#1819,#1820,#1821,
    #1822,#1823),.UNSPECIFIED.,.F.,.F.,(7,7),(-1.373682148602,
    4.015382478325),.PIECEWISE_BEZIER_KNOTS.);
#1817 = CARTESIAN_POINT('',(57.821400069022,30.878780459338,
    -5.869480711332));
#1818 = CARTESIAN_POINT('',(57.821399947028,30.882563005964,
    -4.971309259812));
#1819 = CARTESIAN_POINT('',(57.821399929418,30.881895079182,
    -4.073120420964));
#1820 = CARTESIAN_POINT('',(57.82140015683,30.876776663307,
    -3.174944271669));
#1821 = CARTESIAN_POINT('',(57.821400474335,30.867207730477,
    -2.276800804945));
#1822 = CARTESIAN_POINT('',(57.821400944759,30.853188872147,
    -1.378729322199));
#1823 = CARTESIAN_POINT('',(57.821401642054,30.834720498369,
    -0.480748286462));
#1824 = ORIENTED_EDGE('',*,*,#960,.F.);
#1825 = ORIENTED_EDGE('',*,*,#951,.F.);
#1826 = ORIENTED_EDGE('',*,*,#1019,.F.);
#1827 = ORIENTED_EDGE('',*,*,#1067,.F.);
#1828 = ORIENTED_EDGE('',*,*,#1117,.F.);
#1829 = ORIENTED_EDGE('',*,*,#1191,.F.);
#1830 = ORIENTED_EDGE('',*,*,#1182,.T.);
#1831 = ORIENTED_EDGE('',*,*,#1832,.F.);
#1832 = EDGE_CURVE('',#1304,#1173,#1833,.T.);
#1833 = B_SPLINE_CURVE_WITH_KNOTS('',6,(#1834,#1835,#1836,#1837,#1838,
    #1839,#1840),.UNSPECIFIED.,.F.,.F.,(7,7),(-1.373658179999,
    4.015304613449),.PIECEWISE_BEZIER_KNOTS.);
#1834 = CARTESIAN_POINT('',(64.678598879529,30.849372963182,
    -0.480662360999));
#1835 = CARTESIAN_POINT('',(64.678599370972,30.864618078332,
    -1.378697122939));
#1836 = CARTESIAN_POINT('',(64.678599843464,30.875413445931,
    -2.276806844357));
#1837 = CARTESIAN_POINT('',(64.678600020081,30.881758661275,
    -3.174961549208));
#1838 = CARTESIAN_POINT('',(64.678600097523,30.883653447587,
    -4.073140801716));
#1839 = CARTESIAN_POINT('',(64.678600028449,30.881097888227,
    -4.971305931658));
#1840 = CARTESIAN_POINT('',(64.678599764165,30.874092162389,
    -5.869437940853));
#1841 = FACE_BOUND('',#1842,.T.);
#1842 = EDGE_LOOP('',(#1843,#1873,#1892,#1901,#1909,#1928,#1940,#1941));
#1843 = ORIENTED_EDGE('',*,*,#1844,.F.);
#1844 = EDGE_CURVE('',#1845,#1847,#1849,.T.);
#1845 = VERTEX_POINT('',#1846);
#1846 = CARTESIAN_POINT('',(68.682866017593,30.711032397002,
    -12.30683489735));
#1847 = VERTEX_POINT('',#1848);
#1848 = CARTESIAN_POINT('',(64.9452090714,30.831129209292,0.501612855245
    ));
#1849 = B_SPLINE_CURVE_WITH_KNOTS('',8,(#1850,#1851,#1852,#1853,#1854,
    #1855,#1856,#1857,#1858,#1859,#1860,#1861,#1862,#1863,#1864,#1865,
    #1866,#1867,#1868,#1869,#1870,#1871,#1872),.UNSPECIFIED.,.F.,.F.,(9,
    7,7,9),(29.346513513777,29.525049402324,44.87165436797,
    46.281097012121),.UNSPECIFIED.);
#1850 = CARTESIAN_POINT('',(68.682866017593,30.711032397002,
    -12.30683489735));
#1851 = CARTESIAN_POINT('',(68.676900225761,30.711865736307,
    -12.28642840264));
#1852 = CARTESIAN_POINT('',(68.670928391596,30.712697647488,
    -12.26599950943));
#1853 = CARTESIAN_POINT('',(68.664950332396,30.713528144649,
    -12.24554763078));
#1854 = CARTESIAN_POINT('',(68.658965865428,30.71435724188,
    -12.2250721797));
#1855 = CARTESIAN_POINT('',(68.652974808002,30.715184953291,
    -12.20457256926));
#1856 = CARTESIAN_POINT('',(68.646976977384,30.716011292972,
    -12.18404821247));
#1857 = CARTESIAN_POINT('',(68.640972190872,30.716836275026,
    -12.16349852238));
#1858 = CARTESIAN_POINT('',(68.11818663159,30.78845831259,
    -10.37428263176));
#1859 = CARTESIAN_POINT('',(67.57250813417,30.845878113871,
    -8.500022313124));
#1860 = CARTESIAN_POINT('',(67.037591445051,30.880274755115,
    -6.672455863176));
#1861 = CARTESIAN_POINT('',(66.50399169506,30.89807651792,
    -4.837920448583));
#1862 = CARTESIAN_POINT('',(65.967309990513,30.89591826938,
    -3.002596276551));
#1863 = CARTESIAN_POINT('',(65.432544858284,30.875303158892,
    -1.168249596863));
#1864 = CARTESIAN_POINT('',(64.897195316051,30.83569434255,
    0.666154279182));
#1865 = CARTESIAN_POINT('',(64.312956729713,30.77185785417,
    2.668421639021));
#1866 = CARTESIAN_POINT('',(64.263760978919,30.766482509153,
    2.837022358592));
#1867 = CARTESIAN_POINT('',(64.21451297448,30.761101454672,
    3.005802158713));
#1868 = CARTESIAN_POINT('',(64.165212716397,30.755714690726,
    3.174761039384));
#1869 = CARTESIAN_POINT('',(64.115860204668,30.750322217317,
    3.343899000605));
#1870 = CARTESIAN_POINT('',(64.066455439295,30.744924034444,
    3.513216042376));
#1871 = CARTESIAN_POINT('',(64.016998420277,30.739520142107,
    3.682712164698));
#1872 = CARTESIAN_POINT('',(63.967489147614,30.734110540305,
    3.852387367569));
#1873 = ORIENTED_EDGE('',*,*,#1874,.F.);
#1874 = EDGE_CURVE('',#1875,#1845,#1877,.T.);
#1875 = VERTEX_POINT('',#1876);
#1876 = CARTESIAN_POINT('',(70.635239472743,30.093456962488,
    -21.98403893872));
#1877 = ( BOUNDED_CURVE() B_SPLINE_CURVE(7,(#1878,#1879,#1880,#1881,
    #1882,#1883,#1884,#1885,#1886,#1887,#1888,#1889,#1890,#1891),
.UNSPECIFIED.,.F.,.F.) B_SPLINE_CURVE_WITH_KNOTS((8,6,8),(
    18.657679381115,19.083514020316,29.346513513777),.UNSPECIFIED.) 
CURVE() GEOMETRIC_REPRESENTATION_ITEM() RATIONAL_B_SPLINE_CURVE((1.,1.,
1.,1.,1.,1.,1.,1.,1.,1.,1.,1.,1.,1.)) REPRESENTATION_ITEM('') );
#1878 = CARTESIAN_POINT('',(70.635239472741,30.093456962489,
    -21.9840389387));
#1879 = CARTESIAN_POINT('',(70.628327891825,30.098703474646,
    -21.92332912116));
#1880 = CARTESIAN_POINT('',(70.621374804861,30.103910059593,
    -21.86286137497));
#1881 = CARTESIAN_POINT('',(70.614236361847,30.109179320829,
    -21.80139997326));
#1882 = CARTESIAN_POINT('',(70.607212147241,30.114296057348,
    -21.74153020109));
#1883 = CARTESIAN_POINT('',(70.600061064142,30.119436566449,
    -21.68115060426));
#1884 = CARTESIAN_POINT('',(70.592423411339,30.124859272662,
    -21.61715601553));
#1885 = CARTESIAN_POINT('',(70.422383413356,30.243270527881,
    -20.21540466972));
#1886 = CARTESIAN_POINT('',(70.223203843189,30.34630145122,
    -18.88128849448));
#1887 = CARTESIAN_POINT('',(69.985918886805,30.439498043679,
    -17.54577976905));
#1888 = CARTESIAN_POINT('',(69.716889675702,30.522587394897,
    -16.22968784169));
#1889 = CARTESIAN_POINT('',(69.402000602594,30.59503668463,
    -14.90071246635));
#1890 = CARTESIAN_POINT('',(69.074796299957,30.65628511148,
    -13.64746552274));
#1891 = CARTESIAN_POINT('',(68.682866017593,30.711032397002,
    -12.30683489735));
#1892 = ORIENTED_EDGE('',*,*,#1893,.F.);
#1893 = EDGE_CURVE('',#1894,#1875,#1896,.T.);
#1894 = VERTEX_POINT('',#1895);
#1895 = CARTESIAN_POINT('',(72.522355100547,28.000280903618,
    -38.56005053992));
#1896 = CIRCLE('',#1897,214.73685000176);
#1897 = AXIS2_PLACEMENT_3D('',#1898,#1899,#1900);
#1898 = CARTESIAN_POINT('',(68.557222960538,-183.8561406255,
    -3.731195654356));
#1899 = DIRECTION('',(0.993581845559,-2.428612866368E-17,0.113115499275)
  );
#1900 = DIRECTION('',(1.846507546319E-02,0.986586240449,-0.162193190807)
  );
#1901 = ORIENTED_EDGE('',*,*,#1902,.T.);
#1902 = EDGE_CURVE('',#1894,#1903,#1905,.T.);
#1903 = VERTEX_POINT('',#1904);
#1904 = CARTESIAN_POINT('',(-64.19187471611,28.000280903618,
    -54.12444358194));
#1905 = LINE('',#1906,#1907);
#1906 = CARTESIAN_POINT('',(77.490264328341,28.000280903618,
    -37.99447304354));
#1907 = VECTOR('',#1908,1.);
#1908 = DIRECTION('',(-0.993581845559,0.,-0.113115499275));
#1909 = ORIENTED_EDGE('',*,*,#1910,.T.);
#1910 = EDGE_CURVE('',#1903,#1911,#1913,.T.);
#1911 = VERTEX_POINT('',#1912);
#1912 = CARTESIAN_POINT('',(-65.34748276884,30.70009442431,
    -10.11335957431));
#1913 = ( BOUNDED_CURVE() B_SPLINE_CURVE(5,(#1914,#1915,#1916,#1917,
    #1918,#1919,#1920,#1921,#1922,#1923,#1924,#1925,#1926,#1927),
.UNSPECIFIED.,.F.,.F.) B_SPLINE_CURVE_WITH_KNOTS((6,4,4,6),(
    1.843634301144,21.579688759694,46.720889952872,46.94274812405),
.UNSPECIFIED.) CURVE() GEOMETRIC_REPRESENTATION_ITEM() 
RATIONAL_B_SPLINE_CURVE((1.,1.,1.,1.,1.,1.,1.,1.,1.,1.,1.,1.,1.,1.)) 
REPRESENTATION_ITEM('') );
#1914 = CARTESIAN_POINT('',(-64.19187471611,28.000280903618,
    -54.12444358194));
#1915 = CARTESIAN_POINT('',(-64.60808116662,28.629254629178,
    -50.34610179731));
#1916 = CARTESIAN_POINT('',(-64.95956910143,29.175467663325,
    -46.5305590599));
#1917 = CARTESIAN_POINT('',(-65.24306639933,29.63582401731,
    -42.68860719686));
#1918 = CARTESIAN_POINT('',(-65.45674501117,30.009007790831,
    -38.82851158224));
#1919 = CARTESIAN_POINT('',(-65.78189689503,30.658887425714,
    -30.02931411888));
#1920 = CARTESIAN_POINT('',(-65.84937410889,30.881191861136,
    -25.08421591409));
#1921 = CARTESIAN_POINT('',(-65.80028621937,30.9611554502,
    -20.14177808963));
#1922 = CARTESIAN_POINT('',(-65.63610949664,30.902046156035,
    -15.22076241738));
#1923 = CARTESIAN_POINT('',(-65.35748269548,30.707142175794,
    -10.28895008381));
#1924 = CARTESIAN_POINT('',(-65.35501134269,30.705407867907,
    -10.2453366783));
#1925 = CARTESIAN_POINT('',(-65.35251488961,30.703650737943,
    -10.20142022947));
#1926 = CARTESIAN_POINT('',(-65.35000235781,30.701877389034,
    -10.15737108044));
#1927 = CARTESIAN_POINT('',(-65.34748276884,30.70009442431,
    -10.11335957431));
#1928 = ORIENTED_EDGE('',*,*,#1929,.T.);
#1929 = EDGE_CURVE('',#1911,#1741,#1930,.T.);
#1930 = ( BOUNDED_CURVE() B_SPLINE_CURVE(8,(#1931,#1932,#1933,#1934,
    #1935,#1936,#1937,#1938,#1939),.UNSPECIFIED.,.F.,.F.) 
B_SPLINE_CURVE_WITH_KNOTS((9,9),(46.94274812405,48.109116875617),
.PIECEWISE_BEZIER_KNOTS.) CURVE() GEOMETRIC_REPRESENTATION_ITEM() 
RATIONAL_B_SPLINE_CURVE((1.,1.,1.,1.,1.,1.,1.,1.,1.)) 
REPRESENTATION_ITEM('') );
#1931 = CARTESIAN_POINT('',(-65.34748276884,30.70009442431,
    -10.11335957431));
#1932 = CARTESIAN_POINT('',(-65.33920391603,30.694235967733,
    -9.96874678752));
#1933 = CARTESIAN_POINT('',(-65.33091759904,30.688262917804,
    -9.823993210226));
#1934 = CARTESIAN_POINT('',(-65.32268974295,30.68222652827,
    -9.680337524476));
#1935 = CARTESIAN_POINT('',(-65.31436996928,30.67601102809,
    -9.534956147168));
#1936 = CARTESIAN_POINT('',(-65.30614060051,30.669756406058,
    -9.391269284986));
#1937 = CARTESIAN_POINT('',(-65.29785681007,30.663351601895,
    -9.246559641573));
#1938 = CARTESIAN_POINT('',(-65.28959125404,30.656852209547,
    -9.102194203765));
#1939 = CARTESIAN_POINT('',(-65.28132377099,30.650242884892,
    -8.957790601299));
#1940 = ORIENTED_EDGE('',*,*,#1750,.F.);
#1941 = ORIENTED_EDGE('',*,*,#1942,.F.);
#1942 = EDGE_CURVE('',#1847,#1751,#1943,.T.);
#1943 = B_SPLINE_CURVE_WITH_KNOTS('',9,(#1944,#1945,#1946,#1947,#1948,
    #1949,#1950,#1951,#1952,#1953,#1954,#1955,#1956,#1957,#1958,#1959,
    #1960,#1961,#1962,#1963,#1964,#1965,#1966,#1967,#1968,#1969),
  .UNSPECIFIED.,.F.,.F.,(10,8,8,10),(586.91294088614,587.4431542549,
    616.73169554815,634.45993241582),.UNSPECIFIED.);
#1944 = CARTESIAN_POINT('',(64.945209117712,30.831129037506,
    0.501612848539));
#1945 = CARTESIAN_POINT('',(64.884244707985,30.830985695014,
    0.50138471116));
#1946 = CARTESIAN_POINT('',(64.823663822694,30.830841971801,
    0.501207141214));
#1947 = CARTESIAN_POINT('',(64.763438537782,30.830698024999,
    0.501069573531));
#1948 = CARTESIAN_POINT('',(64.703542163652,30.830553970451,
    0.500963565723));
#1949 = CARTESIAN_POINT('',(64.643947981634,30.830409890836,
    0.500882260844));
#1950 = CARTESIAN_POINT('',(64.584627980669,30.83026584392,
    0.500819850048));
#1951 = CARTESIAN_POINT('',(64.525551593723,30.830121870647,
    0.500771035252));
#1952 = CARTESIAN_POINT('',(64.466684434471,30.829978003391,
    0.500730491789));
#1953 = CARTESIAN_POINT('',(61.165591904413,30.821894787572,
    0.49858436515));
#1954 = CARTESIAN_POINT('',(57.971378111255,30.813235819636,
    0.502867344768));
#1955 = CARTESIAN_POINT('',(54.752409631618,30.804086981561,
    0.495468785197));
#1956 = CARTESIAN_POINT('',(51.542234201831,30.793875887972,
    0.505962270793));
#1957 = CARTESIAN_POINT('',(48.308427085166,30.783283329938,
    0.498076769719));
#1958 = CARTESIAN_POINT('',(45.083598400902,30.771762628041,
    0.502589450557));
#1959 = CARTESIAN_POINT('',(41.852438129085,30.759639158808,
    0.501204390647));
#1960 = CARTESIAN_POINT('',(38.62230687127,30.746781558635,
    0.501594790977));
#1961 = CARTESIAN_POINT('',(33.437048001763,30.72502453781,
    0.501803052084));
#1962 = CARTESIAN_POINT('',(31.481980036704,30.716564321727,
    0.501879368065));
#1963 = CARTESIAN_POINT('',(29.527140356692,30.707848408177,
    0.501947879907));
#1964 = CARTESIAN_POINT('',(27.572685168372,30.698877704123,0.5020055656
    ));
#1965 = CARTESIAN_POINT('',(25.618787639035,30.689653245463,
    0.502051285309));
#1966 = CARTESIAN_POINT('',(23.6656312108,30.680176193159,0.502085092776
    ));
#1967 = CARTESIAN_POINT('',(21.713402915296,30.670447829758,
    0.502107546723));
#1968 = CARTESIAN_POINT('',(19.762286687849,30.660469555529,
    0.502119022254));
#1969 = CARTESIAN_POINT('',(17.812456682057,30.650242884892,
    0.502119022254));
#1970 = CYLINDRICAL_SURFACE('',#1971,214.73685000176);
#1971 = AXIS2_PLACEMENT_3D('',#1972,#1973,#1974);
#1972 = CARTESIAN_POINT('',(73.525132188331,-183.8561406255,
    -3.165618157981));
#1973 = DIRECTION('',(0.993581845559,0.,0.113115499275));
#1974 = DIRECTION('',(-0.113115499275,0.,0.993581845559));
#1975 = ADVANCED_FACE('',(#1976),#1982,.T.);
#1976 = FACE_BOUND('',#1977,.T.);
#1977 = EDGE_LOOP('',(#1978,#1979,#1980,#1981));
#1978 = ORIENTED_EDGE('',*,*,#1542,.F.);
#1979 = ORIENTED_EDGE('',*,*,#783,.T.);
#1980 = ORIENTED_EDGE('',*,*,#1805,.T.);
#1981 = ORIENTED_EDGE('',*,*,#1369,.F.);
#1982 = PLANE('',#1983);
#1983 = AXIS2_PLACEMENT_3D('',#1984,#1985,#1986);
#1984 = CARTESIAN_POINT('',(59.7514,25.7,-5.706546346573E-15));
#1985 = DIRECTION('',(0.,-2.22044604925E-16,-1.));
#1986 = DIRECTION('',(1.,0.,0.));
#1987 = ADVANCED_FACE('',(#1988),#1994,.F.);
#1988 = FACE_BOUND('',#1989,.F.);
#1989 = EDGE_LOOP('',(#1990,#1991,#1992,#1993));
#1990 = ORIENTED_EDGE('',*,*,#969,.T.);
#1991 = ORIENTED_EDGE('',*,*,#899,.T.);
#1992 = ORIENTED_EDGE('',*,*,#829,.F.);
#1993 = ORIENTED_EDGE('',*,*,#1815,.F.);
#1994 = B_SPLINE_SURFACE_WITH_KNOTS('',1,6,(
    (#1995,#1996,#1997,#1998,#1999,#2000,#2001)
    ,(#2002,#2003,#2004,#2005,#2006,#2007,#2008
  )),.UNSPECIFIED.,.F.,.F.,.F.,(2,2),(7,7),(0.,5.389064626928),(
    -1.373682148602,4.015382478325),.PIECEWISE_BEZIER_KNOTS.);
#1995 = CARTESIAN_POINT('',(57.821400069022,30.878780459338,
    -5.869480711332));
#1996 = CARTESIAN_POINT('',(57.821399947028,30.882563005964,
    -4.971309259812));
#1997 = CARTESIAN_POINT('',(57.821399929418,30.881895079182,
    -4.073120420964));
#1998 = CARTESIAN_POINT('',(57.82140015683,30.876776663307,
    -3.174944271669));
#1999 = CARTESIAN_POINT('',(57.821400474335,30.867207730477,
    -2.276800804945));
#2000 = CARTESIAN_POINT('',(57.821400944759,30.853188872147,
    -1.378729322199));
#2001 = CARTESIAN_POINT('',(57.821401642054,30.834720498369,
    -0.480748286462));
#2002 = CARTESIAN_POINT('',(58.4214,30.278498726179,-5.866782710193));
#2003 = CARTESIAN_POINT('',(58.4214,30.282524628797,-4.971054732685));
#2004 = CARTESIAN_POINT('',(58.4214,30.282170046805,-4.075339097343));
#2005 = CARTESIAN_POINT('',(58.4214,30.277344936562,-3.179722872025));
#2006 = CARTESIAN_POINT('',(58.4214,30.268070831205,-2.283924656808));
#2007 = CARTESIAN_POINT('',(58.4214,30.254367973256,-1.38841830358));
#2008 = CARTESIAN_POINT('',(58.4214,30.236246737426,-0.492858118772));
#2009 = ADVANCED_FACE('',(#2010),#2016,.F.);
#2010 = FACE_BOUND('',#2011,.F.);
#2011 = EDGE_LOOP('',(#2012,#2013,#2014,#2015));
#2012 = ORIENTED_EDGE('',*,*,#1312,.T.);
#2013 = ORIENTED_EDGE('',*,*,#1242,.T.);
#2014 = ORIENTED_EDGE('',*,*,#1172,.F.);
#2015 = ORIENTED_EDGE('',*,*,#1832,.F.);
#2016 = B_SPLINE_SURFACE_WITH_KNOTS('',1,6,(
    (#2017,#2018,#2019,#2020,#2021,#2022,#2023)
    ,(#2024,#2025,#2026,#2027,#2028,#2029,#2030
  )),.UNSPECIFIED.,.F.,.F.,.F.,(2,2),(7,7),(0.,5.388962793449),(
    -1.373658179999,4.015304613449),.PIECEWISE_BEZIER_KNOTS.);
#2017 = CARTESIAN_POINT('',(64.678598879529,30.849372963182,
    -0.480662360999));
#2018 = CARTESIAN_POINT('',(64.678599370972,30.864618078332,
    -1.378697122939));
#2019 = CARTESIAN_POINT('',(64.678599843464,30.875413445931,
    -2.276806844357));
#2020 = CARTESIAN_POINT('',(64.678600020081,30.881758661275,
    -3.174961549208));
#2021 = CARTESIAN_POINT('',(64.678600097523,30.883653447587,
    -4.073140801716));
#2022 = CARTESIAN_POINT('',(64.678600028449,30.881097888227,
    -4.971305931658));
#2023 = CARTESIAN_POINT('',(64.678599764165,30.874092162389,
    -5.869437940853));
#2024 = CARTESIAN_POINT('',(64.0786,30.248302926625,-0.491036404683));
#2025 = CARTESIAN_POINT('',(64.0786,30.263760088983,-1.386621277954));
#2026 = CARTESIAN_POINT('',(64.0786,30.27483713839,-2.282250447207));
#2027 = CARTESIAN_POINT('',(64.078600000001,30.28144293137,
    -3.177838018714));
#2028 = CARTESIAN_POINT('',(64.0786,30.283602589105,-4.073665076438));
#2029 = CARTESIAN_POINT('',(64.0786,30.281330303853,-4.969257571588));
#2030 = CARTESIAN_POINT('',(64.0786,30.274640862526,-5.864961019082));
#2031 = ADVANCED_FACE('',(#2032),#2050,.F.);
#2032 = FACE_BOUND('',#2033,.T.);
#2033 = EDGE_LOOP('',(#2034,#2042,#2048,#2049));
#2034 = ORIENTED_EDGE('',*,*,#2035,.F.);
#2035 = EDGE_CURVE('',#2036,#1261,#2038,.T.);
#2036 = VERTEX_POINT('',#2037);
#2037 = CARTESIAN_POINT('',(-65.7486,26.3,2.5));
#2038 = LINE('',#2039,#2040);
#2039 = CARTESIAN_POINT('',(-65.3486,25.9,2.1));
#2040 = VECTOR('',#2041,1.);
#2041 = DIRECTION('',(0.57735026919,-0.57735026919,-0.57735026919));
#2042 = ORIENTED_EDGE('',*,*,#2043,.T.);
#2043 = EDGE_CURVE('',#2036,#1329,#2044,.T.);
#2044 = LINE('',#2045,#2046);
#2045 = CARTESIAN_POINT('',(-65.7486,25.7,2.5));
#2046 = VECTOR('',#2047,1.);
#2047 = DIRECTION('',(0.,-1.,2.22044604925E-16));
#2048 = ORIENTED_EDGE('',*,*,#1328,.T.);
#2049 = ORIENTED_EDGE('',*,*,#1270,.F.);
#2050 = PLANE('',#2051);
#2051 = AXIS2_PLACEMENT_3D('',#2052,#2053,#2054);
#2052 = CARTESIAN_POINT('',(-65.4486,25.7,2.2));
#2053 = DIRECTION('',(-0.707106781187,-1.5636306449E-16,-0.707106781187)
  );
#2054 = DIRECTION('',(4.569192345423E-19,1.,-2.215876856905E-16));
#2055 = ADVANCED_FACE('',(#2056,#2074),#2240,.T.);
#2056 = FACE_BOUND('',#2057,.T.);
#2057 = EDGE_LOOP('',(#2058,#2066,#2067,#2068));
#2058 = ORIENTED_EDGE('',*,*,#2059,.T.);
#2059 = EDGE_CURVE('',#2060,#1337,#2062,.T.);
#2060 = VERTEX_POINT('',#2061);
#2061 = CARTESIAN_POINT('',(65.7486,26.3,2.5));
#2062 = LINE('',#2063,#2064);
#2063 = CARTESIAN_POINT('',(65.7486,25.7,2.5));
#2064 = VECTOR('',#2065,1.);
#2065 = DIRECTION('',(0.,-1.,2.22044604925E-16));
#2066 = ORIENTED_EDGE('',*,*,#1336,.F.);
#2067 = ORIENTED_EDGE('',*,*,#2043,.F.);
#2068 = ORIENTED_EDGE('',*,*,#2069,.T.);
#2069 = EDGE_CURVE('',#2036,#2060,#2070,.T.);
#2070 = LINE('',#2071,#2072);
#2071 = CARTESIAN_POINT('',(-65.1486,26.3,2.5));
#2072 = VECTOR('',#2073,1.);
#2073 = DIRECTION('',(1.,-7.089115607836E-33,-3.192653840984E-17));
#2074 = FACE_BOUND('',#2075,.T.);
#2075 = EDGE_LOOP('',(#2076,#2086,#2117,#2139,#2147,#2169,#2200,#2208,
    #2221,#2229));
#2076 = ORIENTED_EDGE('',*,*,#2077,.T.);
#2077 = EDGE_CURVE('',#2078,#2080,#2082,.T.);
#2078 = VERTEX_POINT('',#2079);
#2079 = CARTESIAN_POINT('',(-64.6909202438,-28.12545055376,2.5));
#2080 = VERTEX_POINT('',#2081);
#2081 = CARTESIAN_POINT('',(17.823429086254,-28.55823037095,2.5));
#2082 = LINE('',#2083,#2084);
#2083 = CARTESIAN_POINT('',(-64.56903031274,-28.12608985471,2.5));
#2084 = VECTOR('',#2085,1.);
#2085 = DIRECTION('',(0.999986245776,-5.244831573542E-03,
    1.393502626868E-17));
#2086 = ORIENTED_EDGE('',*,*,#2087,.T.);
#2087 = EDGE_CURVE('',#2080,#2088,#2090,.T.);
#2088 = VERTEX_POINT('',#2089);
#2089 = CARTESIAN_POINT('',(64.756466733402,-28.75935530955,2.5));
#2090 = B_SPLINE_CURVE_WITH_KNOTS('',9,(#2091,#2092,#2093,#2094,#2095,
    #2096,#2097,#2098,#2099,#2100,#2101,#2102,#2103,#2104,#2105,#2106,
    #2107,#2108,#2109,#2110,#2111,#2112,#2113,#2114,#2115,#2116),
  .UNSPECIFIED.,.F.,.F.,(10,8,8,10),(473.77340653483,491.50087830723,
    520.78818997157,521.31855921377),.UNSPECIFIED.);
#2091 = CARTESIAN_POINT('',(17.823429086254,-28.55823037095,2.5));
#2092 = CARTESIAN_POINT('',(19.773252690319,-28.56845700801,2.5));
#2093 = CARTESIAN_POINT('',(21.724353452215,-28.57868559987,2.5));
#2094 = CARTESIAN_POINT('',(23.676562507188,-28.58890920139,2.5));
#2095 = CARTESIAN_POINT('',(25.629701360598,-28.5991351916,
    2.500000000001));
#2096 = CARTESIAN_POINT('',(27.583585369426,-28.6093751701,2.5));
#2097 = CARTESIAN_POINT('',(29.538027223947,-28.61963485378,2.5));
#2098 = CARTESIAN_POINT('',(31.492840429216,-28.62990397322,2.5));
#2099 = CARTESIAN_POINT('',(33.447842786713,-28.64014616934,2.5));
#2100 = CARTESIAN_POINT('',(38.632716650441,-28.66704553871,2.5));
#2101 = CARTESIAN_POINT('',(41.862585664109,-28.68350364253,2.5));
#2102 = CARTESIAN_POINT('',(45.091973423173,-28.69959397217,2.5));
#2103 = CARTESIAN_POINT('',(48.319388772295,-28.71382658493,2.5));
#2104 = CARTESIAN_POINT('',(51.549283806435,-28.72884031772,2.5));
#2105 = CARTESIAN_POINT('',(54.775911687977,-28.74910212859,2.5));
#2106 = CARTESIAN_POINT('',(57.997443569342,-28.79737630862,2.5));
#2107 = CARTESIAN_POINT('',(61.191855270259,-28.84890750223,2.5));
#2108 = CARTESIAN_POINT('',(64.41918425007,-28.77644264113,2.5));
#2109 = CARTESIAN_POINT('',(64.470874694026,-28.77522839603,2.5));
#2110 = CARTESIAN_POINT('',(64.518145778726,-28.77389664672,2.5));
#2111 = CARTESIAN_POINT('',(64.562072722265,-28.77232812524,2.5));
#2112 = CARTESIAN_POINT('',(64.603532210331,-28.77045657772,2.5));
#2113 = CARTESIAN_POINT('',(64.643223575392,-28.76824884944,2.5));
#2114 = CARTESIAN_POINT('',(64.681689976613,-28.76568497009,2.5));
#2115 = CARTESIAN_POINT('',(64.719339579048,-28.76273823884,2.5));
#2116 = CARTESIAN_POINT('',(64.756466733402,-28.75935530955,2.5));
#2117 = ORIENTED_EDGE('',*,*,#2118,.T.);
#2118 = EDGE_CURVE('',#2088,#2119,#2121,.T.);
#2119 = VERTEX_POINT('',#2120);
#2120 = CARTESIAN_POINT('',(67.5486,-25.85575162707,2.5));
#2121 = B_SPLINE_CURVE_WITH_KNOTS('',6,(#2122,#2123,#2124,#2125,#2126,
    #2127,#2128,#2129,#2130,#2131,#2132,#2133,#2134,#2135,#2136,#2137,
    #2138),.UNSPECIFIED.,.F.,.F.,(7,5,5,7),(521.31855917945,
    522.61168341249,525.48996330867,528.26094975583),.UNSPECIFIED.);
#2122 = CARTESIAN_POINT('',(64.756466711778,-28.75935531152,2.5));
#2123 = CARTESIAN_POINT('',(64.8922495387,-28.74698313605,2.5));
#2124 = CARTESIAN_POINT('',(65.020669164267,-28.72857002504,2.5));
#2125 = CARTESIAN_POINT('',(65.15973995522,-28.70194720635,2.5));
#2126 = CARTESIAN_POINT('',(65.297140014196,-28.66729060207,2.5));
#2127 = CARTESIAN_POINT('',(65.433748976636,-28.62548719495,2.5));
#2128 = CARTESIAN_POINT('',(65.867856014887,-28.46680694111,2.5));
#2129 = CARTESIAN_POINT('',(66.157651013306,-28.32099864066,2.5));
#2130 = CARTESIAN_POINT('',(66.428884135484,-28.13929335223,2.5));
#2131 = CARTESIAN_POINT('',(66.672957050098,-27.92603784502,2.5));
#2132 = CARTESIAN_POINT('',(66.883357467024,-27.68801704582,2.5));
#2133 = CARTESIAN_POINT('',(67.225193509057,-27.18742432916,2.5));
#2134 = CARTESIAN_POINT('',(67.359291967482,-26.92600065091,2.5));
#2135 = CARTESIAN_POINT('',(67.457222662681,-26.65551456328,2.5));
#2136 = CARTESIAN_POINT('',(67.519380177605,-26.38352386971,2.5));
#2137 = CARTESIAN_POINT('',(67.5486,-26.11533096823,2.5));
#2138 = CARTESIAN_POINT('',(67.5486,-25.85575162707,2.5));
#2139 = ORIENTED_EDGE('',*,*,#2140,.T.);
#2140 = EDGE_CURVE('',#2119,#2141,#2143,.T.);
#2141 = VERTEX_POINT('',#2142);
#2142 = CARTESIAN_POINT('',(67.5486,25.855704161881,2.5));
#2143 = LINE('',#2144,#2145);
#2144 = CARTESIAN_POINT('',(67.5486,-25.81622689384,2.5));
#2145 = VECTOR('',#2146,1.);
#2146 = DIRECTION('',(0.,1.,-2.22044604925E-16));
#2147 = ORIENTED_EDGE('',*,*,#2148,.T.);
#2148 = EDGE_CURVE('',#2141,#2149,#2151,.T.);
#2149 = VERTEX_POINT('',#2150);
#2150 = CARTESIAN_POINT('',(64.75635443627,28.759414721312,2.5));
#2151 = B_SPLINE_CURVE_WITH_KNOTS('',6,(#2152,#2153,#2154,#2155,#2156,
    #2157,#2158,#2159,#2160,#2161,#2162,#2163,#2164,#2165,#2166,#2167,
    #2168),.UNSPECIFIED.,.F.,.F.,(7,5,5,7),(579.97240644523,
    582.75725664135,585.63429774235,586.91294094604),.UNSPECIFIED.);
#2152 = CARTESIAN_POINT('',(67.5486,25.855704161881,2.5));
#2153 = CARTESIAN_POINT('',(67.5486,26.116554188605,2.5));
#2154 = CARTESIAN_POINT('',(67.519119122344,26.386043903186,2.5));
#2155 = CARTESIAN_POINT('',(67.456259869139,26.659733103396,2.5));
#2156 = CARTESIAN_POINT('',(67.35732675381,26.931424677423,2.5));
#2157 = CARTESIAN_POINT('',(67.221808222293,27.194041332535,2.5));
#2158 = CARTESIAN_POINT('',(66.87729939054,27.695122267915,2.5));
#2159 = CARTESIAN_POINT('',(66.665962566851,27.932672133719,2.5));
#2160 = CARTESIAN_POINT('',(66.421214412522,28.145179382569,2.5));
#2161 = CARTESIAN_POINT('',(66.149466066987,28.325996592607,2.5));
#2162 = CARTESIAN_POINT('',(65.859189738627,28.470958779289,2.5));
#2163 = CARTESIAN_POINT('',(65.426214938121,28.62779777959,2.5));
#2164 = CARTESIAN_POINT('',(65.291048763111,28.668820022674,2.5));
#2165 = CARTESIAN_POINT('',(65.155157236354,28.702840436152,2.5));
#2166 = CARTESIAN_POINT('',(65.017630520027,28.729029257231,2.5));
#2167 = CARTESIAN_POINT('',(64.890492005133,28.747186925556,2.5));
#2168 = CARTESIAN_POINT('',(64.75635443627,28.759414721312,2.5));
#2169 = ORIENTED_EDGE('',*,*,#2170,.T.);
#2170 = EDGE_CURVE('',#2149,#2171,#2173,.T.);
#2171 = VERTEX_POINT('',#2172);
#2172 = CARTESIAN_POINT('',(17.823429086259,28.558230370952,2.5));
#2173 = B_SPLINE_CURVE_WITH_KNOTS('',9,(#2174,#2175,#2176,#2177,#2178,
    #2179,#2180,#2181,#2182,#2183,#2184,#2185,#2186,#2187,#2188,#2189,
    #2190,#2191,#2192,#2193,#2194,#2195,#2196,#2197,#2198,#2199),
  .UNSPECIFIED.,.F.,.F.,(10,8,8,10),(586.91294088614,587.4431542549,
    616.73169554815,634.45993241582),.UNSPECIFIED.);
#2174 = CARTESIAN_POINT('',(64.756354473973,28.759414717875,2.5));
#2175 = CARTESIAN_POINT('',(64.719272703137,28.762795041385,2.5));
#2176 = CARTESIAN_POINT('',(64.68168298872,28.765737579675,2.5));
#2177 = CARTESIAN_POINT('',(64.643291528822,28.768296186735,2.5));
#2178 = CARTESIAN_POINT('',(64.60368908401,28.770497609973,2.5));
#2179 = CARTESIAN_POINT('',(64.562328759156,28.772361625976,2.5));
#2180 = CARTESIAN_POINT('',(64.518503785665,28.773921176437,2.5));
#2181 = CARTESIAN_POINT('',(64.471325303226,28.775242503867,2.5));
#2182 = CARTESIAN_POINT('',(64.419700142021,28.776445287521,2.5));
#2183 = CARTESIAN_POINT('',(61.192048265972,28.84829034467,2.5));
#2184 = CARTESIAN_POINT('',(57.997562311963,28.797038252071,2.5));
#2185 = CARTESIAN_POINT('',(54.776224381572,28.749052313516,2.5));
#2186 = CARTESIAN_POINT('',(51.549799910132,28.728569623071,2.5));
#2187 = CARTESIAN_POINT('',(48.319997096478,28.713231545489,2.5));
#2188 = CARTESIAN_POINT('',(45.092401392961,28.698954255278,2.5));
#2189 = CARTESIAN_POINT('',(41.862745840958,28.683161929825,2.5));
#2190 = CARTESIAN_POINT('',(38.6328280709,28.666893300598,2.5));
#2191 = CARTESIAN_POINT('',(33.4479421511,28.640126353028,2.5));
#2192 = CARTESIAN_POINT('',(31.492941955318,28.62988192665,2.5));
#2193 = CARTESIAN_POINT('',(29.538116659204,28.619601986235,2.5));
#2194 = CARTESIAN_POINT('',(27.583646475138,28.609341576725,
    2.499999999999));
#2195 = CARTESIAN_POINT('',(25.62972810425,28.599112499873,2.5));
#2196 = CARTESIAN_POINT('',(23.676563043547,28.588901141461,2.5));
#2197 = CARTESIAN_POINT('',(21.724345893404,28.578686298783,2.5));
#2198 = CARTESIAN_POINT('',(19.773252664707,28.568457007878,2.5));
#2199 = CARTESIAN_POINT('',(17.823429086259,28.558230370952,2.5));
#2200 = ORIENTED_EDGE('',*,*,#2201,.T.);
#2201 = EDGE_CURVE('',#2171,#2202,#2204,.T.);
#2202 = VERTEX_POINT('',#2203);
#2203 = CARTESIAN_POINT('',(-64.6909202438,28.125450553765,2.5));
#2204 = LINE('',#2205,#2206);
#2205 = CARTESIAN_POINT('',(35.371896593402,28.650270393339,2.5));
#2206 = VECTOR('',#2207,1.);
#2207 = DIRECTION('',(-0.999986245776,-5.244831573541E-03,
    3.309068583973E-17));
#2208 = ORIENTED_EDGE('',*,*,#2209,.T.);
#2209 = EDGE_CURVE('',#2202,#2210,#2212,.T.);
#2210 = VERTEX_POINT('',#2211);
#2211 = CARTESIAN_POINT('',(-67.54860012539,25.225504304895,2.5));
#2212 = B_SPLINE_CURVE_WITH_KNOTS('',7,(#2213,#2214,#2215,#2216,#2217,
    #2218,#2219,#2220),.UNSPECIFIED.,.F.,.F.,(8,8),(716.97538614814,
    724.58035852721),.PIECEWISE_BEZIER_KNOTS.);
#2213 = CARTESIAN_POINT('',(-64.68995223051,28.125455864912,2.5));
#2214 = CARTESIAN_POINT('',(-65.31697365899,28.121877054267,2.5));
#2215 = CARTESIAN_POINT('',(-65.94918299664,27.949720575869,2.5));
#2216 = CARTESIAN_POINT('',(-66.54372618416,27.609368445169,2.5));
#2217 = CARTESIAN_POINT('',(-67.04206215999,27.107061913638,2.5));
#2218 = CARTESIAN_POINT('',(-67.38041394298,26.501317963903,2.5));
#2219 = CARTESIAN_POINT('',(-67.54837613875,25.857785165518,2.5));
#2220 = CARTESIAN_POINT('',(-67.54860012539,25.225504304895,2.5));
#2221 = ORIENTED_EDGE('',*,*,#2222,.T.);
#2222 = EDGE_CURVE('',#2210,#2223,#2225,.T.);
#2223 = VERTEX_POINT('',#2224);
#2224 = CARTESIAN_POINT('',(-67.5486,-25.22621280879,2.5));
#2225 = LINE('',#2226,#2227);
#2226 = CARTESIAN_POINT('',(-67.5486,25.134886299635,2.5));
#2227 = VECTOR('',#2228,1.);
#2228 = DIRECTION('',(0.,-1.,2.22044604925E-16));
#2229 = ORIENTED_EDGE('',*,*,#2230,.T.);
#2230 = EDGE_CURVE('',#2223,#2078,#2231,.T.);
#2231 = B_SPLINE_CURVE_WITH_KNOTS('',7,(#2232,#2233,#2234,#2235,#2236,
    #2237,#2238,#2239),.UNSPECIFIED.,.F.,.F.,(8,8),(775.03275207559,
    782.63772412957),.PIECEWISE_BEZIER_KNOTS.);
#2232 = CARTESIAN_POINT('',(-67.54860013409,-25.22547973137,2.5));
#2233 = CARTESIAN_POINT('',(-67.54838173122,-25.85776018664,2.5));
#2234 = CARTESIAN_POINT('',(-67.38042523142,-26.50129396265,2.5));
#2235 = CARTESIAN_POINT('',(-67.04207887706,-27.10704056098,2.5));
#2236 = CARTESIAN_POINT('',(-66.54374726839,-27.60935156588,2.5));
#2237 = CARTESIAN_POINT('',(-65.94920663326,-27.94970912505,2.5));
#2238 = CARTESIAN_POINT('',(-65.31699836667,-28.12187125969,2.5));
#2239 = CARTESIAN_POINT('',(-64.68997678726,-28.12545572454,2.5));
#2240 = PLANE('',#2241);
#2241 = AXIS2_PLACEMENT_3D('',#2242,#2243,#2244);
#2242 = CARTESIAN_POINT('',(0.241519954801,7.348581154491E-14,2.5));
#2243 = DIRECTION('',(0.,2.205486978499E-16,1.));
#2244 = DIRECTION('',(0.,-1.,2.205486978499E-16));
#2245 = ADVANCED_FACE('',(#2246),#2257,.T.);
#2246 = FACE_BOUND('',#2247,.F.);
#2247 = EDGE_LOOP('',(#2248,#2254,#2255,#2256));
#2248 = ORIENTED_EDGE('',*,*,#2249,.F.);
#2249 = EDGE_CURVE('',#2060,#1395,#2250,.T.);
#2250 = LINE('',#2251,#2252);
#2251 = CARTESIAN_POINT('',(43.6324,4.1838,-19.6162));
#2252 = VECTOR('',#2253,1.);
#2253 = DIRECTION('',(-0.57735026919,-0.57735026919,-0.57735026919));
#2254 = ORIENTED_EDGE('',*,*,#2059,.T.);
#2255 = ORIENTED_EDGE('',*,*,#1344,.T.);
#2256 = ORIENTED_EDGE('',*,*,#1409,.F.);
#2257 = PLANE('',#2258);
#2258 = AXIS2_PLACEMENT_3D('',#2259,#2260,#2261);
#2259 = CARTESIAN_POINT('',(65.4486,25.7,2.2));
#2260 = DIRECTION('',(-0.707106781187,1.5636306449E-16,0.707106781187));
#2261 = DIRECTION('',(-4.569192345423E-19,1.,-2.215876856905E-16));
#2262 = ADVANCED_FACE('',(#2263),#2301,.T.);
#2263 = FACE_BOUND('',#2264,.T.);
#2264 = EDGE_LOOP('',(#2265,#2266,#2278,#2286,#2295));
#2265 = ORIENTED_EDGE('',*,*,#1440,.F.);
#2266 = ORIENTED_EDGE('',*,*,#2267,.F.);
#2267 = EDGE_CURVE('',#2268,#1441,#2270,.T.);
#2268 = VERTEX_POINT('',#2269);
#2269 = CARTESIAN_POINT('',(-67.44413106364,-4.2,-52.09411422426));
#2270 = ( BOUNDED_CURVE() B_SPLINE_CURVE(6,(#2271,#2272,#2273,#2274,
#2275,#2276,#2277),.UNSPECIFIED.,.F.,.F.) B_SPLINE_CURVE_WITH_KNOTS((7,7
),(29.9,33.566060555965),.PIECEWISE_BEZIER_KNOTS.) CURVE() 
GEOMETRIC_REPRESENTATION_ITEM() RATIONAL_B_SPLINE_CURVE((1.,1.,1.,1.,1.,
1.,1.)) REPRESENTATION_ITEM('') );
#2271 = CARTESIAN_POINT('',(-67.44413106364,-4.2,-52.09411422426));
#2272 = CARTESIAN_POINT('',(-67.44413106364,-4.811010092661,
    -52.09411422426));
#2273 = CARTESIAN_POINT('',(-67.44989101819,-5.422020185322,
    -52.04352004128));
#2274 = CARTESIAN_POINT('',(-67.46140217728,-6.033030277982,
    -51.94240853339));
#2275 = CARTESIAN_POINT('',(-67.47894150826,-6.644040370643,
    -51.78834687995));
#2276 = CARTESIAN_POINT('',(-67.50295112326,-7.255050463304,
    -51.57745166457));
#2277 = CARTESIAN_POINT('',(-67.53462346306,-7.866060555965,
    -51.29924874781));
#2278 = ORIENTED_EDGE('',*,*,#2279,.F.);
#2279 = EDGE_CURVE('',#2280,#2268,#2282,.T.);
#2280 = VERTEX_POINT('',#2281);
#2281 = CARTESIAN_POINT('',(-65.85929164033,-4.2,-50.10205900356));
#2282 = LINE('',#2283,#2284);
#2283 = CARTESIAN_POINT('',(-66.65171135199,-4.2,-51.09808661391));
#2284 = VECTOR('',#2285,1.);
#2285 = DIRECTION('',(-0.622583724064,-1.196260920902E-15,
    -0.782553197253));
#2286 = ORIENTED_EDGE('',*,*,#2287,.T.);
#2287 = EDGE_CURVE('',#2280,#2288,#2290,.T.);
#2288 = VERTEX_POINT('',#2289);
#2289 = CARTESIAN_POINT('',(-67.44290863018,-4.2,-36.19191316574));
#2290 = CIRCLE('',#2291,7.);
#2291 = AXIS2_PLACEMENT_3D('',#2292,#2293,#2294);
#2292 = CARTESIAN_POINT('',(-66.65110013525,-4.2,-43.14698608465));
#2293 = DIRECTION('',(-0.993581845559,-2.51166863474E-17,-0.113115499275
    ));
#2294 = DIRECTION('',(0.113115499275,6.184103163487E-15,-0.993581845559)
  );
#2295 = ORIENTED_EDGE('',*,*,#2296,.T.);
#2296 = EDGE_CURVE('',#2288,#1443,#2297,.T.);
#2297 = LINE('',#2298,#2299);
#2298 = CARTESIAN_POINT('',(-68.43893624053,-4.2,-35.39949345408));
#2299 = VECTOR('',#2300,1.);
#2300 = DIRECTION('',(-0.782553197253,7.395570986447E-32,0.622583724064)
  );
#2301 = CONICAL_SURFACE('',#2302,7.,0.785398163397);
#2302 = AXIS2_PLACEMENT_3D('',#2303,#2304,#2305);
#2303 = CARTESIAN_POINT('',(-66.65110013525,-4.2,-43.14698608465));
#2304 = DIRECTION('',(-0.993581845559,-2.51166863474E-17,-0.113115499275
    ));
#2305 = DIRECTION('',(0.113115499275,6.184103163487E-15,-0.993581845559)
  );
#2306 = ADVANCED_FACE('',(#2307),#2318,.F.);
#2307 = FACE_BOUND('',#2308,.F.);
#2308 = EDGE_LOOP('',(#2309,#2315,#2316,#2317));
#2309 = ORIENTED_EDGE('',*,*,#2310,.T.);
#2310 = EDGE_CURVE('',#1441,#1621,#2311,.T.);
#2311 = ( BOUNDED_CURVE() B_SPLINE_CURVE(2,(#2312,#2313,#2314),
.UNSPECIFIED.,.F.,.F.) B_SPLINE_CURVE_WITH_KNOTS((3,3),(0.,
3.666060555965),.PIECEWISE_BEZIER_KNOTS.) CURVE() 
GEOMETRIC_REPRESENTATION_ITEM() RATIONAL_B_SPLINE_CURVE((1.,
0.707106781187,1.)) REPRESENTATION_ITEM('') );
#2312 = CARTESIAN_POINT('',(-67.53462346306,-7.866060555965,
    -51.29924874781));
#2313 = CARTESIAN_POINT('',(-67.19527696524,-7.866060555965,
    -54.27999428449));
#2314 = CARTESIAN_POINT('',(-64.21453142856,-7.866060555965,
    -53.94064778666));
#2315 = ORIENTED_EDGE('',*,*,#1632,.T.);
#2316 = ORIENTED_EDGE('',*,*,#1576,.F.);
#2317 = ORIENTED_EDGE('',*,*,#1451,.F.);
#2318 = CYLINDRICAL_SURFACE('',#2319,3.);
#2319 = AXIS2_PLACEMENT_3D('',#2320,#2321,#2322);
#2320 = CARTESIAN_POINT('',(-64.55387792639,25.7,-50.95990224999));
#2321 = DIRECTION('',(0.,-1.,2.22044604925E-16));
#2322 = DIRECTION('',(-0.993581845559,-2.51166863474E-17,-0.113115499275
    ));
#2323 = ADVANCED_FACE('',(#2324),#2342,.T.);
#2324 = FACE_BOUND('',#2325,.T.);
#2325 = EDGE_LOOP('',(#2326,#2327,#2335,#2341));
#2326 = ORIENTED_EDGE('',*,*,#2296,.F.);
#2327 = ORIENTED_EDGE('',*,*,#2328,.T.);
#2328 = EDGE_CURVE('',#2288,#2329,#2331,.T.);
#2329 = VERTEX_POINT('',#2330);
#2330 = CARTESIAN_POINT('',(-67.44290863018,4.2,-36.19191316574));
#2331 = LINE('',#2332,#2333);
#2332 = CARTESIAN_POINT('',(-67.44290863018,-4.2,-36.19191316574));
#2333 = VECTOR('',#2334,1.);
#2334 = DIRECTION('',(0.,1.,0.));
#2335 = ORIENTED_EDGE('',*,*,#2336,.T.);
#2336 = EDGE_CURVE('',#2329,#1476,#2337,.T.);
#2337 = LINE('',#2338,#2339);
#2338 = CARTESIAN_POINT('',(-68.43893624053,4.2,-35.39949345408));
#2339 = VECTOR('',#2340,1.);
#2340 = DIRECTION('',(-0.782553197253,7.395570986447E-32,0.622583724064)
  );
#2341 = ORIENTED_EDGE('',*,*,#1484,.F.);
#2342 = PLANE('',#2343);
#2343 = AXIS2_PLACEMENT_3D('',#2344,#2345,#2346);
#2344 = CARTESIAN_POINT('',(-68.43893624053,-4.2,-35.39949345408));
#2345 = DIRECTION('',(0.622583724064,3.990531173614E-16,0.782553197253)
  );
#2346 = DIRECTION('',(-2.484439759061E-16,1.,-3.122802928649E-16));
#2347 = ADVANCED_FACE('',(#2348),#2379,.T.);
#2348 = FACE_BOUND('',#2349,.T.);
#2349 = EDGE_LOOP('',(#2350,#2351,#2352,#2361,#2369));
#2350 = ORIENTED_EDGE('',*,*,#1475,.F.);
#2351 = ORIENTED_EDGE('',*,*,#2336,.F.);
#2352 = ORIENTED_EDGE('',*,*,#2353,.T.);
#2353 = EDGE_CURVE('',#2329,#2354,#2356,.T.);
#2354 = VERTEX_POINT('',#2355);
#2355 = CARTESIAN_POINT('',(-65.85929164033,4.2,-50.10205900356));
#2356 = CIRCLE('',#2357,7.);
#2357 = AXIS2_PLACEMENT_3D('',#2358,#2359,#2360);
#2358 = CARTESIAN_POINT('',(-66.65110013525,4.2,-43.14698608465));
#2359 = DIRECTION('',(-0.993581845559,-2.51166863474E-17,-0.113115499275
    ));
#2360 = DIRECTION('',(-0.113115499275,7.944415627281E-16,0.993581845559)
  );
#2361 = ORIENTED_EDGE('',*,*,#2362,.T.);
#2362 = EDGE_CURVE('',#2354,#2363,#2365,.T.);
#2363 = VERTEX_POINT('',#2364);
#2364 = CARTESIAN_POINT('',(-67.44413106364,4.2,-52.09411422426));
#2365 = LINE('',#2366,#2367);
#2366 = CARTESIAN_POINT('',(-65.85929164033,4.2,-50.10205900356));
#2367 = VECTOR('',#2368,1.);
#2368 = DIRECTION('',(-0.622583724064,1.018370912917E-14,-0.782553197253
    ));
#2369 = ORIENTED_EDGE('',*,*,#2370,.F.);
#2370 = EDGE_CURVE('',#1468,#2363,#2371,.T.);
#2371 = ( BOUNDED_CURVE() B_SPLINE_CURVE(6,(#2372,#2373,#2374,#2375,
#2376,#2377,#2378),.UNSPECIFIED.,.F.,.F.) B_SPLINE_CURVE_WITH_KNOTS((7,7
),(17.833939444035,21.5),.PIECEWISE_BEZIER_KNOTS.) CURVE() 
GEOMETRIC_REPRESENTATION_ITEM() RATIONAL_B_SPLINE_CURVE((1.,1.,1.,1.,1.,
1.,1.)) REPRESENTATION_ITEM('') );
#2372 = CARTESIAN_POINT('',(-67.53462346306,7.866060555965,
    -51.29924874781));
#2373 = CARTESIAN_POINT('',(-67.50295112326,7.255050463304,
    -51.57745166457));
#2374 = CARTESIAN_POINT('',(-67.47894150826,6.644040370643,
    -51.78834687995));
#2375 = CARTESIAN_POINT('',(-67.46140217728,6.033030277982,
    -51.94240853339));
#2376 = CARTESIAN_POINT('',(-67.44989101819,5.422020185322,
    -52.04352004128));
#2377 = CARTESIAN_POINT('',(-67.44413106364,4.811010092661,
    -52.09411422426));
#2378 = CARTESIAN_POINT('',(-67.44413106364,4.2,-52.09411422426));
#2379 = CONICAL_SURFACE('',#2380,7.,0.785398163397);
#2380 = AXIS2_PLACEMENT_3D('',#2381,#2382,#2383);
#2381 = CARTESIAN_POINT('',(-66.65110013525,4.2,-43.14698608465));
#2382 = DIRECTION('',(-0.993581845559,-2.51166863474E-17,-0.113115499275
    ));
#2383 = DIRECTION('',(-0.113115499275,7.944415627281E-16,0.993581845559)
  );
#2384 = ADVANCED_FACE('',(#2385),#2403,.F.);
#2385 = FACE_BOUND('',#2386,.F.);
#2386 = EDGE_LOOP('',(#2387,#2394,#2395,#2402));
#2387 = ORIENTED_EDGE('',*,*,#2388,.F.);
#2388 = EDGE_CURVE('',#1592,#1460,#2389,.T.);
#2389 = CIRCLE('',#2390,3.);
#2390 = AXIS2_PLACEMENT_3D('',#2391,#2392,#2393);
#2391 = CARTESIAN_POINT('',(-64.55387792639,22.7,-50.95990224999));
#2392 = DIRECTION('',(4.991096715073E-17,1.,-2.163624318924E-16));
#2393 = DIRECTION('',(-0.993581845559,2.51166863474E-17,-0.113115499275)
  );
#2394 = ORIENTED_EDGE('',*,*,#1591,.T.);
#2395 = ORIENTED_EDGE('',*,*,#2396,.F.);
#2396 = EDGE_CURVE('',#1468,#1594,#2397,.T.);
#2397 = CIRCLE('',#2398,3.);
#2398 = AXIS2_PLACEMENT_3D('',#2399,#2400,#2401);
#2399 = CARTESIAN_POINT('',(-64.55387792639,7.866060555965,
    -50.95990224999));
#2400 = DIRECTION('',(0.,-1.,2.22044604925E-16));
#2401 = DIRECTION('',(-0.993581845559,-2.51166863474E-17,-0.113115499275
    ));
#2402 = ORIENTED_EDGE('',*,*,#1467,.F.);
#2403 = CYLINDRICAL_SURFACE('',#2404,3.);
#2404 = AXIS2_PLACEMENT_3D('',#2405,#2406,#2407);
#2405 = CARTESIAN_POINT('',(-64.55387792639,25.7,-50.95990224999));
#2406 = DIRECTION('',(0.,-1.,2.22044604925E-16));
#2407 = DIRECTION('',(-0.993581845559,-2.51166863474E-17,-0.113115499275
    ));
#2408 = ADVANCED_FACE('',(#2409),#2420,.F.);
#2409 = FACE_BOUND('',#2410,.T.);
#2410 = EDGE_LOOP('',(#2411,#2412,#2419));
#2411 = ORIENTED_EDGE('',*,*,#2388,.F.);
#2412 = ORIENTED_EDGE('',*,*,#2413,.T.);
#2413 = EDGE_CURVE('',#1592,#1499,#2414,.T.);
#2414 = CIRCLE('',#2415,3.);
#2415 = AXIS2_PLACEMENT_3D('',#2416,#2417,#2418);
#2416 = CARTESIAN_POINT('',(-64.55387792639,22.7,-50.95990224999));
#2417 = DIRECTION('',(0.993581845559,-1.962285790715E-15,0.113115499275)
  );
#2418 = DIRECTION('',(1.974647021028E-15,1.,2.761418528128E-18));
#2419 = ORIENTED_EDGE('',*,*,#1506,.F.);
#2420 = SPHERICAL_SURFACE('',#2421,3.);
#2421 = AXIS2_PLACEMENT_3D('',#2422,#2423,#2424);
#2422 = CARTESIAN_POINT('',(-64.55387792639,22.7,-50.95990224999));
#2423 = DIRECTION('',(-0.113115499275,2.206194883578E-16,0.993581845559)
  );
#2424 = DIRECTION('',(-0.993581845559,2.51166863474E-17,-0.113115499275)
  );
#2425 = ADVANCED_FACE('',(#2426),#2438,.F.);
#2426 = FACE_BOUND('',#2427,.T.);
#2427 = EDGE_LOOP('',(#2428,#2429,#2430,#2437));
#2428 = ORIENTED_EDGE('',*,*,#2413,.F.);
#2429 = ORIENTED_EDGE('',*,*,#1647,.T.);
#2430 = ORIENTED_EDGE('',*,*,#2431,.T.);
#2431 = EDGE_CURVE('',#1640,#1552,#2432,.T.);
#2432 = CIRCLE('',#2433,3.);
#2433 = AXIS2_PLACEMENT_3D('',#2434,#2435,#2436);
#2434 = CARTESIAN_POINT('',(72.162061988723,22.7,-35.39531451978));
#2435 = DIRECTION('',(0.993581845559,2.51166863474E-17,0.113115499275));
#2436 = DIRECTION('',(0.113115499275,2.206194883578E-16,-0.993581845559)
  );
#2437 = ORIENTED_EDGE('',*,*,#1559,.F.);
#2438 = CYLINDRICAL_SURFACE('',#2439,3.);
#2439 = AXIS2_PLACEMENT_3D('',#2440,#2441,#2442);
#2440 = CARTESIAN_POINT('',(-67.53462346306,22.7,-51.29924874781));
#2441 = DIRECTION('',(0.993581845559,2.51166863474E-17,0.113115499275));
#2442 = DIRECTION('',(-2.495548357537E-17,1.,-2.841086516317E-18));
#2443 = ADVANCED_FACE('',(#2444),#2450,.F.);
#2444 = FACE_BOUND('',#2445,.F.);
#2445 = EDGE_LOOP('',(#2446,#2447,#2448,#2449));
#2446 = ORIENTED_EDGE('',*,*,#2035,.F.);
#2447 = ORIENTED_EDGE('',*,*,#2069,.T.);
#2448 = ORIENTED_EDGE('',*,*,#2249,.T.);
#2449 = ORIENTED_EDGE('',*,*,#1534,.F.);
#2450 = PLANE('',#2451);
#2451 = AXIS2_PLACEMENT_3D('',#2452,#2453,#2454);
#2452 = CARTESIAN_POINT('',(-65.1486,26.,2.2));
#2453 = DIRECTION('',(0.,0.707106781187,-0.707106781187));
#2454 = DIRECTION('',(1.,-1.596326920492E-17,-1.596326920492E-17));
#2455 = ADVANCED_FACE('',(#2456),#2467,.T.);
#2456 = FACE_BOUND('',#2457,.T.);
#2457 = EDGE_LOOP('',(#2458,#2459,#2460,#2466));
#2458 = ORIENTED_EDGE('',*,*,#2396,.F.);
#2459 = ORIENTED_EDGE('',*,*,#2370,.T.);
#2460 = ORIENTED_EDGE('',*,*,#2461,.T.);
#2461 = EDGE_CURVE('',#2363,#1602,#2462,.T.);
#2462 = ( BOUNDED_CURVE() B_SPLINE_CURVE(2,(#2463,#2464,#2465),
.UNSPECIFIED.,.F.,.F.) B_SPLINE_CURVE_WITH_KNOTS((3,3),(0.,
3.666060555964),.PIECEWISE_BEZIER_KNOTS.) CURVE() 
GEOMETRIC_REPRESENTATION_ITEM() RATIONAL_B_SPLINE_CURVE((1.,
0.795822425754,1.)) REPRESENTATION_ITEM('') );
#2463 = CARTESIAN_POINT('',(-67.44413106364,4.2,-52.09411422426));
#2464 = CARTESIAN_POINT('',(-66.59047502366,4.2,-54.21113989278));
#2465 = CARTESIAN_POINT('',(-64.32246774264,4.2,-53.95293592388));
#2466 = ORIENTED_EDGE('',*,*,#1601,.F.);
#2467 = ( BOUNDED_SURFACE() B_SPLINE_SURFACE(2,6,(
    (#2468,#2469,#2470,#2471,#2472,#2473,#2474)
    ,(#2475,#2476,#2477,#2478,#2479,#2480,#2481)
    ,(#2482,#2483,#2484,#2485,#2486,#2487,#2488
)),.UNSPECIFIED.,.F.,.F.,.F.) B_SPLINE_SURFACE_WITH_KNOTS((3,3),(7,7),(
    0.,3.666060555964),(17.833939444035,21.5),.PIECEWISE_BEZIER_KNOTS.) 
GEOMETRIC_REPRESENTATION_ITEM() RATIONAL_B_SPLINE_SURFACE((
    (1.,1.,1.,1.,1.,1.,1.)
    ,(0.707106781187,0.740105097642,0.763283857396,0.779859439281
      ,0.790482924709,0.795822425754,0.795822425754)
,(1.,1.,1.,1.,1.,1.,1.))) REPRESENTATION_ITEM('') SURFACE() );
#2468 = CARTESIAN_POINT('',(-64.21453142856,7.866060555965,
    -53.94064778666));
#2469 = CARTESIAN_POINT('',(-64.21453142856,7.255050463304,
    -53.94064778666));
#2470 = CARTESIAN_POINT('',(-64.24558138061,6.644040370643,
    -53.94418270514));
#2471 = CARTESIAN_POINT('',(-64.28022214064,6.033030277982,
    -53.9481264234));
#2472 = CARTESIAN_POINT('',(-64.30854600555,5.422020185322,
    -53.95135098727));
#2473 = CARTESIAN_POINT('',(-64.32246774276,4.811010092661,
    -53.95293592389));
#2474 = CARTESIAN_POINT('',(-64.32246774264,4.2,-53.95293592388));
#2475 = CARTESIAN_POINT('',(-67.19527696524,7.866060555965,
    -54.27999428449));
#2476 = CARTESIAN_POINT('',(-66.92947800018,7.282292951512,
    -54.24973408723));
#2477 = CARTESIAN_POINT('',(-66.77100437714,6.670680724516,
    -54.23169247035));
#2478 = CARTESIAN_POINT('',(-66.67435459517,6.052124831332,
    -54.22068926172));
#2479 = CARTESIAN_POINT('',(-66.61813138801,5.430170844113,
    -54.21428846426));
#2480 = CARTESIAN_POINT('',(-66.59047502366,4.811010092661,
    -54.21113989278));
#2481 = CARTESIAN_POINT('',(-66.59047502366,4.2,-54.21113989278));
#2482 = CARTESIAN_POINT('',(-67.53462346306,7.866060555965,
    -51.29924874781));
#2483 = CARTESIAN_POINT('',(-67.50295112326,7.255050463304,
    -51.57745166457));
#2484 = CARTESIAN_POINT('',(-67.47894150826,6.644040370643,
    -51.78834687995));
#2485 = CARTESIAN_POINT('',(-67.46140217728,6.033030277982,
    -51.94240853339));
#2486 = CARTESIAN_POINT('',(-67.44989101819,5.422020185322,
    -52.04352004128));
#2487 = CARTESIAN_POINT('',(-67.44413106364,4.811010092661,
    -52.09411422426));
#2488 = CARTESIAN_POINT('',(-67.44413106364,4.2,-52.09411422426));
#2489 = ADVANCED_FACE('',(#2490),#2502,.F.);
#2490 = FACE_BOUND('',#2491,.F.);
#2491 = EDGE_LOOP('',(#2492,#2499,#2500,#2501));
#2492 = ORIENTED_EDGE('',*,*,#2493,.F.);
#2493 = EDGE_CURVE('',#1681,#1640,#2494,.T.);
#2494 = CIRCLE('',#2495,3.);
#2495 = AXIS2_PLACEMENT_3D('',#2496,#2497,#2498);
#2496 = CARTESIAN_POINT('',(72.162061988723,22.7,-35.39531451978));
#2497 = DIRECTION('',(-4.991096715073E-17,1.,2.163624318924E-16));
#2498 = DIRECTION('',(0.113115499275,2.206194883578E-16,-0.993581845559)
  );
#2499 = ORIENTED_EDGE('',*,*,#1680,.T.);
#2500 = ORIENTED_EDGE('',*,*,#1661,.T.);
#2501 = ORIENTED_EDGE('',*,*,#1639,.F.);
#2502 = CYLINDRICAL_SURFACE('',#2503,3.);
#2503 = AXIS2_PLACEMENT_3D('',#2504,#2505,#2506);
#2504 = CARTESIAN_POINT('',(72.162061988723,25.7,-35.39531451978));
#2505 = DIRECTION('',(0.,-1.,2.22044604925E-16));
#2506 = DIRECTION('',(0.113115499275,-2.206194883578E-16,-0.993581845559
    ));
#2507 = ADVANCED_FACE('',(#2508),#2523,.T.);
#2508 = FACE_BOUND('',#2509,.T.);
#2509 = EDGE_LOOP('',(#2510,#2511,#2516,#2522));
#2510 = ORIENTED_EDGE('',*,*,#2461,.F.);
#2511 = ORIENTED_EDGE('',*,*,#2512,.T.);
#2512 = EDGE_CURVE('',#2363,#2268,#2513,.T.);
#2513 = B_SPLINE_CURVE_WITH_KNOTS('',1,(#2514,#2515),.UNSPECIFIED.,.F.,
  .F.,(2,2),(21.5,29.9),.PIECEWISE_BEZIER_KNOTS.);
#2514 = CARTESIAN_POINT('',(-67.44413106364,4.2,-52.09411422426));
#2515 = CARTESIAN_POINT('',(-67.44413106364,-4.2,-52.09411422426));
#2516 = ORIENTED_EDGE('',*,*,#2517,.T.);
#2517 = EDGE_CURVE('',#2268,#1614,#2518,.T.);
#2518 = ( BOUNDED_CURVE() B_SPLINE_CURVE(2,(#2519,#2520,#2521),
.UNSPECIFIED.,.F.,.F.) B_SPLINE_CURVE_WITH_KNOTS((3,3),(0.,8.4),
.PIECEWISE_BEZIER_KNOTS.) CURVE() GEOMETRIC_REPRESENTATION_ITEM() 
RATIONAL_B_SPLINE_CURVE((1.,0.795822425754,1.)) REPRESENTATION_ITEM('') 
  );
#2519 = CARTESIAN_POINT('',(-67.44413106364,-4.2,-52.09411422426));
#2520 = CARTESIAN_POINT('',(-66.59047502366,-4.2,-54.21113989278));
#2521 = CARTESIAN_POINT('',(-64.32246774268,-4.2,-53.95293592389));
#2522 = ORIENTED_EDGE('',*,*,#1613,.F.);
#2523 = ( BOUNDED_SURFACE() B_SPLINE_SURFACE(2,1,(
    (#2524,#2525)
    ,(#2526,#2527)
    ,(#2528,#2529
)),.UNSPECIFIED.,.F.,.F.,.F.) B_SPLINE_SURFACE_WITH_KNOTS((3,3),(2,2),(
    0.,8.4),(21.5,29.9),.PIECEWISE_BEZIER_KNOTS.) 
GEOMETRIC_REPRESENTATION_ITEM() RATIONAL_B_SPLINE_SURFACE((
    (1.,1.)
    ,(0.795822425754,0.795822425754)
,(1.,1.))) REPRESENTATION_ITEM('') SURFACE() );
#2524 = CARTESIAN_POINT('',(-64.32246774276,4.2,-53.95293592389));
#2525 = CARTESIAN_POINT('',(-64.32246774268,-4.2,-53.95293592389));
#2526 = CARTESIAN_POINT('',(-66.59047502366,4.2,-54.21113989278));
#2527 = CARTESIAN_POINT('',(-66.59047502366,-4.2,-54.21113989278));
#2528 = CARTESIAN_POINT('',(-67.44413106364,4.2,-52.09411422426));
#2529 = CARTESIAN_POINT('',(-67.44413106364,-4.2,-52.09411422426));
#2530 = ADVANCED_FACE('',(#2531),#2537,.T.);
#2531 = FACE_BOUND('',#2532,.T.);
#2532 = EDGE_LOOP('',(#2533,#2534,#2535,#2536));
#2533 = ORIENTED_EDGE('',*,*,#2517,.F.);
#2534 = ORIENTED_EDGE('',*,*,#2267,.T.);
#2535 = ORIENTED_EDGE('',*,*,#2310,.T.);
#2536 = ORIENTED_EDGE('',*,*,#1620,.F.);
#2537 = ( BOUNDED_SURFACE() B_SPLINE_SURFACE(2,6,(
    (#2538,#2539,#2540,#2541,#2542,#2543,#2544)
    ,(#2545,#2546,#2547,#2548,#2549,#2550,#2551)
    ,(#2552,#2553,#2554,#2555,#2556,#2557,#2558
)),.UNSPECIFIED.,.F.,.F.,.F.) B_SPLINE_SURFACE_WITH_KNOTS((3,3),(7,7),(
    0.,3.666060555965),(29.9,33.566060555965),.PIECEWISE_BEZIER_KNOTS.) 
GEOMETRIC_REPRESENTATION_ITEM() RATIONAL_B_SPLINE_SURFACE((
    (1.,1.,1.,1.,1.,1.,1.)
    ,(0.795822425754,0.795822425754,0.790482924709,0.779859439281
      ,0.763283857396,0.740105097642,0.707106781187)
,(1.,1.,1.,1.,1.,1.,1.))) REPRESENTATION_ITEM('') SURFACE() );
#2538 = CARTESIAN_POINT('',(-64.32246774276,-4.2,-53.95293592389));
#2539 = CARTESIAN_POINT('',(-64.32246774276,-4.811010092661,
    -53.95293592389));
#2540 = CARTESIAN_POINT('',(-64.30854600555,-5.422020185322,
    -53.95135098727));
#2541 = CARTESIAN_POINT('',(-64.28022214064,-6.033030277982,
    -53.9481264234));
#2542 = CARTESIAN_POINT('',(-64.24558138061,-6.644040370643,
    -53.94418270514));
#2543 = CARTESIAN_POINT('',(-64.21453142856,-7.255050463304,
    -53.94064778666));
#2544 = CARTESIAN_POINT('',(-64.21453142856,-7.866060555965,
    -53.94064778666));
#2545 = CARTESIAN_POINT('',(-66.59047502366,-4.2,-54.21113989278));
#2546 = CARTESIAN_POINT('',(-66.59047502366,-4.811010092661,
    -54.21113989278));
#2547 = CARTESIAN_POINT('',(-66.61813138801,-5.430170844113,
    -54.21428846426));
#2548 = CARTESIAN_POINT('',(-66.67435459517,-6.052124831332,
    -54.22068926172));
#2549 = CARTESIAN_POINT('',(-66.77100437714,-6.670680724516,
    -54.23169247035));
#2550 = CARTESIAN_POINT('',(-66.92947800018,-7.282292951512,
    -54.24973408723));
#2551 = CARTESIAN_POINT('',(-67.19527696524,-7.866060555965,
    -54.27999428449));
#2552 = CARTESIAN_POINT('',(-67.44413106364,-4.2,-52.09411422426));
#2553 = CARTESIAN_POINT('',(-67.44413106364,-4.811010092661,
    -52.09411422426));
#2554 = CARTESIAN_POINT('',(-67.44989101819,-5.422020185322,
    -52.04352004128));
#2555 = CARTESIAN_POINT('',(-67.46140217728,-6.033030277982,
    -51.94240853339));
#2556 = CARTESIAN_POINT('',(-67.47894150826,-6.644040370643,
    -51.78834687995));
#2557 = CARTESIAN_POINT('',(-67.50295112326,-7.255050463304,
    -51.57745166457));
#2558 = CARTESIAN_POINT('',(-67.53462346306,-7.866060555965,
    -51.29924874781));
#2559 = ADVANCED_FACE('',(#2560),#2590,.T.);
#2560 = FACE_BOUND('',#2561,.T.);
#2561 = EDGE_LOOP('',(#2562,#2563,#2571,#2579));
#2562 = ORIENTED_EDGE('',*,*,#1740,.F.);
#2563 = ORIENTED_EDGE('',*,*,#2564,.T.);
#2564 = EDGE_CURVE('',#1741,#2565,#2567,.T.);
#2565 = VERTEX_POINT('',#2566);
#2566 = CARTESIAN_POINT('',(-70.24577442328,25.655609138781,
    -8.882210541298));
#2567 = ( BOUNDED_CURVE() B_SPLINE_CURVE(2,(#2568,#2569,#2570),
.UNSPECIFIED.,.F.,.F.) B_SPLINE_CURVE_WITH_KNOTS((3,3),(0.,
1.166368751568),.PIECEWISE_BEZIER_KNOTS.) CURVE() 
GEOMETRIC_REPRESENTATION_ITEM() RATIONAL_B_SPLINE_CURVE((1.,
0.70994472403,1.)) REPRESENTATION_ITEM('') );
#2568 = CARTESIAN_POINT('',(-65.28132377099,30.650242884892,
    -8.957790601299));
#2569 = CARTESIAN_POINT('',(-70.23194216394,30.610391459918,
    -8.656382279656));
#2570 = CARTESIAN_POINT('',(-70.24577442328,25.655609138781,
    -8.882210541298));
#2571 = ORIENTED_EDGE('',*,*,#2572,.T.);
#2572 = EDGE_CURVE('',#2565,#2573,#2575,.T.);
#2573 = VERTEX_POINT('',#2574);
#2574 = CARTESIAN_POINT('',(-69.67087331234,25.226212808797,
    0.503741189853));
#2575 = LINE('',#2576,#2577);
#2576 = CARTESIAN_POINT('',(-70.29912985948,25.695460563755,
    -9.753302176473));
#2577 = VECTOR('',#2578,1.);
#2578 = DIRECTION('',(6.107301665367E-02,-4.561572192696E-02,
    0.997090413428));
#2579 = ORIENTED_EDGE('',*,*,#2580,.F.);
#2580 = EDGE_CURVE('',#1743,#2573,#2581,.T.);
#2581 = B_SPLINE_CURVE_WITH_KNOTS('',7,(#2582,#2583,#2584,#2585,#2586,
    #2587,#2588,#2589),.UNSPECIFIED.,.F.,.F.,(8,8),(716.97538614814,
    724.58035852721),.PIECEWISE_BEZIER_KNOTS.);
#2582 = CARTESIAN_POINT('',(-64.70189264803,30.217463067726,
    0.502119021792));
#2583 = CARTESIAN_POINT('',(-65.81052210904,30.21164732647,
    0.502142604966));
#2584 = CARTESIAN_POINT('',(-66.91650326846,29.919422056373,
    0.502687548851));
#2585 = CARTESIAN_POINT('',(-67.94295150186,29.344108160506,
    0.503595330592));
#2586 = CARTESIAN_POINT('',(-68.79955574586,28.493503422999,
    0.504513601078));
#2587 = CARTESIAN_POINT('',(-69.38077430239,27.457684880547,
    0.504100833966));
#2588 = CARTESIAN_POINT('',(-69.67086221934,26.340771999423,
    0.503764694041));
#2589 = CARTESIAN_POINT('',(-69.67087331212,25.22625612436,0.50374119031
    ));
#2590 = CYLINDRICAL_SURFACE('',#2591,5.);
#2591 = AXIS2_PLACEMENT_3D('',#2592,#2593,#2594);
#2592 = CARTESIAN_POINT('',(-65.30848283412,25.695460563755,
    -10.05898545733));
#2593 = DIRECTION('',(6.107301665367E-02,-4.561572192696E-02,
    0.997090413428));
#2594 = DIRECTION('',(-5.23927461613E-03,0.998926749222,
    4.602064417213E-02));
#2595 = ADVANCED_FACE('',(#2596),#2611,.F.);
#2596 = FACE_BOUND('',#2597,.F.);
#2597 = EDGE_LOOP('',(#2598,#2603,#2604,#2610));
#2598 = ORIENTED_EDGE('',*,*,#2599,.F.);
#2599 = EDGE_CURVE('',#2171,#1751,#2600,.T.);
#2600 = B_SPLINE_CURVE_WITH_KNOTS('',1,(#2601,#2602),.UNSPECIFIED.,.F.,
  .F.,(2,2),(0.,47.546991529677),.PIECEWISE_BEZIER_KNOTS.);
#2601 = CARTESIAN_POINT('',(17.823429086259,28.558230370952,2.5));
#2602 = CARTESIAN_POINT('',(17.812456682057,30.650242884892,
    0.502119022254));
#2603 = ORIENTED_EDGE('',*,*,#2201,.T.);
#2604 = ORIENTED_EDGE('',*,*,#2605,.T.);
#2605 = EDGE_CURVE('',#2202,#1743,#2606,.T.);
#2606 = LINE('',#2607,#2608);
#2607 = CARTESIAN_POINT('',(-64.6964064459,29.171456810735,
    1.501059511127));
#2608 = VECTOR('',#2609,1.);
#2609 = DIRECTION('',(-3.793033482507E-03,0.723184578779,-0.69064439324)
  );
#2610 = ORIENTED_EDGE('',*,*,#1758,.F.);
#2611 = PLANE('',#2612);
#2612 = AXIS2_PLACEMENT_3D('',#2613,#2614,#2615);
#2613 = CARTESIAN_POINT('',(35.366410391301,29.69627665031,
    1.501059511127));
#2614 = DIRECTION('',(3.622313519755E-03,-0.690634893963,-0.723194525758
    ));
#2615 = DIRECTION('',(-0.999986245776,-5.244831573541E-03,
    -5.927782299987E-17));
#2616 = ADVANCED_FACE('',(#2617),#2622,.F.);
#2617 = FACE_BOUND('',#2618,.T.);
#2618 = EDGE_LOOP('',(#2619,#2620,#2621));
#2619 = ORIENTED_EDGE('',*,*,#2493,.F.);
#2620 = ORIENTED_EDGE('',*,*,#1774,.T.);
#2621 = ORIENTED_EDGE('',*,*,#2431,.F.);
#2622 = SPHERICAL_SURFACE('',#2623,3.);
#2623 = AXIS2_PLACEMENT_3D('',#2624,#2625,#2626);
#2624 = CARTESIAN_POINT('',(72.162061988723,22.7,-35.39531451978));
#2625 = DIRECTION('',(-0.993581845559,-2.51166863474E-17,-0.113115499275
    ));
#2626 = DIRECTION('',(0.113115499275,2.206194883578E-16,-0.993581845559)
  );
#2627 = ADVANCED_FACE('',(#2628),#2687,.F.);
#2628 = FACE_BOUND('',#2629,.F.);
#2629 = EDGE_LOOP('',(#2630,#2631,#2639,#2667));
#2630 = ORIENTED_EDGE('',*,*,#1844,.F.);
#2631 = ORIENTED_EDGE('',*,*,#2632,.T.);
#2632 = EDGE_CURVE('',#1845,#2633,#2635,.T.);
#2633 = VERTEX_POINT('',#2634);
#2634 = CARTESIAN_POINT('',(73.470541046991,25.712926831964,
    -10.74454463406));
#2635 = ( BOUNDED_CURVE() B_SPLINE_CURVE(2,(#2636,#2637,#2638),
.UNSPECIFIED.,.F.,.F.) B_SPLINE_CURVE_WITH_KNOTS((3,3),(0.,
10.688834132662),.PIECEWISE_BEZIER_KNOTS.) CURVE() 
GEOMETRIC_REPRESENTATION_ITEM() RATIONAL_B_SPLINE_CURVE((1.,
0.704672673706,1.)) REPRESENTATION_ITEM('') );
#2636 = CARTESIAN_POINT('',(68.682866017593,30.711032397002,
    -12.30683489735));
#2637 = CARTESIAN_POINT('',(73.521080755396,30.744262279222,
    -10.91521915867));
#2638 = CARTESIAN_POINT('',(73.470541046991,25.712926831964,
    -10.74454463406));
#2639 = ORIENTED_EDGE('',*,*,#2640,.T.);
#2640 = EDGE_CURVE('',#2633,#2641,#2643,.T.);
#2641 = VERTEX_POINT('',#2642);
#2642 = CARTESIAN_POINT('',(70.116461395033,25.855704161881,
    0.582310391114));
#2643 = B_SPLINE_CURVE_WITH_KNOTS('',8,(#2644,#2645,#2646,#2647,#2648,
    #2649,#2650,#2651,#2652,#2653,#2654,#2655,#2656,#2657,#2658,#2659,
    #2660,#2661,#2662,#2663,#2664,#2665,#2666),.UNSPECIFIED.,.F.,.F.,(9,
    7,7,9),(29.346513513777,29.525049402324,44.87165436797,
    46.281097012121),.UNSPECIFIED.);
#2644 = CARTESIAN_POINT('',(73.470541046991,25.712926831964,
    -10.74454463406));
#2645 = CARTESIAN_POINT('',(73.464371076603,25.713780127913,
    -10.72370840852));
#2646 = CARTESIAN_POINT('',(73.45820122577,25.714630988673,
    -10.70287258673));
#2647 = CARTESIAN_POINT('',(73.452031486906,25.715479418282,
    -10.68203714305));
#2648 = CARTESIAN_POINT('',(73.445861852399,25.716325420764,
    -10.66120205181));
#2649 = CARTESIAN_POINT('',(73.439692314676,25.717169000162,
    -10.64036728739));
#2650 = CARTESIAN_POINT('',(73.433522866122,25.718010160501,
    -10.61953282412));
#2651 = CARTESIAN_POINT('',(73.427353499156,25.718848905819,
    -10.59869863635));
#2652 = CARTESIAN_POINT('',(72.89088353082,25.791574946238,
    -8.787019073783));
#2653 = CARTESIAN_POINT('',(72.361673817208,25.845262599336,
    -6.999857668567));
#2654 = CARTESIAN_POINT('',(71.830795084329,25.880669964976,
    -5.207059921574));
#2655 = CARTESIAN_POINT('',(71.30087778635,25.897332191191,
    -3.417508976938));
#2656 = CARTESIAN_POINT('',(70.770236305722,25.895809777434,
    -1.625512439855));
#2657 = CARTESIAN_POINT('',(70.239954417129,25.875710404564,
    0.165269741208));
#2658 = CARTESIAN_POINT('',(69.709645584082,25.837217086876,
    1.956142914709));
#2659 = CARTESIAN_POINT('',(69.130807040428,25.775052079395,
    3.910902773538));
#2660 = CARTESIAN_POINT('',(69.081743343519,25.769782829241,
    4.076592750985));
#2661 = CARTESIAN_POINT('',(69.032305219778,25.764473367101,
    4.243547182136));
#2662 = CARTESIAN_POINT('',(68.982492669206,25.759123692977,
    4.41176606699));
#2663 = CARTESIAN_POINT('',(68.932305691802,25.753733806868,
    4.581249405548));
#2664 = CARTESIAN_POINT('',(68.881744287567,25.748303708774,
    4.75199719781));
#2665 = CARTESIAN_POINT('',(68.8308084565,25.742833398696,4.924009443775
    ));
#2666 = CARTESIAN_POINT('',(68.779498198602,25.737322876632,
    5.097286143444));
#2667 = ORIENTED_EDGE('',*,*,#2668,.T.);
#2668 = EDGE_CURVE('',#2641,#1847,#2669,.T.);
#2669 = B_SPLINE_CURVE_WITH_KNOTS('',6,(#2670,#2671,#2672,#2673,#2674,
    #2675,#2676,#2677,#2678,#2679,#2680,#2681,#2682,#2683,#2684,#2685,
    #2686),.UNSPECIFIED.,.F.,.F.,(7,5,5,7),(579.97240644523,
    582.75725664135,585.63429774235,586.91294094604),.UNSPECIFIED.);
#2670 = CARTESIAN_POINT('',(70.116461395033,25.855704161881,
    0.582310391114));
#2671 = CARTESIAN_POINT('',(70.116461395033,26.358463948668,
    0.582310391114));
#2672 = CARTESIAN_POINT('',(70.053844857119,26.879188176952,
    0.580573071019));
#2673 = CARTESIAN_POINT('',(69.919501275571,27.405250992827,
    0.576837603977));
#2674 = CARTESIAN_POINT('',(69.710294693156,27.918889258722,
    0.571242245724));
#2675 = CARTESIAN_POINT('',(69.429882742442,28.402031253439,
    0.564245211442));
#2676 = CARTESIAN_POINT('',(68.737921633225,29.29475545561,
    0.548591000886));
#2677 = CARTESIAN_POINT('',(68.322151629292,29.701505723247,
    0.539865554883));
#2678 = CARTESIAN_POINT('',(67.85415011781,30.045922170824,
    0.531117212519));
#2679 = CARTESIAN_POINT('',(67.351484641585,30.320013434876,
    0.523108139879));
#2680 = CARTESIAN_POINT('',(66.832650385493,30.52250198547,
    0.516398383802));
#2681 = CARTESIAN_POINT('',(66.081119746154,30.718328167399,
    0.508787972305));
#2682 = CARTESIAN_POINT('',(65.849585207619,30.765344068544,
    0.506733651969));
#2683 = CARTESIAN_POINT('',(65.619209372969,30.799512949801,
    0.504980158318));
#2684 = CARTESIAN_POINT('',(65.390638573795,30.821399622512,
    0.503531707202));
#2685 = CARTESIAN_POINT('',(65.165738390201,30.831647680931,
    0.502438106622));
#2686 = CARTESIAN_POINT('',(64.9452090714,30.831129209292,0.501612855245
    ));
#2687 = ( BOUNDED_SURFACE() B_SPLINE_SURFACE(2,8,(
    (#2688,#2689,#2690,#2691,#2692,#2693,#2694,#2695,#2696,#2697,#2698
      ,#2699,#2700,#2701,#2702,#2703,#2704,#2705,#2706,#2707,#2708,#2709
      ,#2710)
    ,(#2711,#2712,#2713,#2714,#2715,#2716,#2717,#2718,#2719,#2720,#2721
      ,#2722,#2723,#2724,#2725,#2726,#2727,#2728,#2729,#2730,#2731,#2732
      ,#2733)
    ,(#2734,#2735,#2736,#2737,#2738,#2739,#2740,#2741,#2742,#2743,#2744
      ,#2745,#2746,#2747,#2748,#2749,#2750,#2751,#2752,#2753,#2754,#2755
,#2756
    )),.UNSPECIFIED.,.F.,.F.,.F.) B_SPLINE_SURFACE_WITH_KNOTS((3,3),(9,7
    ,7,9),(0.,15.525140854192),(29.346513513777,29.525049402324,
    44.87165436797,46.281097012121),.UNSPECIFIED.) 
GEOMETRIC_REPRESENTATION_ITEM() RATIONAL_B_SPLINE_SURFACE((
    (1.,1.,1.,1.,1.,1.,1.,1.,1.,1.,1.,1.,1.,1.,1.,1.,1.,1.,1.,1.,1.,1.
      ,1.)
    ,(0.704672673706,0.704678434136,0.704684206361,0.704689990779
      ,0.704695787784,0.704701597774,0.704707421143,0.704713258288
      ,0.705222077614,0.705782863785,0.706323198575,0.706856656218
      ,0.707399186033,0.707935447089,0.708473187378,0.709059288785
      ,0.709094503205,0.709115631858,0.709122674742,0.709115631858
      ,0.709094503205,0.709059288785,0.709009988595)
    ,(1.,1.,1.,1.,1.,1.,1.,1.,1.,1.,1.,1.,1.,1.,1.,1.,1.,1.,1.,1.,1.,1.
,1.))) REPRESENTATION_ITEM('') SURFACE() );
#2688 = CARTESIAN_POINT('',(68.682866017593,30.711032397002,
    -12.30683489735));
#2689 = CARTESIAN_POINT('',(68.676900225761,30.711865736307,
    -12.28642840264));
#2690 = CARTESIAN_POINT('',(68.670928391596,30.712697647488,
    -12.26599950943));
#2691 = CARTESIAN_POINT('',(68.664950332396,30.713528144649,
    -12.24554763078));
#2692 = CARTESIAN_POINT('',(68.658965865428,30.71435724188,
    -12.2250721797));
#2693 = CARTESIAN_POINT('',(68.652974808002,30.715184953291,
    -12.20457256926));
#2694 = CARTESIAN_POINT('',(68.646976977384,30.716011292972,
    -12.18404821247));
#2695 = CARTESIAN_POINT('',(68.640972190872,30.716836275026,
    -12.16349852238));
#2696 = CARTESIAN_POINT('',(68.11818663159,30.78845831259,
    -10.37428263176));
#2697 = CARTESIAN_POINT('',(67.57250813417,30.845878113871,
    -8.500022313124));
#2698 = CARTESIAN_POINT('',(67.037591445051,30.880274755115,
    -6.672455863176));
#2699 = CARTESIAN_POINT('',(66.50399169506,30.89807651792,
    -4.837920448583));
#2700 = CARTESIAN_POINT('',(65.967309990513,30.89591826938,
    -3.002596276551));
#2701 = CARTESIAN_POINT('',(65.432544858284,30.875303158892,
    -1.168249596863));
#2702 = CARTESIAN_POINT('',(64.897195316051,30.83569434255,
    0.666154279182));
#2703 = CARTESIAN_POINT('',(64.312956729713,30.77185785417,
    2.668421639021));
#2704 = CARTESIAN_POINT('',(64.263760978919,30.766482509153,
    2.837022358592));
#2705 = CARTESIAN_POINT('',(64.21451297448,30.761101454672,
    3.005802158713));
#2706 = CARTESIAN_POINT('',(64.165212716397,30.755714690726,
    3.174761039384));
#2707 = CARTESIAN_POINT('',(64.115860204668,30.750322217317,
    3.343899000605));
#2708 = CARTESIAN_POINT('',(64.066455439295,30.744924034444,
    3.513216042376));
#2709 = CARTESIAN_POINT('',(64.016998420277,30.739520142107,
    3.682712164698));
#2710 = CARTESIAN_POINT('',(63.967489147614,30.734110540305,
    3.852387367569));
#2711 = CARTESIAN_POINT('',(73.521080755396,30.744262279222,
    -10.91521915867));
#2712 = CARTESIAN_POINT('',(73.514764667024,30.745051982486,
    -10.89388948713));
#2713 = CARTESIAN_POINT('',(73.508448777878,30.745839014343,
    -10.87256048838));
#2714 = CARTESIAN_POINT('',(73.502133081698,30.746623373163,
    -10.85123214128));
#2715 = CARTESIAN_POINT('',(73.495817572239,30.747405057316,
    -10.82990442474));
#2716 = CARTESIAN_POINT('',(73.489502243273,30.748184065172,
    -10.80857731774));
#2717 = CARTESIAN_POINT('',(73.483187088582,30.748960395098,
    -10.78725079927));
#2718 = CARTESIAN_POINT('',(73.476872101967,30.749734045459,
    -10.7659248484));
#2719 = CARTESIAN_POINT('',(72.928138608941,30.816728240739,
    -8.912830894794));
#2720 = CARTESIAN_POINT('',(72.386951503665,30.863510009209,
    -7.085221380696));
#2721 = CARTESIAN_POINT('',(71.8439158906,30.891932548447,
    -5.251369385231));
#2722 = CARTESIAN_POINT('',(71.301756532151,30.901289703729,
    -3.420476535053));
#2723 = CARTESIAN_POINT('',(70.758830223367,30.891915378912,
    -1.586993664318));
#2724 = CARTESIAN_POINT('',(70.216164917227,30.863622617671,
    0.245607790527));
#2725 = CARTESIAN_POINT('',(69.673409754058,30.816471308699,
    2.078512695989));
#2726 = CARTESIAN_POINT('',(69.080947056432,30.744377073086,
    4.079281842876));
#2727 = CARTESIAN_POINT('',(69.031099562092,30.738311346052,
    4.247618734167));
#2728 = CARTESIAN_POINT('',(68.981199151444,30.73223917986,
    4.416134325852));
#2729 = CARTESIAN_POINT('',(68.931242855604,30.72616021324,
    4.584838643964));
#2730 = CARTESIAN_POINT('',(68.881227699263,30.720074084139,
    4.753741736233));
#2731 = CARTESIAN_POINT('',(68.831150700098,30.71398042965,4.92285367408
    ));
#2732 = CARTESIAN_POINT('',(68.781008868177,30.707878885943,
    5.092184554619));
#2733 = CARTESIAN_POINT('',(68.730799205365,30.701769088186,
    5.261744502667));
#2734 = CARTESIAN_POINT('',(73.470541046991,25.712926831964,
    -10.74454463406));
#2735 = CARTESIAN_POINT('',(73.464371076603,25.713780127913,
    -10.72370840852));
#2736 = CARTESIAN_POINT('',(73.45820122577,25.714630988673,
    -10.70287258673));
#2737 = CARTESIAN_POINT('',(73.452031486906,25.715479418282,
    -10.68203714305));
#2738 = CARTESIAN_POINT('',(73.445861852399,25.716325420764,
    -10.66120205181));
#2739 = CARTESIAN_POINT('',(73.439692314676,25.717169000162,
    -10.64036728739));
#2740 = CARTESIAN_POINT('',(73.433522866122,25.718010160501,
    -10.61953282412));
#2741 = CARTESIAN_POINT('',(73.427353499156,25.718848905819,
    -10.59869863635));
#2742 = CARTESIAN_POINT('',(72.89088353082,25.791574946238,
    -8.787019073783));
#2743 = CARTESIAN_POINT('',(72.361673817208,25.845262599336,
    -6.999857668567));
#2744 = CARTESIAN_POINT('',(71.830795084329,25.880669964976,
    -5.207059921574));
#2745 = CARTESIAN_POINT('',(71.30087778635,25.897332191191,
    -3.417508976938));
#2746 = CARTESIAN_POINT('',(70.770236305722,25.895809777434,
    -1.625512439855));
#2747 = CARTESIAN_POINT('',(70.239954417129,25.875710404564,
    0.165269741208));
#2748 = CARTESIAN_POINT('',(69.709645584082,25.837217086876,
    1.956142914709));
#2749 = CARTESIAN_POINT('',(69.130807040428,25.775052079395,
    3.910902773538));
#2750 = CARTESIAN_POINT('',(69.081743343519,25.769782829241,
    4.076592750985));
#2751 = CARTESIAN_POINT('',(69.032305219778,25.764473367101,
    4.243547182136));
#2752 = CARTESIAN_POINT('',(68.982492669206,25.759123692977,
    4.41176606699));
#2753 = CARTESIAN_POINT('',(68.932305691802,25.753733806868,
    4.581249405548));
#2754 = CARTESIAN_POINT('',(68.881744287567,25.748303708774,
    4.75199719781));
#2755 = CARTESIAN_POINT('',(68.8308084565,25.742833398696,4.924009443775
    ));
#2756 = CARTESIAN_POINT('',(68.779498198602,25.737322876632,
    5.097286143444));
#2757 = ADVANCED_FACE('',(#2758),#2768,.T.);
#2758 = FACE_BOUND('',#2759,.T.);
#2759 = EDGE_LOOP('',(#2760,#2765,#2766,#2767));
#2760 = ORIENTED_EDGE('',*,*,#2761,.T.);
#2761 = EDGE_CURVE('',#2149,#1847,#2762,.T.);
#2762 = B_SPLINE_CURVE_WITH_KNOTS('',1,(#2763,#2764),.UNSPECIFIED.,.F.,
  .F.,(2,2),(0.,6.940534500806),.PIECEWISE_BEZIER_KNOTS.);
#2763 = CARTESIAN_POINT('',(64.75635443627,28.759414721312,2.5));
#2764 = CARTESIAN_POINT('',(64.9452090714,30.831129209292,0.501612855245
    ));
#2765 = ORIENTED_EDGE('',*,*,#1942,.T.);
#2766 = ORIENTED_EDGE('',*,*,#2599,.F.);
#2767 = ORIENTED_EDGE('',*,*,#2170,.F.);
#2768 = B_SPLINE_SURFACE_WITH_KNOTS('',1,9,(
    (#2769,#2770,#2771,#2772,#2773,#2774,#2775,#2776,#2777,#2778,#2779
      ,#2780,#2781,#2782,#2783,#2784,#2785,#2786,#2787,#2788,#2789,#2790
      ,#2791,#2792,#2793,#2794)
    ,(#2795,#2796,#2797,#2798,#2799,#2800,#2801,#2802,#2803,#2804,#2805
      ,#2806,#2807,#2808,#2809,#2810,#2811,#2812,#2813,#2814,#2815,#2816
      ,#2817,#2818,#2819,#2820
    )),.UNSPECIFIED.,.F.,.F.,.F.,(2,2),(10,8,8,10),(0.,47.546991529677),
  (586.91294088614,587.4431542549,616.73169554815,634.45993241582),
  .UNSPECIFIED.);
#2769 = CARTESIAN_POINT('',(64.756354473973,28.759414717875,2.5));
#2770 = CARTESIAN_POINT('',(64.719272703137,28.762795041385,2.5));
#2771 = CARTESIAN_POINT('',(64.68168298872,28.765737579675,2.5));
#2772 = CARTESIAN_POINT('',(64.643291528822,28.768296186735,2.5));
#2773 = CARTESIAN_POINT('',(64.60368908401,28.770497609973,2.5));
#2774 = CARTESIAN_POINT('',(64.562328759156,28.772361625976,2.5));
#2775 = CARTESIAN_POINT('',(64.518503785665,28.773921176437,2.5));
#2776 = CARTESIAN_POINT('',(64.471325303226,28.775242503867,2.5));
#2777 = CARTESIAN_POINT('',(64.419700142021,28.776445287521,2.5));
#2778 = CARTESIAN_POINT('',(61.192048265972,28.84829034467,2.5));
#2779 = CARTESIAN_POINT('',(57.997562311963,28.797038252071,2.5));
#2780 = CARTESIAN_POINT('',(54.776224381572,28.749052313516,2.5));
#2781 = CARTESIAN_POINT('',(51.549799910132,28.728569623071,2.5));
#2782 = CARTESIAN_POINT('',(48.319997096478,28.713231545489,2.5));
#2783 = CARTESIAN_POINT('',(45.092401392961,28.698954255278,2.5));
#2784 = CARTESIAN_POINT('',(41.862745840958,28.683161929825,2.5));
#2785 = CARTESIAN_POINT('',(38.6328280709,28.666893300598,2.5));
#2786 = CARTESIAN_POINT('',(33.4479421511,28.640126353028,2.5));
#2787 = CARTESIAN_POINT('',(31.492941955318,28.62988192665,2.5));
#2788 = CARTESIAN_POINT('',(29.538116659204,28.619601986235,2.5));
#2789 = CARTESIAN_POINT('',(27.583646475138,28.609341576725,
    2.499999999999));
#2790 = CARTESIAN_POINT('',(25.62972810425,28.599112499873,2.5));
#2791 = CARTESIAN_POINT('',(23.676563043547,28.588901141461,2.5));
#2792 = CARTESIAN_POINT('',(21.724345893404,28.578686298783,2.5));
#2793 = CARTESIAN_POINT('',(19.773252664707,28.568457007878,2.5));
#2794 = CARTESIAN_POINT('',(17.823429086259,28.558230370952,2.5));
#2795 = CARTESIAN_POINT('',(64.945209117712,30.831129037506,
    0.501612848539));
#2796 = CARTESIAN_POINT('',(64.884244707985,30.830985695014,
    0.50138471116));
#2797 = CARTESIAN_POINT('',(64.823663822694,30.830841971801,
    0.501207141214));
#2798 = CARTESIAN_POINT('',(64.763438537782,30.830698024999,
    0.501069573531));
#2799 = CARTESIAN_POINT('',(64.703542163652,30.830553970451,
    0.500963565723));
#2800 = CARTESIAN_POINT('',(64.643947981634,30.830409890836,
    0.500882260844));
#2801 = CARTESIAN_POINT('',(64.584627980669,30.83026584392,
    0.500819850048));
#2802 = CARTESIAN_POINT('',(64.525551593723,30.830121870647,
    0.500771035252));
#2803 = CARTESIAN_POINT('',(64.466684434471,30.829978003391,
    0.500730491789));
#2804 = CARTESIAN_POINT('',(61.165591904413,30.821894787572,
    0.49858436515));
#2805 = CARTESIAN_POINT('',(57.971378111255,30.813235819636,
    0.502867344768));
#2806 = CARTESIAN_POINT('',(54.752409631618,30.804086981561,
    0.495468785197));
#2807 = CARTESIAN_POINT('',(51.542234201831,30.793875887972,
    0.505962270793));
#2808 = CARTESIAN_POINT('',(48.308427085166,30.783283329938,
    0.498076769719));
#2809 = CARTESIAN_POINT('',(45.083598400902,30.771762628041,
    0.502589450557));
#2810 = CARTESIAN_POINT('',(41.852438129085,30.759639158808,
    0.501204390647));
#2811 = CARTESIAN_POINT('',(38.62230687127,30.746781558635,
    0.501594790977));
#2812 = CARTESIAN_POINT('',(33.437048001763,30.72502453781,
    0.501803052084));
#2813 = CARTESIAN_POINT('',(31.481980036704,30.716564321727,
    0.501879368065));
#2814 = CARTESIAN_POINT('',(29.527140356692,30.707848408177,
    0.501947879907));
#2815 = CARTESIAN_POINT('',(27.572685168372,30.698877704123,0.5020055656
    ));
#2816 = CARTESIAN_POINT('',(25.618787639035,30.689653245463,
    0.502051285309));
#2817 = CARTESIAN_POINT('',(23.6656312108,30.680176193159,0.502085092776
    ));
#2818 = CARTESIAN_POINT('',(21.713402915296,30.670447829758,
    0.502107546723));
#2819 = CARTESIAN_POINT('',(19.762286687849,30.660469555529,
    0.502119022254));
#2820 = CARTESIAN_POINT('',(17.812456682057,30.650242884892,
    0.502119022254));
#2821 = ADVANCED_FACE('',(#2822),#2852,.F.);
#2822 = FACE_BOUND('',#2823,.F.);
#2823 = EDGE_LOOP('',(#2824,#2833,#2850,#2851));
#2824 = ORIENTED_EDGE('',*,*,#2825,.T.);
#2825 = EDGE_CURVE('',#1875,#2826,#2828,.T.);
#2826 = VERTEX_POINT('',#2827);
#2827 = CARTESIAN_POINT('',(75.554763513919,25.111787593995,
    -20.99345652856));
#2828 = CIRCLE('',#2829,5.);
#2829 = AXIS2_PLACEMENT_3D('',#2830,#2831,#2832);
#2830 = CARTESIAN_POINT('',(70.586854286126,25.111787593995,
    -21.55903402494));
#2831 = DIRECTION('',(0.112700803568,-8.555005623072E-02,-0.989939249022
    ));
#2832 = DIRECTION('',(9.677037323535E-03,0.996333873698,
    -8.500098275736E-02));
#2833 = ORIENTED_EDGE('',*,*,#2834,.T.);
#2834 = EDGE_CURVE('',#2826,#2633,#2835,.T.);
#2835 = ( BOUNDED_CURVE() B_SPLINE_CURVE(7,(#2836,#2837,#2838,#2839,
    #2840,#2841,#2842,#2843,#2844,#2845,#2846,#2847,#2848,#2849),
.UNSPECIFIED.,.F.,.F.) B_SPLINE_CURVE_WITH_KNOTS((8,6,8),(
    18.657679381115,19.083514020316,29.346513513777),.UNSPECIFIED.) 
CURVE() GEOMETRIC_REPRESENTATION_ITEM() RATIONAL_B_SPLINE_CURVE((1.,1.,
1.,1.,1.,1.,1.,1.,1.,1.,1.,1.,1.,1.)) REPRESENTATION_ITEM('') );
#2836 = CARTESIAN_POINT('',(75.554763513919,25.111787593995,
    -20.99345652856));
#2837 = CARTESIAN_POINT('',(75.548008744667,25.116487782149,
    -20.93412411043));
#2838 = CARTESIAN_POINT('',(75.541184961492,25.121171325455,
    -20.87479846907));
#2839 = CARTESIAN_POINT('',(75.534292118503,25.125838314882,
    -20.81547927059));
#2840 = CARTESIAN_POINT('',(75.527330287046,25.130488592124,
    -20.75616713919));
#2841 = CARTESIAN_POINT('',(75.520299422389,25.135122213548,
    -20.69686175748));
#2842 = CARTESIAN_POINT('',(75.513199434892,25.139739356847,
    -20.63756244802));
#2843 = CARTESIAN_POINT('',(75.333254340331,25.255211382787,
    -19.14929946918));
#2844 = CARTESIAN_POINT('',(75.120331880558,25.356386617343,
    -17.72378799176));
#2845 = CARTESIAN_POINT('',(74.867355603975,25.447629583052,
    -16.3045087158));
#2846 = CARTESIAN_POINT('',(74.575261726079,25.528795250655,
    -14.89486143987));
#2847 = CARTESIAN_POINT('',(74.243824771893,25.60008705316,
    -13.49551453775));
#2848 = CARTESIAN_POINT('',(73.875927330228,25.661072654279,
    -12.11354958799));
#2849 = CARTESIAN_POINT('',(73.470541046991,25.712926831964,
    -10.74454463406));
#2850 = ORIENTED_EDGE('',*,*,#2632,.F.);
#2851 = ORIENTED_EDGE('',*,*,#1874,.F.);
#2852 = ( BOUNDED_SURFACE() B_SPLINE_SURFACE(2,7,(
    (#2853,#2854,#2855,#2856,#2857,#2858,#2859,#2860,#2861,#2862,#2863
      ,#2864,#2865,#2866)
    ,(#2867,#2868,#2869,#2870,#2871,#2872,#2873,#2874,#2875,#2876,#2877
      ,#2878,#2879,#2880)
    ,(#2881,#2882,#2883,#2884,#2885,#2886,#2887,#2888,#2889,#2890,#2891
      ,#2892,#2893,#2894
)),.UNSPECIFIED.,.F.,.F.,.F.) B_SPLINE_SURFACE_WITH_KNOTS((3,3),(8,6,8),
  (0.,10.688834132662),(18.657679381115,19.083514020316,29.346513513777)
,.UNSPECIFIED.) GEOMETRIC_REPRESENTATION_ITEM() 
RATIONAL_B_SPLINE_SURFACE((
    (1.,1.,1.,1.,1.,1.,1.,1.,1.,1.,1.,1.,1.,1.)
    ,(0.707106781187,0.707076678001,0.707046804215,0.707017169715
      ,0.70698775803,0.706958574448,0.706929638112,0.70620874065
      ,0.705639856748,0.70519795692,0.704872313382,0.704695481285
      ,0.704592722206,0.704672673706)
,(1.,1.,1.,1.,1.,1.,1.,1.,1.,1.,1.,1.,1.,1.
))) REPRESENTATION_ITEM('') SURFACE() );
#2853 = CARTESIAN_POINT('',(70.635239472741,30.093456962489,
    -21.9840389387));
#2854 = CARTESIAN_POINT('',(70.628327891825,30.098703474646,
    -21.92332912116));
#2855 = CARTESIAN_POINT('',(70.621374804861,30.103910059593,
    -21.86286137497));
#2856 = CARTESIAN_POINT('',(70.614236361847,30.109179320829,
    -21.80139997326));
#2857 = CARTESIAN_POINT('',(70.607212147241,30.114296057348,
    -21.74153020109));
#2858 = CARTESIAN_POINT('',(70.600061064142,30.119436566449,
    -21.68115060426));
#2859 = CARTESIAN_POINT('',(70.592423411339,30.124859272662,
    -21.61715601553));
#2860 = CARTESIAN_POINT('',(70.422383413356,30.243270527881,
    -20.21540466972));
#2861 = CARTESIAN_POINT('',(70.223203843189,30.34630145122,
    -18.88128849448));
#2862 = CARTESIAN_POINT('',(69.985918886805,30.439498043679,
    -17.54577976905));
#2863 = CARTESIAN_POINT('',(69.716889675702,30.522587394897,
    -16.22968784169));
#2864 = CARTESIAN_POINT('',(69.402000602594,30.59503668463,
    -14.90071246635));
#2865 = CARTESIAN_POINT('',(69.074796299957,30.65628511148,
    -13.64746552274));
#2866 = CARTESIAN_POINT('',(68.682866017593,30.711032397002,
    -12.30683489735));
#2867 = CARTESIAN_POINT('',(75.603148700534,30.093456962489,
    -21.41846144233));
#2868 = CARTESIAN_POINT('',(75.596659834348,30.098703698012,
    -21.35770088216));
#2869 = CARTESIAN_POINT('',(75.590098756513,30.103930025181,
    -21.29694753523));
#2870 = CARTESIAN_POINT('',(75.58346556871,30.109135800952,
    -21.23620220719));
#2871 = CARTESIAN_POINT('',(75.57676005632,30.114321295037,
    -21.17546321895));
#2872 = CARTESIAN_POINT('',(75.569982360894,30.119486365945,
    -21.11473173085));
#2873 = CARTESIAN_POINT('',(75.563132739829,30.12463069152,
    -21.05400980684));
#2874 = CARTESIAN_POINT('',(75.389205684251,30.253382968827,
    -19.52842368035));
#2875 = CARTESIAN_POINT('',(75.180130631862,30.365245419519,
    -18.0673369607));
#2876 = CARTESIAN_POINT('',(74.929089181261,30.465076771006,
    -16.61275553496));
#2877 = CARTESIAN_POINT('',(74.637005849286,30.552877426441,
    -15.1682012806));
#2878 = CARTESIAN_POINT('',(74.303750964955,30.628426858311,
    -13.73431899406));
#2879 = CARTESIAN_POINT('',(73.932003438117,30.692347445452,
    -12.31784053674));
#2880 = CARTESIAN_POINT('',(73.521080755396,30.744262279222,
    -10.91521915867));
#2881 = CARTESIAN_POINT('',(75.554763513919,25.111787593995,
    -20.99345652856));
#2882 = CARTESIAN_POINT('',(75.548008744667,25.116487782149,
    -20.93412411043));
#2883 = CARTESIAN_POINT('',(75.541184961492,25.121171325455,
    -20.87479846907));
#2884 = CARTESIAN_POINT('',(75.534292118503,25.125838314882,
    -20.81547927059));
#2885 = CARTESIAN_POINT('',(75.527330287046,25.130488592124,
    -20.75616713919));
#2886 = CARTESIAN_POINT('',(75.520299422389,25.135122213548,
    -20.69686175748));
#2887 = CARTESIAN_POINT('',(75.513199434892,25.139739356847,
    -20.63756244802));
#2888 = CARTESIAN_POINT('',(75.333254340331,25.255211382787,
    -19.14929946918));
#2889 = CARTESIAN_POINT('',(75.120331880558,25.356386617343,
    -17.72378799176));
#2890 = CARTESIAN_POINT('',(74.867355603975,25.447629583052,
    -16.3045087158));
#2891 = CARTESIAN_POINT('',(74.575261726079,25.528795250655,
    -14.89486143987));
#2892 = CARTESIAN_POINT('',(74.243824771893,25.60008705316,
    -13.49551453775));
#2893 = CARTESIAN_POINT('',(73.875927330228,25.661072654279,
    -12.11354958799));
#2894 = CARTESIAN_POINT('',(73.470541046991,25.712926831964,
    -10.74454463406));
#2895 = ADVANCED_FACE('',(#2896),#2916,.T.);
#2896 = FACE_BOUND('',#2897,.T.);
#2897 = EDGE_LOOP('',(#2898,#2907,#2908,#2909));
#2898 = ORIENTED_EDGE('',*,*,#2899,.F.);
#2899 = EDGE_CURVE('',#1894,#2900,#2902,.T.);
#2900 = VERTEX_POINT('',#2901);
#2901 = CARTESIAN_POINT('',(77.397938951025,23.067349701371,
    -37.18350708951));
#2902 = CIRCLE('',#2903,5.);
#2903 = AXIS2_PLACEMENT_3D('',#2904,#2905,#2906);
#2904 = CARTESIAN_POINT('',(72.430029723231,23.067349701371,
    -37.74908458588));
#2905 = DIRECTION('',(0.111598195166,-0.163240896089,-0.980254177588));
#2906 = DIRECTION('',(1.84650754632E-02,0.986586240449,-0.162193190807)
  );
#2907 = ORIENTED_EDGE('',*,*,#1893,.T.);
#2908 = ORIENTED_EDGE('',*,*,#2825,.T.);
#2909 = ORIENTED_EDGE('',*,*,#2910,.F.);
#2910 = EDGE_CURVE('',#2900,#2826,#2911,.T.);
#2911 = CIRCLE('',#2912,209.73685000176);
#2912 = AXIS2_PLACEMENT_3D('',#2913,#2914,#2915);
#2913 = CARTESIAN_POINT('',(73.525132188331,-183.8561406255,
    -3.165618157981));
#2914 = DIRECTION('',(0.993581845559,-2.428612866368E-17,0.113115499275)
  );
#2915 = DIRECTION('',(1.846507546319E-02,0.986586240449,-0.162193190807)
  );
#2916 = TOROIDAL_SURFACE('',#2917,209.73685000176,5.);
#2917 = AXIS2_PLACEMENT_3D('',#2918,#2919,#2920);
#2918 = CARTESIAN_POINT('',(68.557222960538,-183.8561406255,
    -3.731195654356));
#2919 = DIRECTION('',(0.993581845559,-2.51166863474E-17,0.113115499275)
  );
#2920 = DIRECTION('',(1.846507546319E-02,0.986586240449,-0.162193190807)
  );
#2921 = ADVANCED_FACE('',(#2922),#2946,.T.);
#2922 = FACE_BOUND('',#2923,.T.);
#2923 = EDGE_LOOP('',(#2924,#2932,#2944,#2945));
#2924 = ORIENTED_EDGE('',*,*,#2925,.T.);
#2925 = EDGE_CURVE('',#1911,#2926,#2928,.T.);
#2926 = VERTEX_POINT('',#2927);
#2927 = CARTESIAN_POINT('',(-70.31614185248,25.705134596141,
    -10.03104341252));
#2928 = ( BOUNDED_CURVE() B_SPLINE_CURVE(2,(#2929,#2930,#2931),
.UNSPECIFIED.,.F.,.F.) B_SPLINE_CURVE_WITH_KNOTS((3,3),(0.,
45.099113822906),.PIECEWISE_BEZIER_KNOTS.) CURVE() 
GEOMETRIC_REPRESENTATION_ITEM() RATIONAL_B_SPLINE_CURVE((1.,
0.709619808595,1.)) REPRESENTATION_ITEM('') );
#2929 = CARTESIAN_POINT('',(-65.34748276884,30.70009442431,
    -10.11335957431));
#2930 = CARTESIAN_POINT('',(-70.30267999589,30.664772184092,
    -9.811262421001));
#2931 = CARTESIAN_POINT('',(-70.31614185248,25.705134596141,
    -10.03104341252));
#2932 = ORIENTED_EDGE('',*,*,#2933,.T.);
#2933 = EDGE_CURVE('',#2926,#2565,#2934,.T.);
#2934 = ( BOUNDED_CURVE() B_SPLINE_CURVE(8,(#2935,#2936,#2937,#2938,
    #2939,#2940,#2941,#2942,#2943),.UNSPECIFIED.,.F.,.F.) 
B_SPLINE_CURVE_WITH_KNOTS((9,9),(46.94274812405,48.109116875617),
.PIECEWISE_BEZIER_KNOTS.) CURVE() GEOMETRIC_REPRESENTATION_ITEM() 
RATIONAL_B_SPLINE_CURVE((1.,1.,1.,1.,1.,1.,1.,1.,1.)) 
REPRESENTATION_ITEM('') );
#2935 = CARTESIAN_POINT('',(-70.31614185248,25.705134596141,
    -10.03104341252));
#2936 = CARTESIAN_POINT('',(-70.30750284018,25.699437398325,
    -9.890001151672));
#2937 = CARTESIAN_POINT('',(-70.29884714543,25.69362191735,
    -9.748686529722));
#2938 = CARTESIAN_POINT('',(-70.29021984128,25.687722849661,
    -9.607835418424));
#2939 = CARTESIAN_POINT('',(-70.2812301924,25.681440871217,
    -9.461068593978));
#2940 = CARTESIAN_POINT('',(-70.27222652288,25.675040447058,
    -9.314072865694));
#2941 = CARTESIAN_POINT('',(-70.2633393954,25.668620471619,
    -9.168979826186));
#2942 = CARTESIAN_POINT('',(-70.25461717662,25.662213832633,
    -9.026579119604));
#2943 = CARTESIAN_POINT('',(-70.24577442328,25.655609138781,
    -8.882210541298));
#2944 = ORIENTED_EDGE('',*,*,#2564,.F.);
#2945 = ORIENTED_EDGE('',*,*,#1929,.F.);
#2946 = ( BOUNDED_SURFACE() B_SPLINE_SURFACE(2,8,(
    (#2947,#2948,#2949,#2950,#2951,#2952,#2953,#2954,#2955)
    ,(#2956,#2957,#2958,#2959,#2960,#2961,#2962,#2963,#2964)
    ,(#2965,#2966,#2967,#2968,#2969,#2970,#2971,#2972,#2973
)),.UNSPECIFIED.,.F.,.F.,.F.) B_SPLINE_SURFACE_WITH_KNOTS((3,3),(9,9),(
    0.,1.166368751568),(46.94274812405,48.109116875617),
.PIECEWISE_BEZIER_KNOTS.) GEOMETRIC_REPRESENTATION_ITEM() 
RATIONAL_B_SPLINE_SURFACE((
    (1.,1.,1.,1.,1.,1.,1.,1.,1.)
    ,(0.709619808595,0.709660519166,0.709701308117,0.709741476396
      ,0.709782612173,0.709822802806,0.709863569981,0.709904133866
      ,0.70994472403)
,(1.,1.,1.,1.,1.,1.,1.,1.,1.))) REPRESENTATION_ITEM('') SURFACE() );
#2947 = CARTESIAN_POINT('',(-65.34748276884,30.70009442431,
    -10.11335957431));
#2948 = CARTESIAN_POINT('',(-65.33920391603,30.694235967733,
    -9.96874678752));
#2949 = CARTESIAN_POINT('',(-65.33091759904,30.688262917804,
    -9.823993210226));
#2950 = CARTESIAN_POINT('',(-65.32268974295,30.68222652827,
    -9.680337524476));
#2951 = CARTESIAN_POINT('',(-65.31436996928,30.67601102809,
    -9.534956147168));
#2952 = CARTESIAN_POINT('',(-65.30614060051,30.669756406058,
    -9.391269284986));
#2953 = CARTESIAN_POINT('',(-65.29785681007,30.663351601895,
    -9.246559641573));
#2954 = CARTESIAN_POINT('',(-65.28959125404,30.656852209547,
    -9.102194203765));
#2955 = CARTESIAN_POINT('',(-65.28132377099,30.650242884892,
    -8.957790601299));
#2956 = CARTESIAN_POINT('',(-70.30267999589,30.664772184092,
    -9.811262421001));
#2957 = CARTESIAN_POINT('',(-70.29383721317,30.658352734436,
    -9.666893363094));
#2958 = CARTESIAN_POINT('',(-70.28499450543,30.651824455541,
    -9.522525529227));
#2959 = CARTESIAN_POINT('',(-70.27615193499,30.64519229065,
    -9.378159937074));
#2960 = CARTESIAN_POINT('',(-70.26730978452,30.638445227455,
    -9.233801201496));
#2961 = CARTESIAN_POINT('',(-70.25846767547,30.631596584759,
    -9.089443142054));
#2962 = CARTESIAN_POINT('',(-70.24962565519,30.624635582963,
    -8.945086531897));
#2963 = CARTESIAN_POINT('',(-70.24078382829,30.617567724358,
    -8.800733078779));
#2964 = CARTESIAN_POINT('',(-70.23194216394,30.610391459918,
    -8.656382279656));
#2965 = CARTESIAN_POINT('',(-70.31614185248,25.705134596141,
    -10.03104341252));
#2966 = CARTESIAN_POINT('',(-70.30750284018,25.699437398325,
    -9.890001151672));
#2967 = CARTESIAN_POINT('',(-70.29884714543,25.69362191735,
    -9.748686529722));
#2968 = CARTESIAN_POINT('',(-70.29021984128,25.687722849661,
    -9.607835418424));
#2969 = CARTESIAN_POINT('',(-70.2812301924,25.681440871217,
    -9.461068593978));
#2970 = CARTESIAN_POINT('',(-70.27222652288,25.675040447058,
    -9.314072865694));
#2971 = CARTESIAN_POINT('',(-70.2633393954,25.668620471619,
    -9.168979826186));
#2972 = CARTESIAN_POINT('',(-70.25461717662,25.662213832633,
    -9.026579119604));
#2973 = CARTESIAN_POINT('',(-70.24577442328,25.655609138781,
    -8.882210541298));
#2974 = ADVANCED_FACE('',(#2975),#3011,.F.);
#2975 = FACE_BOUND('',#2976,.F.);
#2976 = EDGE_LOOP('',(#2977,#2987,#2993,#2994,#3005));
#2977 = ORIENTED_EDGE('',*,*,#2978,.F.);
#2978 = EDGE_CURVE('',#2979,#2981,#2983,.T.);
#2979 = VERTEX_POINT('',#2980);
#2980 = CARTESIAN_POINT('',(72.727639485095,27.7,-40.36322374757));
#2981 = VERTEX_POINT('',#2982);
#2982 = CARTESIAN_POINT('',(-63.98830043001,27.7,-55.92781147778));
#2983 = LINE('',#2984,#2985);
#2984 = CARTESIAN_POINT('',(77.695548712888,27.7,-39.7976462512));
#2985 = VECTOR('',#2986,1.);
#2986 = DIRECTION('',(-0.993581845559,0.,-0.113115499275));
#2987 = ORIENTED_EDGE('',*,*,#2988,.T.);
#2988 = EDGE_CURVE('',#2979,#1894,#2989,.T.);
#2989 = LINE('',#2990,#2991);
#2990 = CARTESIAN_POINT('',(72.727639485095,27.7,-40.36322374757));
#2991 = VECTOR('',#2992,1.);
#2992 = DIRECTION('',(-0.111598195166,0.163240896089,0.980254177588));
#2993 = ORIENTED_EDGE('',*,*,#1902,.T.);
#2994 = ORIENTED_EDGE('',*,*,#2995,.F.);
#2995 = EDGE_CURVE('',#2996,#1903,#2998,.T.);
#2996 = VERTEX_POINT('',#2997);
#2997 = CARTESIAN_POINT('',(-64.08718445211,27.84464316696,
    -55.05923582015));
#2998 = ( BOUNDED_CURVE() B_SPLINE_CURVE(5,(#2999,#3000,#3001,#3002,
#3003,#3004),.UNSPECIFIED.,.F.,.F.) B_SPLINE_CURVE_WITH_KNOTS((6,6),(
0.886071875527,1.843634301144),.PIECEWISE_BEZIER_KNOTS.) CURVE() 
GEOMETRIC_REPRESENTATION_ITEM() RATIONAL_B_SPLINE_CURVE((1.,1.,1.,1.,1.,
1.)) REPRESENTATION_ITEM('') );
#2999 = CARTESIAN_POINT('',(-64.08718445211,27.84464316696,
    -55.05923582015));
#3000 = CARTESIAN_POINT('',(-64.1084645247,27.875770714443,
    -54.87231630924));
#3001 = CARTESIAN_POINT('',(-64.12949322132,27.906781266067,
    -54.68607984074));
#3002 = CARTESIAN_POINT('',(-64.15046001486,27.937948012058,
    -54.49888622811));
#3003 = CARTESIAN_POINT('',(-64.17149165821,27.969477216202,
    -54.30949524354));
#3004 = CARTESIAN_POINT('',(-64.19187471611,28.000280903618,
    -54.12444358194));
#3005 = ORIENTED_EDGE('',*,*,#3006,.F.);
#3006 = EDGE_CURVE('',#2981,#2996,#3007,.T.);
#3007 = LINE('',#3008,#3009);
#3008 = CARTESIAN_POINT('',(-63.98830043001,27.7,-55.92781147778));
#3009 = VECTOR('',#3010,1.);
#3010 = DIRECTION('',(-0.111598195166,0.163240896089,0.980254177588));
#3011 = PLANE('',#3012);
#3012 = AXIS2_PLACEMENT_3D('',#3013,#3014,#3015);
#3013 = CARTESIAN_POINT('',(77.490264328341,28.000280903618,
    -37.99447304354));
#3014 = DIRECTION('',(-1.84650754632E-02,-0.986586240449,0.162193190807)
  );
#3015 = DIRECTION('',(0.111598195166,-0.163240896089,-0.980254177588));
#3016 = ADVANCED_FACE('',(#3017),#3046,.T.);
#3017 = FACE_BOUND('',#3018,.T.);
#3018 = EDGE_LOOP('',(#3019,#3027,#3044,#3045));
#3019 = ORIENTED_EDGE('',*,*,#3020,.T.);
#3020 = EDGE_CURVE('',#1903,#3021,#3023,.T.);
#3021 = VERTEX_POINT('',#3022);
#3022 = CARTESIAN_POINT('',(-69.25216224219,23.064409510963,
    -53.8785723574));
#3023 = ( BOUNDED_CURVE() B_SPLINE_CURVE(2,(#3024,#3025,#3026),
.UNSPECIFIED.,.F.,.F.) B_SPLINE_CURVE_WITH_KNOTS((3,3),(0.,
0.957562425617),.PIECEWISE_BEZIER_KNOTS.) CURVE() 
GEOMETRIC_REPRESENTATION_ITEM() RATIONAL_B_SPLINE_CURVE((1.,
0.706896360517,1.)) REPRESENTATION_ITEM('') );
#3024 = CARTESIAN_POINT('',(-64.19187471611,28.000280903618,
    -54.12444358194));
#3025 = CARTESIAN_POINT('',(-69.16274688559,28.000280974593,
    -54.69035796619));
#3026 = CARTESIAN_POINT('',(-69.25216224219,23.064409510963,
    -53.8785723574));
#3027 = ORIENTED_EDGE('',*,*,#3028,.T.);
#3028 = EDGE_CURVE('',#3021,#2926,#3029,.T.);
#3029 = ( BOUNDED_CURVE() B_SPLINE_CURVE(5,(#3030,#3031,#3032,#3033,
    #3034,#3035,#3036,#3037,#3038,#3039,#3040,#3041,#3042,#3043),
.UNSPECIFIED.,.F.,.F.) B_SPLINE_CURVE_WITH_KNOTS((6,4,4,6),(
    1.843634301144,21.579688759694,46.720889952872,46.94274812405),
.UNSPECIFIED.) CURVE() GEOMETRIC_REPRESENTATION_ITEM() 
RATIONAL_B_SPLINE_CURVE((1.,1.,1.,1.,1.,1.,1.,1.,1.,1.,1.,1.,1.,1.)) 
REPRESENTATION_ITEM('') );
#3030 = CARTESIAN_POINT('',(-69.25216224219,23.064409510963,
    -53.8785723574));
#3031 = CARTESIAN_POINT('',(-69.66725643283,23.679873987898,
    -50.1100088368));
#3032 = CARTESIAN_POINT('',(-70.01520300956,24.213041475795,
    -46.31201616829));
#3033 = CARTESIAN_POINT('',(-70.29434750427,24.663111171523,
    -42.48477699394));
#3034 = CARTESIAN_POINT('',(-70.50211296253,25.027862218303,
    -38.6392088404));
#3035 = CARTESIAN_POINT('',(-70.81069278919,25.663268862998,
    -29.8726306153));
#3036 = CARTESIAN_POINT('',(-70.86659692378,25.880752603045,
    -24.94550088514));
#3037 = CARTESIAN_POINT('',(-70.80373095779,25.959281130577,
    -20.02065064292));
#3038 = CARTESIAN_POINT('',(-70.62341011144,25.901788596629,
    -15.11584065979));
#3039 = CARTESIAN_POINT('',(-70.32660778035,25.711864164043,
    -10.2027954903));
#3040 = CARTESIAN_POINT('',(-70.32400378703,25.710195302552,
    -10.15984035678));
#3041 = CARTESIAN_POINT('',(-70.32139168797,25.708518014313,
    -10.11690035835));
#3042 = CARTESIAN_POINT('',(-70.31877115314,25.706831408963,
    -10.07396990644));
#3043 = CARTESIAN_POINT('',(-70.31614185248,25.705134596141,
    -10.03104341252));
#3044 = ORIENTED_EDGE('',*,*,#2925,.F.);
#3045 = ORIENTED_EDGE('',*,*,#1910,.F.);
#3046 = ( BOUNDED_SURFACE() B_SPLINE_SURFACE(2,5,(
    (#3047,#3048,#3049,#3050,#3051,#3052,#3053,#3054,#3055,#3056,#3057
      ,#3058,#3059,#3060)
    ,(#3061,#3062,#3063,#3064,#3065,#3066,#3067,#3068,#3069,#3070,#3071
      ,#3072,#3073,#3074)
    ,(#3075,#3076,#3077,#3078,#3079,#3080,#3081,#3082,#3083,#3084,#3085
      ,#3086,#3087,#3088
)),.UNSPECIFIED.,.F.,.F.,.F.) B_SPLINE_SURFACE_WITH_KNOTS((3,3),(6,4,4,6
    ),(0.,45.099113822906),(1.843634301144,21.579688759694,
    46.720889952872,46.94274812405),.UNSPECIFIED.) 
GEOMETRIC_REPRESENTATION_ITEM() RATIONAL_B_SPLINE_SURFACE((
    (1.,1.,1.,1.,1.,1.,1.,1.,1.,1.,1.,1.,1.,1.)
    ,(0.706896359582,0.706066393603,0.705463733605,0.705092594127
      ,0.70496039628,0.705201708811,0.705723730243,0.706632934383
      ,0.707913904996,0.709560222511,0.709574916262,0.70958980829
      ,0.70960480395,0.709619808595)
,(1.,1.,1.,1.,1.,1.,1.,1.,1.,1.,1.,1.,1.,1.
))) REPRESENTATION_ITEM('') SURFACE() );
#3047 = CARTESIAN_POINT('',(-64.19187471611,28.000280903618,
    -54.12444358194));
#3048 = CARTESIAN_POINT('',(-64.60808116662,28.629254629178,
    -50.34610179731));
#3049 = CARTESIAN_POINT('',(-64.95956910143,29.175467663325,
    -46.5305590599));
#3050 = CARTESIAN_POINT('',(-65.24306639933,29.63582401731,
    -42.68860719686));
#3051 = CARTESIAN_POINT('',(-65.45674501117,30.009007790831,
    -38.82851158224));
#3052 = CARTESIAN_POINT('',(-65.78189689503,30.658887425714,
    -30.02931411888));
#3053 = CARTESIAN_POINT('',(-65.84937410889,30.881191861136,
    -25.08421591409));
#3054 = CARTESIAN_POINT('',(-65.80028621937,30.9611554502,
    -20.14177808963));
#3055 = CARTESIAN_POINT('',(-65.63610949664,30.902046156035,
    -15.22076241738));
#3056 = CARTESIAN_POINT('',(-65.35748269548,30.707142175794,
    -10.28895008381));
#3057 = CARTESIAN_POINT('',(-65.35501134269,30.705407867907,
    -10.2453366783));
#3058 = CARTESIAN_POINT('',(-65.35251488961,30.703650737943,
    -10.20142022947));
#3059 = CARTESIAN_POINT('',(-65.35000235781,30.701877389034,
    -10.15737108044));
#3060 = CARTESIAN_POINT('',(-65.34748276884,30.70009442431,
    -10.11335957431));
#3061 = CARTESIAN_POINT('',(-69.16274688547,28.000280981115,
    -54.69035796726));
#3062 = CARTESIAN_POINT('',(-69.59975835717,28.642642974517,
    -50.8327640512));
#3063 = CARTESIAN_POINT('',(-69.96659185831,29.197562242498,
    -46.94374978871));
#3064 = CARTESIAN_POINT('',(-70.26089001091,29.663295992725,
    -43.02820488319));
#3065 = CARTESIAN_POINT('',(-70.48071293997,30.038575240171,
    -39.09302571056));
#3066 = CARTESIAN_POINT('',(-70.80899929689,30.685670411547,
    -30.11703637197));
#3067 = CARTESIAN_POINT('',(-70.87023797073,30.900452566963,
    -25.07797732224));
#3068 = CARTESIAN_POINT('',(-70.80749236001,30.967898419577,
    -20.04189322019));
#3069 = CARTESIAN_POINT('',(-70.6218577434,30.890987934847,
    -15.02223778116));
#3070 = CARTESIAN_POINT('',(-70.31353644274,30.672519319518,
    -9.987020129953));
#3071 = CARTESIAN_POINT('',(-70.31083637907,30.670599988456,
    -9.943079103324));
#3072 = CARTESIAN_POINT('',(-70.30812698125,30.668668590097,
    -9.899139611855));
#3073 = CARTESIAN_POINT('',(-70.30540820283,30.666725772862,
    -9.855200958043));
#3074 = CARTESIAN_POINT('',(-70.30267999589,30.664772184092,
    -9.811262421001));
#3075 = CARTESIAN_POINT('',(-69.25216224219,23.064409510963,
    -53.8785723574));
#3076 = CARTESIAN_POINT('',(-69.66725643283,23.679873987898,
    -50.1100088368));
#3077 = CARTESIAN_POINT('',(-70.01520300956,24.213041475795,
    -46.31201616829));
#3078 = CARTESIAN_POINT('',(-70.29434750427,24.663111171523,
    -42.48477699394));
#3079 = CARTESIAN_POINT('',(-70.50211296253,25.027862218303,
    -38.6392088404));
#3080 = CARTESIAN_POINT('',(-70.81069278919,25.663268862998,
    -29.8726306153));
#3081 = CARTESIAN_POINT('',(-70.86659692378,25.880752603045,
    -24.94550088514));
#3082 = CARTESIAN_POINT('',(-70.80373095779,25.959281130577,
    -20.02065064292));
#3083 = CARTESIAN_POINT('',(-70.62341011144,25.901788596629,
    -15.11584065979));
#3084 = CARTESIAN_POINT('',(-70.32660778035,25.711864164043,
    -10.2027954903));
#3085 = CARTESIAN_POINT('',(-70.32400378703,25.710195302552,
    -10.15984035678));
#3086 = CARTESIAN_POINT('',(-70.32139168797,25.708518014313,
    -10.11690035835));
#3087 = CARTESIAN_POINT('',(-70.31877115314,25.706831408963,
    -10.07396990644));
#3088 = CARTESIAN_POINT('',(-70.31614185248,25.705134596141,
    -10.03104341252));
#3089 = ADVANCED_FACE('',(#3090),#3115,.T.);
#3090 = FACE_BOUND('',#3091,.F.);
#3091 = EDGE_LOOP('',(#3092,#3100,#3101,#3109));
#3092 = ORIENTED_EDGE('',*,*,#3093,.F.);
#3093 = EDGE_CURVE('',#2078,#3094,#3096,.T.);
#3094 = VERTEX_POINT('',#3095);
#3095 = CARTESIAN_POINT('',(-64.701892648,-30.2174630677,0.502119022254)
  );
#3096 = LINE('',#3097,#3098);
#3097 = CARTESIAN_POINT('',(-64.6964064459,-29.17145681073,
    1.501059511127));
#3098 = VECTOR('',#3099,1.);
#3099 = DIRECTION('',(-3.793033482507E-03,-0.723184578779,-0.69064439324
    ));
#3100 = ORIENTED_EDGE('',*,*,#2077,.T.);
#3101 = ORIENTED_EDGE('',*,*,#3102,.T.);
#3102 = EDGE_CURVE('',#2080,#3103,#3105,.T.);
#3103 = VERTEX_POINT('',#3104);
#3104 = CARTESIAN_POINT('',(17.812456682052,-30.65024288489,
    0.502119022254));
#3105 = LINE('',#3106,#3107);
#3106 = CARTESIAN_POINT('',(17.817942884153,-29.60423662792,
    1.501059511127));
#3107 = VECTOR('',#3108,1.);
#3108 = DIRECTION('',(-3.793033482507E-03,-0.723184578779,-0.69064439324
    ));
#3109 = ORIENTED_EDGE('',*,*,#3110,.F.);
#3110 = EDGE_CURVE('',#3094,#3103,#3111,.T.);
#3111 = LINE('',#3112,#3113);
#3112 = CARTESIAN_POINT('',(-64.58000271694,-30.21810236865,
    0.502119022254));
#3113 = VECTOR('',#3114,1.);
#3114 = DIRECTION('',(0.999986245776,-5.244831573542E-03,
    1.393502626868E-17));
#3115 = PLANE('',#3116);
#3116 = AXIS2_PLACEMENT_3D('',#3117,#3118,#3119);
#3117 = CARTESIAN_POINT('',(-64.57451651484,-29.17209611168,
    1.501059511127));
#3118 = DIRECTION('',(-3.622313519755E-03,-0.690634893963,0.723194525758
    ));
#3119 = DIRECTION('',(-0.999986245776,5.244831573542E-03,
    -1.089903541699E-16));
#3120 = ADVANCED_FACE('',(#3121),#3144,.T.);
#3121 = FACE_BOUND('',#3122,.T.);
#3122 = EDGE_LOOP('',(#3123,#3131,#3142,#3143));
#3123 = ORIENTED_EDGE('',*,*,#3124,.T.);
#3124 = EDGE_CURVE('',#2223,#3125,#3127,.T.);
#3125 = VERTEX_POINT('',#3126);
#3126 = CARTESIAN_POINT('',(-69.67087331234,-25.22621280879,
    0.503741189853));
#3127 = LINE('',#3128,#3129);
#3128 = CARTESIAN_POINT('',(-68.60973665617,-25.22621280879,
    1.501870594927));
#3129 = VECTOR('',#3130,1.);
#3130 = DIRECTION('',(-0.728401213677,-1.521340473163E-16,
    -0.685150838804));
#3131 = ORIENTED_EDGE('',*,*,#3132,.T.);
#3132 = EDGE_CURVE('',#3125,#3094,#3133,.T.);
#3133 = B_SPLINE_CURVE_WITH_KNOTS('',7,(#3134,#3135,#3136,#3137,#3138,
    #3139,#3140,#3141),.UNSPECIFIED.,.F.,.F.,(8,8),(775.03275207559,
    782.63772412957),.PIECEWISE_BEZIER_KNOTS.);
#3134 = CARTESIAN_POINT('',(-69.67087331237,-25.22621280881,
    0.503741189397));
#3135 = CARTESIAN_POINT('',(-69.67087187344,-26.34072854733,
    0.503764681573));
#3136 = CARTESIAN_POINT('',(-69.38079371896,-27.45764366883,
    0.504100823053));
#3137 = CARTESIAN_POINT('',(-68.79958446449,-28.49346706656,
    0.504513607311));
#3138 = CARTESIAN_POINT('',(-67.94298782535,-29.34407962515,
    0.503595372862));
#3139 = CARTESIAN_POINT('',(-66.91654423562,-29.91940266926,
    0.502687577099));
#3140 = CARTESIAN_POINT('',(-65.81056539694,-30.21163749639,
    0.502142623995));
#3141 = CARTESIAN_POINT('',(-64.70193606653,-30.21746283977,
    0.502119022716));
#3142 = ORIENTED_EDGE('',*,*,#3093,.F.);
#3143 = ORIENTED_EDGE('',*,*,#2230,.F.);
#3144 = B_SPLINE_SURFACE_WITH_KNOTS('',1,7,(
    (#3145,#3146,#3147,#3148,#3149,#3150,#3151,#3152)
    ,(#3153,#3154,#3155,#3156,#3157,#3158,#3159,#3160
  )),.UNSPECIFIED.,.F.,.F.,.F.,(2,2),(8,8),(0.,7.604972053982),(
    775.03275207559,782.63772412957),.PIECEWISE_BEZIER_KNOTS.);
#3145 = CARTESIAN_POINT('',(-67.54860013409,-25.22547973137,2.5));
#3146 = CARTESIAN_POINT('',(-67.54838173122,-25.85776018664,2.5));
#3147 = CARTESIAN_POINT('',(-67.38042523142,-26.50129396265,2.5));
#3148 = CARTESIAN_POINT('',(-67.04207887706,-27.10704056098,2.5));
#3149 = CARTESIAN_POINT('',(-66.54374726839,-27.60935156588,2.5));
#3150 = CARTESIAN_POINT('',(-65.94920663326,-27.94970912505,2.5));
#3151 = CARTESIAN_POINT('',(-65.31699836667,-28.12187125969,2.5));
#3152 = CARTESIAN_POINT('',(-64.68997678726,-28.12545572454,2.5));
#3153 = CARTESIAN_POINT('',(-69.67087331237,-25.22621280881,
    0.503741189397));
#3154 = CARTESIAN_POINT('',(-69.67087187344,-26.34072854733,
    0.503764681573));
#3155 = CARTESIAN_POINT('',(-69.38079371896,-27.45764366883,
    0.504100823053));
#3156 = CARTESIAN_POINT('',(-68.79958446449,-28.49346706656,
    0.504513607311));
#3157 = CARTESIAN_POINT('',(-67.94298782535,-29.34407962515,
    0.503595372862));
#3158 = CARTESIAN_POINT('',(-66.91654423562,-29.91940266926,
    0.502687577099));
#3159 = CARTESIAN_POINT('',(-65.81056539694,-30.21163749639,
    0.502142623995));
#3160 = CARTESIAN_POINT('',(-64.70193606653,-30.21746283977,
    0.502119022716));
#3161 = ADVANCED_FACE('',(#3162),#3202,.T.);
#3162 = FACE_BOUND('',#3163,.T.);
#3163 = EDGE_LOOP('',(#3164,#3165,#3196,#3201));
#3164 = ORIENTED_EDGE('',*,*,#3102,.T.);
#3165 = ORIENTED_EDGE('',*,*,#3166,.T.);
#3166 = EDGE_CURVE('',#3103,#3167,#3169,.T.);
#3167 = VERTEX_POINT('',#3168);
#3168 = CARTESIAN_POINT('',(64.945241344754,-30.83112907127,
    0.501614936116));
#3169 = B_SPLINE_CURVE_WITH_KNOTS('',9,(#3170,#3171,#3172,#3173,#3174,
    #3175,#3176,#3177,#3178,#3179,#3180,#3181,#3182,#3183,#3184,#3185,
    #3186,#3187,#3188,#3189,#3190,#3191,#3192,#3193,#3194,#3195),
  .UNSPECIFIED.,.F.,.F.,(10,8,8,10),(473.77340653483,491.50087830723,
    520.78818997157,521.31855921377),.UNSPECIFIED.);
#3170 = CARTESIAN_POINT('',(17.812456682052,-30.65024288489,
    0.502119022254));
#3171 = CARTESIAN_POINT('',(19.762286686666,-30.66046955552,
    0.502119022254));
#3172 = CARTESIAN_POINT('',(21.713397007949,-30.67044779879,
    0.502107547631));
#3173 = CARTESIAN_POINT('',(23.665611519356,-30.68017611059,
    0.502084702153));
#3174 = CARTESIAN_POINT('',(25.618748792808,-30.68965309817,
    0.502050268666));
#3175 = CARTESIAN_POINT('',(27.572626050949,-30.69887748402,
    0.502004085283));
#3176 = CARTESIAN_POINT('',(29.52706311957,-30.70784811012,
    0.501946421582));
#3177 = CARTESIAN_POINT('',(31.481886379848,-30.71656394185,
    0.50187835479));
#3178 = CARTESIAN_POINT('',(33.43693272074,-30.72502407216,
    0.501802145982));
#3179 = CARTESIAN_POINT('',(38.62208155639,-30.74678086819,0.50158857423
    ));
#3180 = CARTESIAN_POINT('',(41.852100120824,-30.75963841465,
    0.501186055146));
#3181 = CARTESIAN_POINT('',(45.083143782237,-30.77176124166,
    0.502588033144));
#3182 = CARTESIAN_POINT('',(48.307909685983,-30.78328337797,
    0.498000701969));
#3183 = CARTESIAN_POINT('',(51.541968216667,-30.79387337038,
    0.506039212705));
#3184 = CARTESIAN_POINT('',(54.752046487269,-30.80408767706,
    0.49538932008));
#3185 = CARTESIAN_POINT('',(57.971155138761,-30.81323426988,
    0.502907858268));
#3186 = CARTESIAN_POINT('',(61.165244292839,-30.82189426756,
    0.49856766922));
#3187 = CARTESIAN_POINT('',(64.466577467658,-30.82997773372,
    0.500730801257));
#3188 = CARTESIAN_POINT('',(64.525466996457,-30.83012164898,
    0.500771685912));
#3189 = CARTESIAN_POINT('',(64.584564282552,-30.83026566681,
    0.50082082669));
#3190 = CARTESIAN_POINT('',(64.643903640204,-30.83040975519,
    0.500883525755));
#3191 = CARTESIAN_POINT('',(64.703515659748,-30.8305538734,
    0.500965072888));
#3192 = CARTESIAN_POINT('',(64.7634284488,-30.83069796391,0.5010712782)
  );
#3193 = CARTESIAN_POINT('',(64.823668874167,-30.83084194428,
    0.501209004838));
#3194 = CARTESIAN_POINT('',(64.884263803038,-30.83098569897,
    0.501386701694));
#3195 = CARTESIAN_POINT('',(64.945241344754,-30.83112907127,
    0.501614936116));
#3196 = ORIENTED_EDGE('',*,*,#3197,.F.);
#3197 = EDGE_CURVE('',#2088,#3167,#3198,.T.);
#3198 = B_SPLINE_CURVE_WITH_KNOTS('',1,(#3199,#3200),.UNSPECIFIED.,.F.,
  .F.,(2,2),(0.,47.545152678938),.PIECEWISE_BEZIER_KNOTS.);
#3199 = CARTESIAN_POINT('',(64.756466733402,-28.75935530955,2.5));
#3200 = CARTESIAN_POINT('',(64.945241344754,-30.83112907127,
    0.501614936116));
#3201 = ORIENTED_EDGE('',*,*,#2087,.F.);
#3202 = B_SPLINE_SURFACE_WITH_KNOTS('',1,9,(
    (#3203,#3204,#3205,#3206,#3207,#3208,#3209,#3210,#3211,#3212,#3213
      ,#3214,#3215,#3216,#3217,#3218,#3219,#3220,#3221,#3222,#3223,#3224
      ,#3225,#3226,#3227,#3228)
    ,(#3229,#3230,#3231,#3232,#3233,#3234,#3235,#3236,#3237,#3238,#3239
      ,#3240,#3241,#3242,#3243,#3244,#3245,#3246,#3247,#3248,#3249,#3250
      ,#3251,#3252,#3253,#3254
    )),.UNSPECIFIED.,.F.,.F.,.F.,(2,2),(10,8,8,10),(0.,47.545152678938),
  (473.77340653483,491.50087830723,520.78818997157,521.31855921377),
  .UNSPECIFIED.);
#3203 = CARTESIAN_POINT('',(17.823429086254,-28.55823037095,2.5));
#3204 = CARTESIAN_POINT('',(19.773252690319,-28.56845700801,2.5));
#3205 = CARTESIAN_POINT('',(21.724353452215,-28.57868559987,2.5));
#3206 = CARTESIAN_POINT('',(23.676562507188,-28.58890920139,2.5));
#3207 = CARTESIAN_POINT('',(25.629701360598,-28.5991351916,
    2.500000000001));
#3208 = CARTESIAN_POINT('',(27.583585369426,-28.6093751701,2.5));
#3209 = CARTESIAN_POINT('',(29.538027223947,-28.61963485378,2.5));
#3210 = CARTESIAN_POINT('',(31.492840429216,-28.62990397322,2.5));
#3211 = CARTESIAN_POINT('',(33.447842786713,-28.64014616934,2.5));
#3212 = CARTESIAN_POINT('',(38.632716650441,-28.66704553871,2.5));
#3213 = CARTESIAN_POINT('',(41.862585664109,-28.68350364253,2.5));
#3214 = CARTESIAN_POINT('',(45.091973423173,-28.69959397217,2.5));
#3215 = CARTESIAN_POINT('',(48.319388772295,-28.71382658493,2.5));
#3216 = CARTESIAN_POINT('',(51.549283806435,-28.72884031772,2.5));
#3217 = CARTESIAN_POINT('',(54.775911687977,-28.74910212859,2.5));
#3218 = CARTESIAN_POINT('',(57.997443569342,-28.79737630862,2.5));
#3219 = CARTESIAN_POINT('',(61.191855270259,-28.84890750223,2.5));
#3220 = CARTESIAN_POINT('',(64.41918425007,-28.77644264113,2.5));
#3221 = CARTESIAN_POINT('',(64.470874694026,-28.77522839603,2.5));
#3222 = CARTESIAN_POINT('',(64.518145778726,-28.77389664672,2.5));
#3223 = CARTESIAN_POINT('',(64.562072722265,-28.77232812524,2.5));
#3224 = CARTESIAN_POINT('',(64.603532210331,-28.77045657772,2.5));
#3225 = CARTESIAN_POINT('',(64.643223575392,-28.76824884944,2.5));
#3226 = CARTESIAN_POINT('',(64.681689976613,-28.76568497009,2.5));
#3227 = CARTESIAN_POINT('',(64.719339579048,-28.76273823884,2.5));
#3228 = CARTESIAN_POINT('',(64.756466733402,-28.75935530955,2.5));
#3229 = CARTESIAN_POINT('',(17.812456682052,-30.65024288489,
    0.502119022254));
#3230 = CARTESIAN_POINT('',(19.762286686666,-30.66046955552,
    0.502119022254));
#3231 = CARTESIAN_POINT('',(21.713397007949,-30.67044779879,
    0.502107547631));
#3232 = CARTESIAN_POINT('',(23.665611519356,-30.68017611059,
    0.502084702153));
#3233 = CARTESIAN_POINT('',(25.618748792808,-30.68965309817,
    0.502050268666));
#3234 = CARTESIAN_POINT('',(27.572626050949,-30.69887748402,
    0.502004085283));
#3235 = CARTESIAN_POINT('',(29.52706311957,-30.70784811012,
    0.501946421582));
#3236 = CARTESIAN_POINT('',(31.481886379848,-30.71656394185,
    0.50187835479));
#3237 = CARTESIAN_POINT('',(33.43693272074,-30.72502407216,
    0.501802145982));
#3238 = CARTESIAN_POINT('',(38.62208155639,-30.74678086819,0.50158857423
    ));
#3239 = CARTESIAN_POINT('',(41.852100120824,-30.75963841465,
    0.501186055146));
#3240 = CARTESIAN_POINT('',(45.083143782237,-30.77176124166,
    0.502588033144));
#3241 = CARTESIAN_POINT('',(48.307909685983,-30.78328337797,
    0.498000701969));
#3242 = CARTESIAN_POINT('',(51.541968216667,-30.79387337038,
    0.506039212705));
#3243 = CARTESIAN_POINT('',(54.752046487269,-30.80408767706,
    0.49538932008));
#3244 = CARTESIAN_POINT('',(57.971155138761,-30.81323426988,
    0.502907858268));
#3245 = CARTESIAN_POINT('',(61.165244292839,-30.82189426756,
    0.49856766922));
#3246 = CARTESIAN_POINT('',(64.466577467658,-30.82997773372,
    0.500730801257));
#3247 = CARTESIAN_POINT('',(64.525466996457,-30.83012164898,
    0.500771685912));
#3248 = CARTESIAN_POINT('',(64.584564282552,-30.83026566681,
    0.50082082669));
#3249 = CARTESIAN_POINT('',(64.643903640204,-30.83040975519,
    0.500883525755));
#3250 = CARTESIAN_POINT('',(64.703515659748,-30.8305538734,
    0.500965072888));
#3251 = CARTESIAN_POINT('',(64.7634284488,-30.83069796391,0.5010712782)
  );
#3252 = CARTESIAN_POINT('',(64.823668874167,-30.83084194428,
    0.501209004838));
#3253 = CARTESIAN_POINT('',(64.884263803038,-30.83098569897,
    0.501386701694));
#3254 = CARTESIAN_POINT('',(64.945241344754,-30.83112907127,
    0.501614936116));
#3255 = ADVANCED_FACE('',(#3256),#3271,.T.);
#3256 = FACE_BOUND('',#3257,.F.);
#3257 = EDGE_LOOP('',(#3258,#3263,#3264,#3265));
#3258 = ORIENTED_EDGE('',*,*,#3259,.F.);
#3259 = EDGE_CURVE('',#2210,#2573,#3260,.T.);
#3260 = B_SPLINE_CURVE_WITH_KNOTS('',1,(#3261,#3262),.UNSPECIFIED.,.F.,
  .F.,(2,2),(0.,7.604972379077),.PIECEWISE_BEZIER_KNOTS.);
#3261 = CARTESIAN_POINT('',(-67.54860012539,25.225504304895,2.5));
#3262 = CARTESIAN_POINT('',(-69.67087331212,25.22625612436,0.50374119031
    ));
#3263 = ORIENTED_EDGE('',*,*,#2222,.T.);
#3264 = ORIENTED_EDGE('',*,*,#3124,.T.);
#3265 = ORIENTED_EDGE('',*,*,#3266,.F.);
#3266 = EDGE_CURVE('',#2573,#3125,#3267,.T.);
#3267 = LINE('',#3268,#3269);
#3268 = CARTESIAN_POINT('',(-69.67087331234,25.134886299635,
    0.503741189853));
#3269 = VECTOR('',#3270,1.);
#3270 = DIRECTION('',(0.,-1.,2.22044604925E-16));
#3271 = PLANE('',#3272);
#3272 = AXIS2_PLACEMENT_3D('',#3273,#3274,#3275);
#3273 = CARTESIAN_POINT('',(-68.60973665617,25.134886299635,
    1.501870594927));
#3274 = DIRECTION('',(-0.685150838804,1.851785952204E-16,0.728401213677)
  );
#3275 = DIRECTION('',(1.606064513704E-17,1.,-2.39119083635E-16));
#3276 = ADVANCED_FACE('',(#3277),#3308,.T.);
#3277 = FACE_BOUND('',#3278,.T.);
#3278 = EDGE_LOOP('',(#3279,#3280,#3302,#3307));
#3279 = ORIENTED_EDGE('',*,*,#3197,.T.);
#3280 = ORIENTED_EDGE('',*,*,#3281,.T.);
#3281 = EDGE_CURVE('',#3167,#3282,#3284,.T.);
#3282 = VERTEX_POINT('',#3283);
#3283 = CARTESIAN_POINT('',(70.116461395033,-25.85575162707,
    0.582310391114));
#3284 = B_SPLINE_CURVE_WITH_KNOTS('',6,(#3285,#3286,#3287,#3288,#3289,
    #3290,#3291,#3292,#3293,#3294,#3295,#3296,#3297,#3298,#3299,#3300,
    #3301),.UNSPECIFIED.,.F.,.F.,(7,5,5,7),(521.31855917945,
    522.61168341249,525.48996330867,528.26094975583),.UNSPECIFIED.);
#3285 = CARTESIAN_POINT('',(64.945241331785,-30.83112931862,
    0.501614945974));
#3286 = CARTESIAN_POINT('',(65.168250698696,-30.83165363556,
    0.50244965482));
#3287 = CARTESIAN_POINT('',(65.395714615673,-30.82116842801,
    0.503557704376));
#3288 = CARTESIAN_POINT('',(65.626927684762,-30.79877325727,
    0.505029532997));
#3289 = CARTESIAN_POINT('',(65.859932081576,-30.76380431349,
    0.506813896752));
#3290 = CARTESIAN_POINT('',(66.094056525123,-30.71569140419,
    0.508904918187));
#3291 = CARTESIAN_POINT('',(66.848082419312,-30.51680315558,
    0.516594725996));
#3292 = CARTESIAN_POINT('',(67.366545874515,-30.31258891906,
    0.523338852303));
#3293 = CARTESIAN_POINT('',(67.868539024992,-30.03673819708,
    0.531372304499));
#3294 = CARTESIAN_POINT('',(68.335520959676,-29.69066123384,
    0.540130099716));
#3295 = CARTESIAN_POINT('',(68.749914308142,-29.2824791377,
    0.548849149541));
#3296 = CARTESIAN_POINT('',(69.436948811016,-28.38981246361,
    0.564427626257));
#3297 = CARTESIAN_POINT('',(69.714333655291,-27.90864672124,
    0.571351891797));
#3298 = CARTESIAN_POINT('',(69.921691906857,-27.39742118343,
    0.576910789869));
#3299 = CARTESIAN_POINT('',(70.054322127037,-26.8741780724,
    0.580579895952));
#3300 = CARTESIAN_POINT('',(70.116461395033,-26.35608116002,
    0.582310391114));
#3301 = CARTESIAN_POINT('',(70.116461395033,-25.85575162707,
    0.582310391114));
#3302 = ORIENTED_EDGE('',*,*,#3303,.F.);
#3303 = EDGE_CURVE('',#2119,#3282,#3304,.T.);
#3304 = B_SPLINE_CURVE_WITH_KNOTS('',1,(#3305,#3306),.UNSPECIFIED.,.F.,
  .F.,(2,2),(0.,6.942390576385),.PIECEWISE_BEZIER_KNOTS.);
#3305 = CARTESIAN_POINT('',(67.5486,-25.85575162707,2.5));
#3306 = CARTESIAN_POINT('',(70.116461395033,-25.85575162707,
    0.582310391114));
#3307 = ORIENTED_EDGE('',*,*,#2118,.F.);
#3308 = B_SPLINE_SURFACE_WITH_KNOTS('',1,6,(
    (#3309,#3310,#3311,#3312,#3313,#3314,#3315,#3316,#3317,#3318,#3319
      ,#3320,#3321,#3322,#3323,#3324,#3325)
    ,(#3326,#3327,#3328,#3329,#3330,#3331,#3332,#3333,#3334,#3335,#3336
      ,#3337,#3338,#3339,#3340,#3341,#3342
    )),.UNSPECIFIED.,.F.,.F.,.F.,(2,2),(7,5,5,7),(0.,6.942390576385),(
    521.31855917945,522.61168341249,525.48996330867,528.26094975583),
  .UNSPECIFIED.);
#3309 = CARTESIAN_POINT('',(64.756466711778,-28.75935531152,2.5));
#3310 = CARTESIAN_POINT('',(64.8922495387,-28.74698313605,2.5));
#3311 = CARTESIAN_POINT('',(65.020669164267,-28.72857002504,2.5));
#3312 = CARTESIAN_POINT('',(65.15973995522,-28.70194720635,2.5));
#3313 = CARTESIAN_POINT('',(65.297140014196,-28.66729060207,2.5));
#3314 = CARTESIAN_POINT('',(65.433748976636,-28.62548719495,2.5));
#3315 = CARTESIAN_POINT('',(65.867856014887,-28.46680694111,2.5));
#3316 = CARTESIAN_POINT('',(66.157651013306,-28.32099864066,2.5));
#3317 = CARTESIAN_POINT('',(66.428884135484,-28.13929335223,2.5));
#3318 = CARTESIAN_POINT('',(66.672957050098,-27.92603784502,2.5));
#3319 = CARTESIAN_POINT('',(66.883357467024,-27.68801704582,2.5));
#3320 = CARTESIAN_POINT('',(67.225193509057,-27.18742432916,2.5));
#3321 = CARTESIAN_POINT('',(67.359291967482,-26.92600065091,2.5));
#3322 = CARTESIAN_POINT('',(67.457222662681,-26.65551456328,2.5));
#3323 = CARTESIAN_POINT('',(67.519380177605,-26.38352386971,2.5));
#3324 = CARTESIAN_POINT('',(67.5486,-26.11533096823,2.5));
#3325 = CARTESIAN_POINT('',(67.5486,-25.85575162707,2.5));
#3326 = CARTESIAN_POINT('',(64.945241331785,-30.83112931862,
    0.501614945974));
#3327 = CARTESIAN_POINT('',(65.168250698696,-30.83165363556,
    0.50244965482));
#3328 = CARTESIAN_POINT('',(65.395714615673,-30.82116842801,
    0.503557704376));
#3329 = CARTESIAN_POINT('',(65.626927684762,-30.79877325727,
    0.505029532997));
#3330 = CARTESIAN_POINT('',(65.859932081576,-30.76380431349,
    0.506813896752));
#3331 = CARTESIAN_POINT('',(66.094056525123,-30.71569140419,
    0.508904918187));
#3332 = CARTESIAN_POINT('',(66.848082419312,-30.51680315558,
    0.516594725996));
#3333 = CARTESIAN_POINT('',(67.366545874515,-30.31258891906,
    0.523338852303));
#3334 = CARTESIAN_POINT('',(67.868539024992,-30.03673819708,
    0.531372304499));
#3335 = CARTESIAN_POINT('',(68.335520959676,-29.69066123384,
    0.540130099716));
#3336 = CARTESIAN_POINT('',(68.749914308142,-29.2824791377,
    0.548849149541));
#3337 = CARTESIAN_POINT('',(69.436948811016,-28.38981246361,
    0.564427626257));
#3338 = CARTESIAN_POINT('',(69.714333655291,-27.90864672124,
    0.571351891797));
#3339 = CARTESIAN_POINT('',(69.921691906857,-27.39742118343,
    0.576910789869));
#3340 = CARTESIAN_POINT('',(70.054322127037,-26.8741780724,
    0.580579895952));
#3341 = CARTESIAN_POINT('',(70.116461395033,-26.35608116002,
    0.582310391114));
#3342 = CARTESIAN_POINT('',(70.116461395033,-25.85575162707,
    0.582310391114));
#3343 = ADVANCED_FACE('',(#3344),#3350,.T.);
#3344 = FACE_BOUND('',#3345,.T.);
#3345 = EDGE_LOOP('',(#3346,#3347,#3348,#3349));
#3346 = ORIENTED_EDGE('',*,*,#2605,.T.);
#3347 = ORIENTED_EDGE('',*,*,#2580,.T.);
#3348 = ORIENTED_EDGE('',*,*,#3259,.F.);
#3349 = ORIENTED_EDGE('',*,*,#2209,.F.);
#3350 = B_SPLINE_SURFACE_WITH_KNOTS('',1,7,(
    (#3351,#3352,#3353,#3354,#3355,#3356,#3357,#3358)
    ,(#3359,#3360,#3361,#3362,#3363,#3364,#3365,#3366
  )),.UNSPECIFIED.,.F.,.F.,.F.,(2,2),(8,8),(0.,7.604972379077),(
    716.97538614814,724.58035852721),.PIECEWISE_BEZIER_KNOTS.);
#3351 = CARTESIAN_POINT('',(-64.68995223051,28.125455864912,2.5));
#3352 = CARTESIAN_POINT('',(-65.31697365899,28.121877054267,2.5));
#3353 = CARTESIAN_POINT('',(-65.94918299664,27.949720575869,2.5));
#3354 = CARTESIAN_POINT('',(-66.54372618416,27.609368445169,2.5));
#3355 = CARTESIAN_POINT('',(-67.04206215999,27.107061913638,2.5));
#3356 = CARTESIAN_POINT('',(-67.38041394298,26.501317963903,2.5));
#3357 = CARTESIAN_POINT('',(-67.54837613875,25.857785165518,2.5));
#3358 = CARTESIAN_POINT('',(-67.54860012539,25.225504304895,2.5));
#3359 = CARTESIAN_POINT('',(-64.70189264803,30.217463067726,
    0.502119021792));
#3360 = CARTESIAN_POINT('',(-65.81052210904,30.21164732647,
    0.502142604966));
#3361 = CARTESIAN_POINT('',(-66.91650326846,29.919422056373,
    0.502687548851));
#3362 = CARTESIAN_POINT('',(-67.94295150186,29.344108160506,
    0.503595330592));
#3363 = CARTESIAN_POINT('',(-68.79955574586,28.493503422999,
    0.504513601078));
#3364 = CARTESIAN_POINT('',(-69.38077430239,27.457684880547,
    0.504100833966));
#3365 = CARTESIAN_POINT('',(-69.67086221934,26.340771999423,
    0.503764694041));
#3366 = CARTESIAN_POINT('',(-69.67087331212,25.22625612436,0.50374119031
    ));
#3367 = ADVANCED_FACE('',(#3368),#3384,.T.);
#3368 = FACE_BOUND('',#3369,.F.);
#3369 = EDGE_LOOP('',(#3370,#3371,#3372,#3378));
#3370 = ORIENTED_EDGE('',*,*,#3303,.F.);
#3371 = ORIENTED_EDGE('',*,*,#2140,.T.);
#3372 = ORIENTED_EDGE('',*,*,#3373,.T.);
#3373 = EDGE_CURVE('',#2141,#2641,#3374,.T.);
#3374 = LINE('',#3375,#3376);
#3375 = CARTESIAN_POINT('',(68.832530697517,25.855704161881,
    1.541155195557));
#3376 = VECTOR('',#3377,1.);
#3377 = DIRECTION('',(0.801227401403,-1.328626026858E-16,-0.598359967947
    ));
#3378 = ORIENTED_EDGE('',*,*,#3379,.F.);
#3379 = EDGE_CURVE('',#3282,#2641,#3380,.T.);
#3380 = LINE('',#3381,#3382);
#3381 = CARTESIAN_POINT('',(70.116461395033,-25.81622689384,
    0.582310391114));
#3382 = VECTOR('',#3383,1.);
#3383 = DIRECTION('',(0.,1.,-2.22044604925E-16));
#3384 = PLANE('',#3385);
#3385 = AXIS2_PLACEMENT_3D('',#3386,#3387,#3388);
#3386 = CARTESIAN_POINT('',(68.832530697517,-25.81622689384,
    1.541155195557));
#3387 = DIRECTION('',(0.598359967947,1.71846042699E-16,0.801227401403));
#3388 = DIRECTION('',(-3.627365292305E-18,-1.,2.171874209174E-16));
#3389 = ADVANCED_FACE('',(#3390),#3396,.T.);
#3390 = FACE_BOUND('',#3391,.T.);
#3391 = EDGE_LOOP('',(#3392,#3393,#3394,#3395));
#3392 = ORIENTED_EDGE('',*,*,#3373,.T.);
#3393 = ORIENTED_EDGE('',*,*,#2668,.T.);
#3394 = ORIENTED_EDGE('',*,*,#2761,.F.);
#3395 = ORIENTED_EDGE('',*,*,#2148,.F.);
#3396 = B_SPLINE_SURFACE_WITH_KNOTS('',1,6,(
    (#3397,#3398,#3399,#3400,#3401,#3402,#3403,#3404,#3405,#3406,#3407
      ,#3408,#3409,#3410,#3411,#3412,#3413)
    ,(#3414,#3415,#3416,#3417,#3418,#3419,#3420,#3421,#3422,#3423,#3424
      ,#3425,#3426,#3427,#3428,#3429,#3430
    )),.UNSPECIFIED.,.F.,.F.,.F.,(2,2),(7,5,5,7),(0.,6.940534500806),(
    579.97240644523,582.75725664135,585.63429774235,586.91294094604),
  .UNSPECIFIED.);
#3397 = CARTESIAN_POINT('',(67.5486,25.855704161881,2.5));
#3398 = CARTESIAN_POINT('',(67.5486,26.116554188605,2.5));
#3399 = CARTESIAN_POINT('',(67.519119122344,26.386043903186,2.5));
#3400 = CARTESIAN_POINT('',(67.456259869139,26.659733103396,2.5));
#3401 = CARTESIAN_POINT('',(67.35732675381,26.931424677423,2.5));
#3402 = CARTESIAN_POINT('',(67.221808222293,27.194041332535,2.5));
#3403 = CARTESIAN_POINT('',(66.87729939054,27.695122267915,2.5));
#3404 = CARTESIAN_POINT('',(66.665962566851,27.932672133719,2.5));
#3405 = CARTESIAN_POINT('',(66.421214412522,28.145179382569,2.5));
#3406 = CARTESIAN_POINT('',(66.149466066987,28.325996592607,2.5));
#3407 = CARTESIAN_POINT('',(65.859189738627,28.470958779289,2.5));
#3408 = CARTESIAN_POINT('',(65.426214938121,28.62779777959,2.5));
#3409 = CARTESIAN_POINT('',(65.291048763111,28.668820022674,2.5));
#3410 = CARTESIAN_POINT('',(65.155157236354,28.702840436152,2.5));
#3411 = CARTESIAN_POINT('',(65.017630520027,28.729029257231,2.5));
#3412 = CARTESIAN_POINT('',(64.890492005133,28.747186925556,2.5));
#3413 = CARTESIAN_POINT('',(64.75635443627,28.759414721312,2.5));
#3414 = CARTESIAN_POINT('',(70.116461395033,25.855704161881,
    0.582310391114));
#3415 = CARTESIAN_POINT('',(70.116461395033,26.358463948668,
    0.582310391114));
#3416 = CARTESIAN_POINT('',(70.053844857119,26.879188176952,
    0.580573071019));
#3417 = CARTESIAN_POINT('',(69.919501275571,27.405250992827,
    0.576837603977));
#3418 = CARTESIAN_POINT('',(69.710294693156,27.918889258722,
    0.571242245724));
#3419 = CARTESIAN_POINT('',(69.429882742442,28.402031253439,
    0.564245211442));
#3420 = CARTESIAN_POINT('',(68.737921633225,29.29475545561,
    0.548591000886));
#3421 = CARTESIAN_POINT('',(68.322151629292,29.701505723247,
    0.539865554883));
#3422 = CARTESIAN_POINT('',(67.85415011781,30.045922170824,
    0.531117212519));
#3423 = CARTESIAN_POINT('',(67.351484641585,30.320013434876,
    0.523108139879));
#3424 = CARTESIAN_POINT('',(66.832650385493,30.52250198547,
    0.516398383802));
#3425 = CARTESIAN_POINT('',(66.081119746154,30.718328167399,
    0.508787972305));
#3426 = CARTESIAN_POINT('',(65.849585207619,30.765344068544,
    0.506733651969));
#3427 = CARTESIAN_POINT('',(65.619209372969,30.799512949801,
    0.504980158318));
#3428 = CARTESIAN_POINT('',(65.390638573795,30.821399622512,
    0.503531707202));
#3429 = CARTESIAN_POINT('',(65.165738390201,30.831647680931,
    0.502438106622));
#3430 = CARTESIAN_POINT('',(64.9452090714,30.831129209292,0.501612855245
    ));
#3431 = ADVANCED_FACE('',(#3432),#3443,.F.);
#3432 = FACE_BOUND('',#3433,.T.);
#3433 = EDGE_LOOP('',(#3434,#3435,#3436,#3442));
#3434 = ORIENTED_EDGE('',*,*,#2512,.F.);
#3435 = ORIENTED_EDGE('',*,*,#2362,.F.);
#3436 = ORIENTED_EDGE('',*,*,#3437,.T.);
#3437 = EDGE_CURVE('',#2354,#2280,#3438,.T.);
#3438 = LINE('',#3439,#3440);
#3439 = CARTESIAN_POINT('',(-65.85929164033,4.2,-50.10205900356));
#3440 = VECTOR('',#3441,1.);
#3441 = DIRECTION('',(-1.913652293135E-16,-1.,1.680910387488E-15));
#3442 = ORIENTED_EDGE('',*,*,#2279,.T.);
#3443 = PLANE('',#3444);
#3444 = AXIS2_PLACEMENT_3D('',#3445,#3446,#3447);
#3445 = CARTESIAN_POINT('',(-66.65171135199,4.2,-51.09808661391));
#3446 = DIRECTION('',(-0.782553197253,7.639420047408E-16,0.622583724064)
  );
#3447 = DIRECTION('',(-1.469473207613E-16,1.,-1.411755666681E-15));
#3448 = ADVANCED_FACE('',(#3449),#3475,.T.);
#3449 = FACE_BOUND('',#3450,.F.);
#3450 = EDGE_LOOP('',(#3451,#3459,#3468,#3474));
#3451 = ORIENTED_EDGE('',*,*,#3452,.T.);
#3452 = EDGE_CURVE('',#2288,#3453,#3455,.T.);
#3453 = VERTEX_POINT('',#3454);
#3454 = CARTESIAN_POINT('',(-67.24419226107,-4.2,-36.16929006588));
#3455 = LINE('',#3456,#3457);
#3456 = CARTESIAN_POINT('',(-69.23135595219,-4.2,-36.39552106443));
#3457 = VECTOR('',#3458,1.);
#3458 = DIRECTION('',(0.993581845559,0.,0.113115499275));
#3459 = ORIENTED_EDGE('',*,*,#3460,.T.);
#3460 = EDGE_CURVE('',#3453,#3461,#3463,.T.);
#3461 = VERTEX_POINT('',#3462);
#3462 = CARTESIAN_POINT('',(-65.66057527122,-4.2,-50.0794359037));
#3463 = CIRCLE('',#3464,7.);
#3464 = AXIS2_PLACEMENT_3D('',#3465,#3466,#3467);
#3465 = CARTESIAN_POINT('',(-66.45238376614,-4.2,-43.12436298479));
#3466 = DIRECTION('',(0.993581845559,6.971280871292E-33,0.113115499275)
  );
#3467 = DIRECTION('',(-0.113115499275,1.734723475977E-18,0.993581845559)
  );
#3468 = ORIENTED_EDGE('',*,*,#3469,.F.);
#3469 = EDGE_CURVE('',#2280,#3461,#3470,.T.);
#3470 = LINE('',#3471,#3472);
#3471 = CARTESIAN_POINT('',(-67.64773896234,-4.2,-50.30566690225));
#3472 = VECTOR('',#3473,1.);
#3473 = DIRECTION('',(0.993581845559,0.,0.113115499275));
#3474 = ORIENTED_EDGE('',*,*,#2287,.T.);
#3475 = CYLINDRICAL_SURFACE('',#3476,7.);
#3476 = AXIS2_PLACEMENT_3D('',#3477,#3478,#3479);
#3477 = CARTESIAN_POINT('',(-68.43954745726,-4.2,-43.35059398334));
#3478 = DIRECTION('',(-0.993581845559,0.,-0.113115499275));
#3479 = DIRECTION('',(-0.113115499275,0.,0.993581845559));
#3480 = ADVANCED_FACE('',(#3481),#3499,.T.);
#3481 = FACE_BOUND('',#3482,.T.);
#3482 = EDGE_LOOP('',(#3483,#3484,#3492,#3498));
#3483 = ORIENTED_EDGE('',*,*,#3452,.T.);
#3484 = ORIENTED_EDGE('',*,*,#3485,.T.);
#3485 = EDGE_CURVE('',#3453,#3486,#3488,.T.);
#3486 = VERTEX_POINT('',#3487);
#3487 = CARTESIAN_POINT('',(-67.24419226107,4.2,-36.16929006588));
#3488 = LINE('',#3489,#3490);
#3489 = CARTESIAN_POINT('',(-67.24419226107,-4.2,-36.16929006588));
#3490 = VECTOR('',#3491,1.);
#3491 = DIRECTION('',(0.,1.,-6.162975822039E-32));
#3492 = ORIENTED_EDGE('',*,*,#3493,.F.);
#3493 = EDGE_CURVE('',#2329,#3486,#3494,.T.);
#3494 = LINE('',#3495,#3496);
#3495 = CARTESIAN_POINT('',(-69.23135595219,4.2,-36.39552106443));
#3496 = VECTOR('',#3497,1.);
#3497 = DIRECTION('',(0.993581845559,0.,0.113115499275));
#3498 = ORIENTED_EDGE('',*,*,#2328,.F.);
#3499 = PLANE('',#3500);
#3500 = AXIS2_PLACEMENT_3D('',#3501,#3502,#3503);
#3501 = CARTESIAN_POINT('',(-69.23135595219,-4.2,-36.39552106443));
#3502 = DIRECTION('',(-0.113115499275,0.,0.993581845559));
#3503 = DIRECTION('',(0.,1.,0.));
#3504 = ADVANCED_FACE('',(#3505),#3524,.T.);
#3505 = FACE_BOUND('',#3506,.F.);
#3506 = EDGE_LOOP('',(#3507,#3515,#3522,#3523));
#3507 = ORIENTED_EDGE('',*,*,#3508,.T.);
#3508 = EDGE_CURVE('',#2354,#3509,#3511,.T.);
#3509 = VERTEX_POINT('',#3510);
#3510 = CARTESIAN_POINT('',(-65.66057527122,4.2,-50.0794359037));
#3511 = LINE('',#3512,#3513);
#3512 = CARTESIAN_POINT('',(-67.64773896234,4.2,-50.30566690225));
#3513 = VECTOR('',#3514,1.);
#3514 = DIRECTION('',(0.993581845559,0.,0.113115499275));
#3515 = ORIENTED_EDGE('',*,*,#3516,.T.);
#3516 = EDGE_CURVE('',#3509,#3486,#3517,.T.);
#3517 = CIRCLE('',#3518,7.);
#3518 = AXIS2_PLACEMENT_3D('',#3519,#3520,#3521);
#3519 = CARTESIAN_POINT('',(-66.45238376614,4.2,-43.12436298479));
#3520 = DIRECTION('',(0.993581845559,6.971280871292E-33,0.113115499275)
  );
#3521 = DIRECTION('',(-0.113115499275,1.734723475977E-18,0.993581845559)
  );
#3522 = ORIENTED_EDGE('',*,*,#3493,.F.);
#3523 = ORIENTED_EDGE('',*,*,#2353,.T.);
#3524 = CYLINDRICAL_SURFACE('',#3525,7.);
#3525 = AXIS2_PLACEMENT_3D('',#3526,#3527,#3528);
#3526 = CARTESIAN_POINT('',(-68.43954745726,4.2,-43.35059398334));
#3527 = DIRECTION('',(-0.993581845559,0.,-0.113115499275));
#3528 = DIRECTION('',(-0.113115499275,0.,0.993581845559));
#3529 = ADVANCED_FACE('',(#3530),#3563,.T.);
#3530 = FACE_BOUND('',#3531,.T.);
#3531 = EDGE_LOOP('',(#3532,#3540,#3541,#3542,#3543,#3551));
#3532 = ORIENTED_EDGE('',*,*,#3533,.T.);
#3533 = EDGE_CURVE('',#3534,#3125,#3536,.T.);
#3534 = VERTEX_POINT('',#3535);
#3535 = CARTESIAN_POINT('',(-70.24577442328,-25.65560913878,
    -8.882210541297));
#3536 = LINE('',#3537,#3538);
#3537 = CARTESIAN_POINT('',(-70.29912985948,-25.69546056375,
    -9.753302176472));
#3538 = VECTOR('',#3539,1.);
#3539 = DIRECTION('',(6.107301665367E-02,4.561572192697E-02,
    0.997090413428));
#3540 = ORIENTED_EDGE('',*,*,#3266,.F.);
#3541 = ORIENTED_EDGE('',*,*,#2572,.F.);
#3542 = ORIENTED_EDGE('',*,*,#2933,.F.);
#3543 = ORIENTED_EDGE('',*,*,#3544,.F.);
#3544 = EDGE_CURVE('',#3545,#2926,#3547,.T.);
#3545 = VERTEX_POINT('',#3546);
#3546 = CARTESIAN_POINT('',(-70.31614185248,-25.70513459615,
    -10.03104341252));
#3547 = LINE('',#3548,#3549);
#3548 = CARTESIAN_POINT('',(-70.31614185248,-30.50520208677,
    -10.03104341252));
#3549 = VECTOR('',#3550,1.);
#3550 = DIRECTION('',(0.,1.,-2.22044604925E-16));
#3551 = ORIENTED_EDGE('',*,*,#3552,.T.);
#3552 = EDGE_CURVE('',#3545,#3534,#3553,.T.);
#3553 = ( BOUNDED_CURVE() B_SPLINE_CURVE(8,(#3554,#3555,#3556,#3557,
    #3558,#3559,#3560,#3561,#3562),.UNSPECIFIED.,.F.,.F.) 
B_SPLINE_CURVE_WITH_KNOTS((9,9),(46.94274789823,48.109116875568),
.PIECEWISE_BEZIER_KNOTS.) CURVE() GEOMETRIC_REPRESENTATION_ITEM() 
RATIONAL_B_SPLINE_CURVE((1.,1.,1.,1.,1.,1.,1.,1.,1.)) 
REPRESENTATION_ITEM('') );
#3554 = CARTESIAN_POINT('',(-70.31614185248,-25.70513459615,
    -10.03104341252));
#3555 = CARTESIAN_POINT('',(-70.30750284018,-25.69943739832,
    -9.89000115168));
#3556 = CARTESIAN_POINT('',(-70.29884714543,-25.69362191732,
    -9.74868652973));
#3557 = CARTESIAN_POINT('',(-70.29021984127,-25.6877228497,
    -9.607835418256));
#3558 = CARTESIAN_POINT('',(-70.28123019239,-25.68144087116,
    -9.461068593723));
#3559 = CARTESIAN_POINT('',(-70.2722265229,-25.67504044709,
    -9.314072865888));
#3560 = CARTESIAN_POINT('',(-70.26333939541,-25.66862047162,
    -9.168979826337));
#3561 = CARTESIAN_POINT('',(-70.25461717662,-25.66221383263,
    -9.0265791196));
#3562 = CARTESIAN_POINT('',(-70.24577442328,-25.65560913878,
    -8.882210541297));
#3563 = PLANE('',#3564);
#3564 = AXIS2_PLACEMENT_3D('',#3565,#3566,#3567);
#3565 = CARTESIAN_POINT('',(-70.62418512859,-7.648344502633E-15,
    -15.06022019717));
#3566 = DIRECTION('',(-0.998129405073,-1.357506466624E-17,
    6.113665617242E-02));
#3567 = DIRECTION('',(-6.113665617242E-02,2.216292494136E-16,
    -0.998129405073));
#3568 = ADVANCED_FACE('',(#3569),#3601,.T.);
#3569 = FACE_BOUND('',#3570,.T.);
#3570 = EDGE_LOOP('',(#3571,#3572,#3573,#3595));
#3571 = ORIENTED_EDGE('',*,*,#2640,.T.);
#3572 = ORIENTED_EDGE('',*,*,#3379,.F.);
#3573 = ORIENTED_EDGE('',*,*,#3574,.T.);
#3574 = EDGE_CURVE('',#3282,#3575,#3577,.T.);
#3575 = VERTEX_POINT('',#3576);
#3576 = CARTESIAN_POINT('',(73.470541046991,-25.71335458627,
    -10.74454463406));
#3577 = B_SPLINE_CURVE_WITH_KNOTS('',6,(#3578,#3579,#3580,#3581,#3582,
    #3583,#3584,#3585,#3586,#3587,#3588,#3589,#3590,#3591,#3592,#3593,
    #3594),.UNSPECIFIED.,.F.,.F.,(7,5,5,7),(-2.869415502859,
    -1.459972536862,13.868583316737,14.023216632383),.UNSPECIFIED.);
#3578 = CARTESIAN_POINT('',(68.755011382977,-25.73476007281,
    5.179979054585));
#3579 = CARTESIAN_POINT('',(68.82251507042,-25.74206503432,
    4.952016525164));
#3580 = CARTESIAN_POINT('',(68.889683639992,-25.7493337308,4.72518570159
    ));
#3581 = CARTESIAN_POINT('',(68.956517091692,-25.75656616226,
    4.499486583862));
#3582 = CARTESIAN_POINT('',(69.023015425519,-25.76376232868,
    4.274919171981));
#3583 = CARTESIAN_POINT('',(69.089178641476,-25.77092223008,
    4.051483465945));
#3584 = CARTESIAN_POINT('',(69.870927640627,-25.85551977677,
    1.411487252886));
#3585 = CARTESIAN_POINT('',(70.585674992419,-25.89784052122,
    -1.002241839283));
#3586 = CARTESIAN_POINT('',(71.298836795777,-25.90514515355,
    -3.410616473858));
#3587 = CARTESIAN_POINT('',(72.010395709027,-25.8773722621,
    -5.813578087355));
#3588 = CARTESIAN_POINT('',(72.719428769492,-25.81535162027,
    -8.208009799568));
#3589 = CARTESIAN_POINT('',(73.434820530803,-25.718249366,
    -10.62391508728));
#3590 = CARTESIAN_POINT('',(73.441965033858,-25.71727654864,
    -10.64804234684));
#3591 = CARTESIAN_POINT('',(73.449109317228,-25.71630067655,
    -10.6721688645));
#3592 = CARTESIAN_POINT('',(73.456253400686,-25.71532173516,
    -10.69629470706));
#3593 = CARTESIAN_POINT('',(73.463397304015,-25.71433970992,
    -10.72041994132));
#3594 = CARTESIAN_POINT('',(73.470541046991,-25.71335458627,
    -10.74454463406));
#3595 = ORIENTED_EDGE('',*,*,#3596,.F.);
#3596 = EDGE_CURVE('',#2633,#3575,#3597,.T.);
#3597 = LINE('',#3598,#3599);
#3598 = CARTESIAN_POINT('',(73.470541046991,30.505202086774,
    -10.74454463406));
#3599 = VECTOR('',#3600,1.);
#3600 = DIRECTION('',(0.,-1.,2.22044604925E-16));
#3601 = PLANE('',#3602);
#3602 = AXIS2_PLACEMENT_3D('',#3603,#3604,#3605);
#3603 = CARTESIAN_POINT('',(72.245170403801,4.296019770205E-15,
    -6.606421194025));
#3604 = DIRECTION('',(0.958844804443,-6.304527955617E-17,0.283930697517)
  );
#3605 = DIRECTION('',(-0.283930697517,-2.12906315787E-16,0.958844804443)
  );
#3606 = ADVANCED_FACE('',(#3607),#3636,.T.);
#3607 = FACE_BOUND('',#3608,.F.);
#3608 = EDGE_LOOP('',(#3609,#3610,#3611,#3619));
#3609 = ORIENTED_EDGE('',*,*,#3596,.F.);
#3610 = ORIENTED_EDGE('',*,*,#2834,.F.);
#3611 = ORIENTED_EDGE('',*,*,#3612,.T.);
#3612 = EDGE_CURVE('',#2826,#3613,#3615,.T.);
#3613 = VERTEX_POINT('',#3614);
#3614 = CARTESIAN_POINT('',(75.554763513919,-25.11178759399,
    -20.99345652856));
#3615 = LINE('',#3616,#3617);
#3616 = CARTESIAN_POINT('',(75.554763513919,30.505202086774,
    -20.99345652856));
#3617 = VECTOR('',#3618,1.);
#3618 = DIRECTION('',(0.,-1.,2.22044604925E-16));
#3619 = ORIENTED_EDGE('',*,*,#3620,.F.);
#3620 = EDGE_CURVE('',#3575,#3613,#3621,.T.);
#3621 = ( BOUNDED_CURVE() B_SPLINE_CURVE(7,(#3622,#3623,#3624,#3625,
    #3626,#3627,#3628,#3629,#3630,#3631,#3632,#3633,#3634,#3635),
.UNSPECIFIED.,.F.,.F.) B_SPLINE_CURVE_WITH_KNOTS((8,6,8),(
    14.023216632383,24.309988801488,24.735817767021),.UNSPECIFIED.) 
CURVE() GEOMETRIC_REPRESENTATION_ITEM() RATIONAL_B_SPLINE_CURVE((1.,1.,
1.,1.,1.,1.,1.,1.,1.,1.,1.,1.,1.,1.)) REPRESENTATION_ITEM('') );
#3622 = CARTESIAN_POINT('',(73.470541046991,-25.71335458627,
    -10.74454463406));
#3623 = CARTESIAN_POINT('',(73.877910140476,-25.66079087217,
    -12.12024561389));
#3624 = CARTESIAN_POINT('',(74.246393989089,-25.59992982745,
    -13.50553939108));
#3625 = CARTESIAN_POINT('',(74.578171292082,-25.52838041912,
    -14.90761136444));
#3626 = CARTESIAN_POINT('',(74.86977280743,-25.4470148889,
    -16.31729217793));
#3627 = CARTESIAN_POINT('',(75.122114456451,-25.35577841899,
    -17.73502276298));
#3628 = CARTESIAN_POINT('',(75.334247892768,-25.25470844044,
    -19.15701030388));
#3629 = CARTESIAN_POINT('',(75.513459821738,-25.13958499202,
    -20.63973745173));
#3630 = CARTESIAN_POINT('',(75.520515086597,-25.13498843672,
    -20.6986810047));
#3631 = CARTESIAN_POINT('',(75.527501767816,-25.13037932095,
    -20.75762812865));
#3632 = CARTESIAN_POINT('',(75.534419931952,-25.12575494659,
    -20.81657922302));
#3633 = CARTESIAN_POINT('',(75.541269617861,-25.12111392171,
    -20.8755344657));
#3634 = CARTESIAN_POINT('',(75.548050797381,-25.1164585205,
    -20.93449349229));
#3635 = CARTESIAN_POINT('',(75.554763513919,-25.11178759399,
    -20.99345652856));
#3636 = CYLINDRICAL_SURFACE('',#3637,60.);
#3637 = AXIS2_PLACEMENT_3D('',#3638,#3639,#3640);
#3638 = CARTESIAN_POINT('',(15.939852780399,30.505202086774,
    -27.78038648506));
#3639 = DIRECTION('',(0.,-1.,2.22044604925E-16));
#3640 = DIRECTION('',(0.958844804443,6.304527955617E-17,0.283930697517)
  );
#3641 = ADVANCED_FACE('',(#3642),#3661,.T.);
#3642 = FACE_BOUND('',#3643,.F.);
#3643 = EDGE_LOOP('',(#3644,#3653,#3659,#3660));
#3644 = ORIENTED_EDGE('',*,*,#3645,.T.);
#3645 = EDGE_CURVE('',#2979,#3646,#3648,.T.);
#3646 = VERTEX_POINT('',#3647);
#3647 = CARTESIAN_POINT('',(77.695548712888,22.632019325829,
    -39.7976462512));
#3648 = ELLIPSE('',#3649,5.067980674171,5.);
#3649 = AXIS2_PLACEMENT_3D('',#3650,#3651,#3652);
#3650 = CARTESIAN_POINT('',(72.727639485095,22.632019325829,
    -40.36322374757));
#3651 = DIRECTION('',(0.113115499275,-2.503487752784E-16,-0.993581845559
    ));
#3652 = DIRECTION('',(5.327381028385E-17,1.,-2.459009116582E-16));
#3653 = ORIENTED_EDGE('',*,*,#3654,.T.);
#3654 = EDGE_CURVE('',#3646,#2900,#3655,.T.);
#3655 = LINE('',#3656,#3657);
#3656 = CARTESIAN_POINT('',(77.603223335572,22.767068797753,
    -38.98668029716));
#3657 = VECTOR('',#3658,1.);
#3658 = DIRECTION('',(-0.111598195166,0.163240896089,0.980254177588));
#3659 = ORIENTED_EDGE('',*,*,#2899,.F.);
#3660 = ORIENTED_EDGE('',*,*,#2988,.F.);
#3661 = CYLINDRICAL_SURFACE('',#3662,5.);
#3662 = AXIS2_PLACEMENT_3D('',#3663,#3664,#3665);
#3663 = CARTESIAN_POINT('',(72.635314107779,22.767068797753,
    -39.55225779354));
#3664 = DIRECTION('',(-0.111598195166,0.163240896089,0.980254177588));
#3665 = DIRECTION('',(1.84650754632E-02,0.986586240449,-0.162193190807)
  );
#3666 = ADVANCED_FACE('',(#3667),#3695,.T.);
#3667 = FACE_BOUND('',#3668,.T.);
#3668 = EDGE_LOOP('',(#3669,#3670,#3679,#3687,#3693,#3694));
#3669 = ORIENTED_EDGE('',*,*,#3612,.T.);
#3670 = ORIENTED_EDGE('',*,*,#3671,.T.);
#3671 = EDGE_CURVE('',#3613,#3672,#3674,.T.);
#3672 = VERTEX_POINT('',#3673);
#3673 = CARTESIAN_POINT('',(77.397938951025,-23.06734970137,
    -37.18350708951));
#3674 = CIRCLE('',#3675,209.73685000176);
#3675 = AXIS2_PLACEMENT_3D('',#3676,#3677,#3678);
#3676 = CARTESIAN_POINT('',(73.525132188331,183.85614062557,
    -3.165618157981));
#3677 = DIRECTION('',(0.993581845559,-2.428612866368E-17,0.113115499275)
  );
#3678 = DIRECTION('',(9.451714158846E-03,-0.996502908646,
    -8.302179328065E-02));
#3679 = ORIENTED_EDGE('',*,*,#3680,.T.);
#3680 = EDGE_CURVE('',#3672,#3681,#3683,.T.);
#3681 = VERTEX_POINT('',#3682);
#3682 = CARTESIAN_POINT('',(77.695548712888,-22.63201932582,
    -39.7976462512));
#3683 = LINE('',#3684,#3685);
#3684 = CARTESIAN_POINT('',(77.397938951025,-23.06734970137,
    -37.18350708951));
#3685 = VECTOR('',#3686,1.);
#3686 = DIRECTION('',(0.111598195166,0.163240896089,-0.980254177588));
#3687 = ORIENTED_EDGE('',*,*,#3688,.F.);
#3688 = EDGE_CURVE('',#3646,#3681,#3689,.T.);
#3689 = LINE('',#3690,#3691);
#3690 = CARTESIAN_POINT('',(77.695548712888,-25.7,-39.7976462512));
#3691 = VECTOR('',#3692,1.);
#3692 = DIRECTION('',(0.,-1.,2.22044604925E-16));
#3693 = ORIENTED_EDGE('',*,*,#3654,.T.);
#3694 = ORIENTED_EDGE('',*,*,#2910,.T.);
#3695 = PLANE('',#3696);
#3696 = AXIS2_PLACEMENT_3D('',#3697,#3698,#3699);
#3697 = CARTESIAN_POINT('',(76.282598512412,4.059518717401E-14,
    -27.38660022416));
#3698 = DIRECTION('',(0.993581845559,-2.51166863474E-17,0.113115499275)
  );
#3699 = DIRECTION('',(-0.113115499275,-2.206194883578E-16,0.993581845559
    ));
#3700 = ADVANCED_FACE('',(#3701,#3747,#3758,#3769,#3780),#3791,.T.);
#3701 = FACE_BOUND('',#3702,.T.);
#3702 = EDGE_LOOP('',(#3703,#3704,#3713,#3721,#3730,#3738,#3745,#3746));
#3703 = ORIENTED_EDGE('',*,*,#3688,.T.);
#3704 = ORIENTED_EDGE('',*,*,#3705,.T.);
#3705 = EDGE_CURVE('',#3681,#3706,#3708,.T.);
#3706 = VERTEX_POINT('',#3707);
#3707 = CARTESIAN_POINT('',(72.727639485095,-27.7,-40.36322374757));
#3708 = ELLIPSE('',#3709,5.067980674171,5.);
#3709 = AXIS2_PLACEMENT_3D('',#3710,#3711,#3712);
#3710 = CARTESIAN_POINT('',(72.727639485095,-22.63201932582,
    -40.36322374757));
#3711 = DIRECTION('',(0.113115499275,-2.503487752784E-16,-0.993581845559
    ));
#3712 = DIRECTION('',(1.377423371831E-16,1.,-2.36284492401E-16));
#3713 = ORIENTED_EDGE('',*,*,#3714,.T.);
#3714 = EDGE_CURVE('',#3706,#3715,#3717,.T.);
#3715 = VERTEX_POINT('',#3716);
#3716 = CARTESIAN_POINT('',(-63.98830043001,-27.7,-55.92781147778));
#3717 = LINE('',#3718,#3719);
#3718 = CARTESIAN_POINT('',(77.695548712888,-27.7,-39.7976462512));
#3719 = VECTOR('',#3720,1.);
#3720 = DIRECTION('',(-0.993581845559,0.,-0.113115499275));
#3721 = ORIENTED_EDGE('',*,*,#3722,.F.);
#3722 = EDGE_CURVE('',#3723,#3715,#3725,.T.);
#3723 = VERTEX_POINT('',#3724);
#3724 = CARTESIAN_POINT('',(-68.9562096578,-22.63201932582,
    -56.49338897415));
#3725 = ELLIPSE('',#3726,5.067980674171,5.);
#3726 = AXIS2_PLACEMENT_3D('',#3727,#3728,#3729);
#3727 = CARTESIAN_POINT('',(-63.98830043001,-22.63201932582,
    -55.92781147778));
#3728 = DIRECTION('',(-0.113115499275,2.503487752784E-16,0.993581845559)
  );
#3729 = DIRECTION('',(-3.85435752075E-15,-1.,-1.868379549154E-16));
#3730 = ORIENTED_EDGE('',*,*,#3731,.T.);
#3731 = EDGE_CURVE('',#3723,#3732,#3734,.T.);
#3732 = VERTEX_POINT('',#3733);
#3733 = CARTESIAN_POINT('',(-68.9562096578,22.632019325829,
    -56.49338897415));
#3734 = LINE('',#3735,#3736);
#3735 = CARTESIAN_POINT('',(-68.9562096578,25.7,-56.49338897415));
#3736 = VECTOR('',#3737,1.);
#3737 = DIRECTION('',(0.,1.,-2.22044604925E-16));
#3738 = ORIENTED_EDGE('',*,*,#3739,.F.);
#3739 = EDGE_CURVE('',#2981,#3732,#3740,.T.);
#3740 = ELLIPSE('',#3741,5.067980674171,5.);
#3741 = AXIS2_PLACEMENT_3D('',#3742,#3743,#3744);
#3742 = CARTESIAN_POINT('',(-63.98830043001,22.632019325829,
    -55.92781147778));
#3743 = DIRECTION('',(-0.113115499275,2.503487752784E-16,0.993581845559)
  );
#3744 = DIRECTION('',(-3.916746953981E-15,1.,-6.978726167461E-16));
#3745 = ORIENTED_EDGE('',*,*,#2978,.F.);
#3746 = ORIENTED_EDGE('',*,*,#3645,.T.);
#3747 = FACE_BOUND('',#3748,.T.);
#3748 = EDGE_LOOP('',(#3749));
#3749 = ORIENTED_EDGE('',*,*,#3750,.F.);
#3750 = EDGE_CURVE('',#3751,#3751,#3753,.T.);
#3751 = VERTEX_POINT('',#3752);
#3752 = CARTESIAN_POINT('',(74.164088800222,-19.4,-40.19968947791));
#3753 = CIRCLE('',#3754,6.5);
#3754 = AXIS2_PLACEMENT_3D('',#3755,#3756,#3757);
#3755 = CARTESIAN_POINT('',(67.705806804091,-19.4,-40.9349402232));
#3756 = DIRECTION('',(0.113115499275,-7.348105069674E-32,-0.993581845559
    ));
#3757 = DIRECTION('',(0.993581845559,0.,0.113115499275));
#3758 = FACE_BOUND('',#3759,.T.);
#3759 = EDGE_LOOP('',(#3760));
#3760 = ORIENTED_EDGE('',*,*,#3761,.F.);
#3761 = EDGE_CURVE('',#3762,#3762,#3764,.T.);
#3762 = VERTEX_POINT('',#3763);
#3763 = CARTESIAN_POINT('',(-54.94670563543,-19.4,-54.89846043438));
#3764 = CIRCLE('',#3765,6.5);
#3765 = AXIS2_PLACEMENT_3D('',#3766,#3767,#3768);
#3766 = CARTESIAN_POINT('',(-61.40498763156,-19.4,-55.63371117966));
#3767 = DIRECTION('',(0.113115499275,-7.348105069674E-32,-0.993581845559
    ));
#3768 = DIRECTION('',(0.993581845559,0.,0.113115499275));
#3769 = FACE_BOUND('',#3770,.T.);
#3770 = EDGE_LOOP('',(#3771));
#3771 = ORIENTED_EDGE('',*,*,#3772,.F.);
#3772 = EDGE_CURVE('',#3773,#3773,#3775,.T.);
#3773 = VERTEX_POINT('',#3774);
#3774 = CARTESIAN_POINT('',(74.164088800222,19.4,-40.19968947791));
#3775 = CIRCLE('',#3776,6.5);
#3776 = AXIS2_PLACEMENT_3D('',#3777,#3778,#3779);
#3777 = CARTESIAN_POINT('',(67.705806804091,19.4,-40.9349402232));
#3778 = DIRECTION('',(0.113115499275,-7.348105069674E-32,-0.993581845559
    ));
#3779 = DIRECTION('',(0.993581845559,0.,0.113115499275));
#3780 = FACE_BOUND('',#3781,.T.);
#3781 = EDGE_LOOP('',(#3782));
#3782 = ORIENTED_EDGE('',*,*,#3783,.F.);
#3783 = EDGE_CURVE('',#3784,#3784,#3786,.T.);
#3784 = VERTEX_POINT('',#3785);
#3785 = CARTESIAN_POINT('',(-54.94670563543,19.4,-54.89846043438));
#3786 = CIRCLE('',#3787,6.5);
#3787 = AXIS2_PLACEMENT_3D('',#3788,#3789,#3790);
#3788 = CARTESIAN_POINT('',(-61.40498763156,19.4,-55.63371117966));
#3789 = DIRECTION('',(0.113115499275,-7.348105069674E-32,-0.993581845559
    ));
#3790 = DIRECTION('',(0.993581845559,0.,0.113115499275));
#3791 = PLANE('',#3792);
#3792 = AXIS2_PLACEMENT_3D('',#3793,#3794,#3795);
#3793 = CARTESIAN_POINT('',(4.36966952754,-8.91081608511E-15,
    -48.14551761268));
#3794 = DIRECTION('',(0.113115499275,-2.503487752784E-16,-0.993581845559
    ));
#3795 = DIRECTION('',(-0.993581845559,2.51166863474E-17,-0.113115499275)
  );
#3796 = ADVANCED_FACE('',(#3797),#3816,.T.);
#3797 = FACE_BOUND('',#3798,.T.);
#3798 = EDGE_LOOP('',(#3799,#3800,#3808,#3815));
#3799 = ORIENTED_EDGE('',*,*,#3739,.T.);
#3800 = ORIENTED_EDGE('',*,*,#3801,.T.);
#3801 = EDGE_CURVE('',#3732,#3802,#3804,.T.);
#3802 = VERTEX_POINT('',#3803);
#3803 = CARTESIAN_POINT('',(-69.14741905722,22.911711964713,
    -54.81384736249));
#3804 = LINE('',#3805,#3806);
#3805 = CARTESIAN_POINT('',(-69.04853503512,22.767068797753,
    -55.68242302012));
#3806 = VECTOR('',#3807,1.);
#3807 = DIRECTION('',(-0.111598195166,0.163240896089,0.980254177588));
#3808 = ORIENTED_EDGE('',*,*,#3809,.F.);
#3809 = EDGE_CURVE('',#2996,#3802,#3810,.T.);
#3810 = CIRCLE('',#3811,5.);
#3811 = AXIS2_PLACEMENT_3D('',#3812,#3813,#3814);
#3812 = CARTESIAN_POINT('',(-64.17950982942,22.911711964713,
    -54.24826986612));
#3813 = DIRECTION('',(-0.111598195166,0.163240896089,0.980254177588));
#3814 = DIRECTION('',(1.84650754632E-02,0.986586240449,-0.162193190807)
  );
#3815 = ORIENTED_EDGE('',*,*,#3006,.F.);
#3816 = CYLINDRICAL_SURFACE('',#3817,5.);
#3817 = AXIS2_PLACEMENT_3D('',#3818,#3819,#3820);
#3818 = CARTESIAN_POINT('',(-64.08062580733,22.767068797753,
    -55.11684552374));
#3819 = DIRECTION('',(-0.111598195166,0.163240896089,0.980254177588));
#3820 = DIRECTION('',(1.84650754632E-02,0.986586240449,-0.162193190807)
  );
#3821 = ADVANCED_FACE('',(#3822),#3836,.T.);
#3822 = FACE_BOUND('',#3823,.T.);
#3823 = EDGE_LOOP('',(#3824,#3825,#3834,#3835));
#3824 = ORIENTED_EDGE('',*,*,#3809,.T.);
#3825 = ORIENTED_EDGE('',*,*,#3826,.T.);
#3826 = EDGE_CURVE('',#3802,#3021,#3827,.T.);
#3827 = ( BOUNDED_CURVE() B_SPLINE_CURVE(5,(#3828,#3829,#3830,#3831,
#3832,#3833),.UNSPECIFIED.,.F.,.F.) B_SPLINE_CURVE_WITH_KNOTS((6,6),(
0.886071875527,1.843634301144),.PIECEWISE_BEZIER_KNOTS.) CURVE() 
GEOMETRIC_REPRESENTATION_ITEM() RATIONAL_B_SPLINE_CURVE((1.,1.,1.,1.,1.,
1.)) REPRESENTATION_ITEM('') );
#3828 = CARTESIAN_POINT('',(-69.14741905722,22.911711964713,
    -54.81384736249));
#3829 = CARTESIAN_POINT('',(-69.16871016788,22.942249749762,
    -54.62683089558));
#3830 = CARTESIAN_POINT('',(-69.18982892037,22.972786855084,
    -54.43979597612));
#3831 = CARTESIAN_POINT('',(-69.21078264614,23.003328329178,
    -54.25273620819));
#3832 = CARTESIAN_POINT('',(-69.23178251577,23.03419234602,
    -54.06359621246));
#3833 = CARTESIAN_POINT('',(-69.25216224219,23.064409510963,
    -53.8785723574));
#3834 = ORIENTED_EDGE('',*,*,#3020,.F.);
#3835 = ORIENTED_EDGE('',*,*,#2995,.F.);
#3836 = ( BOUNDED_SURFACE() B_SPLINE_SURFACE(2,5,(
    (#3837,#3838,#3839,#3840,#3841,#3842)
    ,(#3843,#3844,#3845,#3846,#3847,#3848)
    ,(#3849,#3850,#3851,#3852,#3853,#3854
)),.UNSPECIFIED.,.F.,.F.,.F.) B_SPLINE_SURFACE_WITH_KNOTS((3,3),(6,6),(
    0.,0.957562425617),(0.886071875527,1.843634301144),
.PIECEWISE_BEZIER_KNOTS.) GEOMETRIC_REPRESENTATION_ITEM() 
RATIONAL_B_SPLINE_SURFACE((
    (1.,1.,1.,1.,1.,1.)
    ,(0.707106781187,0.707064511692,0.707022256677,0.706980016434
      ,0.706936730907,0.706896360517)
,(1.,1.,1.,1.,1.,1.))) REPRESENTATION_ITEM('') SURFACE() );
#3837 = CARTESIAN_POINT('',(-64.08718445211,27.84464316696,
    -55.05923582015));
#3838 = CARTESIAN_POINT('',(-64.1084645247,27.875770714443,
    -54.87231630924));
#3839 = CARTESIAN_POINT('',(-64.12949322132,27.906781266067,
    -54.68607984074));
#3840 = CARTESIAN_POINT('',(-64.15046001486,27.937948012058,
    -54.49888622811));
#3841 = CARTESIAN_POINT('',(-64.17149165821,27.969477216202,
    -54.30949524354));
#3842 = CARTESIAN_POINT('',(-64.19187471611,28.000280903618,
    -54.12444358194));
#3843 = CARTESIAN_POINT('',(-69.0550936799,27.84464316696,
    -55.62481331652));
#3844 = CARTESIAN_POINT('',(-69.07696900443,27.8757725753,
    -55.43795025358));
#3845 = CARTESIAN_POINT('',(-69.09867244819,27.906900809682,
    -55.25107476359));
#3846 = CARTESIAN_POINT('',(-69.12020519036,27.938029522202,
    -55.06417693148));
#3847 = CARTESIAN_POINT('',(-69.14156987669,27.969152975836,
    -54.87729195552));
#3848 = CARTESIAN_POINT('',(-69.16274688559,28.000280974593,
    -54.69035796619));
#3849 = CARTESIAN_POINT('',(-69.14741905722,22.911711964713,
    -54.81384736249));
#3850 = CARTESIAN_POINT('',(-69.16871016788,22.942249749762,
    -54.62683089558));
#3851 = CARTESIAN_POINT('',(-69.18982892037,22.972786855084,
    -54.43979597612));
#3852 = CARTESIAN_POINT('',(-69.21078264614,23.003328329178,
    -54.25273620819));
#3853 = CARTESIAN_POINT('',(-69.23178251577,23.03419234602,
    -54.06359621246));
#3854 = CARTESIAN_POINT('',(-69.25216224219,23.064409510963,
    -53.8785723574));
#3855 = ADVANCED_FACE('',(#3856,#3949),#3990,.T.);
#3856 = FACE_BOUND('',#3857,.T.);
#3857 = EDGE_LOOP('',(#3858,#3868,#3911,#3919));
#3858 = ORIENTED_EDGE('',*,*,#3859,.T.);
#3859 = EDGE_CURVE('',#3860,#3862,#3864,.T.);
#3860 = VERTEX_POINT('',#3861);
#3861 = CARTESIAN_POINT('',(-69.72113724629,-3.2,-49.23309771237));
#3862 = VERTEX_POINT('',#3863);
#3863 = CARTESIAN_POINT('',(-69.72113724629,3.200000000005,
    -49.23309771237));
#3864 = LINE('',#3865,#3866);
#3865 = CARTESIAN_POINT('',(-69.72113724629,-3.2,-49.23309771237));
#3866 = VECTOR('',#3867,1.);
#3867 = DIRECTION('',(0.,1.,-2.22044604925E-16));
#3868 = ORIENTED_EDGE('',*,*,#3869,.T.);
#3869 = EDGE_CURVE('',#3862,#3870,#3872,.T.);
#3870 = VERTEX_POINT('',#3871);
#3871 = CARTESIAN_POINT('',(-70.51149682688,3.2,-37.85134085288));
#3872 = B_SPLINE_CURVE_WITH_KNOTS('',13,(#3873,#3874,#3875,#3876,#3877,
    #3878,#3879,#3880,#3881,#3882,#3883,#3884,#3885,#3886,#3887,#3888,
    #3889,#3890,#3891,#3892,#3893,#3894,#3895,#3896,#3897,#3898,#3899,
    #3900,#3901,#3902,#3903,#3904,#3905,#3906,#3907,#3908,#3909,#3910),
  .UNSPECIFIED.,.F.,.F.,(14,12,12,14),(6.400000000008,12.570730502102,
    16.513545517956,21.801621853453),.UNSPECIFIED.);
#3873 = CARTESIAN_POINT('',(-69.72113724629,3.200000000006,
    -49.23309771238));
#3874 = CARTESIAN_POINT('',(-69.72113724629,3.679511646246,
    -49.23309771238));
#3875 = CARTESIAN_POINT('',(-69.72518033288,4.159341104226,
    -49.18902349138));
#3876 = CARTESIAN_POINT('',(-69.73276664043,4.631181228963,
    -49.10656365193));
#3877 = CARTESIAN_POINT('',(-69.74637295577,5.126460691071,
    -48.95723871468));
#3878 = CARTESIAN_POINT('',(-69.75821410328,5.529828612936,
    -48.82856876499));
#3879 = CARTESIAN_POINT('',(-69.78552302004,6.105179333737,
    -48.52496896365));
#3880 = CARTESIAN_POINT('',(-69.8011841374,6.393629910306,
    -48.34960945443));
#3881 = CARTESIAN_POINT('',(-69.83571068914,6.953423293058,
    -47.95979278717));
#3882 = CARTESIAN_POINT('',(-69.86541176025,7.289517943259,
    -47.61531642296));
#3883 = CARTESIAN_POINT('',(-69.90298805401,7.693601521397,
    -47.17303776959));
#3884 = CARTESIAN_POINT('',(-69.94314580586,8.024757987901,
    -46.68654660405));
#3885 = CARTESIAN_POINT('',(-69.98671284456,8.312784243718,
    -46.14238278154));
#3886 = CARTESIAN_POINT('',(-70.06208390273,8.679613134284,
    -45.16719821016));
#3887 = CARTESIAN_POINT('',(-70.09240255676,8.796438334714,
    -44.76696365926));
#3888 = CARTESIAN_POINT('',(-70.12320433787,8.882925300125,
    -44.35116710626));
#3889 = CARTESIAN_POINT('',(-70.15404156743,8.936057578287,
    -43.92457917709));
#3890 = CARTESIAN_POINT('',(-70.18448643734,8.953959664894,
    -43.49220730368));
#3891 = CARTESIAN_POINT('',(-70.21414463099,8.935885767577,
    -43.0592196199));
#3892 = CARTESIAN_POINT('',(-70.24266676184,8.882193337757,
    -42.63083448337));
#3893 = CARTESIAN_POINT('',(-70.2697576382,8.794301371041,
    -42.21217562271));
#3894 = CARTESIAN_POINT('',(-70.2951833454,8.674633475252,
    -41.80809291071));
#3895 = CARTESIAN_POINT('',(-70.3187761528,8.526545707129,
    -41.42294876287));
#3896 = CARTESIAN_POINT('',(-70.34043724032,8.354239176661,
    -41.06037016191));
#3897 = CARTESIAN_POINT('',(-70.36013724784,8.162657419954,
    -40.72296630773));
#3898 = CARTESIAN_POINT('',(-70.40175756869,7.682036508438,
    -39.99496197448));
#3899 = CARTESIAN_POINT('',(-70.42241961185,7.378960022504,
    -39.62066494947));
#3900 = CARTESIAN_POINT('',(-70.44028691631,7.052577901451,
    -39.28669099246));
#3901 = CARTESIAN_POINT('',(-70.45567359806,6.707112038211,
    -38.99097696599));
#3902 = CARTESIAN_POINT('',(-70.46883316652,6.346338490398,
    -38.73183118857));
#3903 = CARTESIAN_POINT('',(-70.47996950556,5.973486166206,
    -38.50788720212));
#3904 = CARTESIAN_POINT('',(-70.48924670708,5.591232371611,
    -38.31803004623));
#3905 = CARTESIAN_POINT('',(-70.49679718541,5.20176450005,
    -38.16131863356));
#3906 = CARTESIAN_POINT('',(-70.50272731706,4.806877125882,
    -38.03692770298));
#3907 = CARTESIAN_POINT('',(-70.50712005859,4.40807378577,
    -37.94413296224));
#3908 = CARTESIAN_POINT('',(-70.51003379352,4.00664270966,-37.8823628993
    ));
#3909 = CARTESIAN_POINT('',(-70.51149682689,3.603675781979,
    -37.85134085289));
#3910 = CARTESIAN_POINT('',(-70.51149682688,3.2,-37.85134085288));
#3911 = ORIENTED_EDGE('',*,*,#3912,.T.);
#3912 = EDGE_CURVE('',#3870,#3913,#3915,.T.);
#3913 = VERTEX_POINT('',#3914);
#3914 = CARTESIAN_POINT('',(-70.51149682688,-3.200000000001,
    -37.85134085288));
#3915 = LINE('',#3916,#3917);
#3916 = CARTESIAN_POINT('',(-70.51149682688,3.2,-37.85134085288));
#3917 = VECTOR('',#3918,1.);
#3918 = DIRECTION('',(0.,-1.,2.22044604925E-16));
#3919 = ORIENTED_EDGE('',*,*,#3920,.T.);
#3920 = EDGE_CURVE('',#3913,#3860,#3921,.T.);
#3921 = B_SPLINE_CURVE_WITH_KNOTS('',6,(#3922,#3923,#3924,#3925,#3926,
    #3927,#3928,#3929,#3930,#3931,#3932,#3933,#3934,#3935,#3936,#3937,
    #3938,#3939,#3940,#3941,#3942,#3943,#3944,#3945,#3946,#3947,#3948),
  .UNSPECIFIED.,.F.,.F.,(7,5,5,5,5,7),(28.201621853454,32.190072231408,
    34.915323481246,37.363796196874,39.621394497408,43.603243703661),
  .UNSPECIFIED.);
#3922 = CARTESIAN_POINT('',(-70.51149682688,-3.200000000001,
    -37.85134085288));
#3923 = CARTESIAN_POINT('',(-70.51149682688,-3.866278379208,
    -37.85134085288));
#3924 = CARTESIAN_POINT('',(-70.50709265489,-4.531502773367,
    -37.94481697194));
#3925 = CARTESIAN_POINT('',(-70.49827631545,-5.188764418586,
    -38.13145836875));
#3926 = CARTESIAN_POINT('',(-70.48465822443,-5.829656308287,
    -38.41504651588));
#3927 = CARTESIAN_POINT('',(-70.46534235755,-6.441077071552,
    -38.8028665884));
#3928 = CARTESIAN_POINT('',(-70.4206663404,-7.385329300701,
    -39.64830066013));
#3929 = CARTESIAN_POINT('',(-70.39908930221,-7.746459323987,
    -40.04617715356));
#3930 = CARTESIAN_POINT('',(-70.37361363832,-8.0750781841,
    -40.50107389425));
#3931 = CARTESIAN_POINT('',(-70.34390247242,-8.358005072827,
    -41.01120372273));
#3932 = CARTESIAN_POINT('',(-70.3096078835,-8.582004676299,
    -41.57317206775));
#3933 = CARTESIAN_POINT('',(-70.23613698269,-8.866936496531,
    -42.71978254334));
#3934 = CARTESIAN_POINT('',(-70.1979522825,-8.941607895228,
    -43.29422625627));
#3935 = CARTESIAN_POINT('',(-70.15726604165,-8.944293562073,
    -43.88094128677));
#3936 = CARTESIAN_POINT('',(-70.11544797781,-8.873096115441,
    -44.45955171011));
#3937 = CARTESIAN_POINT('',(-70.07409163117,-8.73530395422,
    -45.01112125334));
#3938 = CARTESIAN_POINT('',(-69.99853568382,-8.372725350398,
    -45.99003792909));
#3939 = CARTESIAN_POINT('',(-69.96397099781,-8.155344641987,
    -46.4244032812));
#3940 = CARTESIAN_POINT('',(-69.93151403937,-7.902497810819,
    -46.82178013247));
#3941 = CARTESIAN_POINT('',(-69.90154137185,-7.621712980737,
    -47.18093933369));
#3942 = CARTESIAN_POINT('',(-69.8743100329,-7.319647007941,
    -47.50168743497));
#3943 = CARTESIAN_POINT('',(-69.80681388615,-6.440820916897,
    -48.2857550625));
#3944 = CARTESIAN_POINT('',(-69.77235822762,-5.828821815203,
    -48.6723218076));
#3945 = CARTESIAN_POINT('',(-69.7466923946,-5.187835012984,
    -48.9545858889));
#3946 = CARTESIAN_POINT('',(-69.72967705978,-4.530895631284,
    -49.1401017076));
#3947 = CARTESIAN_POINT('',(-69.72113724629,-3.865966709371,
    -49.23309771238));
#3948 = CARTESIAN_POINT('',(-69.72113724629,-3.2,-49.23309771238));
#3949 = FACE_BOUND('',#3950,.T.);
#3950 = EDGE_LOOP('',(#3951,#3959,#3970,#3987,#3988,#3989));
#3951 = ORIENTED_EDGE('',*,*,#3952,.F.);
#3952 = EDGE_CURVE('',#3953,#3802,#3955,.T.);
#3953 = VERTEX_POINT('',#3954);
#3954 = CARTESIAN_POINT('',(-69.14741905722,-22.91171196471,
    -54.81384736249));
#3955 = LINE('',#3956,#3957);
#3956 = CARTESIAN_POINT('',(-69.14741905722,-30.50520208677,
    -54.81384736249));
#3957 = VECTOR('',#3958,1.);
#3958 = DIRECTION('',(0.,1.,-2.22044604925E-16));
#3959 = ORIENTED_EDGE('',*,*,#3960,.T.);
#3960 = EDGE_CURVE('',#3953,#3961,#3963,.T.);
#3961 = VERTEX_POINT('',#3962);
#3962 = CARTESIAN_POINT('',(-69.25216224217,-23.06440951216,
    -53.87857235763));
#3963 = ( BOUNDED_CURVE() B_SPLINE_CURVE(5,(#3964,#3965,#3966,#3967,
#3968,#3969),.UNSPECIFIED.,.F.,.F.) B_SPLINE_CURVE_WITH_KNOTS((6,6),(
0.886071875527,1.843634231526),.PIECEWISE_BEZIER_KNOTS.) CURVE() 
GEOMETRIC_REPRESENTATION_ITEM() RATIONAL_B_SPLINE_CURVE((1.,1.,1.,1.,1.,
1.)) REPRESENTATION_ITEM('') );
#3964 = CARTESIAN_POINT('',(-69.14741905722,-22.91171196471,
    -54.81384736249));
#3965 = CARTESIAN_POINT('',(-69.16871016788,-22.94224974976,
    -54.62683089558));
#3966 = CARTESIAN_POINT('',(-69.18982892027,-22.97278685492,
    -54.43979597634));
#3967 = CARTESIAN_POINT('',(-69.21078264645,-23.00332832963,
    -54.2527362076));
#3968 = CARTESIAN_POINT('',(-69.23178253173,-23.03419236908,
    -54.06359606658));
#3969 = CARTESIAN_POINT('',(-69.25216224217,-23.06440951216,
    -53.87857235763));
#3970 = ORIENTED_EDGE('',*,*,#3971,.T.);
#3971 = EDGE_CURVE('',#3961,#3545,#3972,.T.);
#3972 = ( BOUNDED_CURVE() B_SPLINE_CURVE(5,(#3973,#3974,#3975,#3976,
    #3977,#3978,#3979,#3980,#3981,#3982,#3983,#3984,#3985,#3986),
.UNSPECIFIED.,.F.,.F.) B_SPLINE_CURVE_WITH_KNOTS((6,4,4,6),(
    1.843634231526,21.609914160252,46.720889684087,46.94274789823),
.UNSPECIFIED.) CURVE() GEOMETRIC_REPRESENTATION_ITEM() 
RATIONAL_B_SPLINE_CURVE((1.,1.,1.,1.,1.,1.,1.,1.,1.,1.,1.,1.,1.,1.)) 
REPRESENTATION_ITEM('') );
#3973 = CARTESIAN_POINT('',(-69.25216224217,-23.06440951216,
    -53.87857235763));
#3974 = CARTESIAN_POINT('',(-69.66789184379,-23.68081614483,
    -50.10424007794));
#3975 = CARTESIAN_POINT('',(-70.01626970299,-24.21467590882,
    -46.30037471867));
#3976 = CARTESIAN_POINT('',(-70.29562914428,-24.66517796736,
    -42.46719182276));
#3977 = CARTESIAN_POINT('',(-70.5033849606,-25.03009580276,
    -38.61564919674));
#3978 = CARTESIAN_POINT('',(-70.81096059505,-25.66431356992,
    -29.84893493398));
#3979 = CARTESIAN_POINT('',(-70.86636972884,-25.88103535973,
    -24.92773632167));
#3980 = CARTESIAN_POINT('',(-70.80329713755,-25.95914266724,
    -20.00885586862));
#3981 = CARTESIAN_POINT('',(-70.6230563485,-25.90156221396,
    -15.10998473106));
#3982 = CARTESIAN_POINT('',(-70.32660778035,-25.71186416402,
    -10.20279549023));
#3983 = CARTESIAN_POINT('',(-70.32400378702,-25.71019530257,
    -10.15984035676));
#3984 = CARTESIAN_POINT('',(-70.32139168797,-25.70851801434,
    -10.11690035835));
#3985 = CARTESIAN_POINT('',(-70.31877115314,-25.70683140898,
    -10.07396990644));
#3986 = CARTESIAN_POINT('',(-70.31614185248,-25.70513459615,
    -10.03104341252));
#3987 = ORIENTED_EDGE('',*,*,#3544,.T.);
#3988 = ORIENTED_EDGE('',*,*,#3028,.F.);
#3989 = ORIENTED_EDGE('',*,*,#3826,.F.);
#3990 = CYLINDRICAL_SURFACE('',#3991,257.);
#3991 = AXIS2_PLACEMENT_3D('',#3992,#3993,#3994);
#3992 = CARTESIAN_POINT('',(186.20311525135,-30.50520208677,
    -25.74316404884));
#3993 = DIRECTION('',(0.,1.,-2.22044604925E-16));
#3994 = DIRECTION('',(-0.993581845559,-2.51166863474E-17,-0.113115499275
    ));
#3995 = ADVANCED_FACE('',(#3996),#4013,.T.);
#3996 = FACE_BOUND('',#3997,.T.);
#3997 = EDGE_LOOP('',(#3998,#4006,#4012));
#3998 = ORIENTED_EDGE('',*,*,#3999,.F.);
#3999 = EDGE_CURVE('',#4000,#3094,#4002,.T.);
#4000 = VERTEX_POINT('',#4001);
#4001 = CARTESIAN_POINT('',(-65.28132377099,-30.65024288489,
    -8.957790601298));
#4002 = LINE('',#4003,#4004);
#4003 = CARTESIAN_POINT('',(-65.3346792072,-30.69009430986,
    -9.828882236474));
#4004 = VECTOR('',#4005,1.);
#4005 = DIRECTION('',(6.107301665367E-02,4.561572192697E-02,
    0.997090413428));
#4006 = ORIENTED_EDGE('',*,*,#4007,.F.);
#4007 = EDGE_CURVE('',#3103,#4000,#4008,.T.);
#4008 = LINE('',#4009,#4010);
#4009 = CARTESIAN_POINT('',(72.400066860969,-30.65024288489,
    6.716710006594));
#4010 = VECTOR('',#4011,1.);
#4011 = DIRECTION('',(-0.993581845559,0.,-0.113115499275));
#4012 = ORIENTED_EDGE('',*,*,#3110,.F.);
#4013 = PLANE('',#4014);
#4014 = AXIS2_PLACEMENT_3D('',#4015,#4016,#4017);
#4015 = CARTESIAN_POINT('',(71.057731134249,-30.1,18.507493915634));
#4016 = DIRECTION('',(-5.239274616131E-03,-0.998926749222,
    4.602064417213E-02));
#4017 = DIRECTION('',(0.112994097977,-4.631791973439E-02,-0.99251548307)
  );
#4018 = ADVANCED_FACE('',(#4019),#4030,.T.);
#4019 = FACE_BOUND('',#4020,.T.);
#4020 = EDGE_LOOP('',(#4021,#4022,#4028,#4029));
#4021 = ORIENTED_EDGE('',*,*,#3533,.F.);
#4022 = ORIENTED_EDGE('',*,*,#4023,.T.);
#4023 = EDGE_CURVE('',#3534,#4000,#4024,.T.);
#4024 = ( BOUNDED_CURVE() B_SPLINE_CURVE(2,(#4025,#4026,#4027),
.UNSPECIFIED.,.F.,.F.) B_SPLINE_CURVE_WITH_KNOTS((3,3),(0.,
1.166368977338),.PIECEWISE_BEZIER_KNOTS.) CURVE() 
GEOMETRIC_REPRESENTATION_ITEM() RATIONAL_B_SPLINE_CURVE((1.,
0.70994472403,1.)) REPRESENTATION_ITEM('') );
#4025 = CARTESIAN_POINT('',(-70.24577442328,-25.65560913878,
    -8.882210541297));
#4026 = CARTESIAN_POINT('',(-70.23194216394,-30.61039145991,
    -8.656382279655));
#4027 = CARTESIAN_POINT('',(-65.28132377099,-30.65024288489,
    -8.957790601298));
#4028 = ORIENTED_EDGE('',*,*,#3999,.T.);
#4029 = ORIENTED_EDGE('',*,*,#3132,.F.);
#4030 = CYLINDRICAL_SURFACE('',#4031,5.);
#4031 = AXIS2_PLACEMENT_3D('',#4032,#4033,#4034);
#4032 = CARTESIAN_POINT('',(-65.30848283412,-25.69546056375,
    -10.05898545733));
#4033 = DIRECTION('',(6.107301665367E-02,4.561572192697E-02,
    0.997090413428));
#4034 = DIRECTION('',(-0.998129405073,7.675297914473E-18,
    6.113665617242E-02));
#4035 = ADVANCED_FACE('',(#4036),#4129,.T.);
#4036 = FACE_BOUND('',#4037,.T.);
#4037 = EDGE_LOOP('',(#4038,#4060,#4061,#4062,#4076,#4095,#4103,#4112));
#4038 = ORIENTED_EDGE('',*,*,#4039,.F.);
#4039 = EDGE_CURVE('',#3167,#4040,#4042,.T.);
#4040 = VERTEX_POINT('',#4041);
#4041 = CARTESIAN_POINT('',(68.673823429095,-30.71234029779,
    -12.27470693455));
#4042 = B_SPLINE_CURVE_WITH_KNOTS('',6,(#4043,#4044,#4045,#4046,#4047,
    #4048,#4049,#4050,#4051,#4052,#4053,#4054,#4055,#4056,#4057,#4058,
    #4059),.UNSPECIFIED.,.F.,.F.,(7,5,5,7),(-2.869415502859,
    -1.459972536862,13.868583316737,14.023216632383),.UNSPECIFIED.);
#4043 = CARTESIAN_POINT('',(63.967521893284,-30.73411068161,
    3.852387324259));
#4044 = CARTESIAN_POINT('',(64.033426248438,-30.74131165518,
    3.626524631819));
#4045 = CARTESIAN_POINT('',(64.099276353503,-30.74850670117,
    3.400847861405));
#4046 = CARTESIAN_POINT('',(64.16507220848,-30.75569581958,
    3.175357013016));
#4047 = CARTESIAN_POINT('',(64.230813813367,-30.76287901041,
    2.950052086652));
#4048 = CARTESIAN_POINT('',(64.296501168165,-30.77005627366,
    2.724933082313));
#4049 = CARTESIAN_POINT('',(65.075934501509,-30.85522027872,
    5.371490812624E-02));
#4050 = CARTESIAN_POINT('',(65.790380922913,-30.89799073485,
    -2.394695096498));
#4051 = CARTESIAN_POINT('',(66.504864756526,-30.90540601772,
    -4.843921501566));
#4052 = CARTESIAN_POINT('',(67.219312102663,-30.87754513243,
    -7.291730221727));
#4053 = CARTESIAN_POINT('',(67.930519501414,-30.81407399556,
    -9.730566378416));
#4054 = CARTESIAN_POINT('',(68.638657138237,-30.71720046767,
    -12.15439021419));
#4055 = CARTESIAN_POINT('',(68.645715850189,-30.71623150642,
    -12.17854748315));
#4056 = CARTESIAN_POINT('',(68.652761407516,-30.71526104278,
    -12.20265632927));
#4057 = CARTESIAN_POINT('',(68.659794237951,-30.71428904278,
    -12.22671821296));
#4058 = CARTESIAN_POINT('',(68.666814769233,-30.71331547244,
    -12.25073459459));
#4059 = CARTESIAN_POINT('',(68.673823429095,-30.71234029779,
    -12.27470693455));
#4060 = ORIENTED_EDGE('',*,*,#3166,.F.);
#4061 = ORIENTED_EDGE('',*,*,#4007,.T.);
#4062 = ORIENTED_EDGE('',*,*,#4063,.F.);
#4063 = EDGE_CURVE('',#4064,#4000,#4066,.T.);
#4064 = VERTEX_POINT('',#4065);
#4065 = CARTESIAN_POINT('',(-65.34748276864,-30.70009442415,
    -10.11335957057));
#4066 = ( BOUNDED_CURVE() B_SPLINE_CURVE(8,(#4067,#4068,#4069,#4070,
    #4071,#4072,#4073,#4074,#4075),.UNSPECIFIED.,.F.,.F.) 
B_SPLINE_CURVE_WITH_KNOTS((9,9),(46.94274789823,48.109116875568),
.PIECEWISE_BEZIER_KNOTS.) CURVE() GEOMETRIC_REPRESENTATION_ITEM() 
RATIONAL_B_SPLINE_CURVE((1.,1.,1.,1.,1.,1.,1.,1.,1.)) 
REPRESENTATION_ITEM('') );
#4067 = CARTESIAN_POINT('',(-65.34748276864,-30.70009442415,
    -10.11335957057));
#4068 = CARTESIAN_POINT('',(-65.33920391603,-30.69423596772,
    -9.968746787408));
#4069 = CARTESIAN_POINT('',(-65.33091759941,-30.68826291809,
    -9.823993217183));
#4070 = CARTESIAN_POINT('',(-65.32268974231,-30.68222652777,
    -9.680337512318));
#4071 = CARTESIAN_POINT('',(-65.31436996987,-30.67601102854,
    -9.53495615831));
#4072 = CARTESIAN_POINT('',(-65.30614060021,-30.66975640582,
    -9.391269279183));
#4073 = CARTESIAN_POINT('',(-65.29785681015,-30.66335160195,
    -9.246559642979));
#4074 = CARTESIAN_POINT('',(-65.28959125404,-30.65685220954,
    -9.102194203763));
#4075 = CARTESIAN_POINT('',(-65.28132377099,-30.65024288489,
    -8.957790601298));
#4076 = ORIENTED_EDGE('',*,*,#4077,.F.);
#4077 = EDGE_CURVE('',#4078,#4064,#4080,.T.);
#4078 = VERTEX_POINT('',#4079);
#4079 = CARTESIAN_POINT('',(-64.19187471681,-28.00028090361,
    -54.12444358202));
#4080 = ( BOUNDED_CURVE() B_SPLINE_CURVE(5,(#4081,#4082,#4083,#4084,
    #4085,#4086,#4087,#4088,#4089,#4090,#4091,#4092,#4093,#4094),
.UNSPECIFIED.,.F.,.F.) B_SPLINE_CURVE_WITH_KNOTS((6,4,4,6),(
    1.843634231526,21.609914160252,46.720889684087,46.94274789823),
.UNSPECIFIED.) CURVE() GEOMETRIC_REPRESENTATION_ITEM() 
RATIONAL_B_SPLINE_CURVE((1.,1.,1.,1.,1.,1.,1.,1.,1.,1.,1.,1.,1.,1.)) 
REPRESENTATION_ITEM('') );
#4081 = CARTESIAN_POINT('',(-64.19187471681,-28.00028090361,
    -54.12444358202));
#4082 = CARTESIAN_POINT('',(-64.60871914843,-28.63021870872,
    -50.34031042074));
#4083 = CARTESIAN_POINT('',(-64.96064541265,-29.17714037391,
    -46.51887228736));
#4084 = CARTESIAN_POINT('',(-65.24436857891,-29.63793868283,
    -42.67095452688));
#4085 = CARTESIAN_POINT('',(-65.45805308121,-30.01129280656,
    -38.80486290393));
#4086 = CARTESIAN_POINT('',(-65.78222032126,-30.65995521742,
    -30.00553202791));
#4087 = CARTESIAN_POINT('',(-65.84919679711,-30.88147999803,
    -25.0663878937));
#4088 = CARTESIAN_POINT('',(-65.79989101281,-30.96101288272,
    -20.12994205333));
#4089 = CARTESIAN_POINT('',(-65.63577751829,-30.90181393702,
    -15.21488640466));
#4090 = CARTESIAN_POINT('',(-65.35748269563,-30.70714217591,
    -10.28895008666));
#4091 = CARTESIAN_POINT('',(-65.3550113424,-30.70540786768,
    -10.24533667266));
#4092 = CARTESIAN_POINT('',(-65.35251488925,-30.70365073767,
    -10.20142022263));
#4093 = CARTESIAN_POINT('',(-65.35000235755,-30.70187738883,
    -10.1573710756));
#4094 = CARTESIAN_POINT('',(-65.34748276864,-30.70009442415,
    -10.11335957057));
#4095 = ORIENTED_EDGE('',*,*,#4096,.F.);
#4096 = EDGE_CURVE('',#4097,#4078,#4099,.T.);
#4097 = VERTEX_POINT('',#4098);
#4098 = CARTESIAN_POINT('',(72.522355100547,-28.00028090361,
    -38.56005053992));
#4099 = LINE('',#4100,#4101);
#4100 = CARTESIAN_POINT('',(77.490264328341,-28.00028090361,
    -37.99447304354));
#4101 = VECTOR('',#4102,1.);
#4102 = DIRECTION('',(-0.993581845559,0.,-0.113115499275));
#4103 = ORIENTED_EDGE('',*,*,#4104,.F.);
#4104 = EDGE_CURVE('',#4105,#4097,#4107,.T.);
#4105 = VERTEX_POINT('',#4106);
#4106 = CARTESIAN_POINT('',(70.635239472743,-30.09345696248,
    -21.98403893872));
#4107 = CIRCLE('',#4108,214.73685000176);
#4108 = AXIS2_PLACEMENT_3D('',#4109,#4110,#4111);
#4109 = CARTESIAN_POINT('',(68.557222960538,183.85614062557,
    -3.731195654356));
#4110 = DIRECTION('',(0.993581845559,-2.428612866368E-17,0.113115499275)
  );
#4111 = DIRECTION('',(9.451714158846E-03,-0.996502908646,
    -8.302179328065E-02));
#4112 = ORIENTED_EDGE('',*,*,#4113,.F.);
#4113 = EDGE_CURVE('',#4040,#4105,#4114,.T.);
#4114 = ( BOUNDED_CURVE() B_SPLINE_CURVE(7,(#4115,#4116,#4117,#4118,
    #4119,#4120,#4121,#4122,#4123,#4124,#4125,#4126,#4127,#4128),
.UNSPECIFIED.,.F.,.F.) B_SPLINE_CURVE_WITH_KNOTS((8,6,8),(
    14.023216632383,24.309988801488,24.735817767021),.UNSPECIFIED.) 
CURVE() GEOMETRIC_REPRESENTATION_ITEM() RATIONAL_B_SPLINE_CURVE((1.,1.,
1.,1.,1.,1.,1.,1.,1.,1.,1.,1.,1.,1.)) REPRESENTATION_ITEM('') );
#4115 = CARTESIAN_POINT('',(68.673823429095,-30.71234029779,
    -12.27470693455));
#4116 = CARTESIAN_POINT('',(69.07345910126,-30.65673557665,
    -13.6416162129));
#4117 = CARTESIAN_POINT('',(69.39693915779,-30.59587273357,
    -14.88089844315));
#4118 = CARTESIAN_POINT('',(69.715233277349,-30.5234219674,-16.219535496
    ));
#4119 = CARTESIAN_POINT('',(69.98421866913,-30.44007848906,
    -17.53608973216));
#4120 = CARTESIAN_POINT('',(70.222481703611,-30.34676776473,
    -18.87555323168));
#4121 = CARTESIAN_POINT('',(70.422091040382,-30.24352473799,
    -20.2123890632));
#4122 = CARTESIAN_POINT('',(70.592439994761,-30.12485743312,
    -21.61717612172));
#4123 = CARTESIAN_POINT('',(70.600070889246,-30.11943505699,
    -21.68116745544));
#4124 = CARTESIAN_POINT('',(70.607218653689,-30.11429487484,
    -21.7415434826));
#4125 = CARTESIAN_POINT('',(70.61424049752,-30.10917845471,
    -21.80140973377));
#4126 = CARTESIAN_POINT('',(70.621376196408,-30.10390949472,
    -21.86286786237));
#4127 = CARTESIAN_POINT('',(70.628328253914,-30.09870319978,
    -21.92333230167));
#4128 = CARTESIAN_POINT('',(70.635239472743,-30.09345696248,
    -21.98403893872));
#4129 = CYLINDRICAL_SURFACE('',#4130,214.73685000176);
#4130 = AXIS2_PLACEMENT_3D('',#4131,#4132,#4133);
#4131 = CARTESIAN_POINT('',(73.525132188331,183.85614062557,
    -3.165618157981));
#4132 = DIRECTION('',(0.993581845559,0.,0.113115499275));
#4133 = DIRECTION('',(-0.113115499275,0.,0.993581845559));
#4134 = ADVANCED_FACE('',(#4135),#4146,.T.);
#4135 = FACE_BOUND('',#4136,.T.);
#4136 = EDGE_LOOP('',(#4137,#4138,#4139,#4140));
#4137 = ORIENTED_EDGE('',*,*,#3574,.F.);
#4138 = ORIENTED_EDGE('',*,*,#3281,.F.);
#4139 = ORIENTED_EDGE('',*,*,#4039,.T.);
#4140 = ORIENTED_EDGE('',*,*,#4141,.F.);
#4141 = EDGE_CURVE('',#3575,#4040,#4142,.T.);
#4142 = ( BOUNDED_CURVE() B_SPLINE_CURVE(2,(#4143,#4144,#4145),
.UNSPECIFIED.,.F.,.F.) B_SPLINE_CURVE_WITH_KNOTS((3,3),(0.,
15.483189169245),.PIECEWISE_BEZIER_KNOTS.) CURVE() 
GEOMETRIC_REPRESENTATION_ITEM() RATIONAL_B_SPLINE_CURVE((1.,
0.704700257445,1.)) REPRESENTATION_ITEM('') );
#4143 = CARTESIAN_POINT('',(73.470541046991,-25.71335458627,
    -10.74454463406));
#4144 = CARTESIAN_POINT('',(73.513695133355,-30.74515136221,
    -10.8902776311));
#4145 = CARTESIAN_POINT('',(68.673823429095,-30.71234029779,
    -12.27470693455));
#4146 = ( BOUNDED_SURFACE() B_SPLINE_SURFACE(2,6,(
    (#4147,#4148,#4149,#4150,#4151,#4152,#4153,#4154,#4155,#4156,#4157
      ,#4158,#4159,#4160,#4161,#4162,#4163)
    ,(#4164,#4165,#4166,#4167,#4168,#4169,#4170,#4171,#4172,#4173,#4174
      ,#4175,#4176,#4177,#4178,#4179,#4180)
    ,(#4181,#4182,#4183,#4184,#4185,#4186,#4187,#4188,#4189,#4190,#4191
      ,#4192,#4193,#4194,#4195,#4196,#4197
)),.UNSPECIFIED.,.F.,.F.,.F.) B_SPLINE_SURFACE_WITH_KNOTS((3,3),(7,5,5,7
    ),(0.,15.483189169245),(-2.869415502859,-1.459972536862,
    13.868583316737,14.023216632383),.UNSPECIFIED.) 
GEOMETRIC_REPRESENTATION_ITEM() RATIONAL_B_SPLINE_SURFACE((
    (1.,1.,1.,1.,1.,1.,1.,1.,1.,1.,1.,1.,1.,1.,1.,1.,1.)
    ,(0.709012252134,0.70907808397,0.709117583071,0.709130749438
      ,0.709117583071,0.70907808397,0.708296290585,0.707577856917
      ,0.706858740242,0.706129943976,0.705415499937,0.70473364115
      ,0.704726877429,0.704720158513,0.704713483087,0.704706849837
      ,0.704700257445)
    ,(1.,1.,1.,1.,1.,1.,1.,1.,1.,1.,1.,1.,1.,1.,1.,1.,1.
))) REPRESENTATION_ITEM('') SURFACE() );
#4147 = CARTESIAN_POINT('',(68.755011382977,-25.73476007281,
    5.179979054585));
#4148 = CARTESIAN_POINT('',(68.82251507042,-25.74206503432,
    4.952016525164));
#4149 = CARTESIAN_POINT('',(68.889683639992,-25.7493337308,4.72518570159
    ));
#4150 = CARTESIAN_POINT('',(68.956517091692,-25.75656616226,
    4.499486583862));
#4151 = CARTESIAN_POINT('',(69.023015425519,-25.76376232868,
    4.274919171981));
#4152 = CARTESIAN_POINT('',(69.089178641476,-25.77092223008,
    4.051483465945));
#4153 = CARTESIAN_POINT('',(69.870927640627,-25.85551977677,
    1.411487252886));
#4154 = CARTESIAN_POINT('',(70.585674992419,-25.89784052122,
    -1.002241839283));
#4155 = CARTESIAN_POINT('',(71.298836795777,-25.90514515355,
    -3.410616473858));
#4156 = CARTESIAN_POINT('',(72.010395709027,-25.8773722621,
    -5.813578087355));
#4157 = CARTESIAN_POINT('',(72.719428769492,-25.81535162027,
    -8.208009799568));
#4158 = CARTESIAN_POINT('',(73.434820530803,-25.718249366,
    -10.62391508728));
#4159 = CARTESIAN_POINT('',(73.441965033858,-25.71727654864,
    -10.64804234684));
#4160 = CARTESIAN_POINT('',(73.449109317228,-25.71630067655,
    -10.6721688645));
#4161 = CARTESIAN_POINT('',(73.456253400686,-25.71532173516,
    -10.69629470706));
#4162 = CARTESIAN_POINT('',(73.463397304015,-25.71433970992,
    -10.72041994132));
#4163 = CARTESIAN_POINT('',(73.470541046991,-25.71335458627,
    -10.74454463406));
#4164 = CARTESIAN_POINT('',(68.730012078861,-30.70166401305,
    5.264402658919));
#4165 = CARTESIAN_POINT('',(68.796878195474,-30.70980405759,
    5.038593230534));
#4166 = CARTESIAN_POINT('',(68.863650964638,-30.71793273834,
    4.813099040047));
#4167 = CARTESIAN_POINT('',(68.930337840535,-30.72605096275,4.5878949144
    ));
#4168 = CARTESIAN_POINT('',(68.996946257104,-30.7341596358,
    4.362955748901));
#4169 = CARTESIAN_POINT('',(69.063483630799,-30.74225966034,
    4.138256497894));
#4170 = CARTESIAN_POINT('',(69.85369789427,-30.83845754991,
    1.469672764071));
#4171 = CARTESIAN_POINT('',(70.577596340571,-30.89129970451,
    -0.974959923591));
#4172 = CARTESIAN_POINT('',(71.301265655798,-30.90891322045,
    -3.418818826869));
#4173 = CARTESIAN_POINT('',(72.024655555487,-30.89124362778,
    -5.861734133213));
#4174 = CARTESIAN_POINT('',(72.746910951612,-30.83861461507,
    -8.300818177707));
#4175 = CARTESIAN_POINT('',(73.477191634147,-30.7496547729,
    -10.76700392077));
#4176 = CARTESIAN_POINT('',(73.48449212985,-30.74876166799,
    -10.79165797345));
#4177 = CARTESIAN_POINT('',(73.491792710928,-30.74786477059,
    -10.81631231445));
#4178 = CARTESIAN_POINT('',(73.499093394048,-30.74696408457,
    -10.84096700004));
#4179 = CARTESIAN_POINT('',(73.506394195931,-30.74605961382,
    -10.86562208671));
#4180 = CARTESIAN_POINT('',(73.513695133355,-30.74515136221,
    -10.8902776311));
#4181 = CARTESIAN_POINT('',(63.967521893284,-30.73411068161,
    3.852387324259));
#4182 = CARTESIAN_POINT('',(64.033426248438,-30.74131165518,
    3.626524631819));
#4183 = CARTESIAN_POINT('',(64.099276353503,-30.74850670117,
    3.400847861405));
#4184 = CARTESIAN_POINT('',(64.16507220848,-30.75569581958,
    3.175357013016));
#4185 = CARTESIAN_POINT('',(64.230813813367,-30.76287901041,
    2.950052086652));
#4186 = CARTESIAN_POINT('',(64.296501168165,-30.77005627366,
    2.724933082313));
#4187 = CARTESIAN_POINT('',(65.075934501509,-30.85522027872,
    5.371490812624E-02));
#4188 = CARTESIAN_POINT('',(65.790380922913,-30.89799073485,
    -2.394695096498));
#4189 = CARTESIAN_POINT('',(66.504864756526,-30.90540601772,
    -4.843921501566));
#4190 = CARTESIAN_POINT('',(67.219312102663,-30.87754513243,
    -7.291730221727));
#4191 = CARTESIAN_POINT('',(67.930519501414,-30.81407399556,
    -9.730566378416));
#4192 = CARTESIAN_POINT('',(68.638657138237,-30.71720046767,
    -12.15439021419));
#4193 = CARTESIAN_POINT('',(68.645715850189,-30.71623150642,
    -12.17854748315));
#4194 = CARTESIAN_POINT('',(68.652761407516,-30.71526104278,
    -12.20265632927));
#4195 = CARTESIAN_POINT('',(68.659794237951,-30.71428904278,
    -12.22671821296));
#4196 = CARTESIAN_POINT('',(68.666814769233,-30.71331547244,
    -12.25073459459));
#4197 = CARTESIAN_POINT('',(68.673823429095,-30.71234029779,
    -12.27470693455));
#4198 = ADVANCED_FACE('',(#4199),#4210,.F.);
#4199 = FACE_BOUND('',#4200,.F.);
#4200 = EDGE_LOOP('',(#4201,#4202,#4208,#4209));
#4201 = ORIENTED_EDGE('',*,*,#3469,.T.);
#4202 = ORIENTED_EDGE('',*,*,#4203,.T.);
#4203 = EDGE_CURVE('',#3461,#3509,#4204,.T.);
#4204 = LINE('',#4205,#4206);
#4205 = CARTESIAN_POINT('',(-65.66057527122,-4.2,-50.0794359037));
#4206 = VECTOR('',#4207,1.);
#4207 = DIRECTION('',(1.942890293094E-16,1.,-1.680910387488E-15));
#4208 = ORIENTED_EDGE('',*,*,#3508,.F.);
#4209 = ORIENTED_EDGE('',*,*,#3437,.T.);
#4210 = PLANE('',#4211);
#4211 = AXIS2_PLACEMENT_3D('',#4212,#4213,#4214);
#4212 = CARTESIAN_POINT('',(-67.64773896234,-4.2,-50.30566690225));
#4213 = DIRECTION('',(-0.113115499275,1.691768418476E-15,0.993581845559)
  );
#4214 = DIRECTION('',(1.913652293135E-16,1.,-1.680910387488E-15));
#4215 = ADVANCED_FACE('',(#4216,#4286),#4292,.T.);
#4216 = FACE_BOUND('',#4217,.T.);
#4217 = EDGE_LOOP('',(#4218,#4228,#4237,#4245,#4254,#4262,#4271,#4279));
#4218 = ORIENTED_EDGE('',*,*,#4219,.F.);
#4219 = EDGE_CURVE('',#4220,#4222,#4224,.T.);
#4220 = VERTEX_POINT('',#4221);
#4221 = CARTESIAN_POINT('',(-66.04516796875,-6.4,-46.7012576288));
#4222 = VERTEX_POINT('',#4223);
#4223 = CARTESIAN_POINT('',(-66.04516796875,6.400000000006,
    -46.7012576288));
#4224 = LINE('',#4225,#4226);
#4225 = CARTESIAN_POINT('',(-66.04516796875,-6.4,-46.7012576288));
#4226 = VECTOR('',#4227,1.);
#4227 = DIRECTION('',(2.680663794855E-16,1.,3.051833373352E-17));
#4228 = ORIENTED_EDGE('',*,*,#4229,.F.);
#4229 = EDGE_CURVE('',#4230,#4220,#4232,.T.);
#4230 = VERTEX_POINT('',#4231);
#4231 = CARTESIAN_POINT('',(-66.20352966774,-7.8,-45.31024304502));
#4232 = CIRCLE('',#4233,1.4);
#4233 = AXIS2_PLACEMENT_3D('',#4234,#4235,#4236);
#4234 = CARTESIAN_POINT('',(-66.20352966774,-6.4,-45.31024304502));
#4235 = DIRECTION('',(0.993581845559,-2.697979846188E-16,0.113115499275)
  );
#4236 = DIRECTION('',(1.390897456516E-15,-1.,-1.460249441531E-14));
#4237 = ORIENTED_EDGE('',*,*,#4238,.F.);
#4238 = EDGE_CURVE('',#4239,#4230,#4241,.T.);
#4239 = VERTEX_POINT('',#4240);
#4240 = CARTESIAN_POINT('',(-66.70123786455,-7.8,-40.93848292456));
#4241 = LINE('',#4242,#4243);
#4242 = CARTESIAN_POINT('',(-66.70123786455,-7.8,-40.93848292456));
#4243 = VECTOR('',#4244,1.);
#4244 = DIRECTION('',(0.113115499275,0.,-0.993581845559));
#4245 = ORIENTED_EDGE('',*,*,#4246,.F.);
#4246 = EDGE_CURVE('',#4247,#4239,#4249,.T.);
#4247 = VERTEX_POINT('',#4248);
#4248 = CARTESIAN_POINT('',(-66.85959956353,-6.4,-39.54746834078));
#4249 = CIRCLE('',#4250,1.4);
#4250 = AXIS2_PLACEMENT_3D('',#4251,#4252,#4253);
#4251 = CARTESIAN_POINT('',(-66.70123786455,-6.4,-40.93848292456));
#4252 = DIRECTION('',(0.993581845559,-2.697979846188E-16,0.113115499275)
  );
#4253 = DIRECTION('',(-0.113115499275,-3.181214220692E-15,0.993581845559
    ));
#4254 = ORIENTED_EDGE('',*,*,#4255,.F.);
#4255 = EDGE_CURVE('',#4256,#4247,#4258,.T.);
#4256 = VERTEX_POINT('',#4257);
#4257 = CARTESIAN_POINT('',(-66.85959956353,6.4,-39.54746834078));
#4258 = LINE('',#4259,#4260);
#4259 = CARTESIAN_POINT('',(-66.85959956353,6.4,-39.54746834078));
#4260 = VECTOR('',#4261,1.);
#4261 = DIRECTION('',(-2.680663794855E-16,-1.,-3.051833373352E-17));
#4262 = ORIENTED_EDGE('',*,*,#4263,.F.);
#4263 = EDGE_CURVE('',#4264,#4256,#4266,.T.);
#4264 = VERTEX_POINT('',#4265);
#4265 = CARTESIAN_POINT('',(-66.70123786455,7.800000000006,
    -40.93848292457));
#4266 = CIRCLE('',#4267,1.4);
#4267 = AXIS2_PLACEMENT_3D('',#4268,#4269,#4270);
#4268 = CARTESIAN_POINT('',(-66.70123786455,6.4,-40.93848292456));
#4269 = DIRECTION('',(0.993581845559,-2.697979846187E-16,0.113115499275)
  );
#4270 = DIRECTION('',(1.855280705362E-12,1.,-1.629399543912E-11));
#4271 = ORIENTED_EDGE('',*,*,#4272,.F.);
#4272 = EDGE_CURVE('',#4273,#4264,#4275,.T.);
#4273 = VERTEX_POINT('',#4274);
#4274 = CARTESIAN_POINT('',(-66.20352966774,7.800000000006,
    -45.31024304502));
#4275 = LINE('',#4276,#4277);
#4276 = CARTESIAN_POINT('',(-66.20352966774,7.800000000006,
    -45.31024304502));
#4277 = VECTOR('',#4278,1.);
#4278 = DIRECTION('',(-0.113115499275,0.,0.993581845559));
#4279 = ORIENTED_EDGE('',*,*,#4280,.F.);
#4280 = EDGE_CURVE('',#4222,#4273,#4281,.T.);
#4281 = CIRCLE('',#4282,1.4);
#4282 = AXIS2_PLACEMENT_3D('',#4283,#4284,#4285);
#4283 = CARTESIAN_POINT('',(-66.20352966774,6.400000000006,
    -45.31024304502));
#4284 = DIRECTION('',(0.993581845559,-2.697979846188E-16,0.113115499275)
  );
#4285 = DIRECTION('',(0.113115499275,-1.259677877809E-15,-0.993581845559
    ));
#4286 = FACE_BOUND('',#4287,.T.);
#4287 = EDGE_LOOP('',(#4288,#4289,#4290,#4291));
#4288 = ORIENTED_EDGE('',*,*,#3460,.T.);
#4289 = ORIENTED_EDGE('',*,*,#4203,.T.);
#4290 = ORIENTED_EDGE('',*,*,#3516,.T.);
#4291 = ORIENTED_EDGE('',*,*,#3485,.F.);
#4292 = PLANE('',#4293);
#4293 = AXIS2_PLACEMENT_3D('',#4294,#4295,#4296);
#4294 = CARTESIAN_POINT('',(-66.45238376614,-1.7041923428E-14,
    -43.12436298479));
#4295 = DIRECTION('',(0.993581845559,-2.697979846188E-16,0.113115499275)
  );
#4296 = DIRECTION('',(-0.113115499275,0.,0.993581845559));
#4297 = ADVANCED_FACE('',(#4298),#4309,.T.);
#4298 = FACE_BOUND('',#4299,.T.);
#4299 = EDGE_LOOP('',(#4300,#4306,#4307,#4308));
#4300 = ORIENTED_EDGE('',*,*,#4301,.T.);
#4301 = EDGE_CURVE('',#3545,#4064,#4302,.T.);
#4302 = ( BOUNDED_CURVE() B_SPLINE_CURVE(2,(#4303,#4304,#4305),
.UNSPECIFIED.,.F.,.F.) B_SPLINE_CURVE_WITH_KNOTS((3,3),(0.,
45.099113666704),.PIECEWISE_BEZIER_KNOTS.) CURVE() 
GEOMETRIC_REPRESENTATION_ITEM() RATIONAL_B_SPLINE_CURVE((1.,
0.709619808597,1.)) REPRESENTATION_ITEM('') );
#4303 = CARTESIAN_POINT('',(-70.31614185248,-25.70513459615,
    -10.03104341252));
#4304 = CARTESIAN_POINT('',(-70.30267999589,-30.66477218407,
    -9.811262420974));
#4305 = CARTESIAN_POINT('',(-65.34748276864,-30.70009442415,
    -10.11335957057));
#4306 = ORIENTED_EDGE('',*,*,#4063,.T.);
#4307 = ORIENTED_EDGE('',*,*,#4023,.F.);
#4308 = ORIENTED_EDGE('',*,*,#3552,.F.);
#4309 = ( BOUNDED_SURFACE() B_SPLINE_SURFACE(2,8,(
    (#4310,#4311,#4312,#4313,#4314,#4315,#4316,#4317,#4318)
    ,(#4319,#4320,#4321,#4322,#4323,#4324,#4325,#4326,#4327)
    ,(#4328,#4329,#4330,#4331,#4332,#4333,#4334,#4335,#4336
)),.UNSPECIFIED.,.F.,.F.,.F.) B_SPLINE_SURFACE_WITH_KNOTS((3,3),(9,9),(
    0.,1.166368977338),(46.94274789823,48.109116875568),
.PIECEWISE_BEZIER_KNOTS.) GEOMETRIC_REPRESENTATION_ITEM() 
RATIONAL_B_SPLINE_SURFACE((
    (1.,1.,1.,1.,1.,1.,1.,1.,1.)
    ,(0.709619808597,0.709660519166,0.709701308113,0.709741476403
      ,0.709782612167,0.70982280281,0.70986356998,0.709904133866
      ,0.70994472403)
,(1.,1.,1.,1.,1.,1.,1.,1.,1.))) REPRESENTATION_ITEM('') SURFACE() );
#4310 = CARTESIAN_POINT('',(-70.31614185248,-25.70513459615,
    -10.03104341252));
#4311 = CARTESIAN_POINT('',(-70.30750284018,-25.69943739832,
    -9.89000115168));
#4312 = CARTESIAN_POINT('',(-70.29884714543,-25.69362191732,
    -9.74868652973));
#4313 = CARTESIAN_POINT('',(-70.29021984127,-25.6877228497,
    -9.607835418256));
#4314 = CARTESIAN_POINT('',(-70.28123019239,-25.68144087116,
    -9.461068593723));
#4315 = CARTESIAN_POINT('',(-70.2722265229,-25.67504044709,
    -9.314072865888));
#4316 = CARTESIAN_POINT('',(-70.26333939541,-25.66862047162,
    -9.168979826337));
#4317 = CARTESIAN_POINT('',(-70.25461717662,-25.66221383263,
    -9.0265791196));
#4318 = CARTESIAN_POINT('',(-70.24577442328,-25.65560913878,
    -8.882210541297));
#4319 = CARTESIAN_POINT('',(-70.30267999589,-30.66477218407,
    -9.811262420974));
#4320 = CARTESIAN_POINT('',(-70.29383721317,-30.65835273443,
    -9.666893363089));
#4321 = CARTESIAN_POINT('',(-70.28499450542,-30.65182445556,
    -9.522525529209));
#4322 = CARTESIAN_POINT('',(-70.27615193499,-30.6451922906,
    -9.378159937062));
#4323 = CARTESIAN_POINT('',(-70.26730978452,-30.63844522749,
    -9.233801201491));
#4324 = CARTESIAN_POINT('',(-70.25846767547,-30.63159658473,
    -9.089443142045));
#4325 = CARTESIAN_POINT('',(-70.24962565519,-30.62463558296,
    -8.945086531893));
#4326 = CARTESIAN_POINT('',(-70.24078382829,-30.61756772435,
    -8.800733078776));
#4327 = CARTESIAN_POINT('',(-70.23194216394,-30.61039145991,
    -8.656382279655));
#4328 = CARTESIAN_POINT('',(-65.34748276864,-30.70009442415,
    -10.11335957057));
#4329 = CARTESIAN_POINT('',(-65.33920391603,-30.69423596772,
    -9.968746787408));
#4330 = CARTESIAN_POINT('',(-65.33091759941,-30.68826291809,
    -9.823993217183));
#4331 = CARTESIAN_POINT('',(-65.32268974231,-30.68222652777,
    -9.680337512318));
#4332 = CARTESIAN_POINT('',(-65.31436996987,-30.67601102854,
    -9.53495615831));
#4333 = CARTESIAN_POINT('',(-65.30614060021,-30.66975640582,
    -9.391269279183));
#4334 = CARTESIAN_POINT('',(-65.29785681015,-30.66335160195,
    -9.246559642979));
#4335 = CARTESIAN_POINT('',(-65.28959125404,-30.65685220954,
    -9.102194203763));
#4336 = CARTESIAN_POINT('',(-65.28132377099,-30.65024288489,
    -8.957790601298));
#4337 = ADVANCED_FACE('',(#4338),#4349,.T.);
#4338 = FACE_BOUND('',#4339,.T.);
#4339 = EDGE_LOOP('',(#4340,#4341,#4342,#4348));
#4340 = ORIENTED_EDGE('',*,*,#4141,.T.);
#4341 = ORIENTED_EDGE('',*,*,#4113,.T.);
#4342 = ORIENTED_EDGE('',*,*,#4343,.F.);
#4343 = EDGE_CURVE('',#3613,#4105,#4344,.T.);
#4344 = ( BOUNDED_CURVE() B_SPLINE_CURVE(2,(#4345,#4346,#4347),
.UNSPECIFIED.,.F.,.F.) B_SPLINE_CURVE_WITH_KNOTS((3,3),(0.,
10.712601134638),.PIECEWISE_BEZIER_KNOTS.) CURVE() 
GEOMETRIC_REPRESENTATION_ITEM() RATIONAL_B_SPLINE_CURVE((1.,
0.707106781187,1.)) REPRESENTATION_ITEM('') );
#4345 = CARTESIAN_POINT('',(75.554763513919,-25.11178759399,
    -20.99345652856));
#4346 = CARTESIAN_POINT('',(75.603148700537,-30.09345696248,
    -21.41846144235));
#4347 = CARTESIAN_POINT('',(70.635239472743,-30.09345696248,
    -21.98403893872));
#4348 = ORIENTED_EDGE('',*,*,#3620,.F.);
#4349 = ( BOUNDED_SURFACE() B_SPLINE_SURFACE(2,7,(
    (#4350,#4351,#4352,#4353,#4354,#4355,#4356,#4357,#4358,#4359,#4360
      ,#4361,#4362,#4363)
    ,(#4364,#4365,#4366,#4367,#4368,#4369,#4370,#4371,#4372,#4373,#4374
      ,#4375,#4376,#4377)
    ,(#4378,#4379,#4380,#4381,#4382,#4383,#4384,#4385,#4386,#4387,#4388
      ,#4389,#4390,#4391
)),.UNSPECIFIED.,.F.,.F.,.F.) B_SPLINE_SURFACE_WITH_KNOTS((3,3),(8,6,8),
  (0.,10.712601134638),(14.023216632383,24.309988801488,24.735817767021)
,.UNSPECIFIED.) GEOMETRIC_REPRESENTATION_ITEM() 
RATIONAL_B_SPLINE_SURFACE((
    (1.,1.,1.,1.,1.,1.,1.,1.,1.,1.,1.,1.,1.,1.)
    ,(0.704700257445,0.704580485141,0.704713774774,0.704886570347
      ,0.705210230542,0.705653704124,0.70621763663,0.706931722445
      ,0.706960036414,0.706988840458,0.70701793578,0.707047221803
      ,0.707076865412,0.707106781187)
,(1.,1.,1.,1.,1.,1.,1.,1.,1.,1.,1.,1.,1.,1.
))) REPRESENTATION_ITEM('') SURFACE() );
#4350 = CARTESIAN_POINT('',(73.470541046991,-25.71335458627,
    -10.74454463406));
#4351 = CARTESIAN_POINT('',(73.877910140476,-25.66079087217,
    -12.12024561389));
#4352 = CARTESIAN_POINT('',(74.246393989089,-25.59992982745,
    -13.50553939108));
#4353 = CARTESIAN_POINT('',(74.578171292082,-25.52838041912,
    -14.90761136444));
#4354 = CARTESIAN_POINT('',(74.86977280743,-25.4470148889,
    -16.31729217793));
#4355 = CARTESIAN_POINT('',(75.122114456451,-25.35577841899,
    -17.73502276298));
#4356 = CARTESIAN_POINT('',(75.334247892768,-25.25470844044,
    -19.15701030388));
#4357 = CARTESIAN_POINT('',(75.513459821738,-25.13958499202,
    -20.63973745173));
#4358 = CARTESIAN_POINT('',(75.520515086597,-25.13498843672,
    -20.6986810047));
#4359 = CARTESIAN_POINT('',(75.527501767816,-25.13037932095,
    -20.75762812865));
#4360 = CARTESIAN_POINT('',(75.534419931952,-25.12575494659,
    -20.81657922302));
#4361 = CARTESIAN_POINT('',(75.541269617861,-25.12111392171,
    -20.8755344657));
#4362 = CARTESIAN_POINT('',(75.548050797381,-25.1164585205,
    -20.93449349229));
#4363 = CARTESIAN_POINT('',(75.554763513919,-25.11178759399,
    -20.99345652856));
#4364 = CARTESIAN_POINT('',(73.513695133355,-30.74515136221,
    -10.8902776311));
#4365 = CARTESIAN_POINT('',(73.926576202405,-30.69332962871,
    -12.29739528465));
#4366 = CARTESIAN_POINT('',(74.29954081855,-30.62932323847,
    -13.7167799952));
#4367 = CARTESIAN_POINT('',(74.634258542705,-30.55370942629,
    -15.15493379169));
#4368 = CARTESIAN_POINT('',(74.927199537613,-30.46576450955,
    -16.60264382493));
#4369 = CARTESIAN_POINT('',(75.17907797833,-30.3657550233,
    -18.06071442514));
#4370 = CARTESIAN_POINT('',(75.388746344689,-30.25366753153,
    -19.52506089573));
#4371 = CARTESIAN_POINT('',(75.563117875634,-30.1246304636,
    -21.05401421815));
#4372 = CARTESIAN_POINT('',(75.569969831466,-30.11948620348,
    -21.11473509113));
#4373 = CARTESIAN_POINT('',(75.576749908339,-30.11432119364,
    -21.17546557485));
#4374 = CARTESIAN_POINT('',(75.583457861356,-30.10913574891,
    -21.23620369629));
#4375 = CARTESIAN_POINT('',(75.590093558643,-30.10393000425,
    -21.29694837316));
#4376 = CARTESIAN_POINT('',(75.596657202572,-30.09870369662,
    -21.3577011981));
#4377 = CARTESIAN_POINT('',(75.603148700537,-30.09345696248,
    -21.41846144235));
#4378 = CARTESIAN_POINT('',(68.673823429095,-30.71234029779,
    -12.27470693455));
#4379 = CARTESIAN_POINT('',(69.07345910126,-30.65673557665,
    -13.6416162129));
#4380 = CARTESIAN_POINT('',(69.39693915779,-30.59587273357,
    -14.88089844315));
#4381 = CARTESIAN_POINT('',(69.715233277349,-30.5234219674,-16.219535496
    ));
#4382 = CARTESIAN_POINT('',(69.98421866913,-30.44007848906,
    -17.53608973216));
#4383 = CARTESIAN_POINT('',(70.222481703611,-30.34676776473,
    -18.87555323168));
#4384 = CARTESIAN_POINT('',(70.422091040382,-30.24352473799,
    -20.2123890632));
#4385 = CARTESIAN_POINT('',(70.592439994761,-30.12485743312,
    -21.61717612172));
#4386 = CARTESIAN_POINT('',(70.600070889246,-30.11943505699,
    -21.68116745544));
#4387 = CARTESIAN_POINT('',(70.607218653689,-30.11429487484,
    -21.7415434826));
#4388 = CARTESIAN_POINT('',(70.61424049752,-30.10917845471,
    -21.80140973377));
#4389 = CARTESIAN_POINT('',(70.621376196408,-30.10390949472,
    -21.86286786237));
#4390 = CARTESIAN_POINT('',(70.628328253914,-30.09870319978,
    -21.92333230167));
#4391 = CARTESIAN_POINT('',(70.635239472743,-30.09345696248,
    -21.98403893872));
#4392 = ADVANCED_FACE('',(#4393),#4405,.T.);
#4393 = FACE_BOUND('',#4394,.F.);
#4394 = EDGE_LOOP('',(#4395,#4396,#4397,#4404));
#4395 = ORIENTED_EDGE('',*,*,#4343,.F.);
#4396 = ORIENTED_EDGE('',*,*,#3671,.T.);
#4397 = ORIENTED_EDGE('',*,*,#4398,.T.);
#4398 = EDGE_CURVE('',#3672,#4097,#4399,.T.);
#4399 = CIRCLE('',#4400,5.);
#4400 = AXIS2_PLACEMENT_3D('',#4401,#4402,#4403);
#4401 = CARTESIAN_POINT('',(72.430029723231,-23.06734970137,
    -37.74908458588));
#4402 = DIRECTION('',(0.111598195166,0.163240896089,-0.980254177589));
#4403 = DIRECTION('',(1.846507546318E-02,-0.986586240449,-0.162193190807
    ));
#4404 = ORIENTED_EDGE('',*,*,#4104,.F.);
#4405 = TOROIDAL_SURFACE('',#4406,209.73685000176,5.);
#4406 = AXIS2_PLACEMENT_3D('',#4407,#4408,#4409);
#4407 = CARTESIAN_POINT('',(68.557222960538,183.85614062557,
    -3.731195654356));
#4408 = DIRECTION('',(-0.993581845559,2.51166863474E-17,-0.113115499275)
  );
#4409 = DIRECTION('',(9.451714158846E-03,-0.996502908646,
    -8.302179328065E-02));
#4410 = ADVANCED_FACE('',(#4411),#4422,.T.);
#4411 = FACE_BOUND('',#4412,.T.);
#4412 = EDGE_LOOP('',(#4413,#4414,#4420,#4421));
#4413 = ORIENTED_EDGE('',*,*,#4398,.T.);
#4414 = ORIENTED_EDGE('',*,*,#4415,.T.);
#4415 = EDGE_CURVE('',#4097,#3706,#4416,.T.);
#4416 = LINE('',#4417,#4418);
#4417 = CARTESIAN_POINT('',(72.522355100547,-28.00028090361,
    -38.56005053992));
#4418 = VECTOR('',#4419,1.);
#4419 = DIRECTION('',(0.111598195166,0.163240896089,-0.980254177588));
#4420 = ORIENTED_EDGE('',*,*,#3705,.F.);
#4421 = ORIENTED_EDGE('',*,*,#3680,.F.);
#4422 = CYLINDRICAL_SURFACE('',#4423,5.);
#4423 = AXIS2_PLACEMENT_3D('',#4424,#4425,#4426);
#4424 = CARTESIAN_POINT('',(72.430029723231,-23.06734970137,
    -37.74908458588));
#4425 = DIRECTION('',(0.111598195166,0.163240896089,-0.980254177588));
#4426 = DIRECTION('',(0.993581845559,-4.300004635675E-18,0.113115499275)
  );
#4427 = ADVANCED_FACE('',(#4428),#4450,.T.);
#4428 = FACE_BOUND('',#4429,.T.);
#4429 = EDGE_LOOP('',(#4430,#4431,#4432,#4433,#4444));
#4430 = ORIENTED_EDGE('',*,*,#3714,.F.);
#4431 = ORIENTED_EDGE('',*,*,#4415,.F.);
#4432 = ORIENTED_EDGE('',*,*,#4096,.T.);
#4433 = ORIENTED_EDGE('',*,*,#4434,.F.);
#4434 = EDGE_CURVE('',#4435,#4078,#4437,.T.);
#4435 = VERTEX_POINT('',#4436);
#4436 = CARTESIAN_POINT('',(-64.08718445211,-27.84464316696,
    -55.05923582015));
#4437 = ( BOUNDED_CURVE() B_SPLINE_CURVE(5,(#4438,#4439,#4440,#4441,
#4442,#4443),.UNSPECIFIED.,.F.,.F.) B_SPLINE_CURVE_WITH_KNOTS((6,6),(
0.886071875527,1.843634231526),.PIECEWISE_BEZIER_KNOTS.) CURVE() 
GEOMETRIC_REPRESENTATION_ITEM() RATIONAL_B_SPLINE_CURVE((1.,1.,1.,1.,1.,
1.)) REPRESENTATION_ITEM('') );
#4438 = CARTESIAN_POINT('',(-64.08718445211,-27.84464316696,
    -55.05923582015));
#4439 = CARTESIAN_POINT('',(-64.1084645247,-27.87577071444,
    -54.87231630924));
#4440 = CARTESIAN_POINT('',(-64.12949322138,-27.90678126612,
    -54.68607984039));
#4441 = CARTESIAN_POINT('',(-64.15046001491,-27.93794801204,
    -54.4988862282));
#4442 = CARTESIAN_POINT('',(-64.17149165226,-27.96947720821,
    -54.30949529147));
#4443 = CARTESIAN_POINT('',(-64.19187471681,-28.00028090361,
    -54.12444358202));
#4444 = ORIENTED_EDGE('',*,*,#4445,.F.);
#4445 = EDGE_CURVE('',#3715,#4435,#4446,.T.);
#4446 = LINE('',#4447,#4448);
#4447 = CARTESIAN_POINT('',(-63.98830043001,-27.7,-55.92781147778));
#4448 = VECTOR('',#4449,1.);
#4449 = DIRECTION('',(-0.111598195166,-0.163240896089,0.980254177588));
#4450 = PLANE('',#4451);
#4451 = AXIS2_PLACEMENT_3D('',#4452,#4453,#4454);
#4452 = CARTESIAN_POINT('',(77.490264328341,-28.00028090361,
    -37.99447304354));
#4453 = DIRECTION('',(1.846507546321E-02,-0.986586240449,-0.162193190807
    ));
#4454 = DIRECTION('',(0.111598195166,0.163240896089,-0.980254177588));
#4455 = ADVANCED_FACE('',(#4456),#4473,.T.);
#4456 = FACE_BOUND('',#4457,.T.);
#4457 = EDGE_LOOP('',(#4458,#4459,#4460,#4467));
#4458 = ORIENTED_EDGE('',*,*,#3722,.T.);
#4459 = ORIENTED_EDGE('',*,*,#4445,.T.);
#4460 = ORIENTED_EDGE('',*,*,#4461,.F.);
#4461 = EDGE_CURVE('',#3953,#4435,#4462,.T.);
#4462 = CIRCLE('',#4463,5.);
#4463 = AXIS2_PLACEMENT_3D('',#4464,#4465,#4466);
#4464 = CARTESIAN_POINT('',(-64.17950982942,-22.91171196471,
    -54.24826986612));
#4465 = DIRECTION('',(-0.111598195166,-0.163240896089,0.980254177588));
#4466 = DIRECTION('',(-0.993581845559,1.534862235697E-16,-0.113115499275
    ));
#4467 = ORIENTED_EDGE('',*,*,#4468,.F.);
#4468 = EDGE_CURVE('',#3723,#3953,#4469,.T.);
#4469 = LINE('',#4470,#4471);
#4470 = CARTESIAN_POINT('',(-69.04853503512,-22.76706879775,
    -55.68242302012));
#4471 = VECTOR('',#4472,1.);
#4472 = DIRECTION('',(-0.111598195166,-0.163240896089,0.980254177588));
#4473 = CYLINDRICAL_SURFACE('',#4474,5.);
#4474 = AXIS2_PLACEMENT_3D('',#4475,#4476,#4477);
#4475 = CARTESIAN_POINT('',(-64.08062580733,-22.76706879775,
    -55.11684552374));
#4476 = DIRECTION('',(-0.111598195166,-0.163240896089,0.980254177588));
#4477 = DIRECTION('',(-0.993581845559,1.500167766177E-16,-0.113115499275
    ));
#4478 = ADVANCED_FACE('',(#4479),#4485,.T.);
#4479 = FACE_BOUND('',#4480,.T.);
#4480 = EDGE_LOOP('',(#4481,#4482,#4483,#4484));
#4481 = ORIENTED_EDGE('',*,*,#3952,.T.);
#4482 = ORIENTED_EDGE('',*,*,#3801,.F.);
#4483 = ORIENTED_EDGE('',*,*,#3731,.F.);
#4484 = ORIENTED_EDGE('',*,*,#4468,.T.);
#4485 = PLANE('',#4486);
#4486 = AXIS2_PLACEMENT_3D('',#4487,#4488,#4489);
#4487 = CARTESIAN_POINT('',(-70.36915985828,3.263987800025E-14,
    -44.08234294712));
#4488 = DIRECTION('',(-0.993581845559,1.470122687495E-16,-0.113115499275
    ));
#4489 = DIRECTION('',(0.113115499275,2.206194883578E-16,-0.993581845559)
  );
#4490 = ADVANCED_FACE('',(#4491),#4510,.F.);
#4491 = FACE_BOUND('',#4492,.F.);
#4492 = EDGE_LOOP('',(#4493,#4501,#4508,#4509));
#4493 = ORIENTED_EDGE('',*,*,#4494,.T.);
#4494 = EDGE_CURVE('',#3751,#4495,#4497,.T.);
#4495 = VERTEX_POINT('',#4496);
#4496 = CARTESIAN_POINT('',(74.118842600512,-19.4,-39.80225673969));
#4497 = LINE('',#4498,#4499);
#4498 = CARTESIAN_POINT('',(74.164088800222,-19.4,-40.19968947791));
#4499 = VECTOR('',#4500,1.);
#4500 = DIRECTION('',(-0.113115499275,0.,0.993581845559));
#4501 = ORIENTED_EDGE('',*,*,#4502,.T.);
#4502 = EDGE_CURVE('',#4495,#4495,#4503,.T.);
#4503 = CIRCLE('',#4504,6.5);
#4504 = AXIS2_PLACEMENT_3D('',#4505,#4506,#4507);
#4505 = CARTESIAN_POINT('',(67.660560604381,-19.4,-40.53750748497));
#4506 = DIRECTION('',(0.113115499275,-7.348105069674E-32,-0.993581845559
    ));
#4507 = DIRECTION('',(0.993581845559,0.,0.113115499275));
#4508 = ORIENTED_EDGE('',*,*,#4494,.F.);
#4509 = ORIENTED_EDGE('',*,*,#3750,.F.);
#4510 = CYLINDRICAL_SURFACE('',#4511,6.5);
#4511 = AXIS2_PLACEMENT_3D('',#4512,#4513,#4514);
#4512 = CARTESIAN_POINT('',(67.705806804091,-19.4,-40.9349402232));
#4513 = DIRECTION('',(0.113115499275,0.,-0.993581845559));
#4514 = DIRECTION('',(0.993581845559,0.,0.113115499275));
#4515 = ADVANCED_FACE('',(#4516),#4535,.F.);
#4516 = FACE_BOUND('',#4517,.F.);
#4517 = EDGE_LOOP('',(#4518,#4526,#4533,#4534));
#4518 = ORIENTED_EDGE('',*,*,#4519,.T.);
#4519 = EDGE_CURVE('',#3762,#4520,#4522,.T.);
#4520 = VERTEX_POINT('',#4521);
#4521 = CARTESIAN_POINT('',(-54.99195183514,-19.4,-54.50102769615));
#4522 = LINE('',#4523,#4524);
#4523 = CARTESIAN_POINT('',(-54.94670563543,-19.4,-54.89846043438));
#4524 = VECTOR('',#4525,1.);
#4525 = DIRECTION('',(-0.113115499275,0.,0.993581845559));
#4526 = ORIENTED_EDGE('',*,*,#4527,.T.);
#4527 = EDGE_CURVE('',#4520,#4520,#4528,.T.);
#4528 = CIRCLE('',#4529,6.5);
#4529 = AXIS2_PLACEMENT_3D('',#4530,#4531,#4532);
#4530 = CARTESIAN_POINT('',(-61.45023383127,-19.4,-55.23627844144));
#4531 = DIRECTION('',(0.113115499275,-7.348105069674E-32,-0.993581845559
    ));
#4532 = DIRECTION('',(0.993581845559,0.,0.113115499275));
#4533 = ORIENTED_EDGE('',*,*,#4519,.F.);
#4534 = ORIENTED_EDGE('',*,*,#3761,.F.);
#4535 = CYLINDRICAL_SURFACE('',#4536,6.5);
#4536 = AXIS2_PLACEMENT_3D('',#4537,#4538,#4539);
#4537 = CARTESIAN_POINT('',(-61.40498763156,-19.4,-55.63371117966));
#4538 = DIRECTION('',(0.113115499275,0.,-0.993581845559));
#4539 = DIRECTION('',(0.993581845559,0.,0.113115499275));
#4540 = ADVANCED_FACE('',(#4541),#4560,.F.);
#4541 = FACE_BOUND('',#4542,.F.);
#4542 = EDGE_LOOP('',(#4543,#4551,#4558,#4559));
#4543 = ORIENTED_EDGE('',*,*,#4544,.T.);
#4544 = EDGE_CURVE('',#3773,#4545,#4547,.T.);
#4545 = VERTEX_POINT('',#4546);
#4546 = CARTESIAN_POINT('',(74.118842600512,19.4,-39.80225673969));
#4547 = LINE('',#4548,#4549);
#4548 = CARTESIAN_POINT('',(74.164088800222,19.4,-40.19968947791));
#4549 = VECTOR('',#4550,1.);
#4550 = DIRECTION('',(-0.113115499275,0.,0.993581845559));
#4551 = ORIENTED_EDGE('',*,*,#4552,.T.);
#4552 = EDGE_CURVE('',#4545,#4545,#4553,.T.);
#4553 = CIRCLE('',#4554,6.5);
#4554 = AXIS2_PLACEMENT_3D('',#4555,#4556,#4557);
#4555 = CARTESIAN_POINT('',(67.660560604381,19.4,-40.53750748497));
#4556 = DIRECTION('',(0.113115499275,-7.348105069674E-32,-0.993581845559
    ));
#4557 = DIRECTION('',(0.993581845559,0.,0.113115499275));
#4558 = ORIENTED_EDGE('',*,*,#4544,.F.);
#4559 = ORIENTED_EDGE('',*,*,#3772,.F.);
#4560 = CYLINDRICAL_SURFACE('',#4561,6.5);
#4561 = AXIS2_PLACEMENT_3D('',#4562,#4563,#4564);
#4562 = CARTESIAN_POINT('',(67.705806804091,19.4,-40.9349402232));
#4563 = DIRECTION('',(0.113115499275,0.,-0.993581845559));
#4564 = DIRECTION('',(0.993581845559,0.,0.113115499275));
#4565 = ADVANCED_FACE('',(#4566),#4585,.F.);
#4566 = FACE_BOUND('',#4567,.F.);
#4567 = EDGE_LOOP('',(#4568,#4576,#4583,#4584));
#4568 = ORIENTED_EDGE('',*,*,#4569,.T.);
#4569 = EDGE_CURVE('',#3784,#4570,#4572,.T.);
#4570 = VERTEX_POINT('',#4571);
#4571 = CARTESIAN_POINT('',(-54.99195183514,19.4,-54.50102769615));
#4572 = LINE('',#4573,#4574);
#4573 = CARTESIAN_POINT('',(-54.94670563543,19.4,-54.89846043438));
#4574 = VECTOR('',#4575,1.);
#4575 = DIRECTION('',(-0.113115499275,0.,0.993581845559));
#4576 = ORIENTED_EDGE('',*,*,#4577,.T.);
#4577 = EDGE_CURVE('',#4570,#4570,#4578,.T.);
#4578 = CIRCLE('',#4579,6.5);
#4579 = AXIS2_PLACEMENT_3D('',#4580,#4581,#4582);
#4580 = CARTESIAN_POINT('',(-61.45023383127,19.4,-55.23627844144));
#4581 = DIRECTION('',(0.113115499275,-7.348105069674E-32,-0.993581845559
    ));
#4582 = DIRECTION('',(0.993581845559,0.,0.113115499275));
#4583 = ORIENTED_EDGE('',*,*,#4569,.F.);
#4584 = ORIENTED_EDGE('',*,*,#3783,.F.);
#4585 = CYLINDRICAL_SURFACE('',#4586,6.5);
#4586 = AXIS2_PLACEMENT_3D('',#4587,#4588,#4589);
#4587 = CARTESIAN_POINT('',(-61.40498763156,19.4,-55.63371117966));
#4588 = DIRECTION('',(0.113115499275,0.,-0.993581845559));
#4589 = DIRECTION('',(0.993581845559,0.,0.113115499275));
#4590 = ADVANCED_FACE('',(#4591),#4616,.T.);
#4591 = FACE_BOUND('',#4592,.T.);
#4592 = EDGE_LOOP('',(#4593,#4601,#4609,#4615));
#4593 = ORIENTED_EDGE('',*,*,#4594,.F.);
#4594 = EDGE_CURVE('',#4595,#3860,#4597,.T.);
#4595 = VERTEX_POINT('',#4596);
#4596 = CARTESIAN_POINT('',(-68.99815217304,-3.2,-48.34584110214));
#4597 = LINE('',#4598,#4599);
#4598 = CARTESIAN_POINT('',(-68.99815217304,-3.2,-48.34584110214));
#4599 = VECTOR('',#4600,1.);
#4600 = DIRECTION('',(-0.631691456938,-1.721333978398E-16,
    -0.775219906369));
#4601 = ORIENTED_EDGE('',*,*,#4602,.T.);
#4602 = EDGE_CURVE('',#4595,#4603,#4605,.T.);
#4603 = VERTEX_POINT('',#4604);
#4604 = CARTESIAN_POINT('',(-68.99815217304,3.200000000005,
    -48.34584110214));
#4605 = LINE('',#4606,#4607);
#4606 = CARTESIAN_POINT('',(-68.99815217304,-3.2,-48.34584110214));
#4607 = VECTOR('',#4608,1.);
#4608 = DIRECTION('',(0.,1.,-2.22044604925E-16));
#4609 = ORIENTED_EDGE('',*,*,#4610,.T.);
#4610 = EDGE_CURVE('',#4603,#3862,#4611,.T.);
#4611 = LINE('',#4612,#4613);
#4612 = CARTESIAN_POINT('',(-68.99815217304,3.200000000005,
    -48.34584110214));
#4613 = VECTOR('',#4614,1.);
#4614 = DIRECTION('',(-0.631691456938,-1.721333978398E-16,
    -0.775219906369));
#4615 = ORIENTED_EDGE('',*,*,#3859,.F.);
#4616 = PLANE('',#4617);
#4617 = AXIS2_PLACEMENT_3D('',#4618,#4619,#4620);
#4618 = CARTESIAN_POINT('',(-68.99815217304,-3.2,-48.34584110214));
#4619 = DIRECTION('',(-0.775219906369,1.402636799904E-16,0.631691456938)
  );
#4620 = DIRECTION('',(0.,1.,-2.22044604925E-16));
#4621 = ADVANCED_FACE('',(#4622),#4664,.F.);
#4622 = FACE_BOUND('',#4623,.F.);
#4623 = EDGE_LOOP('',(#4624,#4632,#4633,#4634));
#4624 = ORIENTED_EDGE('',*,*,#4625,.T.);
#4625 = EDGE_CURVE('',#4626,#3913,#4628,.T.);
#4626 = VERTEX_POINT('',#4627);
#4627 = CARTESIAN_POINT('',(-69.67769681983,-3.200000000001,
    -38.55990045573));
#4628 = LINE('',#4629,#4630);
#4629 = CARTESIAN_POINT('',(-69.67769681983,-3.200000000001,
    -38.55990045573));
#4630 = VECTOR('',#4631,1.);
#4631 = DIRECTION('',(-0.762016161636,1.437867613118E-16,0.647558004665)
  );
#4632 = ORIENTED_EDGE('',*,*,#3920,.T.);
#4633 = ORIENTED_EDGE('',*,*,#4594,.F.);
#4634 = ORIENTED_EDGE('',*,*,#4635,.F.);
#4635 = EDGE_CURVE('',#4626,#4595,#4636,.T.);
#4636 = B_SPLINE_CURVE_WITH_KNOTS('',6,(#4637,#4638,#4639,#4640,#4641,
    #4642,#4643,#4644,#4645,#4646,#4647,#4648,#4649,#4650,#4651,#4652,
    #4653,#4654,#4655,#4656,#4657,#4658,#4659,#4660,#4661,#4662,#4663),
  .UNSPECIFIED.,.F.,.F.,(7,5,5,5,5,7),(28.201621853454,32.190072231408,
    34.915323481246,37.363796196874,39.621394497408,43.603243703661),
  .UNSPECIFIED.);
#4637 = CARTESIAN_POINT('',(-69.67769681983,-3.200000000001,
    -38.55990045573));
#4638 = CARTESIAN_POINT('',(-69.67769681983,-3.778513351859,
    -38.55990045573));
#4639 = CARTESIAN_POINT('',(-69.67353968733,-4.356017944608,
    -38.64168206803));
#4640 = CARTESIAN_POINT('',(-69.66516609849,-4.926401135209,
    -38.80574741159));
#4641 = CARTESIAN_POINT('',(-69.6523276963,-5.481262827675,
    -39.05431994228));
#4642 = CARTESIAN_POINT('',(-69.63437765019,-6.008531948787,
    -39.39262068018));
#4643 = CARTESIAN_POINT('',(-69.59344614274,-6.820803121649,
    -40.12909817867));
#4644 = CARTESIAN_POINT('',(-69.57384742479,-7.1297798352,
    -40.47453811409));
#4645 = CARTESIAN_POINT('',(-69.55087156821,-7.41071217395,
    -40.86953274105));
#4646 = CARTESIAN_POINT('',(-69.52441028015,-7.650870838899,
    -41.31018052793));
#4647 = CARTESIAN_POINT('',(-69.4941208981,-7.839704474547,
    -41.79583751464));
#4648 = CARTESIAN_POINT('',(-69.43009321197,-8.07674426305,
    -42.78208499565));
#4649 = CARTESIAN_POINT('',(-69.39703915672,-8.1372196868,
    -43.27589091146));
#4650 = CARTESIAN_POINT('',(-69.36216056756,-8.135635156638,
    -43.77875659187));
#4651 = CARTESIAN_POINT('',(-69.32661466338,-8.071058465655,
    -44.27354437208));
#4652 = CARTESIAN_POINT('',(-69.29167327504,-7.950327228115,
    -44.74483754794));
#4653 = CARTESIAN_POINT('',(-69.22812145547,-7.635242299245,
    -45.58084654005));
#4654 = CARTESIAN_POINT('',(-69.19921004241,-7.447468846924,
    -45.95122300622));
#4655 = CARTESIAN_POINT('',(-69.17214331386,-7.229568423741,
    -46.29015563806));
#4656 = CARTESIAN_POINT('',(-69.14721826773,-6.988140543081,
    -46.59644084483));
#4657 = CARTESIAN_POINT('',(-69.12464116482,-6.728971743863,
    -46.86969224889));
#4658 = CARTESIAN_POINT('',(-69.06872383827,-5.974867974617,
    -47.53824312247));
#4659 = CARTESIAN_POINT('',(-69.04032917585,-5.450811825908,
    -47.8674501507));
#4660 = CARTESIAN_POINT('',(-69.01918783309,-4.901921111651,
    -48.10820916961));
#4661 = CARTESIAN_POINT('',(-69.00516760882,-4.339345367002,
    -48.26663357433));
#4662 = CARTESIAN_POINT('',(-68.99815217304,-3.770140787823,
    -48.34584110214));
#4663 = CARTESIAN_POINT('',(-68.99815217304,-3.2,-48.34584110214));
#4664 = B_SPLINE_SURFACE_WITH_KNOTS('',1,6,(
    (#4665,#4666,#4667,#4668,#4669,#4670,#4671,#4672,#4673,#4674,#4675
      ,#4676,#4677,#4678,#4679,#4680,#4681,#4682,#4683,#4684,#4685,#4686
      ,#4687,#4688,#4689,#4690,#4691)
    ,(#4692,#4693,#4694,#4695,#4696,#4697,#4698,#4699,#4700,#4701,#4702
      ,#4703,#4704,#4705,#4706,#4707,#4708,#4709,#4710,#4711,#4712,#4713
      ,#4714,#4715,#4716,#4717,#4718
    )),.UNSPECIFIED.,.F.,.F.,.F.,(2,2),(7,5,5,5,5,7),(0.,15.401621850208
    ),(28.201621853454,32.190072231408,34.915323481246,37.363796196874,
    39.621394497408,43.603243703661),.UNSPECIFIED.);
#4665 = CARTESIAN_POINT('',(-69.67769681983,-3.200000000001,
    -38.55990045573));
#4666 = CARTESIAN_POINT('',(-69.67769681983,-3.778513351859,
    -38.55990045573));
#4667 = CARTESIAN_POINT('',(-69.67353968733,-4.356017944608,
    -38.64168206803));
#4668 = CARTESIAN_POINT('',(-69.66516609849,-4.926401135209,
    -38.80574741159));
#4669 = CARTESIAN_POINT('',(-69.6523276963,-5.481262827675,
    -39.05431994228));
#4670 = CARTESIAN_POINT('',(-69.63437765019,-6.008531948787,
    -39.39262068018));
#4671 = CARTESIAN_POINT('',(-69.59344614274,-6.820803121649,
    -40.12909817867));
#4672 = CARTESIAN_POINT('',(-69.57384742479,-7.1297798352,
    -40.47453811409));
#4673 = CARTESIAN_POINT('',(-69.55087156821,-7.41071217395,
    -40.86953274105));
#4674 = CARTESIAN_POINT('',(-69.52441028015,-7.650870838899,
    -41.31018052793));
#4675 = CARTESIAN_POINT('',(-69.4941208981,-7.839704474547,
    -41.79583751464));
#4676 = CARTESIAN_POINT('',(-69.43009321197,-8.07674426305,
    -42.78208499565));
#4677 = CARTESIAN_POINT('',(-69.39703915672,-8.1372196868,
    -43.27589091146));
#4678 = CARTESIAN_POINT('',(-69.36216056756,-8.135635156638,
    -43.77875659187));
#4679 = CARTESIAN_POINT('',(-69.32661466338,-8.071058465655,
    -44.27354437208));
#4680 = CARTESIAN_POINT('',(-69.29167327504,-7.950327228115,
    -44.74483754794));
#4681 = CARTESIAN_POINT('',(-69.22812145547,-7.635242299245,
    -45.58084654005));
#4682 = CARTESIAN_POINT('',(-69.19921004241,-7.447468846924,
    -45.95122300622));
#4683 = CARTESIAN_POINT('',(-69.17214331386,-7.229568423741,
    -46.29015563806));
#4684 = CARTESIAN_POINT('',(-69.14721826773,-6.988140543081,
    -46.59644084483));
#4685 = CARTESIAN_POINT('',(-69.12464116482,-6.728971743863,
    -46.86969224889));
#4686 = CARTESIAN_POINT('',(-69.06872383827,-5.974867974617,
    -47.53824312247));
#4687 = CARTESIAN_POINT('',(-69.04032917585,-5.450811825908,
    -47.8674501507));
#4688 = CARTESIAN_POINT('',(-69.01918783309,-4.901921111651,
    -48.10820916961));
#4689 = CARTESIAN_POINT('',(-69.00516760882,-4.339345367002,
    -48.26663357433));
#4690 = CARTESIAN_POINT('',(-68.99815217304,-3.770140787823,
    -48.34584110214));
#4691 = CARTESIAN_POINT('',(-68.99815217304,-3.2,-48.34584110214));
#4692 = CARTESIAN_POINT('',(-70.51149682688,-3.200000000001,
    -37.85134085288));
#4693 = CARTESIAN_POINT('',(-70.51149682688,-3.866278379208,
    -37.85134085288));
#4694 = CARTESIAN_POINT('',(-70.50709265489,-4.531502773367,
    -37.94481697194));
#4695 = CARTESIAN_POINT('',(-70.49827631545,-5.188764418586,
    -38.13145836875));
#4696 = CARTESIAN_POINT('',(-70.48465822443,-5.829656308287,
    -38.41504651588));
#4697 = CARTESIAN_POINT('',(-70.46534235755,-6.441077071552,
    -38.8028665884));
#4698 = CARTESIAN_POINT('',(-70.4206663404,-7.385329300701,
    -39.64830066013));
#4699 = CARTESIAN_POINT('',(-70.39908930221,-7.746459323987,
    -40.04617715356));
#4700 = CARTESIAN_POINT('',(-70.37361363832,-8.0750781841,
    -40.50107389425));
#4701 = CARTESIAN_POINT('',(-70.34390247242,-8.358005072827,
    -41.01120372273));
#4702 = CARTESIAN_POINT('',(-70.3096078835,-8.582004676299,
    -41.57317206775));
#4703 = CARTESIAN_POINT('',(-70.23613698269,-8.866936496531,
    -42.71978254334));
#4704 = CARTESIAN_POINT('',(-70.1979522825,-8.941607895228,
    -43.29422625627));
#4705 = CARTESIAN_POINT('',(-70.15726604165,-8.944293562073,
    -43.88094128677));
#4706 = CARTESIAN_POINT('',(-70.11544797781,-8.873096115441,
    -44.45955171011));
#4707 = CARTESIAN_POINT('',(-70.07409163117,-8.73530395422,
    -45.01112125334));
#4708 = CARTESIAN_POINT('',(-69.99853568382,-8.372725350398,
    -45.99003792909));
#4709 = CARTESIAN_POINT('',(-69.96397099781,-8.155344641987,
    -46.4244032812));
#4710 = CARTESIAN_POINT('',(-69.93151403937,-7.902497810819,
    -46.82178013247));
#4711 = CARTESIAN_POINT('',(-69.90154137185,-7.621712980737,
    -47.18093933369));
#4712 = CARTESIAN_POINT('',(-69.8743100329,-7.319647007941,
    -47.50168743497));
#4713 = CARTESIAN_POINT('',(-69.80681388615,-6.440820916897,
    -48.2857550625));
#4714 = CARTESIAN_POINT('',(-69.77235822762,-5.828821815203,
    -48.6723218076));
#4715 = CARTESIAN_POINT('',(-69.7466923946,-5.187835012984,
    -48.9545858889));
#4716 = CARTESIAN_POINT('',(-69.72967705978,-4.530895631284,
    -49.1401017076));
#4717 = CARTESIAN_POINT('',(-69.72113724629,-3.865966709371,
    -49.23309771238));
#4718 = CARTESIAN_POINT('',(-69.72113724629,-3.2,-49.23309771238));
#4719 = ADVANCED_FACE('',(#4720),#4772,.F.);
#4720 = FACE_BOUND('',#4721,.F.);
#4721 = EDGE_LOOP('',(#4722,#4723,#4724,#4731));
#4722 = ORIENTED_EDGE('',*,*,#4610,.T.);
#4723 = ORIENTED_EDGE('',*,*,#3869,.T.);
#4724 = ORIENTED_EDGE('',*,*,#4725,.F.);
#4725 = EDGE_CURVE('',#4726,#3870,#4728,.T.);
#4726 = VERTEX_POINT('',#4727);
#4727 = CARTESIAN_POINT('',(-69.67769681983,3.2,-38.55990045573));
#4728 = B_SPLINE_CURVE_WITH_KNOTS('',1,(#4729,#4730),.UNSPECIFIED.,.F.,
  .F.,(2,2),(0.,15.401621853444),.PIECEWISE_BEZIER_KNOTS.);
#4729 = CARTESIAN_POINT('',(-69.67769681983,3.2,-38.55990045573));
#4730 = CARTESIAN_POINT('',(-70.51149682688,3.2,-37.85134085288));
#4731 = ORIENTED_EDGE('',*,*,#4732,.F.);
#4732 = EDGE_CURVE('',#4603,#4726,#4733,.T.);
#4733 = B_SPLINE_CURVE_WITH_KNOTS('',13,(#4734,#4735,#4736,#4737,#4738,
    #4739,#4740,#4741,#4742,#4743,#4744,#4745,#4746,#4747,#4748,#4749,
    #4750,#4751,#4752,#4753,#4754,#4755,#4756,#4757,#4758,#4759,#4760,
    #4761,#4762,#4763,#4764,#4765,#4766,#4767,#4768,#4769,#4770,#4771),
  .UNSPECIFIED.,.F.,.F.,(14,12,12,14),(6.400000000008,12.570730502102,
    16.513545517956,21.801621853453),.UNSPECIFIED.);
#4734 = CARTESIAN_POINT('',(-68.99815217304,3.200000000005,
    -48.34584110214));
#4735 = CARTESIAN_POINT('',(-68.99815217304,3.610515590834,
    -48.34584110215));
#4736 = CARTESIAN_POINT('',(-69.00146241511,4.021063397303,
    -48.30843539383));
#4737 = CARTESIAN_POINT('',(-69.00782917907,4.426986665421,
    -48.23667219193));
#4738 = CARTESIAN_POINT('',(-69.01856333428,4.84307264117,
    -48.11473255006));
#4739 = CARTESIAN_POINT('',(-69.029361556,5.208658143976,-47.99245860872
    ));
#4740 = CARTESIAN_POINT('',(-69.05030773698,5.667023082937,
    -47.75284402799));
#4741 = CARTESIAN_POINT('',(-69.06478477491,5.954496335235,
    -47.58317857558));
#4742 = CARTESIAN_POINT('',(-69.09222651555,6.400976098022,
    -47.26554094873));
#4743 = CARTESIAN_POINT('',(-69.11729369818,6.708576570419,
    -46.96473612127));
#4744 = CARTESIAN_POINT('',(-69.1483475445,7.047649864308,
    -46.58982385698));
#4745 = CARTESIAN_POINT('',(-69.18172073774,7.334822462367,
    -46.17549518782));
#4746 = CARTESIAN_POINT('',(-69.21821426081,7.583358986782,
    -45.71055627956));
#4747 = CARTESIAN_POINT('',(-69.28155041207,7.901804817666,
    -44.87837322549));
#4748 = CARTESIAN_POINT('',(-69.30713095493,8.003802349677,
    -44.53632532176));
#4749 = CARTESIAN_POINT('',(-69.333217988,8.080254740263,-44.18078713566
    ));
#4750 = CARTESIAN_POINT('',(-69.35944616167,8.128461270721,
    -43.81580533455));
#4751 = CARTESIAN_POINT('',(-69.3854686949,8.146596487956,
    -43.44550304464));
#4752 = CARTESIAN_POINT('',(-69.41096075375,8.133825400967,
    -43.07415253725));
#4753 = CARTESIAN_POINT('',(-69.43562444102,8.090352902567,
    -42.70616379754));
#4754 = CARTESIAN_POINT('',(-69.45919538776,8.017407417854,
    -42.34598899221));
#4755 = CARTESIAN_POINT('',(-69.48145095984,7.917158777527,
    -41.99794281492));
#4756 = CARTESIAN_POINT('',(-69.5022200639,7.792570318097,-41.6659387327
    ));
#4757 = CARTESIAN_POINT('',(-69.52139456829,7.647185207102,
    -41.35314111155));
#4758 = CARTESIAN_POINT('',(-69.53894232596,7.484846994818,
    -41.06153323875));
#4759 = CARTESIAN_POINT('',(-69.57635338002,7.073984920894,
    -40.4291020405));
#4760 = CARTESIAN_POINT('',(-69.59495638533,6.814615616838,
    -40.10537132943));
#4761 = CARTESIAN_POINT('',(-69.61120909733,6.534975057624,
    -39.81560074496));
#4762 = CARTESIAN_POINT('',(-69.62537156762,6.238309321253,
    -39.55779651498));
#4763 = CARTESIAN_POINT('',(-69.6375983696,5.927580910591,
    -39.33111817084));
#4764 = CARTESIAN_POINT('',(-69.64800569229,5.605532038913,
    -39.13501292727));
#4765 = CARTESIAN_POINT('',(-69.65670280654,5.274657605023,
    -38.96881581208));
#4766 = CARTESIAN_POINT('',(-69.66379807185,4.937133199561,
    -38.83168573612));
#4767 = CARTESIAN_POINT('',(-69.66938945514,4.594743467393,
    -38.72274756468));
#4768 = CARTESIAN_POINT('',(-69.67354975801,4.24885617019,
    -38.64131039846));
#4769 = CARTESIAN_POINT('',(-69.67631652874,3.900487274396,
    -38.58703212939));
#4770 = CARTESIAN_POINT('',(-69.67769681985,3.550502405755,
    -38.55990045574));
#4771 = CARTESIAN_POINT('',(-69.67769681983,3.2,-38.55990045573));
#4772 = B_SPLINE_SURFACE_WITH_KNOTS('',1,13,(
    (#4773,#4774,#4775,#4776,#4777,#4778,#4779,#4780,#4781,#4782,#4783
      ,#4784,#4785,#4786,#4787,#4788,#4789,#4790,#4791,#4792,#4793,#4794
      ,#4795,#4796,#4797,#4798,#4799,#4800,#4801,#4802,#4803,#4804,#4805
      ,#4806,#4807,#4808,#4809,#4810)
    ,(#4811,#4812,#4813,#4814,#4815,#4816,#4817,#4818,#4819,#4820,#4821
      ,#4822,#4823,#4824,#4825,#4826,#4827,#4828,#4829,#4830,#4831,#4832
      ,#4833,#4834,#4835,#4836,#4837,#4838,#4839,#4840,#4841,#4842,#4843
      ,#4844,#4845,#4846,#4847,#4848
    )),.UNSPECIFIED.,.F.,.F.,.F.,(2,2),(14,12,12,14),(0.,15.401621853444
    ),(6.400000000008,12.570730502102,16.513545517956,21.801621853453),
  .UNSPECIFIED.);
#4773 = CARTESIAN_POINT('',(-68.99815217304,3.200000000005,
    -48.34584110214));
#4774 = CARTESIAN_POINT('',(-68.99815217304,3.610515590834,
    -48.34584110215));
#4775 = CARTESIAN_POINT('',(-69.00146241511,4.021063397303,
    -48.30843539383));
#4776 = CARTESIAN_POINT('',(-69.00782917907,4.426986665421,
    -48.23667219193));
#4777 = CARTESIAN_POINT('',(-69.01856333428,4.84307264117,
    -48.11473255006));
#4778 = CARTESIAN_POINT('',(-69.029361556,5.208658143976,-47.99245860872
    ));
#4779 = CARTESIAN_POINT('',(-69.05030773698,5.667023082937,
    -47.75284402799));
#4780 = CARTESIAN_POINT('',(-69.06478477491,5.954496335235,
    -47.58317857558));
#4781 = CARTESIAN_POINT('',(-69.09222651555,6.400976098022,
    -47.26554094873));
#4782 = CARTESIAN_POINT('',(-69.11729369818,6.708576570419,
    -46.96473612127));
#4783 = CARTESIAN_POINT('',(-69.1483475445,7.047649864308,
    -46.58982385698));
#4784 = CARTESIAN_POINT('',(-69.18172073774,7.334822462367,
    -46.17549518782));
#4785 = CARTESIAN_POINT('',(-69.21821426081,7.583358986782,
    -45.71055627956));
#4786 = CARTESIAN_POINT('',(-69.28155041207,7.901804817666,
    -44.87837322549));
#4787 = CARTESIAN_POINT('',(-69.30713095493,8.003802349677,
    -44.53632532176));
#4788 = CARTESIAN_POINT('',(-69.333217988,8.080254740263,-44.18078713566
    ));
#4789 = CARTESIAN_POINT('',(-69.35944616167,8.128461270721,
    -43.81580533455));
#4790 = CARTESIAN_POINT('',(-69.3854686949,8.146596487956,
    -43.44550304464));
#4791 = CARTESIAN_POINT('',(-69.41096075375,8.133825400967,
    -43.07415253725));
#4792 = CARTESIAN_POINT('',(-69.43562444102,8.090352902567,
    -42.70616379754));
#4793 = CARTESIAN_POINT('',(-69.45919538776,8.017407417854,
    -42.34598899221));
#4794 = CARTESIAN_POINT('',(-69.48145095984,7.917158777527,
    -41.99794281492));
#4795 = CARTESIAN_POINT('',(-69.5022200639,7.792570318097,-41.6659387327
    ));
#4796 = CARTESIAN_POINT('',(-69.52139456829,7.647185207102,
    -41.35314111155));
#4797 = CARTESIAN_POINT('',(-69.53894232596,7.484846994818,
    -41.06153323875));
#4798 = CARTESIAN_POINT('',(-69.57635338002,7.073984920894,
    -40.4291020405));
#4799 = CARTESIAN_POINT('',(-69.59495638533,6.814615616838,
    -40.10537132943));
#4800 = CARTESIAN_POINT('',(-69.61120909733,6.534975057624,
    -39.81560074496));
#4801 = CARTESIAN_POINT('',(-69.62537156762,6.238309321253,
    -39.55779651498));
#4802 = CARTESIAN_POINT('',(-69.6375983696,5.927580910591,
    -39.33111817084));
#4803 = CARTESIAN_POINT('',(-69.64800569229,5.605532038913,
    -39.13501292727));
#4804 = CARTESIAN_POINT('',(-69.65670280654,5.274657605023,
    -38.96881581208));
#4805 = CARTESIAN_POINT('',(-69.66379807185,4.937133199561,
    -38.83168573612));
#4806 = CARTESIAN_POINT('',(-69.66938945514,4.594743467393,
    -38.72274756468));
#4807 = CARTESIAN_POINT('',(-69.67354975801,4.24885617019,
    -38.64131039846));
#4808 = CARTESIAN_POINT('',(-69.67631652874,3.900487274396,
    -38.58703212939));
#4809 = CARTESIAN_POINT('',(-69.67769681985,3.550502405755,
    -38.55990045574));
#4810 = CARTESIAN_POINT('',(-69.67769681983,3.2,-38.55990045573));
#4811 = CARTESIAN_POINT('',(-69.72113724629,3.200000000006,
    -49.23309771238));
#4812 = CARTESIAN_POINT('',(-69.72113724629,3.679511646246,
    -49.23309771238));
#4813 = CARTESIAN_POINT('',(-69.72518033288,4.159341104226,
    -49.18902349138));
#4814 = CARTESIAN_POINT('',(-69.73276664043,4.631181228963,
    -49.10656365193));
#4815 = CARTESIAN_POINT('',(-69.74637295577,5.126460691071,
    -48.95723871468));
#4816 = CARTESIAN_POINT('',(-69.75821410328,5.529828612936,
    -48.82856876499));
#4817 = CARTESIAN_POINT('',(-69.78552302004,6.105179333737,
    -48.52496896365));
#4818 = CARTESIAN_POINT('',(-69.8011841374,6.393629910306,
    -48.34960945443));
#4819 = CARTESIAN_POINT('',(-69.83571068914,6.953423293058,
    -47.95979278717));
#4820 = CARTESIAN_POINT('',(-69.86541176025,7.289517943259,
    -47.61531642296));
#4821 = CARTESIAN_POINT('',(-69.90298805401,7.693601521397,
    -47.17303776959));
#4822 = CARTESIAN_POINT('',(-69.94314580586,8.024757987901,
    -46.68654660405));
#4823 = CARTESIAN_POINT('',(-69.98671284456,8.312784243718,
    -46.14238278154));
#4824 = CARTESIAN_POINT('',(-70.06208390273,8.679613134284,
    -45.16719821016));
#4825 = CARTESIAN_POINT('',(-70.09240255676,8.796438334714,
    -44.76696365926));
#4826 = CARTESIAN_POINT('',(-70.12320433787,8.882925300125,
    -44.35116710626));
#4827 = CARTESIAN_POINT('',(-70.15404156743,8.936057578287,
    -43.92457917709));
#4828 = CARTESIAN_POINT('',(-70.18448643734,8.953959664894,
    -43.49220730368));
#4829 = CARTESIAN_POINT('',(-70.21414463099,8.935885767577,
    -43.0592196199));
#4830 = CARTESIAN_POINT('',(-70.24266676184,8.882193337757,
    -42.63083448337));
#4831 = CARTESIAN_POINT('',(-70.2697576382,8.794301371041,
    -42.21217562271));
#4832 = CARTESIAN_POINT('',(-70.2951833454,8.674633475252,
    -41.80809291071));
#4833 = CARTESIAN_POINT('',(-70.3187761528,8.526545707129,
    -41.42294876287));
#4834 = CARTESIAN_POINT('',(-70.34043724032,8.354239176661,
    -41.06037016191));
#4835 = CARTESIAN_POINT('',(-70.36013724784,8.162657419954,
    -40.72296630773));
#4836 = CARTESIAN_POINT('',(-70.40175756869,7.682036508438,
    -39.99496197448));
#4837 = CARTESIAN_POINT('',(-70.42241961185,7.378960022504,
    -39.62066494947));
#4838 = CARTESIAN_POINT('',(-70.44028691631,7.052577901451,
    -39.28669099246));
#4839 = CARTESIAN_POINT('',(-70.45567359806,6.707112038211,
    -38.99097696599));
#4840 = CARTESIAN_POINT('',(-70.46883316652,6.346338490398,
    -38.73183118857));
#4841 = CARTESIAN_POINT('',(-70.47996950556,5.973486166206,
    -38.50788720212));
#4842 = CARTESIAN_POINT('',(-70.48924670708,5.591232371611,
    -38.31803004623));
#4843 = CARTESIAN_POINT('',(-70.49679718541,5.20176450005,
    -38.16131863356));
#4844 = CARTESIAN_POINT('',(-70.50272731706,4.806877125882,
    -38.03692770298));
#4845 = CARTESIAN_POINT('',(-70.50712005859,4.40807378577,
    -37.94413296224));
#4846 = CARTESIAN_POINT('',(-70.51003379352,4.00664270966,-37.8823628993
    ));
#4847 = CARTESIAN_POINT('',(-70.51149682689,3.603675781979,
    -37.85134085289));
#4848 = CARTESIAN_POINT('',(-70.51149682688,3.2,-37.85134085288));
#4849 = ADVANCED_FACE('',(#4850),#4861,.T.);
#4850 = FACE_BOUND('',#4851,.T.);
#4851 = EDGE_LOOP('',(#4852,#4853,#4859,#4860));
#4852 = ORIENTED_EDGE('',*,*,#4725,.F.);
#4853 = ORIENTED_EDGE('',*,*,#4854,.T.);
#4854 = EDGE_CURVE('',#4726,#4626,#4855,.T.);
#4855 = LINE('',#4856,#4857);
#4856 = CARTESIAN_POINT('',(-69.67769681983,3.2,-38.55990045573));
#4857 = VECTOR('',#4858,1.);
#4858 = DIRECTION('',(0.,-1.,2.22044604925E-16));
#4859 = ORIENTED_EDGE('',*,*,#4625,.T.);
#4860 = ORIENTED_EDGE('',*,*,#3912,.F.);
#4861 = PLANE('',#4862);
#4862 = AXIS2_PLACEMENT_3D('',#4863,#4864,#4865);
#4863 = CARTESIAN_POINT('',(-69.67769681983,3.2,-38.55990045573));
#4864 = DIRECTION('',(-0.647558004665,-1.69201577557E-16,-0.762016161636
    ));
#4865 = DIRECTION('',(0.,-1.,2.22044604925E-16));
#4866 = ADVANCED_FACE('',(#4867),#4878,.T.);
#4867 = FACE_BOUND('',#4868,.T.);
#4868 = EDGE_LOOP('',(#4869,#4870,#4871,#4877));
#4869 = ORIENTED_EDGE('',*,*,#4461,.T.);
#4870 = ORIENTED_EDGE('',*,*,#4434,.T.);
#4871 = ORIENTED_EDGE('',*,*,#4872,.F.);
#4872 = EDGE_CURVE('',#3961,#4078,#4873,.T.);
#4873 = ( BOUNDED_CURVE() B_SPLINE_CURVE(2,(#4874,#4875,#4876),
.UNSPECIFIED.,.F.,.F.) B_SPLINE_CURVE_WITH_KNOTS((3,3),(0.,
0.957562355999),.PIECEWISE_BEZIER_KNOTS.) CURVE() 
GEOMETRIC_REPRESENTATION_ITEM() RATIONAL_B_SPLINE_CURVE((1.,
0.706896360586,1.)) REPRESENTATION_ITEM('') );
#4874 = CARTESIAN_POINT('',(-69.25216224217,-23.06440951216,
    -53.87857235763));
#4875 = CARTESIAN_POINT('',(-69.16274688512,-28.00028097459,
    -54.69035796615));
#4876 = CARTESIAN_POINT('',(-64.19187471681,-28.00028090361,
    -54.12444358202));
#4877 = ORIENTED_EDGE('',*,*,#3960,.F.);
#4878 = ( BOUNDED_SURFACE() B_SPLINE_SURFACE(2,5,(
    (#4879,#4880,#4881,#4882,#4883,#4884)
    ,(#4885,#4886,#4887,#4888,#4889,#4890)
    ,(#4891,#4892,#4893,#4894,#4895,#4896
)),.UNSPECIFIED.,.F.,.F.,.F.) B_SPLINE_SURFACE_WITH_KNOTS((3,3),(6,6),(
    0.,0.957562355999),(0.886071875527,1.843634231526),
.PIECEWISE_BEZIER_KNOTS.) GEOMETRIC_REPRESENTATION_ITEM() 
RATIONAL_B_SPLINE_SURFACE((
    (1.,1.,1.,1.,1.,1.)
    ,(0.707106781187,0.707064511692,0.707022256676,0.706980016443
      ,0.706936730835,0.706896360586)
,(1.,1.,1.,1.,1.,1.))) REPRESENTATION_ITEM('') SURFACE() );
#4879 = CARTESIAN_POINT('',(-69.14741905722,-22.91171196471,
    -54.81384736249));
#4880 = CARTESIAN_POINT('',(-69.16871016788,-22.94224974976,
    -54.62683089558));
#4881 = CARTESIAN_POINT('',(-69.18982892027,-22.97278685492,
    -54.43979597634));
#4882 = CARTESIAN_POINT('',(-69.21078264645,-23.00332832963,
    -54.2527362076));
#4883 = CARTESIAN_POINT('',(-69.23178253173,-23.03419236908,
    -54.06359606658));
#4884 = CARTESIAN_POINT('',(-69.25216224217,-23.06440951216,
    -53.87857235763));
#4885 = CARTESIAN_POINT('',(-69.0550936799,-27.84464316696,
    -55.62481331652));
#4886 = CARTESIAN_POINT('',(-69.07696900443,-27.8757725753,
    -55.43795025358));
#4887 = CARTESIAN_POINT('',(-69.09867244816,-27.90690080964,
    -55.25107476383));
#4888 = CARTESIAN_POINT('',(-69.12020519044,-27.93802952231,
    -55.06417693082));
#4889 = CARTESIAN_POINT('',(-69.14156987701,-27.96915297561,
    -54.87729195688));
#4890 = CARTESIAN_POINT('',(-69.16274688512,-28.00028097459,
    -54.69035796615));
#4891 = CARTESIAN_POINT('',(-64.08718445211,-27.84464316696,
    -55.05923582015));
#4892 = CARTESIAN_POINT('',(-64.1084645247,-27.87577071444,
    -54.87231630924));
#4893 = CARTESIAN_POINT('',(-64.12949322138,-27.90678126612,
    -54.68607984039));
#4894 = CARTESIAN_POINT('',(-64.15046001491,-27.93794801204,
    -54.4988862282));
#4895 = CARTESIAN_POINT('',(-64.17149165226,-27.96947720821,
    -54.30949529147));
#4896 = CARTESIAN_POINT('',(-64.19187471681,-28.00028090361,
    -54.12444358202));
#4897 = ADVANCED_FACE('',(#4898),#4904,.T.);
#4898 = FACE_BOUND('',#4899,.T.);
#4899 = EDGE_LOOP('',(#4900,#4901,#4902,#4903));
#4900 = ORIENTED_EDGE('',*,*,#4872,.T.);
#4901 = ORIENTED_EDGE('',*,*,#4077,.T.);
#4902 = ORIENTED_EDGE('',*,*,#4301,.F.);
#4903 = ORIENTED_EDGE('',*,*,#3971,.F.);
#4904 = ( BOUNDED_SURFACE() B_SPLINE_SURFACE(2,5,(
    (#4905,#4906,#4907,#4908,#4909,#4910,#4911,#4912,#4913,#4914,#4915
      ,#4916,#4917,#4918)
    ,(#4919,#4920,#4921,#4922,#4923,#4924,#4925,#4926,#4927,#4928,#4929
      ,#4930,#4931,#4932)
    ,(#4933,#4934,#4935,#4936,#4937,#4938,#4939,#4940,#4941,#4942,#4943
      ,#4944,#4945,#4946
)),.UNSPECIFIED.,.F.,.F.,.F.) B_SPLINE_SURFACE_WITH_KNOTS((3,3),(6,4,4,6
    ),(0.,45.099113666704),(1.843634231526,21.609914160252,
    46.720889684087,46.94274789823),.UNSPECIFIED.) 
GEOMETRIC_REPRESENTATION_ITEM() RATIONAL_B_SPLINE_SURFACE((
    (1.,1.,1.,1.,1.,1.,1.,1.,1.,1.,1.,1.,1.,1.)
    ,(0.706896359652,0.706065125378,0.705461884078,0.705090892088
      ,0.704959589161,0.705204222978,0.705727010581,0.706636017025
      ,0.707915865989,0.70956022251,0.709574916265,0.709589808294
      ,0.709604803953,0.709619808597)
,(1.,1.,1.,1.,1.,1.,1.,1.,1.,1.,1.,1.,1.,1.
))) REPRESENTATION_ITEM('') SURFACE() );
#4905 = CARTESIAN_POINT('',(-69.25216224217,-23.06440951216,
    -53.87857235763));
#4906 = CARTESIAN_POINT('',(-69.66789184379,-23.68081614483,
    -50.10424007794));
#4907 = CARTESIAN_POINT('',(-70.01626970299,-24.21467590882,
    -46.30037471867));
#4908 = CARTESIAN_POINT('',(-70.29562914428,-24.66517796736,
    -42.46719182276));
#4909 = CARTESIAN_POINT('',(-70.5033849606,-25.03009580276,
    -38.61564919674));
#4910 = CARTESIAN_POINT('',(-70.81096059505,-25.66431356992,
    -29.84893493398));
#4911 = CARTESIAN_POINT('',(-70.86636972884,-25.88103535973,
    -24.92773632167));
#4912 = CARTESIAN_POINT('',(-70.80329713755,-25.95914266724,
    -20.00885586862));
#4913 = CARTESIAN_POINT('',(-70.6230563485,-25.90156221396,
    -15.10998473106));
#4914 = CARTESIAN_POINT('',(-70.32660778035,-25.71186416402,
    -10.20279549023));
#4915 = CARTESIAN_POINT('',(-70.32400378702,-25.71019530257,
    -10.15984035676));
#4916 = CARTESIAN_POINT('',(-70.32139168797,-25.70851801434,
    -10.11690035835));
#4917 = CARTESIAN_POINT('',(-70.31877115314,-25.70683140898,
    -10.07396990644));
#4918 = CARTESIAN_POINT('',(-70.31614185248,-25.70513459615,
    -10.03104341252));
#4919 = CARTESIAN_POINT('',(-69.16274688501,-28.00028098111,
    -54.69035796722));
#4920 = CARTESIAN_POINT('',(-69.60042843494,-28.64362794894,
    -50.8268489551));
#4921 = CARTESIAN_POINT('',(-69.96771649041,-29.19926350305,
    -46.93182561389));
#4922 = CARTESIAN_POINT('',(-70.26224234792,-29.66543631599,
    -43.01020458321));
#4923 = CARTESIAN_POINT('',(-70.48205888472,-30.04087352308,
    -39.06891252873));
#4924 = CARTESIAN_POINT('',(-70.80929294342,-30.6867028324,
    -30.09278436072));
#4925 = CARTESIAN_POINT('',(-70.8700108699,-30.90069560305,
    -25.05978818792));
#4926 = CARTESIAN_POINT('',(-70.80704495634,-30.96771290487,
    -20.0298003665));
#4927 = CARTESIAN_POINT('',(-70.62148939877,-30.89072694423,
    -15.01622231823));
#4928 = CARTESIAN_POINT('',(-70.31353644274,-30.67251931952,
    -9.98702012991));
#4929 = CARTESIAN_POINT('',(-70.31083637906,-30.67059998843,
    -9.943079103272));
#4930 = CARTESIAN_POINT('',(-70.30812698125,-30.66866859006,
    -9.899139611812));
#4931 = CARTESIAN_POINT('',(-70.30540820283,-30.66672577284,
    -9.855200958013));
#4932 = CARTESIAN_POINT('',(-70.30267999589,-30.66477218407,
    -9.811262420974));
#4933 = CARTESIAN_POINT('',(-64.19187471681,-28.00028090361,
    -54.12444358202));
#4934 = CARTESIAN_POINT('',(-64.60871914843,-28.63021870872,
    -50.34031042074));
#4935 = CARTESIAN_POINT('',(-64.96064541265,-29.17714037391,
    -46.51887228736));
#4936 = CARTESIAN_POINT('',(-65.24436857891,-29.63793868283,
    -42.67095452688));
#4937 = CARTESIAN_POINT('',(-65.45805308121,-30.01129280656,
    -38.80486290393));
#4938 = CARTESIAN_POINT('',(-65.78222032126,-30.65995521742,
    -30.00553202791));
#4939 = CARTESIAN_POINT('',(-65.84919679711,-30.88147999803,
    -25.0663878937));
#4940 = CARTESIAN_POINT('',(-65.79989101281,-30.96101288272,
    -20.12994205333));
#4941 = CARTESIAN_POINT('',(-65.63577751829,-30.90181393702,
    -15.21488640466));
#4942 = CARTESIAN_POINT('',(-65.35748269563,-30.70714217591,
    -10.28895008666));
#4943 = CARTESIAN_POINT('',(-65.3550113424,-30.70540786768,
    -10.24533667266));
#4944 = CARTESIAN_POINT('',(-65.35251488925,-30.70365073767,
    -10.20142022263));
#4945 = CARTESIAN_POINT('',(-65.35000235755,-30.70187738883,
    -10.1573710756));
#4946 = CARTESIAN_POINT('',(-65.34748276864,-30.70009442415,
    -10.11335957057));
#4947 = ADVANCED_FACE('',(#4948),#4973,.F.);
#4948 = FACE_BOUND('',#4949,.T.);
#4949 = EDGE_LOOP('',(#4950,#4958,#4959,#4967));
#4950 = ORIENTED_EDGE('',*,*,#4951,.F.);
#4951 = EDGE_CURVE('',#4220,#4952,#4954,.T.);
#4952 = VERTEX_POINT('',#4953);
#4953 = CARTESIAN_POINT('',(-66.93052584462,-6.4,-45.99688455178));
#4954 = LINE('',#4955,#4956);
#4955 = CARTESIAN_POINT('',(-66.48784690669,-6.4,-46.34907109029));
#4956 = VECTOR('',#4957,1.);
#4957 = DIRECTION('',(-0.782553197253,1.907759844744E-16,0.622583724064)
  );
#4958 = ORIENTED_EDGE('',*,*,#4219,.T.);
#4959 = ORIENTED_EDGE('',*,*,#4960,.T.);
#4960 = EDGE_CURVE('',#4222,#4961,#4963,.T.);
#4961 = VERTEX_POINT('',#4962);
#4962 = CARTESIAN_POINT('',(-66.93052584462,6.400000000006,
    -45.99688455178));
#4963 = LINE('',#4964,#4965);
#4964 = CARTESIAN_POINT('',(-66.48784690669,6.400000000006,
    -46.34907109029));
#4965 = VECTOR('',#4966,1.);
#4966 = DIRECTION('',(-0.782553197253,1.907759844744E-16,0.622583724064)
  );
#4967 = ORIENTED_EDGE('',*,*,#4968,.F.);
#4968 = EDGE_CURVE('',#4952,#4961,#4969,.T.);
#4969 = LINE('',#4970,#4971);
#4970 = CARTESIAN_POINT('',(-66.93052584462,-6.4,-45.99688455178));
#4971 = VECTOR('',#4972,1.);
#4972 = DIRECTION('',(2.680663794855E-16,1.,3.051833373352E-17));
#4973 = PLANE('',#4974);
#4974 = AXIS2_PLACEMENT_3D('',#4975,#4976,#4977);
#4975 = CARTESIAN_POINT('',(-66.48784690669,-6.4,-46.34907109029));
#4976 = DIRECTION('',(-0.622583724064,1.807448771355E-16,-0.782553197253
    ));
#4977 = DIRECTION('',(-2.61821175322E-16,-1.,-2.266845861346E-17));
#4978 = ADVANCED_FACE('',(#4979),#4998,.F.);
#4979 = FACE_BOUND('',#4980,.T.);
#4980 = EDGE_LOOP('',(#4981,#4989,#4990,#4991));
#4981 = ORIENTED_EDGE('',*,*,#4982,.F.);
#4982 = EDGE_CURVE('',#4230,#4983,#4985,.T.);
#4983 = VERTEX_POINT('',#4984);
#4984 = CARTESIAN_POINT('',(-66.99839514419,-7.,-45.40073544444));
#4985 = LINE('',#4986,#4987);
#4986 = CARTESIAN_POINT('',(-66.60096240596,-7.4,-45.35548924473));
#4987 = VECTOR('',#4988,1.);
#4988 = DIRECTION('',(-0.702568460658,0.707106781187,-7.99847365946E-02)
  );
#4989 = ORIENTED_EDGE('',*,*,#4229,.T.);
#4990 = ORIENTED_EDGE('',*,*,#4951,.T.);
#4991 = ORIENTED_EDGE('',*,*,#4992,.F.);
#4992 = EDGE_CURVE('',#4983,#4952,#4993,.T.);
#4993 = CIRCLE('',#4994,0.6);
#4994 = AXIS2_PLACEMENT_3D('',#4995,#4996,#4997);
#4995 = CARTESIAN_POINT('',(-66.99839514419,-6.4,-45.40073544444));
#4996 = DIRECTION('',(0.993581845559,-2.697979846188E-16,0.113115499275)
  );
#4997 = DIRECTION('',(1.390897456516E-15,-1.,-1.460249441531E-14));
#4998 = CONICAL_SURFACE('',#4999,0.6,0.785398163397);
#4999 = AXIS2_PLACEMENT_3D('',#5000,#5001,#5002);
#5000 = CARTESIAN_POINT('',(-66.99839514419,-6.4,-45.40073544444));
#5001 = DIRECTION('',(0.993581845559,-2.697979846188E-16,0.113115499275)
  );
#5002 = DIRECTION('',(1.390897456516E-15,-1.,-1.460249441531E-14));
#5003 = ADVANCED_FACE('',(#5004),#5023,.F.);
#5004 = FACE_BOUND('',#5005,.T.);
#5005 = EDGE_LOOP('',(#5006,#5007,#5008,#5016));
#5006 = ORIENTED_EDGE('',*,*,#4960,.F.);
#5007 = ORIENTED_EDGE('',*,*,#4280,.T.);
#5008 = ORIENTED_EDGE('',*,*,#5009,.T.);
#5009 = EDGE_CURVE('',#4273,#5010,#5012,.T.);
#5010 = VERTEX_POINT('',#5011);
#5011 = CARTESIAN_POINT('',(-66.99839514419,7.000000000006,
    -45.40073544444));
#5012 = LINE('',#5013,#5014);
#5013 = CARTESIAN_POINT('',(-66.99839514419,7.000000000006,
    -45.40073544444));
#5014 = VECTOR('',#5015,1.);
#5015 = DIRECTION('',(-0.702568460658,-0.707106781187,-7.99847365946E-02
    ));
#5016 = ORIENTED_EDGE('',*,*,#5017,.F.);
#5017 = EDGE_CURVE('',#4961,#5010,#5018,.T.);
#5018 = CIRCLE('',#5019,0.6);
#5019 = AXIS2_PLACEMENT_3D('',#5020,#5021,#5022);
#5020 = CARTESIAN_POINT('',(-66.99839514419,6.400000000006,
    -45.40073544444));
#5021 = DIRECTION('',(0.993581845559,-2.697979846188E-16,0.113115499275)
  );
#5022 = DIRECTION('',(0.113115499275,-1.259677877809E-15,-0.993581845559
    ));
#5023 = CONICAL_SURFACE('',#5024,0.6,0.785398163397);
#5024 = AXIS2_PLACEMENT_3D('',#5025,#5026,#5027);
#5025 = CARTESIAN_POINT('',(-66.99839514419,6.400000000006,
    -45.40073544444));
#5026 = DIRECTION('',(0.993581845559,-2.697979846188E-16,0.113115499275)
  );
#5027 = DIRECTION('',(0.113115499275,-1.259677877809E-15,-0.993581845559
    ));
#5028 = ADVANCED_FACE('',(#5029),#5047,.F.);
#5029 = FACE_BOUND('',#5030,.T.);
#5030 = EDGE_LOOP('',(#5031,#5039,#5040,#5041));
#5031 = ORIENTED_EDGE('',*,*,#5032,.F.);
#5032 = EDGE_CURVE('',#4239,#5033,#5035,.T.);
#5033 = VERTEX_POINT('',#5034);
#5034 = CARTESIAN_POINT('',(-67.49610334099,-7.,-41.02897532398));
#5035 = LINE('',#5036,#5037);
#5036 = CARTESIAN_POINT('',(-67.49610334099,-7.,-41.02897532398));
#5037 = VECTOR('',#5038,1.);
#5038 = DIRECTION('',(-0.702568460658,0.707106781187,-7.998473659459E-02
    ));
#5039 = ORIENTED_EDGE('',*,*,#4238,.T.);
#5040 = ORIENTED_EDGE('',*,*,#4982,.T.);
#5041 = ORIENTED_EDGE('',*,*,#5042,.F.);
#5042 = EDGE_CURVE('',#5033,#4983,#5043,.T.);
#5043 = LINE('',#5044,#5045);
#5044 = CARTESIAN_POINT('',(-67.49610334099,-7.,-41.02897532398));
#5045 = VECTOR('',#5046,1.);
#5046 = DIRECTION('',(0.113115499275,0.,-0.993581845559));
#5047 = PLANE('',#5048);
#5048 = AXIS2_PLACEMENT_3D('',#5049,#5050,#5051);
#5049 = CARTESIAN_POINT('',(-67.09867060277,-7.4,-40.98372912427));
#5050 = DIRECTION('',(-0.702568460658,-0.707106781187,-7.99847365946E-02
    ));
#5051 = DIRECTION('',(-0.113115499275,4.038809629939E-16,0.993581845559)
  );
#5052 = ADVANCED_FACE('',(#5053),#5071,.F.);
#5053 = FACE_BOUND('',#5054,.T.);
#5054 = EDGE_LOOP('',(#5055,#5056,#5057,#5065));
#5055 = ORIENTED_EDGE('',*,*,#5009,.F.);
#5056 = ORIENTED_EDGE('',*,*,#4272,.T.);
#5057 = ORIENTED_EDGE('',*,*,#5058,.T.);
#5058 = EDGE_CURVE('',#4264,#5059,#5061,.T.);
#5059 = VERTEX_POINT('',#5060);
#5060 = CARTESIAN_POINT('',(-67.49610334099,7.000000000006,
    -41.02897532399));
#5061 = LINE('',#5062,#5063);
#5062 = CARTESIAN_POINT('',(-67.09867060277,7.400000000006,
    -40.98372912428));
#5063 = VECTOR('',#5064,1.);
#5064 = DIRECTION('',(-0.702568460658,-0.707106781187,-7.99847365946E-02
    ));
#5065 = ORIENTED_EDGE('',*,*,#5066,.F.);
#5066 = EDGE_CURVE('',#5010,#5059,#5067,.T.);
#5067 = LINE('',#5068,#5069);
#5068 = CARTESIAN_POINT('',(-66.99839514419,7.000000000006,
    -45.40073544444));
#5069 = VECTOR('',#5070,1.);
#5070 = DIRECTION('',(-0.113115499275,0.,0.993581845559));
#5071 = PLANE('',#5072);
#5072 = AXIS2_PLACEMENT_3D('',#5073,#5074,#5075);
#5073 = CARTESIAN_POINT('',(-66.60096240596,7.400000000006,
    -45.35548924473));
#5074 = DIRECTION('',(-0.702568460658,0.707106781187,-7.99847365946E-02)
  );
#5075 = DIRECTION('',(0.113115499275,-2.373475093001E-16,-0.993581845559
    ));
#5076 = ADVANCED_FACE('',(#5077),#5096,.F.);
#5077 = FACE_BOUND('',#5078,.T.);
#5078 = EDGE_LOOP('',(#5079,#5087,#5088,#5089));
#5079 = ORIENTED_EDGE('',*,*,#5080,.F.);
#5080 = EDGE_CURVE('',#4247,#5081,#5083,.T.);
#5081 = VERTEX_POINT('',#5082);
#5082 = CARTESIAN_POINT('',(-67.56397264056,-6.4,-40.43282621665));
#5083 = LINE('',#5084,#5085);
#5084 = CARTESIAN_POINT('',(-67.21178610205,-6.4,-39.99014727871));
#5085 = VECTOR('',#5086,1.);
#5086 = DIRECTION('',(-0.622583724064,1.907759844744E-16,-0.782553197253
    ));
#5087 = ORIENTED_EDGE('',*,*,#4246,.T.);
#5088 = ORIENTED_EDGE('',*,*,#5032,.T.);
#5089 = ORIENTED_EDGE('',*,*,#5090,.F.);
#5090 = EDGE_CURVE('',#5081,#5033,#5091,.T.);
#5091 = CIRCLE('',#5092,0.6);
#5092 = AXIS2_PLACEMENT_3D('',#5093,#5094,#5095);
#5093 = CARTESIAN_POINT('',(-67.49610334099,-6.4,-41.02897532398));
#5094 = DIRECTION('',(0.993581845559,-2.697979846188E-16,0.113115499275)
  );
#5095 = DIRECTION('',(-0.113115499275,-3.181214220692E-15,0.993581845559
    ));
#5096 = CONICAL_SURFACE('',#5097,0.6,0.785398163397);
#5097 = AXIS2_PLACEMENT_3D('',#5098,#5099,#5100);
#5098 = CARTESIAN_POINT('',(-67.49610334099,-6.4,-41.02897532398));
#5099 = DIRECTION('',(0.993581845559,-2.697979846188E-16,0.113115499275)
  );
#5100 = DIRECTION('',(-0.113115499275,-3.181214220692E-15,0.993581845559
    ));
#5101 = ADVANCED_FACE('',(#5102),#5121,.F.);
#5102 = FACE_BOUND('',#5103,.T.);
#5103 = EDGE_LOOP('',(#5104,#5105,#5106,#5114));
#5104 = ORIENTED_EDGE('',*,*,#5058,.F.);
#5105 = ORIENTED_EDGE('',*,*,#4263,.T.);
#5106 = ORIENTED_EDGE('',*,*,#5107,.T.);
#5107 = EDGE_CURVE('',#4256,#5108,#5110,.T.);
#5108 = VERTEX_POINT('',#5109);
#5109 = CARTESIAN_POINT('',(-67.56397264056,6.4,-40.43282621665));
#5110 = LINE('',#5111,#5112);
#5111 = CARTESIAN_POINT('',(-67.56397264056,6.4,-40.43282621665));
#5112 = VECTOR('',#5113,1.);
#5113 = DIRECTION('',(-0.622583724064,1.436982841791E-15,-0.782553197253
    ));
#5114 = ORIENTED_EDGE('',*,*,#5115,.F.);
#5115 = EDGE_CURVE('',#5059,#5108,#5116,.T.);
#5116 = CIRCLE('',#5117,0.6);
#5117 = AXIS2_PLACEMENT_3D('',#5118,#5119,#5120);
#5118 = CARTESIAN_POINT('',(-67.49610334099,6.4,-41.02897532398));
#5119 = DIRECTION('',(0.993581845559,-2.697979846187E-16,0.113115499275)
  );
#5120 = DIRECTION('',(1.855280705362E-12,1.,-1.629399543912E-11));
#5121 = CONICAL_SURFACE('',#5122,0.6,0.785398163397);
#5122 = AXIS2_PLACEMENT_3D('',#5123,#5124,#5125);
#5123 = CARTESIAN_POINT('',(-67.49610334099,6.4,-41.02897532398));
#5124 = DIRECTION('',(0.993581845559,-2.697979846188E-16,0.113115499275)
  );
#5125 = DIRECTION('',(1.855280705362E-12,1.,-1.629399543912E-11));
#5126 = ADVANCED_FACE('',(#5127),#5138,.F.);
#5127 = FACE_BOUND('',#5128,.T.);
#5128 = EDGE_LOOP('',(#5129,#5130,#5131,#5132));
#5129 = ORIENTED_EDGE('',*,*,#5107,.F.);
#5130 = ORIENTED_EDGE('',*,*,#4255,.T.);
#5131 = ORIENTED_EDGE('',*,*,#5080,.T.);
#5132 = ORIENTED_EDGE('',*,*,#5133,.F.);
#5133 = EDGE_CURVE('',#5108,#5081,#5134,.T.);
#5134 = LINE('',#5135,#5136);
#5135 = CARTESIAN_POINT('',(-67.56397264056,6.4,-40.43282621665));
#5136 = VECTOR('',#5137,1.);
#5137 = DIRECTION('',(-2.680663794855E-16,-1.,-3.051833373352E-17));
#5138 = PLANE('',#5139);
#5139 = AXIS2_PLACEMENT_3D('',#5140,#5141,#5142);
#5140 = CARTESIAN_POINT('',(-67.21178610205,6.4,-39.99014727871));
#5141 = DIRECTION('',(-0.782553197253,-1.382413570425E-16,0.622583724064
    ));
#5142 = DIRECTION('',(1.059280692981E-17,1.,2.353591754967E-16));
#5143 = ADVANCED_FACE('',(#5144),#5147,.F.);
#5144 = FACE_BOUND('',#5145,.T.);
#5145 = EDGE_LOOP('',(#5146));
#5146 = ORIENTED_EDGE('',*,*,#4502,.T.);
#5147 = PLANE('',#5148);
#5148 = AXIS2_PLACEMENT_3D('',#5149,#5150,#5151);
#5149 = CARTESIAN_POINT('',(3.105163386554,-9.936496070395E-15,
    -47.88689296321));
#5150 = DIRECTION('',(-0.113115499275,0.,0.993581845559));
#5151 = DIRECTION('',(0.993581845559,0.,0.113115499275));
#5152 = ADVANCED_FACE('',(#5153),#5156,.F.);
#5153 = FACE_BOUND('',#5154,.T.);
#5154 = EDGE_LOOP('',(#5155));
#5155 = ORIENTED_EDGE('',*,*,#4527,.T.);
#5156 = PLANE('',#5157);
#5157 = AXIS2_PLACEMENT_3D('',#5158,#5159,#5160);
#5158 = CARTESIAN_POINT('',(3.105163386554,-9.936496070395E-15,
    -47.88689296321));
#5159 = DIRECTION('',(-0.113115499275,0.,0.993581845559));
#5160 = DIRECTION('',(0.993581845559,0.,0.113115499275));
#5161 = ADVANCED_FACE('',(#5162),#5165,.F.);
#5162 = FACE_BOUND('',#5163,.T.);
#5163 = EDGE_LOOP('',(#5164));
#5164 = ORIENTED_EDGE('',*,*,#4552,.T.);
#5165 = PLANE('',#5166);
#5166 = AXIS2_PLACEMENT_3D('',#5167,#5168,#5169);
#5167 = CARTESIAN_POINT('',(3.105163386554,-9.936496070395E-15,
    -47.88689296321));
#5168 = DIRECTION('',(-0.113115499275,0.,0.993581845559));
#5169 = DIRECTION('',(0.993581845559,0.,0.113115499275));
#5170 = ADVANCED_FACE('',(#5171),#5174,.F.);
#5171 = FACE_BOUND('',#5172,.T.);
#5172 = EDGE_LOOP('',(#5173));
#5173 = ORIENTED_EDGE('',*,*,#4577,.T.);
#5174 = PLANE('',#5175);
#5175 = AXIS2_PLACEMENT_3D('',#5176,#5177,#5178);
#5176 = CARTESIAN_POINT('',(3.105163386554,-9.936496070395E-15,
    -47.88689296321));
#5177 = DIRECTION('',(-0.113115499275,0.,0.993581845559));
#5178 = DIRECTION('',(0.993581845559,0.,0.113115499275));
#5179 = ADVANCED_FACE('',(#5180),#5205,.F.);
#5180 = FACE_BOUND('',#5181,.F.);
#5181 = EDGE_LOOP('',(#5182,#5190,#5198,#5204));
#5182 = ORIENTED_EDGE('',*,*,#5183,.F.);
#5183 = EDGE_CURVE('',#5184,#4603,#5186,.T.);
#5184 = VERTEX_POINT('',#5185);
#5185 = CARTESIAN_POINT('',(-67.88528151081,3.200000000005,
    -48.21914502658));
#5186 = LINE('',#5187,#5188);
#5187 = CARTESIAN_POINT('',(-67.88528151081,3.200000000005,
    -48.21914502658));
#5188 = VECTOR('',#5189,1.);
#5189 = DIRECTION('',(-0.993581845559,0.,-0.113115499275));
#5190 = ORIENTED_EDGE('',*,*,#5191,.F.);
#5191 = EDGE_CURVE('',#5192,#5184,#5194,.T.);
#5192 = VERTEX_POINT('',#5193);
#5193 = CARTESIAN_POINT('',(-67.88528151081,-3.2,-48.21914502658));
#5194 = LINE('',#5195,#5196);
#5195 = CARTESIAN_POINT('',(-67.88528151081,-3.2,-48.21914502658));
#5196 = VECTOR('',#5197,1.);
#5197 = DIRECTION('',(3.828881656176E-14,1.,-3.364447197453E-13));
#5198 = ORIENTED_EDGE('',*,*,#5199,.T.);
#5199 = EDGE_CURVE('',#5192,#4595,#5200,.T.);
#5200 = LINE('',#5201,#5202);
#5201 = CARTESIAN_POINT('',(-67.88528151081,-3.2,-48.21914502658));
#5202 = VECTOR('',#5203,1.);
#5203 = DIRECTION('',(-0.993581845559,0.,-0.113115499275));
#5204 = ORIENTED_EDGE('',*,*,#4602,.T.);
#5205 = PLANE('',#5206);
#5206 = AXIS2_PLACEMENT_3D('',#5207,#5208,#5209);
#5207 = CARTESIAN_POINT('',(-67.88528151081,-3.2,-48.21914502658));
#5208 = DIRECTION('',(0.113115499275,-3.386180225104E-13,-0.993581845559
    ));
#5209 = DIRECTION('',(3.830294667975E-14,1.,-3.364447197453E-13));
#5210 = ADVANCED_FACE('',(#5211),#5230,.F.);
#5211 = FACE_BOUND('',#5212,.F.);
#5212 = EDGE_LOOP('',(#5213,#5214,#5223,#5229));
#5213 = ORIENTED_EDGE('',*,*,#5199,.F.);
#5214 = ORIENTED_EDGE('',*,*,#5215,.F.);
#5215 = EDGE_CURVE('',#5216,#5192,#5218,.T.);
#5216 = VERTEX_POINT('',#5217);
#5217 = CARTESIAN_POINT('',(-68.99381340371,-3.200000000001,
    -38.4820429401));
#5218 = CIRCLE('',#5219,4.899999999999);
#5219 = AXIS2_PLACEMENT_3D('',#5220,#5221,#5222);
#5220 = CARTESIAN_POINT('',(-68.43954745726,-3.200000000001,
    -43.35059398334));
#5221 = DIRECTION('',(0.993581845559,6.971280871292E-33,0.113115499275)
  );
#5222 = DIRECTION('',(-0.113115499275,1.734723475977E-18,0.993581845559)
  );
#5223 = ORIENTED_EDGE('',*,*,#5224,.T.);
#5224 = EDGE_CURVE('',#5216,#4626,#5225,.T.);
#5225 = LINE('',#5226,#5227);
#5226 = CARTESIAN_POINT('',(-68.99381340371,-3.200000000001,
    -38.4820429401));
#5227 = VECTOR('',#5228,1.);
#5228 = DIRECTION('',(-0.993581845559,0.,-0.113115499275));
#5229 = ORIENTED_EDGE('',*,*,#4635,.T.);
#5230 = CYLINDRICAL_SURFACE('',#5231,4.899999999999);
#5231 = AXIS2_PLACEMENT_3D('',#5232,#5233,#5234);
#5232 = CARTESIAN_POINT('',(-68.43954745726,-3.200000000001,
    -43.35059398334));
#5233 = DIRECTION('',(0.993581845559,0.,0.113115499275));
#5234 = DIRECTION('',(-0.113115499275,0.,0.993581845559));
#5235 = ADVANCED_FACE('',(#5236),#5255,.F.);
#5236 = FACE_BOUND('',#5237,.F.);
#5237 = EDGE_LOOP('',(#5238,#5246,#5253,#5254));
#5238 = ORIENTED_EDGE('',*,*,#5239,.F.);
#5239 = EDGE_CURVE('',#5240,#4726,#5242,.T.);
#5240 = VERTEX_POINT('',#5241);
#5241 = CARTESIAN_POINT('',(-68.99381340371,3.2,-38.4820429401));
#5242 = LINE('',#5243,#5244);
#5243 = CARTESIAN_POINT('',(-68.99381340371,3.2,-38.4820429401));
#5244 = VECTOR('',#5245,1.);
#5245 = DIRECTION('',(-0.993581845559,0.,-0.113115499275));
#5246 = ORIENTED_EDGE('',*,*,#5247,.F.);
#5247 = EDGE_CURVE('',#5184,#5240,#5248,.T.);
#5248 = CIRCLE('',#5249,4.899999999999);
#5249 = AXIS2_PLACEMENT_3D('',#5250,#5251,#5252);
#5250 = CARTESIAN_POINT('',(-68.43954745726,3.2,-43.35059398334));
#5251 = DIRECTION('',(0.993581845559,6.971280871292E-33,0.113115499275)
  );
#5252 = DIRECTION('',(-0.113115499275,1.734723475977E-18,0.993581845559)
  );
#5253 = ORIENTED_EDGE('',*,*,#5183,.T.);
#5254 = ORIENTED_EDGE('',*,*,#4732,.T.);
#5255 = CYLINDRICAL_SURFACE('',#5256,4.899999999999);
#5256 = AXIS2_PLACEMENT_3D('',#5257,#5258,#5259);
#5257 = CARTESIAN_POINT('',(-68.43954745726,3.2,-43.35059398334));
#5258 = DIRECTION('',(0.993581845559,0.,0.113115499275));
#5259 = DIRECTION('',(-0.113115499275,0.,0.993581845559));
#5260 = ADVANCED_FACE('',(#5261),#5272,.T.);
#5261 = FACE_BOUND('',#5262,.T.);
#5262 = EDGE_LOOP('',(#5263,#5264,#5270,#5271));
#5263 = ORIENTED_EDGE('',*,*,#5239,.F.);
#5264 = ORIENTED_EDGE('',*,*,#5265,.F.);
#5265 = EDGE_CURVE('',#5216,#5240,#5266,.T.);
#5266 = LINE('',#5267,#5268);
#5267 = CARTESIAN_POINT('',(-68.99381340371,-3.200000000001,
    -38.4820429401));
#5268 = VECTOR('',#5269,1.);
#5269 = DIRECTION('',(0.,1.,-6.162975822039E-32));
#5270 = ORIENTED_EDGE('',*,*,#5224,.T.);
#5271 = ORIENTED_EDGE('',*,*,#4854,.F.);
#5272 = PLANE('',#5273);
#5273 = AXIS2_PLACEMENT_3D('',#5274,#5275,#5276);
#5274 = CARTESIAN_POINT('',(-68.99381340371,-3.200000000001,
    -38.4820429401));
#5275 = DIRECTION('',(0.113115499275,0.,-0.993581845559));
#5276 = DIRECTION('',(0.,1.,0.));
#5277 = ADVANCED_FACE('',(#5278),#5303,.F.);
#5278 = FACE_BOUND('',#5279,.F.);
#5279 = EDGE_LOOP('',(#5280,#5288,#5289,#5297));
#5280 = ORIENTED_EDGE('',*,*,#5281,.F.);
#5281 = EDGE_CURVE('',#4961,#5282,#5284,.T.);
#5282 = VERTEX_POINT('',#5283);
#5283 = CARTESIAN_POINT('',(-68.12282405929,6.400000000006,
    -46.13262315091));
#5284 = LINE('',#5285,#5286);
#5285 = CARTESIAN_POINT('',(-63.1549148315,6.400000000006,
    -45.56704565453));
#5286 = VECTOR('',#5287,1.);
#5287 = DIRECTION('',(-0.993581845559,0.,-0.113115499275));
#5288 = ORIENTED_EDGE('',*,*,#4968,.F.);
#5289 = ORIENTED_EDGE('',*,*,#5290,.T.);
#5290 = EDGE_CURVE('',#4952,#5291,#5293,.T.);
#5291 = VERTEX_POINT('',#5292);
#5292 = CARTESIAN_POINT('',(-68.12282405929,-6.4,-46.13262315091));
#5293 = LINE('',#5294,#5295);
#5294 = CARTESIAN_POINT('',(-63.1549148315,-6.4,-45.56704565453));
#5295 = VECTOR('',#5296,1.);
#5296 = DIRECTION('',(-0.993581845559,0.,-0.113115499275));
#5297 = ORIENTED_EDGE('',*,*,#5298,.F.);
#5298 = EDGE_CURVE('',#5282,#5291,#5299,.T.);
#5299 = LINE('',#5300,#5301);
#5300 = CARTESIAN_POINT('',(-68.12282405929,-3.2,-46.13262315091));
#5301 = VECTOR('',#5302,1.);
#5302 = DIRECTION('',(0.,-1.,0.));
#5303 = PLANE('',#5304);
#5304 = AXIS2_PLACEMENT_3D('',#5305,#5306,#5307);
#5305 = CARTESIAN_POINT('',(-63.1549148315,-6.4,-45.56704565453));
#5306 = DIRECTION('',(0.113115499275,0.,-0.993581845559));
#5307 = DIRECTION('',(0.,1.,0.));
#5308 = ADVANCED_FACE('',(#5309),#5328,.F.);
#5309 = FACE_BOUND('',#5310,.F.);
#5310 = EDGE_LOOP('',(#5311,#5312,#5313,#5321));
#5311 = ORIENTED_EDGE('',*,*,#5290,.F.);
#5312 = ORIENTED_EDGE('',*,*,#4992,.F.);
#5313 = ORIENTED_EDGE('',*,*,#5314,.T.);
#5314 = EDGE_CURVE('',#4983,#5315,#5317,.T.);
#5315 = VERTEX_POINT('',#5316);
#5316 = CARTESIAN_POINT('',(-68.19069335886,-7.,-45.53647404357));
#5317 = LINE('',#5318,#5319);
#5318 = CARTESIAN_POINT('',(-63.22278413106,-7.,-44.9708965472));
#5319 = VECTOR('',#5320,1.);
#5320 = DIRECTION('',(-0.993581845559,0.,-0.113115499275));
#5321 = ORIENTED_EDGE('',*,*,#5322,.T.);
#5322 = EDGE_CURVE('',#5315,#5291,#5323,.T.);
#5323 = CIRCLE('',#5324,0.6);
#5324 = AXIS2_PLACEMENT_3D('',#5325,#5326,#5327);
#5325 = CARTESIAN_POINT('',(-68.19069335886,-6.4,-45.53647404357));
#5326 = DIRECTION('',(0.993581845559,0.,0.113115499275));
#5327 = DIRECTION('',(-0.113115499275,0.,0.993581845559));
#5328 = CYLINDRICAL_SURFACE('',#5329,0.6);
#5329 = AXIS2_PLACEMENT_3D('',#5330,#5331,#5332);
#5330 = CARTESIAN_POINT('',(-63.22278413106,-6.4,-44.9708965472));
#5331 = DIRECTION('',(0.993581845559,0.,0.113115499275));
#5332 = DIRECTION('',(-0.113115499275,0.,0.993581845559));
#5333 = ADVANCED_FACE('',(#5334),#5353,.F.);
#5334 = FACE_BOUND('',#5335,.F.);
#5335 = EDGE_LOOP('',(#5336,#5344,#5345,#5346));
#5336 = ORIENTED_EDGE('',*,*,#5337,.F.);
#5337 = EDGE_CURVE('',#5010,#5338,#5340,.T.);
#5338 = VERTEX_POINT('',#5339);
#5339 = CARTESIAN_POINT('',(-68.19069335886,7.000000000006,
    -45.53647404357));
#5340 = LINE('',#5341,#5342);
#5341 = CARTESIAN_POINT('',(-63.22278413106,7.000000000006,
    -44.9708965472));
#5342 = VECTOR('',#5343,1.);
#5343 = DIRECTION('',(-0.993581845559,0.,-0.113115499275));
#5344 = ORIENTED_EDGE('',*,*,#5017,.F.);
#5345 = ORIENTED_EDGE('',*,*,#5281,.T.);
#5346 = ORIENTED_EDGE('',*,*,#5347,.T.);
#5347 = EDGE_CURVE('',#5282,#5338,#5348,.T.);
#5348 = CIRCLE('',#5349,0.6);
#5349 = AXIS2_PLACEMENT_3D('',#5350,#5351,#5352);
#5350 = CARTESIAN_POINT('',(-68.19069335886,6.400000000006,
    -45.53647404357));
#5351 = DIRECTION('',(0.993581845559,0.,0.113115499275));
#5352 = DIRECTION('',(-0.113115499275,0.,0.993581845559));
#5353 = CYLINDRICAL_SURFACE('',#5354,0.6);
#5354 = AXIS2_PLACEMENT_3D('',#5355,#5356,#5357);
#5355 = CARTESIAN_POINT('',(-63.22278413106,6.400000000006,
    -44.9708965472));
#5356 = DIRECTION('',(0.993581845559,0.,0.113115499275));
#5357 = DIRECTION('',(-0.113115499275,0.,0.993581845559));
#5358 = ADVANCED_FACE('',(#5359),#5377,.F.);
#5359 = FACE_BOUND('',#5360,.F.);
#5360 = EDGE_LOOP('',(#5361,#5362,#5363,#5371));
#5361 = ORIENTED_EDGE('',*,*,#5314,.F.);
#5362 = ORIENTED_EDGE('',*,*,#5042,.F.);
#5363 = ORIENTED_EDGE('',*,*,#5364,.T.);
#5364 = EDGE_CURVE('',#5033,#5365,#5367,.T.);
#5365 = VERTEX_POINT('',#5366);
#5366 = CARTESIAN_POINT('',(-68.68840155567,-7.,-41.16471392311));
#5367 = LINE('',#5368,#5369);
#5368 = CARTESIAN_POINT('',(-63.72049232787,-7.,-40.59913642674));
#5369 = VECTOR('',#5370,1.);
#5370 = DIRECTION('',(-0.993581845559,0.,-0.113115499275));
#5371 = ORIENTED_EDGE('',*,*,#5372,.F.);
#5372 = EDGE_CURVE('',#5315,#5365,#5373,.T.);
#5373 = LINE('',#5374,#5375);
#5374 = CARTESIAN_POINT('',(-68.56397450646,-7.,-42.25765395323));
#5375 = VECTOR('',#5376,1.);
#5376 = DIRECTION('',(-0.113115499275,0.,0.993581845559));
#5377 = PLANE('',#5378);
#5378 = AXIS2_PLACEMENT_3D('',#5379,#5380,#5381);
#5379 = CARTESIAN_POINT('',(-63.72049232787,-7.,-40.59913642674));
#5380 = DIRECTION('',(0.,-1.,0.));
#5381 = DIRECTION('',(0.113115499275,0.,-0.993581845559));
#5382 = ADVANCED_FACE('',(#5383),#5401,.F.);
#5383 = FACE_BOUND('',#5384,.F.);
#5384 = EDGE_LOOP('',(#5385,#5393,#5394,#5395));
#5385 = ORIENTED_EDGE('',*,*,#5386,.F.);
#5386 = EDGE_CURVE('',#5059,#5387,#5389,.T.);
#5387 = VERTEX_POINT('',#5388);
#5388 = CARTESIAN_POINT('',(-68.68840155566,7.000000000003,
    -41.16471392312));
#5389 = LINE('',#5390,#5391);
#5390 = CARTESIAN_POINT('',(-63.72049232787,7.000000000003,
    -40.59913642675));
#5391 = VECTOR('',#5392,1.);
#5392 = DIRECTION('',(-0.993581845559,0.,-0.113115499275));
#5393 = ORIENTED_EDGE('',*,*,#5066,.F.);
#5394 = ORIENTED_EDGE('',*,*,#5337,.T.);
#5395 = ORIENTED_EDGE('',*,*,#5396,.F.);
#5396 = EDGE_CURVE('',#5387,#5338,#5397,.T.);
#5397 = LINE('',#5398,#5399);
#5398 = CARTESIAN_POINT('',(-68.31512040806,7.000000000006,
    -44.44353401346));
#5399 = VECTOR('',#5400,1.);
#5400 = DIRECTION('',(0.113115499275,0.,-0.993581845559));
#5401 = PLANE('',#5402);
#5402 = AXIS2_PLACEMENT_3D('',#5403,#5404,#5405);
#5403 = CARTESIAN_POINT('',(-63.22278413106,7.000000000006,
    -44.9708965472));
#5404 = DIRECTION('',(0.,1.,0.));
#5405 = DIRECTION('',(-0.113115499275,0.,0.993581845559));
#5406 = ADVANCED_FACE('',(#5407),#5426,.F.);
#5407 = FACE_BOUND('',#5408,.F.);
#5408 = EDGE_LOOP('',(#5409,#5410,#5411,#5419));
#5409 = ORIENTED_EDGE('',*,*,#5364,.F.);
#5410 = ORIENTED_EDGE('',*,*,#5090,.F.);
#5411 = ORIENTED_EDGE('',*,*,#5412,.T.);
#5412 = EDGE_CURVE('',#5081,#5413,#5415,.T.);
#5413 = VERTEX_POINT('',#5414);
#5414 = CARTESIAN_POINT('',(-68.75627085523,-6.4,-40.56856481578));
#5415 = LINE('',#5416,#5417);
#5416 = CARTESIAN_POINT('',(-63.78836162744,-6.4,-40.0029873194));
#5417 = VECTOR('',#5418,1.);
#5418 = DIRECTION('',(-0.993581845559,0.,-0.113115499275));
#5419 = ORIENTED_EDGE('',*,*,#5420,.T.);
#5420 = EDGE_CURVE('',#5413,#5365,#5421,.T.);
#5421 = CIRCLE('',#5422,0.6);
#5422 = AXIS2_PLACEMENT_3D('',#5423,#5424,#5425);
#5423 = CARTESIAN_POINT('',(-68.68840155567,-6.4,-41.16471392311));
#5424 = DIRECTION('',(0.993581845559,0.,0.113115499275));
#5425 = DIRECTION('',(-0.113115499275,0.,0.993581845559));
#5426 = CYLINDRICAL_SURFACE('',#5427,0.6);
#5427 = AXIS2_PLACEMENT_3D('',#5428,#5429,#5430);
#5428 = CARTESIAN_POINT('',(-63.72049232787,-6.4,-40.59913642674));
#5429 = DIRECTION('',(0.993581845559,0.,0.113115499275));
#5430 = DIRECTION('',(-0.113115499275,0.,0.993581845559));
#5431 = ADVANCED_FACE('',(#5432),#5451,.F.);
#5432 = FACE_BOUND('',#5433,.F.);
#5433 = EDGE_LOOP('',(#5434,#5442,#5443,#5444));
#5434 = ORIENTED_EDGE('',*,*,#5435,.F.);
#5435 = EDGE_CURVE('',#5108,#5436,#5438,.T.);
#5436 = VERTEX_POINT('',#5437);
#5437 = CARTESIAN_POINT('',(-68.75627085523,6.4,-40.56856481578));
#5438 = LINE('',#5439,#5440);
#5439 = CARTESIAN_POINT('',(-63.78836162744,6.4,-40.0029873194));
#5440 = VECTOR('',#5441,1.);
#5441 = DIRECTION('',(-0.993581845559,0.,-0.113115499275));
#5442 = ORIENTED_EDGE('',*,*,#5115,.F.);
#5443 = ORIENTED_EDGE('',*,*,#5386,.T.);
#5444 = ORIENTED_EDGE('',*,*,#5445,.T.);
#5445 = EDGE_CURVE('',#5387,#5436,#5446,.T.);
#5446 = CIRCLE('',#5447,0.6);
#5447 = AXIS2_PLACEMENT_3D('',#5448,#5449,#5450);
#5448 = CARTESIAN_POINT('',(-68.68840155567,6.4,-41.16471392311));
#5449 = DIRECTION('',(0.993581845559,0.,0.113115499275));
#5450 = DIRECTION('',(-0.113115499275,0.,0.993581845559));
#5451 = CYLINDRICAL_SURFACE('',#5452,0.6);
#5452 = AXIS2_PLACEMENT_3D('',#5453,#5454,#5455);
#5453 = CARTESIAN_POINT('',(-63.72049232787,6.4,-40.59913642674));
#5454 = DIRECTION('',(0.993581845559,0.,0.113115499275));
#5455 = DIRECTION('',(-0.113115499275,0.,0.993581845559));
#5456 = ADVANCED_FACE('',(#5457),#5468,.F.);
#5457 = FACE_BOUND('',#5458,.F.);
#5458 = EDGE_LOOP('',(#5459,#5460,#5461,#5462));
#5459 = ORIENTED_EDGE('',*,*,#5412,.F.);
#5460 = ORIENTED_EDGE('',*,*,#5133,.F.);
#5461 = ORIENTED_EDGE('',*,*,#5435,.T.);
#5462 = ORIENTED_EDGE('',*,*,#5463,.F.);
#5463 = EDGE_CURVE('',#5413,#5436,#5464,.T.);
#5464 = LINE('',#5465,#5466);
#5465 = CARTESIAN_POINT('',(-68.75627085523,3.2,-40.56856481578));
#5466 = VECTOR('',#5467,1.);
#5467 = DIRECTION('',(0.,1.,0.));
#5468 = PLANE('',#5469);
#5469 = AXIS2_PLACEMENT_3D('',#5470,#5471,#5472);
#5470 = CARTESIAN_POINT('',(-63.78836162744,6.4,-40.0029873194));
#5471 = DIRECTION('',(-0.113115499275,0.,0.993581845559));
#5472 = DIRECTION('',(0.,-1.,0.));
#5473 = ADVANCED_FACE('',(#5474,#5480),#5490,.F.);
#5474 = FACE_BOUND('',#5475,.F.);
#5475 = EDGE_LOOP('',(#5476,#5477,#5478,#5479));
#5476 = ORIENTED_EDGE('',*,*,#5215,.T.);
#5477 = ORIENTED_EDGE('',*,*,#5191,.T.);
#5478 = ORIENTED_EDGE('',*,*,#5247,.T.);
#5479 = ORIENTED_EDGE('',*,*,#5265,.F.);
#5480 = FACE_BOUND('',#5481,.F.);
#5481 = EDGE_LOOP('',(#5482,#5483,#5484,#5485,#5486,#5487,#5488,#5489));
#5482 = ORIENTED_EDGE('',*,*,#5322,.F.);
#5483 = ORIENTED_EDGE('',*,*,#5372,.T.);
#5484 = ORIENTED_EDGE('',*,*,#5420,.F.);
#5485 = ORIENTED_EDGE('',*,*,#5463,.T.);
#5486 = ORIENTED_EDGE('',*,*,#5445,.F.);
#5487 = ORIENTED_EDGE('',*,*,#5396,.T.);
#5488 = ORIENTED_EDGE('',*,*,#5347,.F.);
#5489 = ORIENTED_EDGE('',*,*,#5298,.T.);
#5490 = PLANE('',#5491);
#5491 = AXIS2_PLACEMENT_3D('',#5492,#5493,#5494);
#5492 = CARTESIAN_POINT('',(-68.43954745726,-2.831226564409E-13,
    -43.35059398334));
#5493 = DIRECTION('',(0.993581845559,0.,0.113115499275));
#5494 = DIRECTION('',(-0.113115499275,0.,0.993581845559));
#5495 = ( GEOMETRIC_REPRESENTATION_CONTEXT(3) 
GLOBAL_UNCERTAINTY_ASSIGNED_CONTEXT((#5499)) 
GLOBAL_UNIT_ASSIGNED_CONTEXT((#5496,#5497,#5498)) REPRESENTATION_CONTEXT
('Context #1','3D Context with UNIT and UNCERTAINTY') );
#5496 = ( LENGTH_UNIT() NAMED_UNIT(*) SI_UNIT(.MILLI.,.METRE.) );
#5497 = ( NAMED_UNIT(*) PLANE_ANGLE_UNIT() SI_UNIT($,.RADIAN.) );
#5498 = ( NAMED_UNIT(*) SI_UNIT($,.STERADIAN.) SOLID_ANGLE_UNIT() );
#5499 = UNCERTAINTY_MEASURE_WITH_UNIT(LENGTH_MEASURE(2.E-04),#5496,
  'distance_accuracy_value','confusion accuracy');
#5500 = CONTEXT_DEPENDENT_SHAPE_REPRESENTATION(#5501,#5503);
#5501 = ( REPRESENTATION_RELATIONSHIP('','',#48,#10) 
REPRESENTATION_RELATIONSHIP_WITH_TRANSFORMATION(#5502) 
SHAPE_REPRESENTATION_RELATIONSHIP() );
#5502 = ITEM_DEFINED_TRANSFORMATION('','',#11,#15);
#5503 = PRODUCT_DEFINITION_SHAPE('Placement','Placement of an item',
  #5504);
#5504 = NEXT_ASSEMBLY_USAGE_OCCURRENCE('1','Body','',#5,#43,$);
#5505 = PRODUCT_RELATED_PRODUCT_CATEGORY('part',$,(#45));
#5506 = SHAPE_DEFINITION_REPRESENTATION(#5507,#5513);
#5507 = PRODUCT_DEFINITION_SHAPE('','',#5508);
#5508 = PRODUCT_DEFINITION('design','',#5509,#5512);
#5509 = PRODUCT_DEFINITION_FORMATION('','',#5510);
#5510 = PRODUCT('Sup','Sup','',(#5511));
#5511 = PRODUCT_CONTEXT('',#2,'mechanical');
#5512 = PRODUCT_DEFINITION_CONTEXT('part definition',#2,'design');
#5513 = ADVANCED_BREP_SHAPE_REPRESENTATION('',(#11,#5514),#5856);
#5514 = MANIFOLD_SOLID_BREP('',#5515);
#5515 = CLOSED_SHELL('',(#5516,#5556,#5587,#5618,#5649,#5680,#5704,#5728
    ,#5750,#5774,#5791,#5815,#5832,#5844));
#5516 = ADVANCED_FACE('',(#5517),#5551,.F.);
#5517 = FACE_BOUND('',#5518,.F.);
#5518 = EDGE_LOOP('',(#5519,#5529,#5537,#5545));
#5519 = ORIENTED_EDGE('',*,*,#5520,.F.);
#5520 = EDGE_CURVE('',#5521,#5523,#5525,.T.);
#5521 = VERTEX_POINT('',#5522);
#5522 = CARTESIAN_POINT('',(-63.5486,30.4,-2.2042));
#5523 = VERTEX_POINT('',#5524);
#5524 = CARTESIAN_POINT('',(-63.5486,30.4,-4.0958));
#5525 = LINE('',#5526,#5527);
#5526 = CARTESIAN_POINT('',(-63.5486,30.4,-1.9042));
#5527 = VECTOR('',#5528,1.);
#5528 = DIRECTION('',(0.,-2.22044604925E-16,-1.));
#5529 = ORIENTED_EDGE('',*,*,#5530,.T.);
#5530 = EDGE_CURVE('',#5521,#5531,#5533,.T.);
#5531 = VERTEX_POINT('',#5532);
#5532 = CARTESIAN_POINT('',(-63.5486,-25.4,-2.2042));
#5533 = LINE('',#5534,#5535);
#5534 = CARTESIAN_POINT('',(-63.5486,30.4,-2.2042));
#5535 = VECTOR('',#5536,1.);
#5536 = DIRECTION('',(0.,-1.,2.22044604925E-16));
#5537 = ORIENTED_EDGE('',*,*,#5538,.T.);
#5538 = EDGE_CURVE('',#5531,#5539,#5541,.T.);
#5539 = VERTEX_POINT('',#5540);
#5540 = CARTESIAN_POINT('',(-63.5486,-25.4,-4.0958));
#5541 = LINE('',#5542,#5543);
#5542 = CARTESIAN_POINT('',(-63.5486,-25.4,-1.9042));
#5543 = VECTOR('',#5544,1.);
#5544 = DIRECTION('',(0.,-2.22044604925E-16,-1.));
#5545 = ORIENTED_EDGE('',*,*,#5546,.F.);
#5546 = EDGE_CURVE('',#5523,#5539,#5547,.T.);
#5547 = LINE('',#5548,#5549);
#5548 = CARTESIAN_POINT('',(-63.5486,30.4,-4.0958));
#5549 = VECTOR('',#5550,1.);
#5550 = DIRECTION('',(0.,-1.,2.22044604925E-16));
#5551 = PLANE('',#5552);
#5552 = AXIS2_PLACEMENT_3D('',#5553,#5554,#5555);
#5553 = CARTESIAN_POINT('',(-63.5486,30.4,-1.9042));
#5554 = DIRECTION('',(1.,0.,0.));
#5555 = DIRECTION('',(0.,-2.22044604925E-16,-1.));
#5556 = ADVANCED_FACE('',(#5557),#5582,.T.);
#5557 = FACE_BOUND('',#5558,.T.);
#5558 = EDGE_LOOP('',(#5559,#5560,#5568,#5576));
#5559 = ORIENTED_EDGE('',*,*,#5520,.F.);
#5560 = ORIENTED_EDGE('',*,*,#5561,.F.);
#5561 = EDGE_CURVE('',#5562,#5521,#5564,.T.);
#5562 = VERTEX_POINT('',#5563);
#5563 = CARTESIAN_POINT('',(-62.7486,30.4,-2.2042));
#5564 = LINE('',#5565,#5566);
#5565 = CARTESIAN_POINT('',(-62.7486,30.4,-2.2042));
#5566 = VECTOR('',#5567,1.);
#5567 = DIRECTION('',(-1.,-0.,0.));
#5568 = ORIENTED_EDGE('',*,*,#5569,.F.);
#5569 = EDGE_CURVE('',#5570,#5562,#5572,.T.);
#5570 = VERTEX_POINT('',#5571);
#5571 = CARTESIAN_POINT('',(-62.7486,30.4,-4.0958));
#5572 = LINE('',#5573,#5574);
#5573 = CARTESIAN_POINT('',(-62.7486,30.4,-4.3958));
#5574 = VECTOR('',#5575,1.);
#5575 = DIRECTION('',(0.,2.22044604925E-16,1.));
#5576 = ORIENTED_EDGE('',*,*,#5577,.F.);
#5577 = EDGE_CURVE('',#5523,#5570,#5578,.T.);
#5578 = LINE('',#5579,#5580);
#5579 = CARTESIAN_POINT('',(-63.5486,30.4,-4.0958));
#5580 = VECTOR('',#5581,1.);
#5581 = DIRECTION('',(1.,0.,0.));
#5582 = PLANE('',#5583);
#5583 = AXIS2_PLACEMENT_3D('',#5584,#5585,#5586);
#5584 = CARTESIAN_POINT('',(-63.1486,30.4,-3.15));
#5585 = DIRECTION('',(0.,1.,0.));
#5586 = DIRECTION('',(0.,0.,1.));
#5587 = ADVANCED_FACE('',(#5588),#5613,.T.);
#5588 = FACE_BOUND('',#5589,.T.);
#5589 = EDGE_LOOP('',(#5590,#5598,#5599,#5607));
#5590 = ORIENTED_EDGE('',*,*,#5591,.F.);
#5591 = EDGE_CURVE('',#5521,#5592,#5594,.T.);
#5592 = VERTEX_POINT('',#5593);
#5593 = CARTESIAN_POINT('',(-63.2486,30.1,-1.9042));
#5594 = LINE('',#5595,#5596);
#5595 = CARTESIAN_POINT('',(-63.31526666666,30.166666666667,
    -1.970866666667));
#5596 = VECTOR('',#5597,1.);
#5597 = DIRECTION('',(0.57735026919,-0.57735026919,0.57735026919));
#5598 = ORIENTED_EDGE('',*,*,#5530,.T.);
#5599 = ORIENTED_EDGE('',*,*,#5600,.T.);
#5600 = EDGE_CURVE('',#5531,#5601,#5603,.T.);
#5601 = VERTEX_POINT('',#5602);
#5602 = CARTESIAN_POINT('',(-63.2486,-25.1,-1.9042));
#5603 = LINE('',#5604,#5605);
#5604 = CARTESIAN_POINT('',(-54.01526666666,-15.86666666666,
    7.329133333333));
#5605 = VECTOR('',#5606,1.);
#5606 = DIRECTION('',(0.57735026919,0.57735026919,0.57735026919));
#5607 = ORIENTED_EDGE('',*,*,#5608,.F.);
#5608 = EDGE_CURVE('',#5592,#5601,#5609,.T.);
#5609 = LINE('',#5610,#5611);
#5610 = CARTESIAN_POINT('',(-63.2486,30.4,-1.9042));
#5611 = VECTOR('',#5612,1.);
#5612 = DIRECTION('',(0.,-1.,2.22044604925E-16));
#5613 = PLANE('',#5614);
#5614 = AXIS2_PLACEMENT_3D('',#5615,#5616,#5617);
#5615 = CARTESIAN_POINT('',(-63.3986,30.4,-2.0542));
#5616 = DIRECTION('',(-0.707106781187,1.589944467133E-16,0.707106781187)
  );
#5617 = DIRECTION('',(-1.403748979427E-18,-1.,2.234483539045E-16));
#5618 = ADVANCED_FACE('',(#5619),#5644,.T.);
#5619 = FACE_BOUND('',#5620,.F.);
#5620 = EDGE_LOOP('',(#5621,#5629,#5630,#5638));
#5621 = ORIENTED_EDGE('',*,*,#5622,.F.);
#5622 = EDGE_CURVE('',#5523,#5623,#5625,.T.);
#5623 = VERTEX_POINT('',#5624);
#5624 = CARTESIAN_POINT('',(-63.2486,30.1,-4.3958));
#5625 = LINE('',#5626,#5627);
#5626 = CARTESIAN_POINT('',(-63.4486,30.3,-4.1958));
#5627 = VECTOR('',#5628,1.);
#5628 = DIRECTION('',(0.57735026919,-0.57735026919,-0.57735026919));
#5629 = ORIENTED_EDGE('',*,*,#5546,.T.);
#5630 = ORIENTED_EDGE('',*,*,#5631,.T.);
#5631 = EDGE_CURVE('',#5539,#5632,#5634,.T.);
#5632 = VERTEX_POINT('',#5633);
#5633 = CARTESIAN_POINT('',(-63.2486,-25.1,-4.3958));
#5634 = LINE('',#5635,#5636);
#5635 = CARTESIAN_POINT('',(-54.1486,-16.,-13.4958));
#5636 = VECTOR('',#5637,1.);
#5637 = DIRECTION('',(0.57735026919,0.57735026919,-0.57735026919));
#5638 = ORIENTED_EDGE('',*,*,#5639,.F.);
#5639 = EDGE_CURVE('',#5623,#5632,#5640,.T.);
#5640 = LINE('',#5641,#5642);
#5641 = CARTESIAN_POINT('',(-63.2486,30.4,-4.3958));
#5642 = VECTOR('',#5643,1.);
#5643 = DIRECTION('',(0.,-1.,2.22044604925E-16));
#5644 = PLANE('',#5645);
#5645 = AXIS2_PLACEMENT_3D('',#5646,#5647,#5648);
#5646 = CARTESIAN_POINT('',(-63.3986,30.4,-4.2458));
#5647 = DIRECTION('',(-0.707106781187,-1.589944467133E-16,
    -0.707106781187));
#5648 = DIRECTION('',(-1.403748979427E-18,1.,-2.234483539045E-16));
#5649 = ADVANCED_FACE('',(#5650),#5675,.F.);
#5650 = FACE_BOUND('',#5651,.F.);
#5651 = EDGE_LOOP('',(#5652,#5653,#5661,#5669));
#5652 = ORIENTED_EDGE('',*,*,#5538,.F.);
#5653 = ORIENTED_EDGE('',*,*,#5654,.F.);
#5654 = EDGE_CURVE('',#5655,#5531,#5657,.T.);
#5655 = VERTEX_POINT('',#5656);
#5656 = CARTESIAN_POINT('',(-62.7486,-25.4,-2.2042));
#5657 = LINE('',#5658,#5659);
#5658 = CARTESIAN_POINT('',(-62.7486,-25.4,-2.2042));
#5659 = VECTOR('',#5660,1.);
#5660 = DIRECTION('',(-1.,-0.,0.));
#5661 = ORIENTED_EDGE('',*,*,#5662,.F.);
#5662 = EDGE_CURVE('',#5663,#5655,#5665,.T.);
#5663 = VERTEX_POINT('',#5664);
#5664 = CARTESIAN_POINT('',(-62.7486,-25.4,-4.0958));
#5665 = LINE('',#5666,#5667);
#5666 = CARTESIAN_POINT('',(-62.7486,-25.4,-4.3958));
#5667 = VECTOR('',#5668,1.);
#5668 = DIRECTION('',(0.,2.22044604925E-16,1.));
#5669 = ORIENTED_EDGE('',*,*,#5670,.F.);
#5670 = EDGE_CURVE('',#5539,#5663,#5671,.T.);
#5671 = LINE('',#5672,#5673);
#5672 = CARTESIAN_POINT('',(-63.5486,-25.4,-4.0958));
#5673 = VECTOR('',#5674,1.);
#5674 = DIRECTION('',(1.,0.,0.));
#5675 = PLANE('',#5676);
#5676 = AXIS2_PLACEMENT_3D('',#5677,#5678,#5679);
#5677 = CARTESIAN_POINT('',(-63.1486,-25.4,-3.15));
#5678 = DIRECTION('',(0.,1.,0.));
#5679 = DIRECTION('',(0.,0.,1.));
#5680 = ADVANCED_FACE('',(#5681),#5699,.F.);
#5681 = FACE_BOUND('',#5682,.F.);
#5682 = EDGE_LOOP('',(#5683,#5691,#5697,#5698));
#5683 = ORIENTED_EDGE('',*,*,#5684,.T.);
#5684 = EDGE_CURVE('',#5562,#5685,#5687,.T.);
#5685 = VERTEX_POINT('',#5686);
#5686 = CARTESIAN_POINT('',(-63.0486,30.1,-1.9042));
#5687 = LINE('',#5688,#5689);
#5688 = CARTESIAN_POINT('',(-62.8486,30.3,-2.1042));
#5689 = VECTOR('',#5690,1.);
#5690 = DIRECTION('',(-0.57735026919,-0.57735026919,0.57735026919));
#5691 = ORIENTED_EDGE('',*,*,#5692,.T.);
#5692 = EDGE_CURVE('',#5685,#5592,#5693,.T.);
#5693 = LINE('',#5694,#5695);
#5694 = CARTESIAN_POINT('',(-62.7486,30.1,-1.9042));
#5695 = VECTOR('',#5696,1.);
#5696 = DIRECTION('',(-1.,-0.,0.));
#5697 = ORIENTED_EDGE('',*,*,#5591,.F.);
#5698 = ORIENTED_EDGE('',*,*,#5561,.F.);
#5699 = PLANE('',#5700);
#5700 = AXIS2_PLACEMENT_3D('',#5701,#5702,#5703);
#5701 = CARTESIAN_POINT('',(-62.7486,30.25,-2.0542));
#5702 = DIRECTION('',(0.,-0.707106781187,-0.707106781187));
#5703 = DIRECTION('',(-1.,-0.,0.));
#5704 = ADVANCED_FACE('',(#5705),#5723,.F.);
#5705 = FACE_BOUND('',#5706,.F.);
#5706 = EDGE_LOOP('',(#5707,#5708,#5716,#5722));
#5707 = ORIENTED_EDGE('',*,*,#5622,.T.);
#5708 = ORIENTED_EDGE('',*,*,#5709,.T.);
#5709 = EDGE_CURVE('',#5623,#5710,#5712,.T.);
#5710 = VERTEX_POINT('',#5711);
#5711 = CARTESIAN_POINT('',(-63.0486,30.1,-4.3958));
#5712 = LINE('',#5713,#5714);
#5713 = CARTESIAN_POINT('',(-63.5486,30.1,-4.3958));
#5714 = VECTOR('',#5715,1.);
#5715 = DIRECTION('',(1.,0.,0.));
#5716 = ORIENTED_EDGE('',*,*,#5717,.T.);
#5717 = EDGE_CURVE('',#5710,#5570,#5718,.T.);
#5718 = LINE('',#5719,#5720);
#5719 = CARTESIAN_POINT('',(-62.98193333333,30.166666666667,
    -4.329133333333));
#5720 = VECTOR('',#5721,1.);
#5721 = DIRECTION('',(0.57735026919,0.57735026919,0.57735026919));
#5722 = ORIENTED_EDGE('',*,*,#5577,.F.);
#5723 = PLANE('',#5724);
#5724 = AXIS2_PLACEMENT_3D('',#5725,#5726,#5727);
#5725 = CARTESIAN_POINT('',(-63.5486,30.25,-4.2458));
#5726 = DIRECTION('',(0.,-0.707106781187,0.707106781187));
#5727 = DIRECTION('',(1.,0.,0.));
#5728 = ADVANCED_FACE('',(#5729),#5745,.F.);
#5729 = FACE_BOUND('',#5730,.F.);
#5730 = EDGE_LOOP('',(#5731,#5732,#5738,#5739));
#5731 = ORIENTED_EDGE('',*,*,#5569,.F.);
#5732 = ORIENTED_EDGE('',*,*,#5733,.T.);
#5733 = EDGE_CURVE('',#5570,#5663,#5734,.T.);
#5734 = LINE('',#5735,#5736);
#5735 = CARTESIAN_POINT('',(-62.7486,30.4,-4.0958));
#5736 = VECTOR('',#5737,1.);
#5737 = DIRECTION('',(0.,-1.,2.22044604925E-16));
#5738 = ORIENTED_EDGE('',*,*,#5662,.T.);
#5739 = ORIENTED_EDGE('',*,*,#5740,.F.);
#5740 = EDGE_CURVE('',#5562,#5655,#5741,.T.);
#5741 = LINE('',#5742,#5743);
#5742 = CARTESIAN_POINT('',(-62.7486,30.4,-2.2042));
#5743 = VECTOR('',#5744,1.);
#5744 = DIRECTION('',(0.,-1.,2.22044604925E-16));
#5745 = PLANE('',#5746);
#5746 = AXIS2_PLACEMENT_3D('',#5747,#5748,#5749);
#5747 = CARTESIAN_POINT('',(-62.7486,30.4,-4.3958));
#5748 = DIRECTION('',(-1.,0.,0.));
#5749 = DIRECTION('',(0.,2.22044604925E-16,1.));
#5750 = ADVANCED_FACE('',(#5751),#5769,.F.);
#5751 = FACE_BOUND('',#5752,.F.);
#5752 = EDGE_LOOP('',(#5753,#5761,#5767,#5768));
#5753 = ORIENTED_EDGE('',*,*,#5754,.T.);
#5754 = EDGE_CURVE('',#5685,#5755,#5757,.T.);
#5755 = VERTEX_POINT('',#5756);
#5756 = CARTESIAN_POINT('',(-63.0486,-25.1,-1.9042));
#5757 = LINE('',#5758,#5759);
#5758 = CARTESIAN_POINT('',(-63.0486,30.4,-1.9042));
#5759 = VECTOR('',#5760,1.);
#5760 = DIRECTION('',(0.,-1.,2.22044604925E-16));
#5761 = ORIENTED_EDGE('',*,*,#5762,.T.);
#5762 = EDGE_CURVE('',#5755,#5601,#5763,.T.);
#5763 = LINE('',#5764,#5765);
#5764 = CARTESIAN_POINT('',(-62.7486,-25.1,-1.9042));
#5765 = VECTOR('',#5766,1.);
#5766 = DIRECTION('',(-1.,-0.,0.));
#5767 = ORIENTED_EDGE('',*,*,#5608,.F.);
#5768 = ORIENTED_EDGE('',*,*,#5692,.F.);
#5769 = PLANE('',#5770);
#5770 = AXIS2_PLACEMENT_3D('',#5771,#5772,#5773);
#5771 = CARTESIAN_POINT('',(-62.7486,30.4,-1.9042));
#5772 = DIRECTION('',(0.,-2.22044604925E-16,-1.));
#5773 = DIRECTION('',(-1.,0.,0.));
#5774 = ADVANCED_FACE('',(#5775),#5786,.T.);
#5775 = FACE_BOUND('',#5776,.T.);
#5776 = EDGE_LOOP('',(#5777,#5783,#5784,#5785));
#5777 = ORIENTED_EDGE('',*,*,#5778,.T.);
#5778 = EDGE_CURVE('',#5655,#5755,#5779,.T.);
#5779 = LINE('',#5780,#5781);
#5780 = CARTESIAN_POINT('',(-72.1486,-16.,7.1958));
#5781 = VECTOR('',#5782,1.);
#5782 = DIRECTION('',(-0.57735026919,0.57735026919,0.57735026919));
#5783 = ORIENTED_EDGE('',*,*,#5762,.T.);
#5784 = ORIENTED_EDGE('',*,*,#5600,.F.);
#5785 = ORIENTED_EDGE('',*,*,#5654,.F.);
#5786 = PLANE('',#5787);
#5787 = AXIS2_PLACEMENT_3D('',#5788,#5789,#5790);
#5788 = CARTESIAN_POINT('',(-62.7486,-25.25,-2.0542));
#5789 = DIRECTION('',(-3.472568050348E-18,-0.707106781187,0.707106781187
    ));
#5790 = DIRECTION('',(-1.,2.455476416532E-18,-2.455476416533E-18));
#5791 = ADVANCED_FACE('',(#5792),#5810,.F.);
#5792 = FACE_BOUND('',#5793,.F.);
#5793 = EDGE_LOOP('',(#5794,#5795,#5803,#5809));
#5794 = ORIENTED_EDGE('',*,*,#5639,.T.);
#5795 = ORIENTED_EDGE('',*,*,#5796,.T.);
#5796 = EDGE_CURVE('',#5632,#5797,#5799,.T.);
#5797 = VERTEX_POINT('',#5798);
#5798 = CARTESIAN_POINT('',(-63.0486,-25.1,-4.3958));
#5799 = LINE('',#5800,#5801);
#5800 = CARTESIAN_POINT('',(-63.5486,-25.1,-4.3958));
#5801 = VECTOR('',#5802,1.);
#5802 = DIRECTION('',(1.,0.,0.));
#5803 = ORIENTED_EDGE('',*,*,#5804,.F.);
#5804 = EDGE_CURVE('',#5710,#5797,#5805,.T.);
#5805 = LINE('',#5806,#5807);
#5806 = CARTESIAN_POINT('',(-63.0486,30.4,-4.3958));
#5807 = VECTOR('',#5808,1.);
#5808 = DIRECTION('',(0.,-1.,2.22044604925E-16));
#5809 = ORIENTED_EDGE('',*,*,#5709,.F.);
#5810 = PLANE('',#5811);
#5811 = AXIS2_PLACEMENT_3D('',#5812,#5813,#5814);
#5812 = CARTESIAN_POINT('',(-63.5486,30.4,-4.3958));
#5813 = DIRECTION('',(0.,2.22044604925E-16,1.));
#5814 = DIRECTION('',(1.,0.,0.));
#5815 = ADVANCED_FACE('',(#5816),#5827,.T.);
#5816 = FACE_BOUND('',#5817,.T.);
#5817 = EDGE_LOOP('',(#5818,#5819,#5820,#5826));
#5818 = ORIENTED_EDGE('',*,*,#5631,.T.);
#5819 = ORIENTED_EDGE('',*,*,#5796,.T.);
#5820 = ORIENTED_EDGE('',*,*,#5821,.T.);
#5821 = EDGE_CURVE('',#5797,#5663,#5822,.T.);
#5822 = LINE('',#5823,#5824);
#5823 = CARTESIAN_POINT('',(-72.28193333333,-15.86666666666,
    -13.62913333333));
#5824 = VECTOR('',#5825,1.);
#5825 = DIRECTION('',(0.57735026919,-0.57735026919,0.57735026919));
#5826 = ORIENTED_EDGE('',*,*,#5670,.F.);
#5827 = PLANE('',#5828);
#5828 = AXIS2_PLACEMENT_3D('',#5829,#5830,#5831);
#5829 = CARTESIAN_POINT('',(-63.5486,-25.25,-4.2458));
#5830 = DIRECTION('',(0.,-0.707106781187,-0.707106781187));
#5831 = DIRECTION('',(1.,0.,0.));
#5832 = ADVANCED_FACE('',(#5833),#5839,.T.);
#5833 = FACE_BOUND('',#5834,.F.);
#5834 = EDGE_LOOP('',(#5835,#5836,#5837,#5838));
#5835 = ORIENTED_EDGE('',*,*,#5684,.F.);
#5836 = ORIENTED_EDGE('',*,*,#5740,.T.);
#5837 = ORIENTED_EDGE('',*,*,#5778,.T.);
#5838 = ORIENTED_EDGE('',*,*,#5754,.F.);
#5839 = PLANE('',#5840);
#5840 = AXIS2_PLACEMENT_3D('',#5841,#5842,#5843);
#5841 = CARTESIAN_POINT('',(-62.8986,30.4,-2.0542));
#5842 = DIRECTION('',(0.707106781187,1.520493106126E-16,0.707106781187)
  );
#5843 = DIRECTION('',(3.507203853638E-18,1.,-2.185374010714E-16));
#5844 = ADVANCED_FACE('',(#5845),#5851,.T.);
#5845 = FACE_BOUND('',#5846,.F.);
#5846 = EDGE_LOOP('',(#5847,#5848,#5849,#5850));
#5847 = ORIENTED_EDGE('',*,*,#5717,.F.);
#5848 = ORIENTED_EDGE('',*,*,#5804,.T.);
#5849 = ORIENTED_EDGE('',*,*,#5821,.T.);
#5850 = ORIENTED_EDGE('',*,*,#5733,.F.);
#5851 = PLANE('',#5852);
#5852 = AXIS2_PLACEMENT_3D('',#5853,#5854,#5855);
#5853 = CARTESIAN_POINT('',(-62.8986,30.4,-4.2458));
#5854 = DIRECTION('',(0.707106781187,-1.520493106126E-16,-0.707106781187
    ));
#5855 = DIRECTION('',(-3.507203853638E-18,1.,-2.185374010714E-16));
#5856 = ( GEOMETRIC_REPRESENTATION_CONTEXT(3) 
GLOBAL_UNCERTAINTY_ASSIGNED_CONTEXT((#5860)) 
GLOBAL_UNIT_ASSIGNED_CONTEXT((#5857,#5858,#5859)) REPRESENTATION_CONTEXT
('Context #1','3D Context with UNIT and UNCERTAINTY') );
#5857 = ( LENGTH_UNIT() NAMED_UNIT(*) SI_UNIT(.MILLI.,.METRE.) );
#5858 = ( NAMED_UNIT(*) PLANE_ANGLE_UNIT() SI_UNIT($,.RADIAN.) );
#5859 = ( NAMED_UNIT(*) SI_UNIT($,.STERADIAN.) SOLID_ANGLE_UNIT() );
#5860 = UNCERTAINTY_MEASURE_WITH_UNIT(LENGTH_MEASURE(1.E-07),#5857,
  'distance_accuracy_value','confusion accuracy');
#5861 = CONTEXT_DEPENDENT_SHAPE_REPRESENTATION(#5862,#5864);
#5862 = ( REPRESENTATION_RELATIONSHIP('','',#5513,#10) 
REPRESENTATION_RELATIONSHIP_WITH_TRANSFORMATION(#5863) 
SHAPE_REPRESENTATION_RELATIONSHIP() );
#5863 = ITEM_DEFINED_TRANSFORMATION('','',#11,#19);
#5864 = PRODUCT_DEFINITION_SHAPE('Placement','Placement of an item',
  #5865);
#5865 = NEXT_ASSEMBLY_USAGE_OCCURRENCE('2','Sup','',#5,#5508,$);
#5866 = PRODUCT_RELATED_PRODUCT_CATEGORY('part',$,(#5510));
#5867 = SHAPE_DEFINITION_REPRESENTATION(#5868,#5874);
#5868 = PRODUCT_DEFINITION_SHAPE('','',#5869);
#5869 = PRODUCT_DEFINITION('design','',#5870,#5873);
#5870 = PRODUCT_DEFINITION_FORMATION('','',#5871);
#5871 = PRODUCT('Body002','Body002','',(#5872));
#5872 = PRODUCT_CONTEXT('',#2,'mechanical');
#5873 = PRODUCT_DEFINITION_CONTEXT('part definition',#2,'design');
#5874 = ADVANCED_BREP_SHAPE_REPRESENTATION('',(#11,#5875),#6217);
#5875 = MANIFOLD_SOLID_BREP('',#5876);
#5876 = CLOSED_SHELL('',(#5877,#5917,#5948,#5979,#6010,#6041,#6065,#6089
    ,#6111,#6135,#6152,#6176,#6193,#6205));
#5877 = ADVANCED_FACE('',(#5878),#5912,.F.);
#5878 = FACE_BOUND('',#5879,.F.);
#5879 = EDGE_LOOP('',(#5880,#5890,#5898,#5906));
#5880 = ORIENTED_EDGE('',*,*,#5881,.F.);
#5881 = EDGE_CURVE('',#5882,#5884,#5886,.T.);
#5882 = VERTEX_POINT('',#5883);
#5883 = CARTESIAN_POINT('',(-63.5486,30.4,-2.2042));
#5884 = VERTEX_POINT('',#5885);
#5885 = CARTESIAN_POINT('',(-63.5486,30.4,-4.0958));
#5886 = LINE('',#5887,#5888);
#5887 = CARTESIAN_POINT('',(-63.5486,30.4,-1.9042));
#5888 = VECTOR('',#5889,1.);
#5889 = DIRECTION('',(0.,-2.22044604925E-16,-1.));
#5890 = ORIENTED_EDGE('',*,*,#5891,.T.);
#5891 = EDGE_CURVE('',#5882,#5892,#5894,.T.);
#5892 = VERTEX_POINT('',#5893);
#5893 = CARTESIAN_POINT('',(-63.5486,-25.4,-2.2042));
#5894 = LINE('',#5895,#5896);
#5895 = CARTESIAN_POINT('',(-63.5486,30.4,-2.2042));
#5896 = VECTOR('',#5897,1.);
#5897 = DIRECTION('',(0.,-1.,2.22044604925E-16));
#5898 = ORIENTED_EDGE('',*,*,#5899,.T.);
#5899 = EDGE_CURVE('',#5892,#5900,#5902,.T.);
#5900 = VERTEX_POINT('',#5901);
#5901 = CARTESIAN_POINT('',(-63.5486,-25.4,-4.0958));
#5902 = LINE('',#5903,#5904);
#5903 = CARTESIAN_POINT('',(-63.5486,-25.4,-1.9042));
#5904 = VECTOR('',#5905,1.);
#5905 = DIRECTION('',(0.,-2.22044604925E-16,-1.));
#5906 = ORIENTED_EDGE('',*,*,#5907,.F.);
#5907 = EDGE_CURVE('',#5884,#5900,#5908,.T.);
#5908 = LINE('',#5909,#5910);
#5909 = CARTESIAN_POINT('',(-63.5486,30.4,-4.0958));
#5910 = VECTOR('',#5911,1.);
#5911 = DIRECTION('',(0.,-1.,2.22044604925E-16));
#5912 = PLANE('',#5913);
#5913 = AXIS2_PLACEMENT_3D('',#5914,#5915,#5916);
#5914 = CARTESIAN_POINT('',(-63.5486,30.4,-1.9042));
#5915 = DIRECTION('',(1.,0.,0.));
#5916 = DIRECTION('',(0.,-2.22044604925E-16,-1.));
#5917 = ADVANCED_FACE('',(#5918),#5943,.T.);
#5918 = FACE_BOUND('',#5919,.T.);
#5919 = EDGE_LOOP('',(#5920,#5921,#5929,#5937));
#5920 = ORIENTED_EDGE('',*,*,#5881,.F.);
#5921 = ORIENTED_EDGE('',*,*,#5922,.F.);
#5922 = EDGE_CURVE('',#5923,#5882,#5925,.T.);
#5923 = VERTEX_POINT('',#5924);
#5924 = CARTESIAN_POINT('',(-62.7486,30.4,-2.2042));
#5925 = LINE('',#5926,#5927);
#5926 = CARTESIAN_POINT('',(-62.7486,30.4,-2.2042));
#5927 = VECTOR('',#5928,1.);
#5928 = DIRECTION('',(-1.,0.,0.));
#5929 = ORIENTED_EDGE('',*,*,#5930,.F.);
#5930 = EDGE_CURVE('',#5931,#5923,#5933,.T.);
#5931 = VERTEX_POINT('',#5932);
#5932 = CARTESIAN_POINT('',(-62.7486,30.4,-4.0958));
#5933 = LINE('',#5934,#5935);
#5934 = CARTESIAN_POINT('',(-62.7486,30.4,-4.3958));
#5935 = VECTOR('',#5936,1.);
#5936 = DIRECTION('',(0.,2.22044604925E-16,1.));
#5937 = ORIENTED_EDGE('',*,*,#5938,.F.);
#5938 = EDGE_CURVE('',#5884,#5931,#5939,.T.);
#5939 = LINE('',#5940,#5941);
#5940 = CARTESIAN_POINT('',(-63.5486,30.4,-4.0958));
#5941 = VECTOR('',#5942,1.);
#5942 = DIRECTION('',(1.,0.,0.));
#5943 = PLANE('',#5944);
#5944 = AXIS2_PLACEMENT_3D('',#5945,#5946,#5947);
#5945 = CARTESIAN_POINT('',(-63.1486,30.4,-3.15));
#5946 = DIRECTION('',(0.,1.,0.));
#5947 = DIRECTION('',(0.,0.,1.));
#5948 = ADVANCED_FACE('',(#5949),#5974,.T.);
#5949 = FACE_BOUND('',#5950,.T.);
#5950 = EDGE_LOOP('',(#5951,#5959,#5960,#5968));
#5951 = ORIENTED_EDGE('',*,*,#5952,.F.);
#5952 = EDGE_CURVE('',#5882,#5953,#5955,.T.);
#5953 = VERTEX_POINT('',#5954);
#5954 = CARTESIAN_POINT('',(-63.2486,30.1,-1.9042));
#5955 = LINE('',#5956,#5957);
#5956 = CARTESIAN_POINT('',(-63.31526666666,30.166666666667,
    -1.970866666667));
#5957 = VECTOR('',#5958,1.);
#5958 = DIRECTION('',(0.57735026919,-0.57735026919,0.57735026919));
#5959 = ORIENTED_EDGE('',*,*,#5891,.T.);
#5960 = ORIENTED_EDGE('',*,*,#5961,.T.);
#5961 = EDGE_CURVE('',#5892,#5962,#5964,.T.);
#5962 = VERTEX_POINT('',#5963);
#5963 = CARTESIAN_POINT('',(-63.2486,-25.1,-1.9042));
#5964 = LINE('',#5965,#5966);
#5965 = CARTESIAN_POINT('',(-54.01526666666,-15.86666666666,
    7.329133333333));
#5966 = VECTOR('',#5967,1.);
#5967 = DIRECTION('',(0.57735026919,0.57735026919,0.57735026919));
#5968 = ORIENTED_EDGE('',*,*,#5969,.F.);
#5969 = EDGE_CURVE('',#5953,#5962,#5970,.T.);
#5970 = LINE('',#5971,#5972);
#5971 = CARTESIAN_POINT('',(-63.2486,30.4,-1.9042));
#5972 = VECTOR('',#5973,1.);
#5973 = DIRECTION('',(0.,-1.,2.22044604925E-16));
#5974 = PLANE('',#5975);
#5975 = AXIS2_PLACEMENT_3D('',#5976,#5977,#5978);
#5976 = CARTESIAN_POINT('',(-63.3986,30.4,-2.0542));
#5977 = DIRECTION('',(-0.707106781187,1.589944467133E-16,0.707106781187)
  );
#5978 = DIRECTION('',(-1.403748979427E-18,-1.,2.234483539045E-16));
#5979 = ADVANCED_FACE('',(#5980),#6005,.T.);
#5980 = FACE_BOUND('',#5981,.F.);
#5981 = EDGE_LOOP('',(#5982,#5990,#5991,#5999));
#5982 = ORIENTED_EDGE('',*,*,#5983,.F.);
#5983 = EDGE_CURVE('',#5884,#5984,#5986,.T.);
#5984 = VERTEX_POINT('',#5985);
#5985 = CARTESIAN_POINT('',(-63.2486,30.1,-4.3958));
#5986 = LINE('',#5987,#5988);
#5987 = CARTESIAN_POINT('',(-63.4486,30.3,-4.1958));
#5988 = VECTOR('',#5989,1.);
#5989 = DIRECTION('',(0.57735026919,-0.57735026919,-0.57735026919));
#5990 = ORIENTED_EDGE('',*,*,#5907,.T.);
#5991 = ORIENTED_EDGE('',*,*,#5992,.T.);
#5992 = EDGE_CURVE('',#5900,#5993,#5995,.T.);
#5993 = VERTEX_POINT('',#5994);
#5994 = CARTESIAN_POINT('',(-63.2486,-25.1,-4.3958));
#5995 = LINE('',#5996,#5997);
#5996 = CARTESIAN_POINT('',(-54.1486,-16.,-13.4958));
#5997 = VECTOR('',#5998,1.);
#5998 = DIRECTION('',(0.57735026919,0.57735026919,-0.57735026919));
#5999 = ORIENTED_EDGE('',*,*,#6000,.F.);
#6000 = EDGE_CURVE('',#5984,#5993,#6001,.T.);
#6001 = LINE('',#6002,#6003);
#6002 = CARTESIAN_POINT('',(-63.2486,30.4,-4.3958));
#6003 = VECTOR('',#6004,1.);
#6004 = DIRECTION('',(0.,-1.,2.22044604925E-16));
#6005 = PLANE('',#6006);
#6006 = AXIS2_PLACEMENT_3D('',#6007,#6008,#6009);
#6007 = CARTESIAN_POINT('',(-63.3986,30.4,-4.2458));
#6008 = DIRECTION('',(-0.707106781187,-1.589944467133E-16,
    -0.707106781187));
#6009 = DIRECTION('',(-1.403748979427E-18,1.,-2.234483539045E-16));
#6010 = ADVANCED_FACE('',(#6011),#6036,.F.);
#6011 = FACE_BOUND('',#6012,.F.);
#6012 = EDGE_LOOP('',(#6013,#6014,#6022,#6030));
#6013 = ORIENTED_EDGE('',*,*,#5899,.F.);
#6014 = ORIENTED_EDGE('',*,*,#6015,.F.);
#6015 = EDGE_CURVE('',#6016,#5892,#6018,.T.);
#6016 = VERTEX_POINT('',#6017);
#6017 = CARTESIAN_POINT('',(-62.7486,-25.4,-2.2042));
#6018 = LINE('',#6019,#6020);
#6019 = CARTESIAN_POINT('',(-62.7486,-25.4,-2.2042));
#6020 = VECTOR('',#6021,1.);
#6021 = DIRECTION('',(-1.,0.,0.));
#6022 = ORIENTED_EDGE('',*,*,#6023,.F.);
#6023 = EDGE_CURVE('',#6024,#6016,#6026,.T.);
#6024 = VERTEX_POINT('',#6025);
#6025 = CARTESIAN_POINT('',(-62.7486,-25.4,-4.0958));
#6026 = LINE('',#6027,#6028);
#6027 = CARTESIAN_POINT('',(-62.7486,-25.4,-4.3958));
#6028 = VECTOR('',#6029,1.);
#6029 = DIRECTION('',(0.,2.22044604925E-16,1.));
#6030 = ORIENTED_EDGE('',*,*,#6031,.F.);
#6031 = EDGE_CURVE('',#5900,#6024,#6032,.T.);
#6032 = LINE('',#6033,#6034);
#6033 = CARTESIAN_POINT('',(-63.5486,-25.4,-4.0958));
#6034 = VECTOR('',#6035,1.);
#6035 = DIRECTION('',(1.,0.,0.));
#6036 = PLANE('',#6037);
#6037 = AXIS2_PLACEMENT_3D('',#6038,#6039,#6040);
#6038 = CARTESIAN_POINT('',(-63.1486,-25.4,-3.15));
#6039 = DIRECTION('',(0.,1.,0.));
#6040 = DIRECTION('',(0.,0.,1.));
#6041 = ADVANCED_FACE('',(#6042),#6060,.F.);
#6042 = FACE_BOUND('',#6043,.F.);
#6043 = EDGE_LOOP('',(#6044,#6052,#6058,#6059));
#6044 = ORIENTED_EDGE('',*,*,#6045,.T.);
#6045 = EDGE_CURVE('',#5923,#6046,#6048,.T.);
#6046 = VERTEX_POINT('',#6047);
#6047 = CARTESIAN_POINT('',(-63.0486,30.1,-1.9042));
#6048 = LINE('',#6049,#6050);
#6049 = CARTESIAN_POINT('',(-62.8486,30.3,-2.1042));
#6050 = VECTOR('',#6051,1.);
#6051 = DIRECTION('',(-0.57735026919,-0.57735026919,0.57735026919));
#6052 = ORIENTED_EDGE('',*,*,#6053,.T.);
#6053 = EDGE_CURVE('',#6046,#5953,#6054,.T.);
#6054 = LINE('',#6055,#6056);
#6055 = CARTESIAN_POINT('',(-62.7486,30.1,-1.9042));
#6056 = VECTOR('',#6057,1.);
#6057 = DIRECTION('',(-1.,0.,0.));
#6058 = ORIENTED_EDGE('',*,*,#5952,.F.);
#6059 = ORIENTED_EDGE('',*,*,#5922,.F.);
#6060 = PLANE('',#6061);
#6061 = AXIS2_PLACEMENT_3D('',#6062,#6063,#6064);
#6062 = CARTESIAN_POINT('',(-62.7486,30.25,-2.0542));
#6063 = DIRECTION('',(0.,-0.707106781187,-0.707106781187));
#6064 = DIRECTION('',(-1.,0.,0.));
#6065 = ADVANCED_FACE('',(#6066),#6084,.F.);
#6066 = FACE_BOUND('',#6067,.F.);
#6067 = EDGE_LOOP('',(#6068,#6069,#6077,#6083));
#6068 = ORIENTED_EDGE('',*,*,#5983,.T.);
#6069 = ORIENTED_EDGE('',*,*,#6070,.T.);
#6070 = EDGE_CURVE('',#5984,#6071,#6073,.T.);
#6071 = VERTEX_POINT('',#6072);
#6072 = CARTESIAN_POINT('',(-63.0486,30.1,-4.3958));
#6073 = LINE('',#6074,#6075);
#6074 = CARTESIAN_POINT('',(-63.5486,30.1,-4.3958));
#6075 = VECTOR('',#6076,1.);
#6076 = DIRECTION('',(1.,0.,0.));
#6077 = ORIENTED_EDGE('',*,*,#6078,.T.);
#6078 = EDGE_CURVE('',#6071,#5931,#6079,.T.);
#6079 = LINE('',#6080,#6081);
#6080 = CARTESIAN_POINT('',(-62.98193333333,30.166666666667,
    -4.329133333333));
#6081 = VECTOR('',#6082,1.);
#6082 = DIRECTION('',(0.57735026919,0.57735026919,0.57735026919));
#6083 = ORIENTED_EDGE('',*,*,#5938,.F.);
#6084 = PLANE('',#6085);
#6085 = AXIS2_PLACEMENT_3D('',#6086,#6087,#6088);
#6086 = CARTESIAN_POINT('',(-63.5486,30.25,-4.2458));
#6087 = DIRECTION('',(0.,-0.707106781187,0.707106781187));
#6088 = DIRECTION('',(1.,0.,0.));
#6089 = ADVANCED_FACE('',(#6090),#6106,.F.);
#6090 = FACE_BOUND('',#6091,.F.);
#6091 = EDGE_LOOP('',(#6092,#6093,#6099,#6100));
#6092 = ORIENTED_EDGE('',*,*,#5930,.F.);
#6093 = ORIENTED_EDGE('',*,*,#6094,.T.);
#6094 = EDGE_CURVE('',#5931,#6024,#6095,.T.);
#6095 = LINE('',#6096,#6097);
#6096 = CARTESIAN_POINT('',(-62.7486,30.4,-4.0958));
#6097 = VECTOR('',#6098,1.);
#6098 = DIRECTION('',(0.,-1.,2.22044604925E-16));
#6099 = ORIENTED_EDGE('',*,*,#6023,.T.);
#6100 = ORIENTED_EDGE('',*,*,#6101,.F.);
#6101 = EDGE_CURVE('',#5923,#6016,#6102,.T.);
#6102 = LINE('',#6103,#6104);
#6103 = CARTESIAN_POINT('',(-62.7486,30.4,-2.2042));
#6104 = VECTOR('',#6105,1.);
#6105 = DIRECTION('',(0.,-1.,2.22044604925E-16));
#6106 = PLANE('',#6107);
#6107 = AXIS2_PLACEMENT_3D('',#6108,#6109,#6110);
#6108 = CARTESIAN_POINT('',(-62.7486,30.4,-4.3958));
#6109 = DIRECTION('',(-1.,0.,0.));
#6110 = DIRECTION('',(0.,2.22044604925E-16,1.));
#6111 = ADVANCED_FACE('',(#6112),#6130,.F.);
#6112 = FACE_BOUND('',#6113,.F.);
#6113 = EDGE_LOOP('',(#6114,#6122,#6128,#6129));
#6114 = ORIENTED_EDGE('',*,*,#6115,.T.);
#6115 = EDGE_CURVE('',#6046,#6116,#6118,.T.);
#6116 = VERTEX_POINT('',#6117);
#6117 = CARTESIAN_POINT('',(-63.0486,-25.1,-1.9042));
#6118 = LINE('',#6119,#6120);
#6119 = CARTESIAN_POINT('',(-63.0486,30.4,-1.9042));
#6120 = VECTOR('',#6121,1.);
#6121 = DIRECTION('',(0.,-1.,2.22044604925E-16));
#6122 = ORIENTED_EDGE('',*,*,#6123,.T.);
#6123 = EDGE_CURVE('',#6116,#5962,#6124,.T.);
#6124 = LINE('',#6125,#6126);
#6125 = CARTESIAN_POINT('',(-62.7486,-25.1,-1.9042));
#6126 = VECTOR('',#6127,1.);
#6127 = DIRECTION('',(-1.,0.,0.));
#6128 = ORIENTED_EDGE('',*,*,#5969,.F.);
#6129 = ORIENTED_EDGE('',*,*,#6053,.F.);
#6130 = PLANE('',#6131);
#6131 = AXIS2_PLACEMENT_3D('',#6132,#6133,#6134);
#6132 = CARTESIAN_POINT('',(-62.7486,30.4,-1.9042));
#6133 = DIRECTION('',(0.,-2.22044604925E-16,-1.));
#6134 = DIRECTION('',(-1.,0.,0.));
#6135 = ADVANCED_FACE('',(#6136),#6147,.T.);
#6136 = FACE_BOUND('',#6137,.T.);
#6137 = EDGE_LOOP('',(#6138,#6144,#6145,#6146));
#6138 = ORIENTED_EDGE('',*,*,#6139,.T.);
#6139 = EDGE_CURVE('',#6016,#6116,#6140,.T.);
#6140 = LINE('',#6141,#6142);
#6141 = CARTESIAN_POINT('',(-72.1486,-16.,7.1958));
#6142 = VECTOR('',#6143,1.);
#6143 = DIRECTION('',(-0.57735026919,0.57735026919,0.57735026919));
#6144 = ORIENTED_EDGE('',*,*,#6123,.T.);
#6145 = ORIENTED_EDGE('',*,*,#5961,.F.);
#6146 = ORIENTED_EDGE('',*,*,#6015,.F.);
#6147 = PLANE('',#6148);
#6148 = AXIS2_PLACEMENT_3D('',#6149,#6150,#6151);
#6149 = CARTESIAN_POINT('',(-62.7486,-25.25,-2.0542));
#6150 = DIRECTION('',(-3.472568050348E-18,-0.707106781187,0.707106781187
    ));
#6151 = DIRECTION('',(-1.,2.455476416532E-18,-2.455476416533E-18));
#6152 = ADVANCED_FACE('',(#6153),#6171,.F.);
#6153 = FACE_BOUND('',#6154,.F.);
#6154 = EDGE_LOOP('',(#6155,#6156,#6164,#6170));
#6155 = ORIENTED_EDGE('',*,*,#6000,.T.);
#6156 = ORIENTED_EDGE('',*,*,#6157,.T.);
#6157 = EDGE_CURVE('',#5993,#6158,#6160,.T.);
#6158 = VERTEX_POINT('',#6159);
#6159 = CARTESIAN_POINT('',(-63.0486,-25.1,-4.3958));
#6160 = LINE('',#6161,#6162);
#6161 = CARTESIAN_POINT('',(-63.5486,-25.1,-4.3958));
#6162 = VECTOR('',#6163,1.);
#6163 = DIRECTION('',(1.,0.,0.));
#6164 = ORIENTED_EDGE('',*,*,#6165,.F.);
#6165 = EDGE_CURVE('',#6071,#6158,#6166,.T.);
#6166 = LINE('',#6167,#6168);
#6167 = CARTESIAN_POINT('',(-63.0486,30.4,-4.3958));
#6168 = VECTOR('',#6169,1.);
#6169 = DIRECTION('',(0.,-1.,2.22044604925E-16));
#6170 = ORIENTED_EDGE('',*,*,#6070,.F.);
#6171 = PLANE('',#6172);
#6172 = AXIS2_PLACEMENT_3D('',#6173,#6174,#6175);
#6173 = CARTESIAN_POINT('',(-63.5486,30.4,-4.3958));
#6174 = DIRECTION('',(0.,2.22044604925E-16,1.));
#6175 = DIRECTION('',(1.,0.,0.));
#6176 = ADVANCED_FACE('',(#6177),#6188,.T.);
#6177 = FACE_BOUND('',#6178,.T.);
#6178 = EDGE_LOOP('',(#6179,#6180,#6181,#6187));
#6179 = ORIENTED_EDGE('',*,*,#5992,.T.);
#6180 = ORIENTED_EDGE('',*,*,#6157,.T.);
#6181 = ORIENTED_EDGE('',*,*,#6182,.T.);
#6182 = EDGE_CURVE('',#6158,#6024,#6183,.T.);
#6183 = LINE('',#6184,#6185);
#6184 = CARTESIAN_POINT('',(-72.28193333333,-15.86666666666,
    -13.62913333333));
#6185 = VECTOR('',#6186,1.);
#6186 = DIRECTION('',(0.57735026919,-0.57735026919,0.57735026919));
#6187 = ORIENTED_EDGE('',*,*,#6031,.F.);
#6188 = PLANE('',#6189);
#6189 = AXIS2_PLACEMENT_3D('',#6190,#6191,#6192);
#6190 = CARTESIAN_POINT('',(-63.5486,-25.25,-4.2458));
#6191 = DIRECTION('',(0.,-0.707106781187,-0.707106781187));
#6192 = DIRECTION('',(1.,0.,0.));
#6193 = ADVANCED_FACE('',(#6194),#6200,.T.);
#6194 = FACE_BOUND('',#6195,.F.);
#6195 = EDGE_LOOP('',(#6196,#6197,#6198,#6199));
#6196 = ORIENTED_EDGE('',*,*,#6045,.F.);
#6197 = ORIENTED_EDGE('',*,*,#6101,.T.);
#6198 = ORIENTED_EDGE('',*,*,#6139,.T.);
#6199 = ORIENTED_EDGE('',*,*,#6115,.F.);
#6200 = PLANE('',#6201);
#6201 = AXIS2_PLACEMENT_3D('',#6202,#6203,#6204);
#6202 = CARTESIAN_POINT('',(-62.8986,30.4,-2.0542));
#6203 = DIRECTION('',(0.707106781187,1.520493106126E-16,0.707106781187)
  );
#6204 = DIRECTION('',(3.507203853638E-18,1.,-2.185374010714E-16));
#6205 = ADVANCED_FACE('',(#6206),#6212,.T.);
#6206 = FACE_BOUND('',#6207,.F.);
#6207 = EDGE_LOOP('',(#6208,#6209,#6210,#6211));
#6208 = ORIENTED_EDGE('',*,*,#6078,.F.);
#6209 = ORIENTED_EDGE('',*,*,#6165,.T.);
#6210 = ORIENTED_EDGE('',*,*,#6182,.T.);
#6211 = ORIENTED_EDGE('',*,*,#6094,.F.);
#6212 = PLANE('',#6213);
#6213 = AXIS2_PLACEMENT_3D('',#6214,#6215,#6216);
#6214 = CARTESIAN_POINT('',(-62.8986,30.4,-4.2458));
#6215 = DIRECTION('',(0.707106781187,-1.520493106126E-16,-0.707106781187
    ));
#6216 = DIRECTION('',(-3.507203853638E-18,1.,-2.185374010714E-16));
#6217 = ( GEOMETRIC_REPRESENTATION_CONTEXT(3) 
GLOBAL_UNCERTAINTY_ASSIGNED_CONTEXT((#6221)) 
GLOBAL_UNIT_ASSIGNED_CONTEXT((#6218,#6219,#6220)) REPRESENTATION_CONTEXT
('Context #1','3D Context with UNIT and UNCERTAINTY') );
#6218 = ( LENGTH_UNIT() NAMED_UNIT(*) SI_UNIT(.MILLI.,.METRE.) );
#6219 = ( NAMED_UNIT(*) PLANE_ANGLE_UNIT() SI_UNIT($,.RADIAN.) );
#6220 = ( NAMED_UNIT(*) SI_UNIT($,.STERADIAN.) SOLID_ANGLE_UNIT() );
#6221 = UNCERTAINTY_MEASURE_WITH_UNIT(LENGTH_MEASURE(1.E-07),#6218,
  'distance_accuracy_value','confusion accuracy');
#6222 = CONTEXT_DEPENDENT_SHAPE_REPRESENTATION(#6223,#6225);
#6223 = ( REPRESENTATION_RELATIONSHIP('','',#5874,#10) 
REPRESENTATION_RELATIONSHIP_WITH_TRANSFORMATION(#6224) 
SHAPE_REPRESENTATION_RELATIONSHIP() );
#6224 = ITEM_DEFINED_TRANSFORMATION('','',#11,#23);
#6225 = PRODUCT_DEFINITION_SHAPE('Placement','Placement of an item',
  #6226);
#6226 = NEXT_ASSEMBLY_USAGE_OCCURRENCE('3','Body002','',#5,#5869,$);
#6227 = PRODUCT_RELATED_PRODUCT_CATEGORY('part',$,(#5871));
#6228 = SHAPE_DEFINITION_REPRESENTATION(#6229,#6235);
#6229 = PRODUCT_DEFINITION_SHAPE('','',#6230);
#6230 = PRODUCT_DEFINITION('design','',#6231,#6234);
#6231 = PRODUCT_DEFINITION_FORMATION('','',#6232);
#6232 = PRODUCT('Body003','Body003','',(#6233));
#6233 = PRODUCT_CONTEXT('',#2,'mechanical');
#6234 = PRODUCT_DEFINITION_CONTEXT('part definition',#2,'design');
#6235 = ADVANCED_BREP_SHAPE_REPRESENTATION('',(#11,#6236),#6578);
#6236 = MANIFOLD_SOLID_BREP('',#6237);
#6237 = CLOSED_SHELL('',(#6238,#6278,#6309,#6340,#6371,#6402,#6426,#6450
    ,#6472,#6496,#6513,#6537,#6554,#6566));
#6238 = ADVANCED_FACE('',(#6239),#6273,.F.);
#6239 = FACE_BOUND('',#6240,.F.);
#6240 = EDGE_LOOP('',(#6241,#6251,#6259,#6267));
#6241 = ORIENTED_EDGE('',*,*,#6242,.F.);
#6242 = EDGE_CURVE('',#6243,#6245,#6247,.T.);
#6243 = VERTEX_POINT('',#6244);
#6244 = CARTESIAN_POINT('',(-63.5486,30.4,-2.2042));
#6245 = VERTEX_POINT('',#6246);
#6246 = CARTESIAN_POINT('',(-63.5486,30.4,-4.0958));
#6247 = LINE('',#6248,#6249);
#6248 = CARTESIAN_POINT('',(-63.5486,30.4,-1.9042));
#6249 = VECTOR('',#6250,1.);
#6250 = DIRECTION('',(0.,-2.22044604925E-16,-1.));
#6251 = ORIENTED_EDGE('',*,*,#6252,.T.);
#6252 = EDGE_CURVE('',#6243,#6253,#6255,.T.);
#6253 = VERTEX_POINT('',#6254);
#6254 = CARTESIAN_POINT('',(-63.5486,-25.4,-2.2042));
#6255 = LINE('',#6256,#6257);
#6256 = CARTESIAN_POINT('',(-63.5486,30.4,-2.2042));
#6257 = VECTOR('',#6258,1.);
#6258 = DIRECTION('',(0.,-1.,2.22044604925E-16));
#6259 = ORIENTED_EDGE('',*,*,#6260,.T.);
#6260 = EDGE_CURVE('',#6253,#6261,#6263,.T.);
#6261 = VERTEX_POINT('',#6262);
#6262 = CARTESIAN_POINT('',(-63.5486,-25.4,-4.0958));
#6263 = LINE('',#6264,#6265);
#6264 = CARTESIAN_POINT('',(-63.5486,-25.4,-1.9042));
#6265 = VECTOR('',#6266,1.);
#6266 = DIRECTION('',(0.,-2.22044604925E-16,-1.));
#6267 = ORIENTED_EDGE('',*,*,#6268,.F.);
#6268 = EDGE_CURVE('',#6245,#6261,#6269,.T.);
#6269 = LINE('',#6270,#6271);
#6270 = CARTESIAN_POINT('',(-63.5486,30.4,-4.0958));
#6271 = VECTOR('',#6272,1.);
#6272 = DIRECTION('',(0.,-1.,2.22044604925E-16));
#6273 = PLANE('',#6274);
#6274 = AXIS2_PLACEMENT_3D('',#6275,#6276,#6277);
#6275 = CARTESIAN_POINT('',(-63.5486,30.4,-1.9042));
#6276 = DIRECTION('',(1.,0.,0.));
#6277 = DIRECTION('',(0.,-2.22044604925E-16,-1.));
#6278 = ADVANCED_FACE('',(#6279),#6304,.T.);
#6279 = FACE_BOUND('',#6280,.T.);
#6280 = EDGE_LOOP('',(#6281,#6282,#6290,#6298));
#6281 = ORIENTED_EDGE('',*,*,#6242,.F.);
#6282 = ORIENTED_EDGE('',*,*,#6283,.F.);
#6283 = EDGE_CURVE('',#6284,#6243,#6286,.T.);
#6284 = VERTEX_POINT('',#6285);
#6285 = CARTESIAN_POINT('',(-62.7486,30.4,-2.2042));
#6286 = LINE('',#6287,#6288);
#6287 = CARTESIAN_POINT('',(-62.7486,30.4,-2.2042));
#6288 = VECTOR('',#6289,1.);
#6289 = DIRECTION('',(-1.,0.,0.));
#6290 = ORIENTED_EDGE('',*,*,#6291,.F.);
#6291 = EDGE_CURVE('',#6292,#6284,#6294,.T.);
#6292 = VERTEX_POINT('',#6293);
#6293 = CARTESIAN_POINT('',(-62.7486,30.4,-4.0958));
#6294 = LINE('',#6295,#6296);
#6295 = CARTESIAN_POINT('',(-62.7486,30.4,-4.3958));
#6296 = VECTOR('',#6297,1.);
#6297 = DIRECTION('',(0.,2.22044604925E-16,1.));
#6298 = ORIENTED_EDGE('',*,*,#6299,.F.);
#6299 = EDGE_CURVE('',#6245,#6292,#6300,.T.);
#6300 = LINE('',#6301,#6302);
#6301 = CARTESIAN_POINT('',(-63.5486,30.4,-4.0958));
#6302 = VECTOR('',#6303,1.);
#6303 = DIRECTION('',(1.,0.,0.));
#6304 = PLANE('',#6305);
#6305 = AXIS2_PLACEMENT_3D('',#6306,#6307,#6308);
#6306 = CARTESIAN_POINT('',(-63.1486,30.4,-3.15));
#6307 = DIRECTION('',(0.,1.,0.));
#6308 = DIRECTION('',(0.,0.,1.));
#6309 = ADVANCED_FACE('',(#6310),#6335,.T.);
#6310 = FACE_BOUND('',#6311,.T.);
#6311 = EDGE_LOOP('',(#6312,#6320,#6321,#6329));
#6312 = ORIENTED_EDGE('',*,*,#6313,.F.);
#6313 = EDGE_CURVE('',#6243,#6314,#6316,.T.);
#6314 = VERTEX_POINT('',#6315);
#6315 = CARTESIAN_POINT('',(-63.2486,30.1,-1.9042));
#6316 = LINE('',#6317,#6318);
#6317 = CARTESIAN_POINT('',(-63.31526666666,30.166666666667,
    -1.970866666667));
#6318 = VECTOR('',#6319,1.);
#6319 = DIRECTION('',(0.57735026919,-0.57735026919,0.57735026919));
#6320 = ORIENTED_EDGE('',*,*,#6252,.T.);
#6321 = ORIENTED_EDGE('',*,*,#6322,.T.);
#6322 = EDGE_CURVE('',#6253,#6323,#6325,.T.);
#6323 = VERTEX_POINT('',#6324);
#6324 = CARTESIAN_POINT('',(-63.2486,-25.1,-1.9042));
#6325 = LINE('',#6326,#6327);
#6326 = CARTESIAN_POINT('',(-54.01526666666,-15.86666666666,
    7.329133333333));
#6327 = VECTOR('',#6328,1.);
#6328 = DIRECTION('',(0.57735026919,0.57735026919,0.57735026919));
#6329 = ORIENTED_EDGE('',*,*,#6330,.F.);
#6330 = EDGE_CURVE('',#6314,#6323,#6331,.T.);
#6331 = LINE('',#6332,#6333);
#6332 = CARTESIAN_POINT('',(-63.2486,30.4,-1.9042));
#6333 = VECTOR('',#6334,1.);
#6334 = DIRECTION('',(0.,-1.,2.22044604925E-16));
#6335 = PLANE('',#6336);
#6336 = AXIS2_PLACEMENT_3D('',#6337,#6338,#6339);
#6337 = CARTESIAN_POINT('',(-63.3986,30.4,-2.0542));
#6338 = DIRECTION('',(-0.707106781187,1.589944467133E-16,0.707106781187)
  );
#6339 = DIRECTION('',(-1.403748979427E-18,-1.,2.234483539045E-16));
#6340 = ADVANCED_FACE('',(#6341),#6366,.T.);
#6341 = FACE_BOUND('',#6342,.F.);
#6342 = EDGE_LOOP('',(#6343,#6351,#6352,#6360));
#6343 = ORIENTED_EDGE('',*,*,#6344,.F.);
#6344 = EDGE_CURVE('',#6245,#6345,#6347,.T.);
#6345 = VERTEX_POINT('',#6346);
#6346 = CARTESIAN_POINT('',(-63.2486,30.1,-4.3958));
#6347 = LINE('',#6348,#6349);
#6348 = CARTESIAN_POINT('',(-63.4486,30.3,-4.1958));
#6349 = VECTOR('',#6350,1.);
#6350 = DIRECTION('',(0.57735026919,-0.57735026919,-0.57735026919));
#6351 = ORIENTED_EDGE('',*,*,#6268,.T.);
#6352 = ORIENTED_EDGE('',*,*,#6353,.T.);
#6353 = EDGE_CURVE('',#6261,#6354,#6356,.T.);
#6354 = VERTEX_POINT('',#6355);
#6355 = CARTESIAN_POINT('',(-63.2486,-25.1,-4.3958));
#6356 = LINE('',#6357,#6358);
#6357 = CARTESIAN_POINT('',(-54.1486,-16.,-13.4958));
#6358 = VECTOR('',#6359,1.);
#6359 = DIRECTION('',(0.57735026919,0.57735026919,-0.57735026919));
#6360 = ORIENTED_EDGE('',*,*,#6361,.F.);
#6361 = EDGE_CURVE('',#6345,#6354,#6362,.T.);
#6362 = LINE('',#6363,#6364);
#6363 = CARTESIAN_POINT('',(-63.2486,30.4,-4.3958));
#6364 = VECTOR('',#6365,1.);
#6365 = DIRECTION('',(0.,-1.,2.22044604925E-16));
#6366 = PLANE('',#6367);
#6367 = AXIS2_PLACEMENT_3D('',#6368,#6369,#6370);
#6368 = CARTESIAN_POINT('',(-63.3986,30.4,-4.2458));
#6369 = DIRECTION('',(-0.707106781187,-1.589944467133E-16,
    -0.707106781187));
#6370 = DIRECTION('',(-1.403748979427E-18,1.,-2.234483539045E-16));
#6371 = ADVANCED_FACE('',(#6372),#6397,.F.);
#6372 = FACE_BOUND('',#6373,.F.);
#6373 = EDGE_LOOP('',(#6374,#6375,#6383,#6391));
#6374 = ORIENTED_EDGE('',*,*,#6260,.F.);
#6375 = ORIENTED_EDGE('',*,*,#6376,.F.);
#6376 = EDGE_CURVE('',#6377,#6253,#6379,.T.);
#6377 = VERTEX_POINT('',#6378);
#6378 = CARTESIAN_POINT('',(-62.7486,-25.4,-2.2042));
#6379 = LINE('',#6380,#6381);
#6380 = CARTESIAN_POINT('',(-62.7486,-25.4,-2.2042));
#6381 = VECTOR('',#6382,1.);
#6382 = DIRECTION('',(-1.,0.,0.));
#6383 = ORIENTED_EDGE('',*,*,#6384,.F.);
#6384 = EDGE_CURVE('',#6385,#6377,#6387,.T.);
#6385 = VERTEX_POINT('',#6386);
#6386 = CARTESIAN_POINT('',(-62.7486,-25.4,-4.0958));
#6387 = LINE('',#6388,#6389);
#6388 = CARTESIAN_POINT('',(-62.7486,-25.4,-4.3958));
#6389 = VECTOR('',#6390,1.);
#6390 = DIRECTION('',(0.,2.22044604925E-16,1.));
#6391 = ORIENTED_EDGE('',*,*,#6392,.F.);
#6392 = EDGE_CURVE('',#6261,#6385,#6393,.T.);
#6393 = LINE('',#6394,#6395);
#6394 = CARTESIAN_POINT('',(-63.5486,-25.4,-4.0958));
#6395 = VECTOR('',#6396,1.);
#6396 = DIRECTION('',(1.,0.,0.));
#6397 = PLANE('',#6398);
#6398 = AXIS2_PLACEMENT_3D('',#6399,#6400,#6401);
#6399 = CARTESIAN_POINT('',(-63.1486,-25.4,-3.15));
#6400 = DIRECTION('',(0.,1.,0.));
#6401 = DIRECTION('',(0.,0.,1.));
#6402 = ADVANCED_FACE('',(#6403),#6421,.F.);
#6403 = FACE_BOUND('',#6404,.F.);
#6404 = EDGE_LOOP('',(#6405,#6413,#6419,#6420));
#6405 = ORIENTED_EDGE('',*,*,#6406,.T.);
#6406 = EDGE_CURVE('',#6284,#6407,#6409,.T.);
#6407 = VERTEX_POINT('',#6408);
#6408 = CARTESIAN_POINT('',(-63.0486,30.1,-1.9042));
#6409 = LINE('',#6410,#6411);
#6410 = CARTESIAN_POINT('',(-62.8486,30.3,-2.1042));
#6411 = VECTOR('',#6412,1.);
#6412 = DIRECTION('',(-0.57735026919,-0.57735026919,0.57735026919));
#6413 = ORIENTED_EDGE('',*,*,#6414,.T.);
#6414 = EDGE_CURVE('',#6407,#6314,#6415,.T.);
#6415 = LINE('',#6416,#6417);
#6416 = CARTESIAN_POINT('',(-62.7486,30.1,-1.9042));
#6417 = VECTOR('',#6418,1.);
#6418 = DIRECTION('',(-1.,0.,0.));
#6419 = ORIENTED_EDGE('',*,*,#6313,.F.);
#6420 = ORIENTED_EDGE('',*,*,#6283,.F.);
#6421 = PLANE('',#6422);
#6422 = AXIS2_PLACEMENT_3D('',#6423,#6424,#6425);
#6423 = CARTESIAN_POINT('',(-62.7486,30.25,-2.0542));
#6424 = DIRECTION('',(0.,-0.707106781187,-0.707106781187));
#6425 = DIRECTION('',(-1.,0.,0.));
#6426 = ADVANCED_FACE('',(#6427),#6445,.F.);
#6427 = FACE_BOUND('',#6428,.F.);
#6428 = EDGE_LOOP('',(#6429,#6430,#6438,#6444));
#6429 = ORIENTED_EDGE('',*,*,#6344,.T.);
#6430 = ORIENTED_EDGE('',*,*,#6431,.T.);
#6431 = EDGE_CURVE('',#6345,#6432,#6434,.T.);
#6432 = VERTEX_POINT('',#6433);
#6433 = CARTESIAN_POINT('',(-63.0486,30.1,-4.3958));
#6434 = LINE('',#6435,#6436);
#6435 = CARTESIAN_POINT('',(-63.5486,30.1,-4.3958));
#6436 = VECTOR('',#6437,1.);
#6437 = DIRECTION('',(1.,0.,0.));
#6438 = ORIENTED_EDGE('',*,*,#6439,.T.);
#6439 = EDGE_CURVE('',#6432,#6292,#6440,.T.);
#6440 = LINE('',#6441,#6442);
#6441 = CARTESIAN_POINT('',(-62.98193333333,30.166666666667,
    -4.329133333333));
#6442 = VECTOR('',#6443,1.);
#6443 = DIRECTION('',(0.57735026919,0.57735026919,0.57735026919));
#6444 = ORIENTED_EDGE('',*,*,#6299,.F.);
#6445 = PLANE('',#6446);
#6446 = AXIS2_PLACEMENT_3D('',#6447,#6448,#6449);
#6447 = CARTESIAN_POINT('',(-63.5486,30.25,-4.2458));
#6448 = DIRECTION('',(0.,-0.707106781187,0.707106781187));
#6449 = DIRECTION('',(1.,0.,0.));
#6450 = ADVANCED_FACE('',(#6451),#6467,.F.);
#6451 = FACE_BOUND('',#6452,.F.);
#6452 = EDGE_LOOP('',(#6453,#6454,#6460,#6461));
#6453 = ORIENTED_EDGE('',*,*,#6291,.F.);
#6454 = ORIENTED_EDGE('',*,*,#6455,.T.);
#6455 = EDGE_CURVE('',#6292,#6385,#6456,.T.);
#6456 = LINE('',#6457,#6458);
#6457 = CARTESIAN_POINT('',(-62.7486,30.4,-4.0958));
#6458 = VECTOR('',#6459,1.);
#6459 = DIRECTION('',(0.,-1.,2.22044604925E-16));
#6460 = ORIENTED_EDGE('',*,*,#6384,.T.);
#6461 = ORIENTED_EDGE('',*,*,#6462,.F.);
#6462 = EDGE_CURVE('',#6284,#6377,#6463,.T.);
#6463 = LINE('',#6464,#6465);
#6464 = CARTESIAN_POINT('',(-62.7486,30.4,-2.2042));
#6465 = VECTOR('',#6466,1.);
#6466 = DIRECTION('',(0.,-1.,2.22044604925E-16));
#6467 = PLANE('',#6468);
#6468 = AXIS2_PLACEMENT_3D('',#6469,#6470,#6471);
#6469 = CARTESIAN_POINT('',(-62.7486,30.4,-4.3958));
#6470 = DIRECTION('',(-1.,0.,0.));
#6471 = DIRECTION('',(0.,2.22044604925E-16,1.));
#6472 = ADVANCED_FACE('',(#6473),#6491,.F.);
#6473 = FACE_BOUND('',#6474,.F.);
#6474 = EDGE_LOOP('',(#6475,#6483,#6489,#6490));
#6475 = ORIENTED_EDGE('',*,*,#6476,.T.);
#6476 = EDGE_CURVE('',#6407,#6477,#6479,.T.);
#6477 = VERTEX_POINT('',#6478);
#6478 = CARTESIAN_POINT('',(-63.0486,-25.1,-1.9042));
#6479 = LINE('',#6480,#6481);
#6480 = CARTESIAN_POINT('',(-63.0486,30.4,-1.9042));
#6481 = VECTOR('',#6482,1.);
#6482 = DIRECTION('',(0.,-1.,2.22044604925E-16));
#6483 = ORIENTED_EDGE('',*,*,#6484,.T.);
#6484 = EDGE_CURVE('',#6477,#6323,#6485,.T.);
#6485 = LINE('',#6486,#6487);
#6486 = CARTESIAN_POINT('',(-62.7486,-25.1,-1.9042));
#6487 = VECTOR('',#6488,1.);
#6488 = DIRECTION('',(-1.,0.,0.));
#6489 = ORIENTED_EDGE('',*,*,#6330,.F.);
#6490 = ORIENTED_EDGE('',*,*,#6414,.F.);
#6491 = PLANE('',#6492);
#6492 = AXIS2_PLACEMENT_3D('',#6493,#6494,#6495);
#6493 = CARTESIAN_POINT('',(-62.7486,30.4,-1.9042));
#6494 = DIRECTION('',(0.,-2.22044604925E-16,-1.));
#6495 = DIRECTION('',(-1.,0.,0.));
#6496 = ADVANCED_FACE('',(#6497),#6508,.T.);
#6497 = FACE_BOUND('',#6498,.T.);
#6498 = EDGE_LOOP('',(#6499,#6505,#6506,#6507));
#6499 = ORIENTED_EDGE('',*,*,#6500,.T.);
#6500 = EDGE_CURVE('',#6377,#6477,#6501,.T.);
#6501 = LINE('',#6502,#6503);
#6502 = CARTESIAN_POINT('',(-72.1486,-16.,7.1958));
#6503 = VECTOR('',#6504,1.);
#6504 = DIRECTION('',(-0.57735026919,0.57735026919,0.57735026919));
#6505 = ORIENTED_EDGE('',*,*,#6484,.T.);
#6506 = ORIENTED_EDGE('',*,*,#6322,.F.);
#6507 = ORIENTED_EDGE('',*,*,#6376,.F.);
#6508 = PLANE('',#6509);
#6509 = AXIS2_PLACEMENT_3D('',#6510,#6511,#6512);
#6510 = CARTESIAN_POINT('',(-62.7486,-25.25,-2.0542));
#6511 = DIRECTION('',(-3.472568050348E-18,-0.707106781187,0.707106781187
    ));
#6512 = DIRECTION('',(-1.,2.455476416532E-18,-2.455476416533E-18));
#6513 = ADVANCED_FACE('',(#6514),#6532,.F.);
#6514 = FACE_BOUND('',#6515,.F.);
#6515 = EDGE_LOOP('',(#6516,#6517,#6525,#6531));
#6516 = ORIENTED_EDGE('',*,*,#6361,.T.);
#6517 = ORIENTED_EDGE('',*,*,#6518,.T.);
#6518 = EDGE_CURVE('',#6354,#6519,#6521,.T.);
#6519 = VERTEX_POINT('',#6520);
#6520 = CARTESIAN_POINT('',(-63.0486,-25.1,-4.3958));
#6521 = LINE('',#6522,#6523);
#6522 = CARTESIAN_POINT('',(-63.5486,-25.1,-4.3958));
#6523 = VECTOR('',#6524,1.);
#6524 = DIRECTION('',(1.,0.,0.));
#6525 = ORIENTED_EDGE('',*,*,#6526,.F.);
#6526 = EDGE_CURVE('',#6432,#6519,#6527,.T.);
#6527 = LINE('',#6528,#6529);
#6528 = CARTESIAN_POINT('',(-63.0486,30.4,-4.3958));
#6529 = VECTOR('',#6530,1.);
#6530 = DIRECTION('',(0.,-1.,2.22044604925E-16));
#6531 = ORIENTED_EDGE('',*,*,#6431,.F.);
#6532 = PLANE('',#6533);
#6533 = AXIS2_PLACEMENT_3D('',#6534,#6535,#6536);
#6534 = CARTESIAN_POINT('',(-63.5486,30.4,-4.3958));
#6535 = DIRECTION('',(0.,2.22044604925E-16,1.));
#6536 = DIRECTION('',(1.,0.,0.));
#6537 = ADVANCED_FACE('',(#6538),#6549,.T.);
#6538 = FACE_BOUND('',#6539,.T.);
#6539 = EDGE_LOOP('',(#6540,#6541,#6542,#6548));
#6540 = ORIENTED_EDGE('',*,*,#6353,.T.);
#6541 = ORIENTED_EDGE('',*,*,#6518,.T.);
#6542 = ORIENTED_EDGE('',*,*,#6543,.T.);
#6543 = EDGE_CURVE('',#6519,#6385,#6544,.T.);
#6544 = LINE('',#6545,#6546);
#6545 = CARTESIAN_POINT('',(-72.28193333333,-15.86666666666,
    -13.62913333333));
#6546 = VECTOR('',#6547,1.);
#6547 = DIRECTION('',(0.57735026919,-0.57735026919,0.57735026919));
#6548 = ORIENTED_EDGE('',*,*,#6392,.F.);
#6549 = PLANE('',#6550);
#6550 = AXIS2_PLACEMENT_3D('',#6551,#6552,#6553);
#6551 = CARTESIAN_POINT('',(-63.5486,-25.25,-4.2458));
#6552 = DIRECTION('',(0.,-0.707106781187,-0.707106781187));
#6553 = DIRECTION('',(1.,0.,0.));
#6554 = ADVANCED_FACE('',(#6555),#6561,.T.);
#6555 = FACE_BOUND('',#6556,.F.);
#6556 = EDGE_LOOP('',(#6557,#6558,#6559,#6560));
#6557 = ORIENTED_EDGE('',*,*,#6406,.F.);
#6558 = ORIENTED_EDGE('',*,*,#6462,.T.);
#6559 = ORIENTED_EDGE('',*,*,#6500,.T.);
#6560 = ORIENTED_EDGE('',*,*,#6476,.F.);
#6561 = PLANE('',#6562);
#6562 = AXIS2_PLACEMENT_3D('',#6563,#6564,#6565);
#6563 = CARTESIAN_POINT('',(-62.8986,30.4,-2.0542));
#6564 = DIRECTION('',(0.707106781187,1.520493106126E-16,0.707106781187)
  );
#6565 = DIRECTION('',(3.507203853638E-18,1.,-2.185374010714E-16));
#6566 = ADVANCED_FACE('',(#6567),#6573,.T.);
#6567 = FACE_BOUND('',#6568,.F.);
#6568 = EDGE_LOOP('',(#6569,#6570,#6571,#6572));
#6569 = ORIENTED_EDGE('',*,*,#6439,.F.);
#6570 = ORIENTED_EDGE('',*,*,#6526,.T.);
#6571 = ORIENTED_EDGE('',*,*,#6543,.T.);
#6572 = ORIENTED_EDGE('',*,*,#6455,.F.);
#6573 = PLANE('',#6574);
#6574 = AXIS2_PLACEMENT_3D('',#6575,#6576,#6577);
#6575 = CARTESIAN_POINT('',(-62.8986,30.4,-4.2458));
#6576 = DIRECTION('',(0.707106781187,-1.520493106126E-16,-0.707106781187
    ));
#6577 = DIRECTION('',(-3.507203853638E-18,1.,-2.185374010714E-16));
#6578 = ( GEOMETRIC_REPRESENTATION_CONTEXT(3) 
GLOBAL_UNCERTAINTY_ASSIGNED_CONTEXT((#6582)) 
GLOBAL_UNIT_ASSIGNED_CONTEXT((#6579,#6580,#6581)) REPRESENTATION_CONTEXT
('Context #1','3D Context with UNIT and UNCERTAINTY') );
#6579 = ( LENGTH_UNIT() NAMED_UNIT(*) SI_UNIT(.MILLI.,.METRE.) );
#6580 = ( NAMED_UNIT(*) PLANE_ANGLE_UNIT() SI_UNIT($,.RADIAN.) );
#6581 = ( NAMED_UNIT(*) SI_UNIT($,.STERADIAN.) SOLID_ANGLE_UNIT() );
#6582 = UNCERTAINTY_MEASURE_WITH_UNIT(LENGTH_MEASURE(1.E-07),#6579,
  'distance_accuracy_value','confusion accuracy');
#6583 = CONTEXT_DEPENDENT_SHAPE_REPRESENTATION(#6584,#6586);
#6584 = ( REPRESENTATION_RELATIONSHIP('','',#6235,#10) 
REPRESENTATION_RELATIONSHIP_WITH_TRANSFORMATION(#6585) 
SHAPE_REPRESENTATION_RELATIONSHIP() );
#6585 = ITEM_DEFINED_TRANSFORMATION('','',#11,#27);
#6586 = PRODUCT_DEFINITION_SHAPE('Placement','Placement of an item',
  #6587);
#6587 = NEXT_ASSEMBLY_USAGE_OCCURRENCE('4','Body003','',#5,#6230,$);
#6588 = PRODUCT_RELATED_PRODUCT_CATEGORY('part',$,(#6232));
#6589 = SHAPE_DEFINITION_REPRESENTATION(#6590,#6596);
#6590 = PRODUCT_DEFINITION_SHAPE('','',#6591);
#6591 = PRODUCT_DEFINITION('design','',#6592,#6595);
#6592 = PRODUCT_DEFINITION_FORMATION('','',#6593);
#6593 = PRODUCT('Body004','Body004','',(#6594));
#6594 = PRODUCT_CONTEXT('',#2,'mechanical');
#6595 = PRODUCT_DEFINITION_CONTEXT('part definition',#2,'design');
#6596 = ADVANCED_BREP_SHAPE_REPRESENTATION('',(#11,#6597),#6939);
#6597 = MANIFOLD_SOLID_BREP('',#6598);
#6598 = CLOSED_SHELL('',(#6599,#6639,#6670,#6701,#6732,#6763,#6787,#6811
    ,#6833,#6857,#6874,#6898,#6915,#6927));
#6599 = ADVANCED_FACE('',(#6600),#6634,.F.);
#6600 = FACE_BOUND('',#6601,.F.);
#6601 = EDGE_LOOP('',(#6602,#6612,#6620,#6628));
#6602 = ORIENTED_EDGE('',*,*,#6603,.F.);
#6603 = EDGE_CURVE('',#6604,#6606,#6608,.T.);
#6604 = VERTEX_POINT('',#6605);
#6605 = CARTESIAN_POINT('',(-29.7486,30.4,-2.2042));
#6606 = VERTEX_POINT('',#6607);
#6607 = CARTESIAN_POINT('',(-29.7486,30.4,-4.0958));
#6608 = LINE('',#6609,#6610);
#6609 = CARTESIAN_POINT('',(-29.7486,30.4,-1.9042));
#6610 = VECTOR('',#6611,1.);
#6611 = DIRECTION('',(0.,-2.22044604925E-16,-1.));
#6612 = ORIENTED_EDGE('',*,*,#6613,.T.);
#6613 = EDGE_CURVE('',#6604,#6614,#6616,.T.);
#6614 = VERTEX_POINT('',#6615);
#6615 = CARTESIAN_POINT('',(-29.7486,-25.4,-2.2042));
#6616 = LINE('',#6617,#6618);
#6617 = CARTESIAN_POINT('',(-29.7486,30.4,-2.2042));
#6618 = VECTOR('',#6619,1.);
#6619 = DIRECTION('',(0.,-1.,2.22044604925E-16));
#6620 = ORIENTED_EDGE('',*,*,#6621,.T.);
#6621 = EDGE_CURVE('',#6614,#6622,#6624,.T.);
#6622 = VERTEX_POINT('',#6623);
#6623 = CARTESIAN_POINT('',(-29.7486,-25.4,-4.0958));
#6624 = LINE('',#6625,#6626);
#6625 = CARTESIAN_POINT('',(-29.7486,-25.4,-1.9042));
#6626 = VECTOR('',#6627,1.);
#6627 = DIRECTION('',(0.,-2.22044604925E-16,-1.));
#6628 = ORIENTED_EDGE('',*,*,#6629,.F.);
#6629 = EDGE_CURVE('',#6606,#6622,#6630,.T.);
#6630 = LINE('',#6631,#6632);
#6631 = CARTESIAN_POINT('',(-29.7486,30.4,-4.0958));
#6632 = VECTOR('',#6633,1.);
#6633 = DIRECTION('',(0.,-1.,2.22044604925E-16));
#6634 = PLANE('',#6635);
#6635 = AXIS2_PLACEMENT_3D('',#6636,#6637,#6638);
#6636 = CARTESIAN_POINT('',(-29.7486,30.4,-1.9042));
#6637 = DIRECTION('',(1.,0.,0.));
#6638 = DIRECTION('',(0.,-2.22044604925E-16,-1.));
#6639 = ADVANCED_FACE('',(#6640),#6665,.T.);
#6640 = FACE_BOUND('',#6641,.T.);
#6641 = EDGE_LOOP('',(#6642,#6643,#6651,#6659));
#6642 = ORIENTED_EDGE('',*,*,#6603,.F.);
#6643 = ORIENTED_EDGE('',*,*,#6644,.F.);
#6644 = EDGE_CURVE('',#6645,#6604,#6647,.T.);
#6645 = VERTEX_POINT('',#6646);
#6646 = CARTESIAN_POINT('',(-28.9486,30.4,-2.2042));
#6647 = LINE('',#6648,#6649);
#6648 = CARTESIAN_POINT('',(-28.9486,30.4,-2.2042));
#6649 = VECTOR('',#6650,1.);
#6650 = DIRECTION('',(-1.,0.,0.));
#6651 = ORIENTED_EDGE('',*,*,#6652,.F.);
#6652 = EDGE_CURVE('',#6653,#6645,#6655,.T.);
#6653 = VERTEX_POINT('',#6654);
#6654 = CARTESIAN_POINT('',(-28.9486,30.4,-4.0958));
#6655 = LINE('',#6656,#6657);
#6656 = CARTESIAN_POINT('',(-28.9486,30.4,-4.3958));
#6657 = VECTOR('',#6658,1.);
#6658 = DIRECTION('',(0.,2.22044604925E-16,1.));
#6659 = ORIENTED_EDGE('',*,*,#6660,.F.);
#6660 = EDGE_CURVE('',#6606,#6653,#6661,.T.);
#6661 = LINE('',#6662,#6663);
#6662 = CARTESIAN_POINT('',(-29.7486,30.4,-4.0958));
#6663 = VECTOR('',#6664,1.);
#6664 = DIRECTION('',(1.,0.,0.));
#6665 = PLANE('',#6666);
#6666 = AXIS2_PLACEMENT_3D('',#6667,#6668,#6669);
#6667 = CARTESIAN_POINT('',(-29.3486,30.4,-3.15));
#6668 = DIRECTION('',(0.,1.,0.));
#6669 = DIRECTION('',(0.,0.,1.));
#6670 = ADVANCED_FACE('',(#6671),#6696,.T.);
#6671 = FACE_BOUND('',#6672,.T.);
#6672 = EDGE_LOOP('',(#6673,#6681,#6682,#6690));
#6673 = ORIENTED_EDGE('',*,*,#6674,.F.);
#6674 = EDGE_CURVE('',#6604,#6675,#6677,.T.);
#6675 = VERTEX_POINT('',#6676);
#6676 = CARTESIAN_POINT('',(-29.4486,30.1,-1.9042));
#6677 = LINE('',#6678,#6679);
#6678 = CARTESIAN_POINT('',(-29.51526666666,30.166666666667,
    -1.970866666667));
#6679 = VECTOR('',#6680,1.);
#6680 = DIRECTION('',(0.57735026919,-0.57735026919,0.57735026919));
#6681 = ORIENTED_EDGE('',*,*,#6613,.T.);
#6682 = ORIENTED_EDGE('',*,*,#6683,.T.);
#6683 = EDGE_CURVE('',#6614,#6684,#6686,.T.);
#6684 = VERTEX_POINT('',#6685);
#6685 = CARTESIAN_POINT('',(-29.4486,-25.1,-1.9042));
#6686 = LINE('',#6687,#6688);
#6687 = CARTESIAN_POINT('',(-20.21526666666,-15.86666666666,
    7.329133333333));
#6688 = VECTOR('',#6689,1.);
#6689 = DIRECTION('',(0.57735026919,0.57735026919,0.57735026919));
#6690 = ORIENTED_EDGE('',*,*,#6691,.F.);
#6691 = EDGE_CURVE('',#6675,#6684,#6692,.T.);
#6692 = LINE('',#6693,#6694);
#6693 = CARTESIAN_POINT('',(-29.4486,30.4,-1.9042));
#6694 = VECTOR('',#6695,1.);
#6695 = DIRECTION('',(0.,-1.,2.22044604925E-16));
#6696 = PLANE('',#6697);
#6697 = AXIS2_PLACEMENT_3D('',#6698,#6699,#6700);
#6698 = CARTESIAN_POINT('',(-29.5986,30.4,-2.0542));
#6699 = DIRECTION('',(-0.707106781187,1.589944467133E-16,0.707106781187)
  );
#6700 = DIRECTION('',(-1.403748979427E-18,-1.,2.234483539045E-16));
#6701 = ADVANCED_FACE('',(#6702),#6727,.T.);
#6702 = FACE_BOUND('',#6703,.F.);
#6703 = EDGE_LOOP('',(#6704,#6712,#6713,#6721));
#6704 = ORIENTED_EDGE('',*,*,#6705,.F.);
#6705 = EDGE_CURVE('',#6606,#6706,#6708,.T.);
#6706 = VERTEX_POINT('',#6707);
#6707 = CARTESIAN_POINT('',(-29.4486,30.1,-4.3958));
#6708 = LINE('',#6709,#6710);
#6709 = CARTESIAN_POINT('',(-29.6486,30.3,-4.1958));
#6710 = VECTOR('',#6711,1.);
#6711 = DIRECTION('',(0.57735026919,-0.57735026919,-0.57735026919));
#6712 = ORIENTED_EDGE('',*,*,#6629,.T.);
#6713 = ORIENTED_EDGE('',*,*,#6714,.T.);
#6714 = EDGE_CURVE('',#6622,#6715,#6717,.T.);
#6715 = VERTEX_POINT('',#6716);
#6716 = CARTESIAN_POINT('',(-29.4486,-25.1,-4.3958));
#6717 = LINE('',#6718,#6719);
#6718 = CARTESIAN_POINT('',(-20.3486,-16.,-13.4958));
#6719 = VECTOR('',#6720,1.);
#6720 = DIRECTION('',(0.57735026919,0.57735026919,-0.57735026919));
#6721 = ORIENTED_EDGE('',*,*,#6722,.F.);
#6722 = EDGE_CURVE('',#6706,#6715,#6723,.T.);
#6723 = LINE('',#6724,#6725);
#6724 = CARTESIAN_POINT('',(-29.4486,30.4,-4.3958));
#6725 = VECTOR('',#6726,1.);
#6726 = DIRECTION('',(0.,-1.,2.22044604925E-16));
#6727 = PLANE('',#6728);
#6728 = AXIS2_PLACEMENT_3D('',#6729,#6730,#6731);
#6729 = CARTESIAN_POINT('',(-29.5986,30.4,-4.2458));
#6730 = DIRECTION('',(-0.707106781187,-1.589944467133E-16,
    -0.707106781187));
#6731 = DIRECTION('',(-1.403748979427E-18,1.,-2.234483539045E-16));
#6732 = ADVANCED_FACE('',(#6733),#6758,.F.);
#6733 = FACE_BOUND('',#6734,.F.);
#6734 = EDGE_LOOP('',(#6735,#6736,#6744,#6752));
#6735 = ORIENTED_EDGE('',*,*,#6621,.F.);
#6736 = ORIENTED_EDGE('',*,*,#6737,.F.);
#6737 = EDGE_CURVE('',#6738,#6614,#6740,.T.);
#6738 = VERTEX_POINT('',#6739);
#6739 = CARTESIAN_POINT('',(-28.9486,-25.4,-2.2042));
#6740 = LINE('',#6741,#6742);
#6741 = CARTESIAN_POINT('',(-28.9486,-25.4,-2.2042));
#6742 = VECTOR('',#6743,1.);
#6743 = DIRECTION('',(-1.,0.,0.));
#6744 = ORIENTED_EDGE('',*,*,#6745,.F.);
#6745 = EDGE_CURVE('',#6746,#6738,#6748,.T.);
#6746 = VERTEX_POINT('',#6747);
#6747 = CARTESIAN_POINT('',(-28.9486,-25.4,-4.0958));
#6748 = LINE('',#6749,#6750);
#6749 = CARTESIAN_POINT('',(-28.9486,-25.4,-4.3958));
#6750 = VECTOR('',#6751,1.);
#6751 = DIRECTION('',(0.,2.22044604925E-16,1.));
#6752 = ORIENTED_EDGE('',*,*,#6753,.F.);
#6753 = EDGE_CURVE('',#6622,#6746,#6754,.T.);
#6754 = LINE('',#6755,#6756);
#6755 = CARTESIAN_POINT('',(-29.7486,-25.4,-4.0958));
#6756 = VECTOR('',#6757,1.);
#6757 = DIRECTION('',(1.,0.,0.));
#6758 = PLANE('',#6759);
#6759 = AXIS2_PLACEMENT_3D('',#6760,#6761,#6762);
#6760 = CARTESIAN_POINT('',(-29.3486,-25.4,-3.15));
#6761 = DIRECTION('',(0.,1.,0.));
#6762 = DIRECTION('',(0.,0.,1.));
#6763 = ADVANCED_FACE('',(#6764),#6782,.F.);
#6764 = FACE_BOUND('',#6765,.F.);
#6765 = EDGE_LOOP('',(#6766,#6774,#6780,#6781));
#6766 = ORIENTED_EDGE('',*,*,#6767,.T.);
#6767 = EDGE_CURVE('',#6645,#6768,#6770,.T.);
#6768 = VERTEX_POINT('',#6769);
#6769 = CARTESIAN_POINT('',(-29.2486,30.1,-1.9042));
#6770 = LINE('',#6771,#6772);
#6771 = CARTESIAN_POINT('',(-29.0486,30.3,-2.1042));
#6772 = VECTOR('',#6773,1.);
#6773 = DIRECTION('',(-0.57735026919,-0.57735026919,0.57735026919));
#6774 = ORIENTED_EDGE('',*,*,#6775,.T.);
#6775 = EDGE_CURVE('',#6768,#6675,#6776,.T.);
#6776 = LINE('',#6777,#6778);
#6777 = CARTESIAN_POINT('',(-28.9486,30.1,-1.9042));
#6778 = VECTOR('',#6779,1.);
#6779 = DIRECTION('',(-1.,0.,0.));
#6780 = ORIENTED_EDGE('',*,*,#6674,.F.);
#6781 = ORIENTED_EDGE('',*,*,#6644,.F.);
#6782 = PLANE('',#6783);
#6783 = AXIS2_PLACEMENT_3D('',#6784,#6785,#6786);
#6784 = CARTESIAN_POINT('',(-28.9486,30.25,-2.0542));
#6785 = DIRECTION('',(0.,-0.707106781187,-0.707106781187));
#6786 = DIRECTION('',(-1.,0.,0.));
#6787 = ADVANCED_FACE('',(#6788),#6806,.F.);
#6788 = FACE_BOUND('',#6789,.F.);
#6789 = EDGE_LOOP('',(#6790,#6791,#6799,#6805));
#6790 = ORIENTED_EDGE('',*,*,#6705,.T.);
#6791 = ORIENTED_EDGE('',*,*,#6792,.T.);
#6792 = EDGE_CURVE('',#6706,#6793,#6795,.T.);
#6793 = VERTEX_POINT('',#6794);
#6794 = CARTESIAN_POINT('',(-29.2486,30.1,-4.3958));
#6795 = LINE('',#6796,#6797);
#6796 = CARTESIAN_POINT('',(-29.7486,30.1,-4.3958));
#6797 = VECTOR('',#6798,1.);
#6798 = DIRECTION('',(1.,0.,0.));
#6799 = ORIENTED_EDGE('',*,*,#6800,.T.);
#6800 = EDGE_CURVE('',#6793,#6653,#6801,.T.);
#6801 = LINE('',#6802,#6803);
#6802 = CARTESIAN_POINT('',(-29.18193333333,30.166666666667,
    -4.329133333333));
#6803 = VECTOR('',#6804,1.);
#6804 = DIRECTION('',(0.57735026919,0.57735026919,0.57735026919));
#6805 = ORIENTED_EDGE('',*,*,#6660,.F.);
#6806 = PLANE('',#6807);
#6807 = AXIS2_PLACEMENT_3D('',#6808,#6809,#6810);
#6808 = CARTESIAN_POINT('',(-29.7486,30.25,-4.2458));
#6809 = DIRECTION('',(0.,-0.707106781187,0.707106781187));
#6810 = DIRECTION('',(1.,0.,0.));
#6811 = ADVANCED_FACE('',(#6812),#6828,.F.);
#6812 = FACE_BOUND('',#6813,.F.);
#6813 = EDGE_LOOP('',(#6814,#6815,#6821,#6822));
#6814 = ORIENTED_EDGE('',*,*,#6652,.F.);
#6815 = ORIENTED_EDGE('',*,*,#6816,.T.);
#6816 = EDGE_CURVE('',#6653,#6746,#6817,.T.);
#6817 = LINE('',#6818,#6819);
#6818 = CARTESIAN_POINT('',(-28.9486,30.4,-4.0958));
#6819 = VECTOR('',#6820,1.);
#6820 = DIRECTION('',(0.,-1.,2.22044604925E-16));
#6821 = ORIENTED_EDGE('',*,*,#6745,.T.);
#6822 = ORIENTED_EDGE('',*,*,#6823,.F.);
#6823 = EDGE_CURVE('',#6645,#6738,#6824,.T.);
#6824 = LINE('',#6825,#6826);
#6825 = CARTESIAN_POINT('',(-28.9486,30.4,-2.2042));
#6826 = VECTOR('',#6827,1.);
#6827 = DIRECTION('',(0.,-1.,2.22044604925E-16));
#6828 = PLANE('',#6829);
#6829 = AXIS2_PLACEMENT_3D('',#6830,#6831,#6832);
#6830 = CARTESIAN_POINT('',(-28.9486,30.4,-4.3958));
#6831 = DIRECTION('',(-1.,0.,0.));
#6832 = DIRECTION('',(0.,2.22044604925E-16,1.));
#6833 = ADVANCED_FACE('',(#6834),#6852,.F.);
#6834 = FACE_BOUND('',#6835,.F.);
#6835 = EDGE_LOOP('',(#6836,#6844,#6850,#6851));
#6836 = ORIENTED_EDGE('',*,*,#6837,.T.);
#6837 = EDGE_CURVE('',#6768,#6838,#6840,.T.);
#6838 = VERTEX_POINT('',#6839);
#6839 = CARTESIAN_POINT('',(-29.2486,-25.1,-1.9042));
#6840 = LINE('',#6841,#6842);
#6841 = CARTESIAN_POINT('',(-29.2486,30.4,-1.9042));
#6842 = VECTOR('',#6843,1.);
#6843 = DIRECTION('',(0.,-1.,2.22044604925E-16));
#6844 = ORIENTED_EDGE('',*,*,#6845,.T.);
#6845 = EDGE_CURVE('',#6838,#6684,#6846,.T.);
#6846 = LINE('',#6847,#6848);
#6847 = CARTESIAN_POINT('',(-28.9486,-25.1,-1.9042));
#6848 = VECTOR('',#6849,1.);
#6849 = DIRECTION('',(-1.,0.,0.));
#6850 = ORIENTED_EDGE('',*,*,#6691,.F.);
#6851 = ORIENTED_EDGE('',*,*,#6775,.F.);
#6852 = PLANE('',#6853);
#6853 = AXIS2_PLACEMENT_3D('',#6854,#6855,#6856);
#6854 = CARTESIAN_POINT('',(-28.9486,30.4,-1.9042));
#6855 = DIRECTION('',(0.,-2.22044604925E-16,-1.));
#6856 = DIRECTION('',(-1.,0.,0.));
#6857 = ADVANCED_FACE('',(#6858),#6869,.T.);
#6858 = FACE_BOUND('',#6859,.T.);
#6859 = EDGE_LOOP('',(#6860,#6866,#6867,#6868));
#6860 = ORIENTED_EDGE('',*,*,#6861,.T.);
#6861 = EDGE_CURVE('',#6738,#6838,#6862,.T.);
#6862 = LINE('',#6863,#6864);
#6863 = CARTESIAN_POINT('',(-38.3486,-16.,7.1958));
#6864 = VECTOR('',#6865,1.);
#6865 = DIRECTION('',(-0.57735026919,0.57735026919,0.57735026919));
#6866 = ORIENTED_EDGE('',*,*,#6845,.T.);
#6867 = ORIENTED_EDGE('',*,*,#6683,.F.);
#6868 = ORIENTED_EDGE('',*,*,#6737,.F.);
#6869 = PLANE('',#6870);
#6870 = AXIS2_PLACEMENT_3D('',#6871,#6872,#6873);
#6871 = CARTESIAN_POINT('',(-28.9486,-25.25,-2.0542));
#6872 = DIRECTION('',(-3.472568050348E-18,-0.707106781187,0.707106781187
    ));
#6873 = DIRECTION('',(-1.,2.455476416532E-18,-2.455476416533E-18));
#6874 = ADVANCED_FACE('',(#6875),#6893,.F.);
#6875 = FACE_BOUND('',#6876,.F.);
#6876 = EDGE_LOOP('',(#6877,#6878,#6886,#6892));
#6877 = ORIENTED_EDGE('',*,*,#6722,.T.);
#6878 = ORIENTED_EDGE('',*,*,#6879,.T.);
#6879 = EDGE_CURVE('',#6715,#6880,#6882,.T.);
#6880 = VERTEX_POINT('',#6881);
#6881 = CARTESIAN_POINT('',(-29.2486,-25.1,-4.3958));
#6882 = LINE('',#6883,#6884);
#6883 = CARTESIAN_POINT('',(-29.7486,-25.1,-4.3958));
#6884 = VECTOR('',#6885,1.);
#6885 = DIRECTION('',(1.,0.,0.));
#6886 = ORIENTED_EDGE('',*,*,#6887,.F.);
#6887 = EDGE_CURVE('',#6793,#6880,#6888,.T.);
#6888 = LINE('',#6889,#6890);
#6889 = CARTESIAN_POINT('',(-29.2486,30.4,-4.3958));
#6890 = VECTOR('',#6891,1.);
#6891 = DIRECTION('',(0.,-1.,2.22044604925E-16));
#6892 = ORIENTED_EDGE('',*,*,#6792,.F.);
#6893 = PLANE('',#6894);
#6894 = AXIS2_PLACEMENT_3D('',#6895,#6896,#6897);
#6895 = CARTESIAN_POINT('',(-29.7486,30.4,-4.3958));
#6896 = DIRECTION('',(0.,2.22044604925E-16,1.));
#6897 = DIRECTION('',(1.,0.,0.));
#6898 = ADVANCED_FACE('',(#6899),#6910,.T.);
#6899 = FACE_BOUND('',#6900,.T.);
#6900 = EDGE_LOOP('',(#6901,#6902,#6903,#6909));
#6901 = ORIENTED_EDGE('',*,*,#6714,.T.);
#6902 = ORIENTED_EDGE('',*,*,#6879,.T.);
#6903 = ORIENTED_EDGE('',*,*,#6904,.T.);
#6904 = EDGE_CURVE('',#6880,#6746,#6905,.T.);
#6905 = LINE('',#6906,#6907);
#6906 = CARTESIAN_POINT('',(-38.48193333333,-15.86666666666,
    -13.62913333333));
#6907 = VECTOR('',#6908,1.);
#6908 = DIRECTION('',(0.57735026919,-0.57735026919,0.57735026919));
#6909 = ORIENTED_EDGE('',*,*,#6753,.F.);
#6910 = PLANE('',#6911);
#6911 = AXIS2_PLACEMENT_3D('',#6912,#6913,#6914);
#6912 = CARTESIAN_POINT('',(-29.7486,-25.25,-4.2458));
#6913 = DIRECTION('',(0.,-0.707106781187,-0.707106781187));
#6914 = DIRECTION('',(1.,0.,0.));
#6915 = ADVANCED_FACE('',(#6916),#6922,.T.);
#6916 = FACE_BOUND('',#6917,.F.);
#6917 = EDGE_LOOP('',(#6918,#6919,#6920,#6921));
#6918 = ORIENTED_EDGE('',*,*,#6767,.F.);
#6919 = ORIENTED_EDGE('',*,*,#6823,.T.);
#6920 = ORIENTED_EDGE('',*,*,#6861,.T.);
#6921 = ORIENTED_EDGE('',*,*,#6837,.F.);
#6922 = PLANE('',#6923);
#6923 = AXIS2_PLACEMENT_3D('',#6924,#6925,#6926);
#6924 = CARTESIAN_POINT('',(-29.0986,30.4,-2.0542));
#6925 = DIRECTION('',(0.707106781187,1.520493106126E-16,0.707106781187)
  );
#6926 = DIRECTION('',(3.507203853638E-18,1.,-2.185374010714E-16));
#6927 = ADVANCED_FACE('',(#6928),#6934,.T.);
#6928 = FACE_BOUND('',#6929,.F.);
#6929 = EDGE_LOOP('',(#6930,#6931,#6932,#6933));
#6930 = ORIENTED_EDGE('',*,*,#6800,.F.);
#6931 = ORIENTED_EDGE('',*,*,#6887,.T.);
#6932 = ORIENTED_EDGE('',*,*,#6904,.T.);
#6933 = ORIENTED_EDGE('',*,*,#6816,.F.);
#6934 = PLANE('',#6935);
#6935 = AXIS2_PLACEMENT_3D('',#6936,#6937,#6938);
#6936 = CARTESIAN_POINT('',(-29.0986,30.4,-4.2458));
#6937 = DIRECTION('',(0.707106781187,-1.520493106126E-16,-0.707106781187
    ));
#6938 = DIRECTION('',(-3.507203853638E-18,1.,-2.185374010714E-16));
#6939 = ( GEOMETRIC_REPRESENTATION_CONTEXT(3) 
GLOBAL_UNCERTAINTY_ASSIGNED_CONTEXT((#6943)) 
GLOBAL_UNIT_ASSIGNED_CONTEXT((#6940,#6941,#6942)) REPRESENTATION_CONTEXT
('Context #1','3D Context with UNIT and UNCERTAINTY') );
#6940 = ( LENGTH_UNIT() NAMED_UNIT(*) SI_UNIT(.MILLI.,.METRE.) );
#6941 = ( NAMED_UNIT(*) PLANE_ANGLE_UNIT() SI_UNIT($,.RADIAN.) );
#6942 = ( NAMED_UNIT(*) SI_UNIT($,.STERADIAN.) SOLID_ANGLE_UNIT() );
#6943 = UNCERTAINTY_MEASURE_WITH_UNIT(LENGTH_MEASURE(1.E-07),#6940,
  'distance_accuracy_value','confusion accuracy');
#6944 = CONTEXT_DEPENDENT_SHAPE_REPRESENTATION(#6945,#6947);
#6945 = ( REPRESENTATION_RELATIONSHIP('','',#6596,#10) 
REPRESENTATION_RELATIONSHIP_WITH_TRANSFORMATION(#6946) 
SHAPE_REPRESENTATION_RELATIONSHIP() );
#6946 = ITEM_DEFINED_TRANSFORMATION('','',#11,#31);
#6947 = PRODUCT_DEFINITION_SHAPE('Placement','Placement of an item',
  #6948);
#6948 = NEXT_ASSEMBLY_USAGE_OCCURRENCE('5','Body004','',#5,#6591,$);
#6949 = PRODUCT_RELATED_PRODUCT_CATEGORY('part',$,(#6593));
#6950 = MECHANICAL_DESIGN_GEOMETRIC_PRESENTATION_REPRESENTATION('',(
    #6951),#5856);
#6951 = STYLED_ITEM('color',(#6952),#5514);
#6952 = PRESENTATION_STYLE_ASSIGNMENT((#6953,#6959));
#6953 = SURFACE_STYLE_USAGE(.BOTH.,#6954);
#6954 = SURFACE_SIDE_STYLE('',(#6955));
#6955 = SURFACE_STYLE_FILL_AREA(#6956);
#6956 = FILL_AREA_STYLE('',(#6957));
#6957 = FILL_AREA_STYLE_COLOUR('',#6958);
#6958 = COLOUR_RGB('',0.800000010877,0.800000010877,0.800000010877);
#6959 = CURVE_STYLE('',#6960,POSITIVE_LENGTH_MEASURE(0.1),#6961);
#6960 = DRAUGHTING_PRE_DEFINED_CURVE_FONT('continuous');
#6961 = COLOUR_RGB('',9.803921802644E-02,9.803921802644E-02,
  9.803921802644E-02);
#6962 = MECHANICAL_DESIGN_GEOMETRIC_PRESENTATION_REPRESENTATION('',(
    #6963),#6578);
#6963 = STYLED_ITEM('color',(#6964),#6236);
#6964 = PRESENTATION_STYLE_ASSIGNMENT((#6965,#6970));
#6965 = SURFACE_STYLE_USAGE(.BOTH.,#6966);
#6966 = SURFACE_SIDE_STYLE('',(#6967));
#6967 = SURFACE_STYLE_FILL_AREA(#6968);
#6968 = FILL_AREA_STYLE('',(#6969));
#6969 = FILL_AREA_STYLE_COLOUR('',#6958);
#6970 = CURVE_STYLE('',#6971,POSITIVE_LENGTH_MEASURE(0.1),#6961);
#6971 = DRAUGHTING_PRE_DEFINED_CURVE_FONT('continuous');
#6972 = MECHANICAL_DESIGN_GEOMETRIC_PRESENTATION_REPRESENTATION('',(
    #6973),#6939);
#6973 = STYLED_ITEM('color',(#6974),#6597);
#6974 = PRESENTATION_STYLE_ASSIGNMENT((#6975,#6980));
#6975 = SURFACE_STYLE_USAGE(.BOTH.,#6976);
#6976 = SURFACE_SIDE_STYLE('',(#6977));
#6977 = SURFACE_STYLE_FILL_AREA(#6978);
#6978 = FILL_AREA_STYLE('',(#6979));
#6979 = FILL_AREA_STYLE_COLOUR('',#6958);
#6980 = CURVE_STYLE('',#6981,POSITIVE_LENGTH_MEASURE(0.1),#6961);
#6981 = DRAUGHTING_PRE_DEFINED_CURVE_FONT('continuous');
#6982 = MECHANICAL_DESIGN_GEOMETRIC_PRESENTATION_REPRESENTATION('',(
    #6983),#6217);
#6983 = STYLED_ITEM('color',(#6984),#5875);
#6984 = PRESENTATION_STYLE_ASSIGNMENT((#6985,#6990));
#6985 = SURFACE_STYLE_USAGE(.BOTH.,#6986);
#6986 = SURFACE_SIDE_STYLE('',(#6987));
#6987 = SURFACE_STYLE_FILL_AREA(#6988);
#6988 = FILL_AREA_STYLE('',(#6989));
#6989 = FILL_AREA_STYLE_COLOUR('',#6958);
#6990 = CURVE_STYLE('',#6991,POSITIVE_LENGTH_MEASURE(0.1),#6961);
#6991 = DRAUGHTING_PRE_DEFINED_CURVE_FONT('continuous');
#6992 = MECHANICAL_DESIGN_GEOMETRIC_PRESENTATION_REPRESENTATION('',(
    #6993),#5495);
#6993 = STYLED_ITEM('color',(#6994),#49);
#6994 = PRESENTATION_STYLE_ASSIGNMENT((#6995,#7000));
#6995 = SURFACE_STYLE_USAGE(.BOTH.,#6996);
#6996 = SURFACE_SIDE_STYLE('',(#6997));
#6997 = SURFACE_STYLE_FILL_AREA(#6998);
#6998 = FILL_AREA_STYLE('',(#6999));
#6999 = FILL_AREA_STYLE_COLOUR('',#6958);
#7000 = CURVE_STYLE('',#7001,POSITIVE_LENGTH_MEASURE(0.1),#6961);
#7001 = DRAUGHTING_PRE_DEFINED_CURVE_FONT('continuous');
ENDSEC;
END-ISO-10303-21;
