ISO-10303-21;
HEADER;
FILE_DESCRIPTION(('FreeCAD Model'),'2;1');
FILE_NAME('Open CASCADE Shape Model','2025-03-07T12:36:11',(''),(''),
  'Open CASCADE STEP processor 7.8','FreeCAD','Unknown');
FILE_SCHEMA(('AUTOMOTIVE_DESIGN { 1 0 10303 214 1 1 1 1 }'));
ENDSEC;
DATA;
#1 = APPLICATION_PROTOCOL_DEFINITION('international standard',
  'automotive_design',2000,#2);
#2 = APPLICATION_CONTEXT(
  'core data for automotive mechanical design processes');
#3 = SHAPE_DEFINITION_REPRESENTATION(#4,#10);
#4 = PRODUCT_DEFINITION_SHAPE('','',#5);
#5 = PRODUCT_DEFINITION('design','',#6,#9);
#6 = PRODUCT_DEFINITION_FORMATION('','',#7);
#7 = PRODUCT('Part','Part','',(#8));
#8 = PRODUCT_CONTEXT('',#2,'mechanical');
#9 = PRODUCT_DEFINITION_CONTEXT('part definition',#2,'design');
#10 = SHAPE_REPRESENTATION('',(#11,#15,#19,#23,#27,#31),#35);
#11 = AXIS2_PLACEMENT_3D('',#12,#13,#14);
#12 = CARTESIAN_POINT('',(0.,0.,0.));
#13 = DIRECTION('',(0.,0.,1.));
#14 = DIRECTION('',(1.,0.,-0.));
#15 = AXIS2_PLACEMENT_3D('',#16,#17,#18);
#16 = CARTESIAN_POINT('',(0.,0.,0.));
#17 = DIRECTION('',(0.,0.,1.));
#18 = DIRECTION('',(1.,0.,0.));
#19 = AXIS2_PLACEMENT_3D('',#20,#21,#22);
#20 = CARTESIAN_POINT('',(0.,0.,0.));
#21 = DIRECTION('',(0.,0.,1.));
#22 = DIRECTION('',(1.,0.,0.));
#23 = AXIS2_PLACEMENT_3D('',#24,#25,#26);
#24 = CARTESIAN_POINT('',(3.65,0.,0.));
#25 = DIRECTION('',(0.,0.,1.));
#26 = DIRECTION('',(1.,0.,0.));
#27 = AXIS2_PLACEMENT_3D('',#28,#29,#30);
#28 = CARTESIAN_POINT('',(122.5,0.,0.));
#29 = DIRECTION('',(0.,0.,1.));
#30 = DIRECTION('',(1.,0.,0.));
#31 = AXIS2_PLACEMENT_3D('',#32,#33,#34);
#32 = CARTESIAN_POINT('',(92.2,0.,0.));
#33 = DIRECTION('',(0.,0.,1.));
#34 = DIRECTION('',(1.,0.,0.));
#35 = ( GEOMETRIC_REPRESENTATION_CONTEXT(3) 
GLOBAL_UNCERTAINTY_ASSIGNED_CONTEXT((#39)) GLOBAL_UNIT_ASSIGNED_CONTEXT(
(#36,#37,#38)) REPRESENTATION_CONTEXT('Context #1',
  '3D Context with UNIT and UNCERTAINTY') );
#36 = ( LENGTH_UNIT() NAMED_UNIT(*) SI_UNIT(.MILLI.,.METRE.) );
#37 = ( NAMED_UNIT(*) PLANE_ANGLE_UNIT() SI_UNIT($,.RADIAN.) );
#38 = ( NAMED_UNIT(*) SI_UNIT($,.STERADIAN.) SOLID_ANGLE_UNIT() );
#39 = UNCERTAINTY_MEASURE_WITH_UNIT(LENGTH_MEASURE(5.E-05),#36,
  'distance_accuracy_value','confusion accuracy');
#40 = PRODUCT_RELATED_PRODUCT_CATEGORY('part',$,(#7));
#41 = SHAPE_DEFINITION_REPRESENTATION(#42,#48);
#42 = PRODUCT_DEFINITION_SHAPE('','',#43);
#43 = PRODUCT_DEFINITION('design','',#44,#47);
#44 = PRODUCT_DEFINITION_FORMATION('','',#45);
#45 = PRODUCT('Body','Body','',(#46));
#46 = PRODUCT_CONTEXT('',#2,'mechanical');
#47 = PRODUCT_DEFINITION_CONTEXT('part definition',#2,'design');
#48 = ADVANCED_BREP_SHAPE_REPRESENTATION('',(#11,#49),#6755);
#49 = MANIFOLD_SOLID_BREP('',#50);
#50 = CLOSED_SHELL('',(#51,#347,#378,#409,#433,#464,#496,#520,#544,#577,
    #610,#635,#668,#693,#717,#742,#766,#791,#815,#840,#864,#889,#913,
    #938,#962,#987,#1019,#1044,#1068,#1101,#1125,#1149,#1191,#1215,#1240
    ,#1282,#1315,#1340,#1398,#1422,#1741,#1758,#1813,#1825,#1843,#2004,
    #2044,#2078,#2204,#2222,#2239,#2263,#2281,#2355,#2372,#2384,#2408,
    #2439,#2498,#2601,#2624,#2856,#2913,#2937,#2953,#3183,#3251,#3268,
    #3292,#3413,#3487,#3513,#3574,#3617,#3702,#3746,#3792,#3809,#3833,
    #3872,#3896,#3927,#3951,#3975,#3992,#4023,#4047,#4071,#4088,#4099,
    #4117,#4128,#4168,#4191,#4226,#4249,#4266,#4379,#4500,#4517,#4552,
    #4577,#4611,#4707,#4732,#4770,#5050,#5096,#5113,#5145,#5169,#5194,
    #5225,#5249,#5273,#5290,#5321,#5345,#5369,#5386,#5441,#5459,#5493,
    #5557,#5569,#5592,#5604,#5629,#5654,#5679,#5704,#5735,#5847,#5959,
    #5999,#6028,#6053,#6078,#6095,#6177,#6192,#6207,#6216,#6225,#6234,
    #6243,#6274,#6299,#6324,#6341,#6372,#6397,#6422,#6446,#6470,#6495,
    #6520,#6537,#6619,#6641,#6658,#6675,#6692,#6709,#6726,#6743));
#51 = ADVANCED_FACE('',(#52),#342,.T.);
#52 = FACE_BOUND('',#53,.T.);
#53 = EDGE_LOOP('',(#54,#64,#72,#80,#88,#96,#104,#112,#120,#128,#136,
    #144,#152,#160,#168,#176,#184,#192,#200,#208,#216,#224,#232,#240,
    #248,#256,#264,#272,#280,#288,#296,#304,#312,#320,#328,#336));
#54 = ORIENTED_EDGE('',*,*,#55,.T.);
#55 = EDGE_CURVE('',#56,#58,#60,.T.);
#56 = VERTEX_POINT('',#57);
#57 = CARTESIAN_POINT('',(-65.1486,-30.78,0.));
#58 = VERTEX_POINT('',#59);
#59 = CARTESIAN_POINT('',(-65.1486,-30.78,1.7));
#60 = LINE('',#61,#62);
#61 = CARTESIAN_POINT('',(-65.1486,-30.78,-7.105427357601E-15));
#62 = VECTOR('',#63,1.);
#63 = DIRECTION('',(0.,-2.2E-16,1.));
#64 = ORIENTED_EDGE('',*,*,#65,.T.);
#65 = EDGE_CURVE('',#58,#66,#68,.T.);
#66 = VERTEX_POINT('',#67);
#67 = CARTESIAN_POINT('',(65.1486,-30.78,1.7));
#68 = LINE('',#69,#70);
#69 = CARTESIAN_POINT('',(-65.1486,-30.78,1.7));
#70 = VECTOR('',#71,1.);
#71 = DIRECTION('',(1.,0.,0.));
#72 = ORIENTED_EDGE('',*,*,#73,.F.);
#73 = EDGE_CURVE('',#74,#66,#76,.T.);
#74 = VERTEX_POINT('',#75);
#75 = CARTESIAN_POINT('',(65.1486,-30.78,0.));
#76 = LINE('',#77,#78);
#77 = CARTESIAN_POINT('',(65.1486,-30.78,-7.105427357601E-15));
#78 = VECTOR('',#79,1.);
#79 = DIRECTION('',(0.,-2.2E-16,1.));
#80 = ORIENTED_EDGE('',*,*,#81,.F.);
#81 = EDGE_CURVE('',#82,#74,#84,.T.);
#82 = VERTEX_POINT('',#83);
#83 = CARTESIAN_POINT('',(62.7486,-30.78,0.));
#84 = LINE('',#85,#86);
#85 = CARTESIAN_POINT('',(62.7486,-30.78,-7.105427357601E-15));
#86 = VECTOR('',#87,1.);
#87 = DIRECTION('',(1.,0.,0.));
#88 = ORIENTED_EDGE('',*,*,#89,.F.);
#89 = EDGE_CURVE('',#90,#82,#92,.T.);
#90 = VERTEX_POINT('',#91);
#91 = CARTESIAN_POINT('',(62.7486,-30.78,-1.8542));
#92 = LINE('',#93,#94);
#93 = CARTESIAN_POINT('',(62.7486,-30.78,-1.8542));
#94 = VECTOR('',#95,1.);
#95 = DIRECTION('',(0.,-2.2E-16,1.));
#96 = ORIENTED_EDGE('',*,*,#97,.T.);
#97 = EDGE_CURVE('',#90,#98,#100,.T.);
#98 = VERTEX_POINT('',#99);
#99 = CARTESIAN_POINT('',(64.0786,-30.78,-1.8542));
#100 = LINE('',#101,#102);
#101 = CARTESIAN_POINT('',(62.7486,-30.78,-1.8542));
#102 = VECTOR('',#103,1.);
#103 = DIRECTION('',(1.,0.,0.));
#104 = ORIENTED_EDGE('',*,*,#105,.F.);
#105 = EDGE_CURVE('',#106,#98,#108,.T.);
#106 = VERTEX_POINT('',#107);
#107 = CARTESIAN_POINT('',(64.0786,-30.78,-4.4958));
#108 = LINE('',#109,#110);
#109 = CARTESIAN_POINT('',(64.0786,-30.78,-4.4958));
#110 = VECTOR('',#111,1.);
#111 = DIRECTION('',(0.,-2.2E-16,1.));
#112 = ORIENTED_EDGE('',*,*,#113,.F.);
#113 = EDGE_CURVE('',#114,#106,#116,.T.);
#114 = VERTEX_POINT('',#115);
#115 = CARTESIAN_POINT('',(62.7486,-30.78,-4.4958));
#116 = LINE('',#117,#118);
#117 = CARTESIAN_POINT('',(62.7486,-30.78,-4.4958));
#118 = VECTOR('',#119,1.);
#119 = DIRECTION('',(1.,0.,0.));
#120 = ORIENTED_EDGE('',*,*,#121,.F.);
#121 = EDGE_CURVE('',#122,#114,#124,.T.);
#122 = VERTEX_POINT('',#123);
#123 = CARTESIAN_POINT('',(62.7486,-30.78,-5.8928));
#124 = LINE('',#125,#126);
#125 = CARTESIAN_POINT('',(62.7486,-30.78,-5.8928));
#126 = VECTOR('',#127,1.);
#127 = DIRECTION('',(0.,-2.2E-16,1.));
#128 = ORIENTED_EDGE('',*,*,#129,.F.);
#129 = EDGE_CURVE('',#130,#122,#132,.T.);
#130 = VERTEX_POINT('',#131);
#131 = CARTESIAN_POINT('',(59.7514,-30.78,-5.8928));
#132 = LINE('',#133,#134);
#133 = CARTESIAN_POINT('',(59.7514,-30.78,-5.8928));
#134 = VECTOR('',#135,1.);
#135 = DIRECTION('',(1.,0.,0.));
#136 = ORIENTED_EDGE('',*,*,#137,.F.);
#137 = EDGE_CURVE('',#138,#130,#140,.T.);
#138 = VERTEX_POINT('',#139);
#139 = CARTESIAN_POINT('',(59.7514,-30.78,-4.4958));
#140 = LINE('',#141,#142);
#141 = CARTESIAN_POINT('',(59.7514,-30.78,-4.4958));
#142 = VECTOR('',#143,1.);
#143 = DIRECTION('',(0.,2.2E-16,-1.));
#144 = ORIENTED_EDGE('',*,*,#145,.F.);
#145 = EDGE_CURVE('',#146,#138,#148,.T.);
#146 = VERTEX_POINT('',#147);
#147 = CARTESIAN_POINT('',(58.4214,-30.78,-4.4958));
#148 = LINE('',#149,#150);
#149 = CARTESIAN_POINT('',(58.4214,-30.78,-4.4958));
#150 = VECTOR('',#151,1.);
#151 = DIRECTION('',(1.,0.,0.));
#152 = ORIENTED_EDGE('',*,*,#153,.F.);
#153 = EDGE_CURVE('',#154,#146,#156,.T.);
#154 = VERTEX_POINT('',#155);
#155 = CARTESIAN_POINT('',(58.4214,-30.78,-1.8542));
#156 = LINE('',#157,#158);
#157 = CARTESIAN_POINT('',(58.4214,-30.78,-1.8542));
#158 = VECTOR('',#159,1.);
#159 = DIRECTION('',(0.,2.2E-16,-1.));
#160 = ORIENTED_EDGE('',*,*,#161,.F.);
#161 = EDGE_CURVE('',#162,#154,#164,.T.);
#162 = VERTEX_POINT('',#163);
#163 = CARTESIAN_POINT('',(59.7514,-30.78,-1.8542));
#164 = LINE('',#165,#166);
#165 = CARTESIAN_POINT('',(59.7514,-30.78,-1.8542));
#166 = VECTOR('',#167,1.);
#167 = DIRECTION('',(-1.,0.,0.));
#168 = ORIENTED_EDGE('',*,*,#169,.F.);
#169 = EDGE_CURVE('',#170,#162,#172,.T.);
#170 = VERTEX_POINT('',#171);
#171 = CARTESIAN_POINT('',(59.7514,-30.78,0.));
#172 = LINE('',#173,#174);
#173 = CARTESIAN_POINT('',(59.7514,-30.78,-7.105427357601E-15));
#174 = VECTOR('',#175,1.);
#175 = DIRECTION('',(0.,2.2E-16,-1.));
#176 = ORIENTED_EDGE('',*,*,#177,.F.);
#177 = EDGE_CURVE('',#178,#170,#180,.T.);
#178 = VERTEX_POINT('',#179);
#179 = CARTESIAN_POINT('',(56.4214,-30.78,0.));
#180 = LINE('',#181,#182);
#181 = CARTESIAN_POINT('',(56.4214,-30.78,-7.105427357601E-15));
#182 = VECTOR('',#183,1.);
#183 = DIRECTION('',(1.,0.,0.));
#184 = ORIENTED_EDGE('',*,*,#185,.F.);
#185 = EDGE_CURVE('',#186,#178,#188,.T.);
#186 = VERTEX_POINT('',#187);
#187 = CARTESIAN_POINT('',(56.4214,-30.78,-8.));
#188 = LINE('',#189,#190);
#189 = CARTESIAN_POINT('',(56.4214,-30.78,-8.));
#190 = VECTOR('',#191,1.);
#191 = DIRECTION('',(0.,-2.2E-16,1.));
#192 = ORIENTED_EDGE('',*,*,#193,.F.);
#193 = EDGE_CURVE('',#194,#186,#196,.T.);
#194 = VERTEX_POINT('',#195);
#195 = CARTESIAN_POINT('',(68.791693544619,-30.78,-18.13307209481));
#196 = LINE('',#197,#198);
#197 = CARTESIAN_POINT('',(73.605674003396,-30.78,-22.07642322676));
#198 = VECTOR('',#199,1.);
#199 = DIRECTION('',(-0.773591748044,-1.4E-16,0.633684312066));
#200 = ORIENTED_EDGE('',*,*,#201,.T.);
#201 = EDGE_CURVE('',#194,#202,#204,.T.);
#202 = VERTEX_POINT('',#203);
#203 = CARTESIAN_POINT('',(69.934493228278,-30.78,-24.19419704775));
#204 = LINE('',#205,#206);
#205 = CARTESIAN_POINT('',(69.674931857204,-30.78,-22.81754816909));
#206 = VECTOR('',#207,1.);
#207 = DIRECTION('',(0.185281235583,-2.2E-16,-0.982685536548));
#208 = ORIENTED_EDGE('',*,*,#209,.F.);
#209 = EDGE_CURVE('',#210,#202,#212,.T.);
#210 = VERTEX_POINT('',#211);
#211 = CARTESIAN_POINT('',(-59.87795085412,-30.78,-48.66978882057));
#212 = LINE('',#213,#214);
#213 = CARTESIAN_POINT('',(-63.80869300031,-30.78,-49.4109137629));
#214 = VECTOR('',#215,1.);
#215 = DIRECTION('',(0.982685536548,4.E-17,0.185281235583));
#216 = ORIENTED_EDGE('',*,*,#217,.T.);
#217 = EDGE_CURVE('',#210,#218,#220,.T.);
#218 = VERTEX_POINT('',#219);
#219 = CARTESIAN_POINT('',(-64.27144920375,-30.78,-25.3677676016));
#220 = LINE('',#221,#222);
#221 = CARTESIAN_POINT('',(-59.13682591179,-30.78,-52.60053096676));
#222 = VECTOR('',#223,1.);
#223 = DIRECTION('',(-0.185281235583,2.2E-16,0.982685536548));
#224 = ORIENTED_EDGE('',*,*,#225,.F.);
#225 = EDGE_CURVE('',#226,#218,#228,.T.);
#226 = VERTEX_POINT('',#227);
#227 = CARTESIAN_POINT('',(-56.4214,-30.78,-8.));
#228 = LINE('',#229,#230);
#229 = CARTESIAN_POINT('',(-56.4214,-30.78,-8.));
#230 = VECTOR('',#231,1.);
#231 = DIRECTION('',(-0.411871765211,2.E-16,-0.911241816985));
#232 = ORIENTED_EDGE('',*,*,#233,.F.);
#233 = EDGE_CURVE('',#234,#226,#236,.T.);
#234 = VERTEX_POINT('',#235);
#235 = CARTESIAN_POINT('',(-56.4214,-30.78,0.));
#236 = LINE('',#237,#238);
#237 = CARTESIAN_POINT('',(-56.4214,-30.78,-7.105427357601E-15));
#238 = VECTOR('',#239,1.);
#239 = DIRECTION('',(0.,2.2E-16,-1.));
#240 = ORIENTED_EDGE('',*,*,#241,.F.);
#241 = EDGE_CURVE('',#242,#234,#244,.T.);
#242 = VERTEX_POINT('',#243);
#243 = CARTESIAN_POINT('',(-59.7514,-30.78,0.));
#244 = LINE('',#245,#246);
#245 = CARTESIAN_POINT('',(-59.7514,-30.78,-7.105427357601E-15));
#246 = VECTOR('',#247,1.);
#247 = DIRECTION('',(1.,0.,0.));
#248 = ORIENTED_EDGE('',*,*,#249,.T.);
#249 = EDGE_CURVE('',#242,#250,#252,.T.);
#250 = VERTEX_POINT('',#251);
#251 = CARTESIAN_POINT('',(-59.7514,-30.78,-1.8542));
#252 = LINE('',#253,#254);
#253 = CARTESIAN_POINT('',(-59.7514,-30.78,-7.105427357601E-15));
#254 = VECTOR('',#255,1.);
#255 = DIRECTION('',(0.,2.2E-16,-1.));
#256 = ORIENTED_EDGE('',*,*,#257,.T.);
#257 = EDGE_CURVE('',#250,#258,#260,.T.);
#258 = VERTEX_POINT('',#259);
#259 = CARTESIAN_POINT('',(-58.4214,-30.78,-1.8542));
#260 = LINE('',#261,#262);
#261 = CARTESIAN_POINT('',(-59.7514,-30.78,-1.8542));
#262 = VECTOR('',#263,1.);
#263 = DIRECTION('',(1.,0.,0.));
#264 = ORIENTED_EDGE('',*,*,#265,.T.);
#265 = EDGE_CURVE('',#258,#266,#268,.T.);
#266 = VERTEX_POINT('',#267);
#267 = CARTESIAN_POINT('',(-58.4214,-30.78,-4.4958));
#268 = LINE('',#269,#270);
#269 = CARTESIAN_POINT('',(-58.4214,-30.78,-1.8542));
#270 = VECTOR('',#271,1.);
#271 = DIRECTION('',(0.,2.2E-16,-1.));
#272 = ORIENTED_EDGE('',*,*,#273,.F.);
#273 = EDGE_CURVE('',#274,#266,#276,.T.);
#274 = VERTEX_POINT('',#275);
#275 = CARTESIAN_POINT('',(-59.7514,-30.78,-4.4958));
#276 = LINE('',#277,#278);
#277 = CARTESIAN_POINT('',(-59.7514,-30.78,-4.4958));
#278 = VECTOR('',#279,1.);
#279 = DIRECTION('',(1.,0.,0.));
#280 = ORIENTED_EDGE('',*,*,#281,.T.);
#281 = EDGE_CURVE('',#274,#282,#284,.T.);
#282 = VERTEX_POINT('',#283);
#283 = CARTESIAN_POINT('',(-59.7514,-30.78,-5.8928));
#284 = LINE('',#285,#286);
#285 = CARTESIAN_POINT('',(-59.7514,-30.78,-4.4958));
#286 = VECTOR('',#287,1.);
#287 = DIRECTION('',(0.,2.2E-16,-1.));
#288 = ORIENTED_EDGE('',*,*,#289,.T.);
#289 = EDGE_CURVE('',#282,#290,#292,.T.);
#290 = VERTEX_POINT('',#291);
#291 = CARTESIAN_POINT('',(-62.7486,-30.78,-5.8928));
#292 = LINE('',#293,#294);
#293 = CARTESIAN_POINT('',(-59.7514,-30.78,-5.8928));
#294 = VECTOR('',#295,1.);
#295 = DIRECTION('',(-1.,0.,0.));
#296 = ORIENTED_EDGE('',*,*,#297,.T.);
#297 = EDGE_CURVE('',#290,#298,#300,.T.);
#298 = VERTEX_POINT('',#299);
#299 = CARTESIAN_POINT('',(-62.7486,-30.78,-4.4958));
#300 = LINE('',#301,#302);
#301 = CARTESIAN_POINT('',(-62.7486,-30.78,-5.8928));
#302 = VECTOR('',#303,1.);
#303 = DIRECTION('',(0.,-2.2E-16,1.));
#304 = ORIENTED_EDGE('',*,*,#305,.T.);
#305 = EDGE_CURVE('',#298,#306,#308,.T.);
#306 = VERTEX_POINT('',#307);
#307 = CARTESIAN_POINT('',(-64.0786,-30.78,-4.4958));
#308 = LINE('',#309,#310);
#309 = CARTESIAN_POINT('',(-62.7486,-30.78,-4.4958));
#310 = VECTOR('',#311,1.);
#311 = DIRECTION('',(-1.,0.,0.));
#312 = ORIENTED_EDGE('',*,*,#313,.T.);
#313 = EDGE_CURVE('',#306,#314,#316,.T.);
#314 = VERTEX_POINT('',#315);
#315 = CARTESIAN_POINT('',(-64.0786,-30.78,-1.8542));
#316 = LINE('',#317,#318);
#317 = CARTESIAN_POINT('',(-64.0786,-30.78,-4.4958));
#318 = VECTOR('',#319,1.);
#319 = DIRECTION('',(0.,-2.2E-16,1.));
#320 = ORIENTED_EDGE('',*,*,#321,.F.);
#321 = EDGE_CURVE('',#322,#314,#324,.T.);
#322 = VERTEX_POINT('',#323);
#323 = CARTESIAN_POINT('',(-62.7486,-30.78,-1.8542));
#324 = LINE('',#325,#326);
#325 = CARTESIAN_POINT('',(-62.7486,-30.78,-1.8542));
#326 = VECTOR('',#327,1.);
#327 = DIRECTION('',(-1.,0.,0.));
#328 = ORIENTED_EDGE('',*,*,#329,.F.);
#329 = EDGE_CURVE('',#330,#322,#332,.T.);
#330 = VERTEX_POINT('',#331);
#331 = CARTESIAN_POINT('',(-62.7486,-30.78,0.));
#332 = LINE('',#333,#334);
#333 = CARTESIAN_POINT('',(-62.7486,-30.78,-7.105427357601E-15));
#334 = VECTOR('',#335,1.);
#335 = DIRECTION('',(0.,2.2E-16,-1.));
#336 = ORIENTED_EDGE('',*,*,#337,.T.);
#337 = EDGE_CURVE('',#330,#56,#338,.T.);
#338 = LINE('',#339,#340);
#339 = CARTESIAN_POINT('',(-62.7486,-30.78,-7.105427357601E-15));
#340 = VECTOR('',#341,1.);
#341 = DIRECTION('',(-1.,0.,0.));
#342 = PLANE('',#343);
#343 = AXIS2_PLACEMENT_3D('',#344,#345,#346);
#344 = CARTESIAN_POINT('',(-1.94450525424,-30.78,-20.68705893713));
#345 = DIRECTION('',(0.,1.,2.2E-16));
#346 = DIRECTION('',(0.,-2.2E-16,1.));
#347 = ADVANCED_FACE('',(#348),#373,.F.);
#348 = FACE_BOUND('',#349,.F.);
#349 = EDGE_LOOP('',(#350,#360,#366,#367));
#350 = ORIENTED_EDGE('',*,*,#351,.F.);
#351 = EDGE_CURVE('',#352,#354,#356,.T.);
#352 = VERTEX_POINT('',#353);
#353 = CARTESIAN_POINT('',(-65.1486,30.78,-0.));
#354 = VERTEX_POINT('',#355);
#355 = CARTESIAN_POINT('',(-65.1486,30.78,1.7));
#356 = LINE('',#357,#358);
#357 = CARTESIAN_POINT('',(-65.1486,30.78,7.105427357601E-15));
#358 = VECTOR('',#359,1.);
#359 = DIRECTION('',(0.,-2.2E-16,1.));
#360 = ORIENTED_EDGE('',*,*,#361,.T.);
#361 = EDGE_CURVE('',#352,#56,#362,.T.);
#362 = LINE('',#363,#364);
#363 = CARTESIAN_POINT('',(-65.1486,30.78,-6.83E-15));
#364 = VECTOR('',#365,1.);
#365 = DIRECTION('',(0.,-1.,2.2E-16));
#366 = ORIENTED_EDGE('',*,*,#55,.T.);
#367 = ORIENTED_EDGE('',*,*,#368,.F.);
#368 = EDGE_CURVE('',#354,#58,#369,.T.);
#369 = LINE('',#370,#371);
#370 = CARTESIAN_POINT('',(-65.1486,30.78,1.7));
#371 = VECTOR('',#372,1.);
#372 = DIRECTION('',(0.,-1.,2.2E-16));
#373 = PLANE('',#374);
#374 = AXIS2_PLACEMENT_3D('',#375,#376,#377);
#375 = CARTESIAN_POINT('',(-65.1486,30.78,-6.83E-15));
#376 = DIRECTION('',(-1.,0.,0.));
#377 = DIRECTION('',(0.,2.2E-16,1.));
#378 = ADVANCED_FACE('',(#379),#404,.T.);
#379 = FACE_BOUND('',#380,.F.);
#380 = EDGE_LOOP('',(#381,#389,#390,#398));
#381 = ORIENTED_EDGE('',*,*,#382,.F.);
#382 = EDGE_CURVE('',#58,#383,#385,.T.);
#383 = VERTEX_POINT('',#384);
#384 = CARTESIAN_POINT('',(-65.9486,-31.58,2.5));
#385 = LINE('',#386,#387);
#386 = CARTESIAN_POINT('',(-55.15526666666,-20.78666666666,
    -8.293333333333));
#387 = VECTOR('',#388,1.);
#388 = DIRECTION('',(-0.57735026919,-0.57735026919,0.57735026919));
#389 = ORIENTED_EDGE('',*,*,#65,.T.);
#390 = ORIENTED_EDGE('',*,*,#391,.T.);
#391 = EDGE_CURVE('',#66,#392,#394,.T.);
#392 = VERTEX_POINT('',#393);
#393 = CARTESIAN_POINT('',(65.9486,-31.58,2.5));
#394 = LINE('',#395,#396);
#395 = CARTESIAN_POINT('',(33.439066666667,0.929533333333,
    -30.00953333333));
#396 = VECTOR('',#397,1.);
#397 = DIRECTION('',(0.57735026919,-0.57735026919,0.57735026919));
#398 = ORIENTED_EDGE('',*,*,#399,.F.);
#399 = EDGE_CURVE('',#383,#392,#400,.T.);
#400 = LINE('',#401,#402);
#401 = CARTESIAN_POINT('',(-65.1486,-31.58,2.5));
#402 = VECTOR('',#403,1.);
#403 = DIRECTION('',(1.,0.,0.));
#404 = PLANE('',#405);
#405 = AXIS2_PLACEMENT_3D('',#406,#407,#408);
#406 = CARTESIAN_POINT('',(-65.1486,-31.18,2.1));
#407 = DIRECTION('',(1.E-17,0.707106781187,0.707106781187));
#408 = DIRECTION('',(-1.,7.071067811865E-18,7.071067811865E-18));
#409 = ADVANCED_FACE('',(#410),#428,.F.);
#410 = FACE_BOUND('',#411,.F.);
#411 = EDGE_LOOP('',(#412,#420,#421,#422));
#412 = ORIENTED_EDGE('',*,*,#413,.T.);
#413 = EDGE_CURVE('',#414,#330,#416,.T.);
#414 = VERTEX_POINT('',#415);
#415 = CARTESIAN_POINT('',(-62.7486,30.78,-0.));
#416 = LINE('',#417,#418);
#417 = CARTESIAN_POINT('',(-62.7486,30.78,-6.83E-15));
#418 = VECTOR('',#419,1.);
#419 = DIRECTION('',(0.,-1.,2.2E-16));
#420 = ORIENTED_EDGE('',*,*,#337,.T.);
#421 = ORIENTED_EDGE('',*,*,#361,.F.);
#422 = ORIENTED_EDGE('',*,*,#423,.F.);
#423 = EDGE_CURVE('',#414,#352,#424,.T.);
#424 = LINE('',#425,#426);
#425 = CARTESIAN_POINT('',(-62.7486,30.78,7.105427357601E-15));
#426 = VECTOR('',#427,1.);
#427 = DIRECTION('',(-1.,0.,0.));
#428 = PLANE('',#429);
#429 = AXIS2_PLACEMENT_3D('',#430,#431,#432);
#430 = CARTESIAN_POINT('',(-62.7486,30.78,-6.83E-15));
#431 = DIRECTION('',(0.,-2.2E-16,-1.));
#432 = DIRECTION('',(-1.,0.,0.));
#433 = ADVANCED_FACE('',(#434),#459,.T.);
#434 = FACE_BOUND('',#435,.T.);
#435 = EDGE_LOOP('',(#436,#446,#452,#453));
#436 = ORIENTED_EDGE('',*,*,#437,.F.);
#437 = EDGE_CURVE('',#438,#440,#442,.T.);
#438 = VERTEX_POINT('',#439);
#439 = CARTESIAN_POINT('',(65.1486,30.78,0.));
#440 = VERTEX_POINT('',#441);
#441 = CARTESIAN_POINT('',(65.1486,30.78,1.7));
#442 = LINE('',#443,#444);
#443 = CARTESIAN_POINT('',(65.1486,30.78,7.105427357601E-15));
#444 = VECTOR('',#445,1.);
#445 = DIRECTION('',(0.,-2.2E-16,1.));
#446 = ORIENTED_EDGE('',*,*,#447,.T.);
#447 = EDGE_CURVE('',#438,#74,#448,.T.);
#448 = LINE('',#449,#450);
#449 = CARTESIAN_POINT('',(65.1486,30.78,-6.83E-15));
#450 = VECTOR('',#451,1.);
#451 = DIRECTION('',(0.,-1.,2.2E-16));
#452 = ORIENTED_EDGE('',*,*,#73,.T.);
#453 = ORIENTED_EDGE('',*,*,#454,.F.);
#454 = EDGE_CURVE('',#440,#66,#455,.T.);
#455 = LINE('',#456,#457);
#456 = CARTESIAN_POINT('',(65.1486,30.78,1.7));
#457 = VECTOR('',#458,1.);
#458 = DIRECTION('',(0.,-1.,2.2E-16));
#459 = PLANE('',#460);
#460 = AXIS2_PLACEMENT_3D('',#461,#462,#463);
#461 = CARTESIAN_POINT('',(65.1486,30.78,-6.83E-15));
#462 = DIRECTION('',(-1.,0.,0.));
#463 = DIRECTION('',(0.,2.2E-16,1.));
#464 = ADVANCED_FACE('',(#465),#491,.T.);
#465 = FACE_BOUND('',#466,.T.);
#466 = EDGE_LOOP('',(#467,#468,#469,#477,#485));
#467 = ORIENTED_EDGE('',*,*,#413,.T.);
#468 = ORIENTED_EDGE('',*,*,#329,.T.);
#469 = ORIENTED_EDGE('',*,*,#470,.T.);
#470 = EDGE_CURVE('',#322,#471,#473,.T.);
#471 = VERTEX_POINT('',#472);
#472 = CARTESIAN_POINT('',(-62.7486,35.441409785739,-1.8542));
#473 = LINE('',#474,#475);
#474 = CARTESIAN_POINT('',(-62.7486,30.78,-1.8542));
#475 = VECTOR('',#476,1.);
#476 = DIRECTION('',(0.,1.,-2.2E-16));
#477 = ORIENTED_EDGE('',*,*,#478,.F.);
#478 = EDGE_CURVE('',#479,#471,#481,.T.);
#479 = VERTEX_POINT('',#480);
#480 = CARTESIAN_POINT('',(-62.7486,35.355412759682,-0.));
#481 = LINE('',#482,#483);
#482 = CARTESIAN_POINT('',(-62.7486,34.743184107152,13.200390985135));
#483 = VECTOR('',#484,1.);
#484 = DIRECTION('',(0.,4.632978231831E-02,-0.998926199111));
#485 = ORIENTED_EDGE('',*,*,#486,.F.);
#486 = EDGE_CURVE('',#414,#479,#487,.T.);
#487 = LINE('',#488,#489);
#488 = CARTESIAN_POINT('',(-62.7486,30.78,-6.83E-15));
#489 = VECTOR('',#490,1.);
#490 = DIRECTION('',(0.,1.,-2.2E-16));
#491 = PLANE('',#492);
#492 = AXIS2_PLACEMENT_3D('',#493,#494,#495);
#493 = CARTESIAN_POINT('',(-62.7486,2.309703931827,-0.927685944545));
#494 = DIRECTION('',(1.,0.,0.));
#495 = DIRECTION('',(0.,-1.,-2.2E-16));
#496 = ADVANCED_FACE('',(#497),#515,.T.);
#497 = FACE_BOUND('',#498,.T.);
#498 = EDGE_LOOP('',(#499,#507,#508,#509));
#499 = ORIENTED_EDGE('',*,*,#500,.T.);
#500 = EDGE_CURVE('',#501,#82,#503,.T.);
#501 = VERTEX_POINT('',#502);
#502 = CARTESIAN_POINT('',(62.7486,30.78,0.));
#503 = LINE('',#504,#505);
#504 = CARTESIAN_POINT('',(62.7486,30.78,-6.83E-15));
#505 = VECTOR('',#506,1.);
#506 = DIRECTION('',(0.,-1.,2.2E-16));
#507 = ORIENTED_EDGE('',*,*,#81,.T.);
#508 = ORIENTED_EDGE('',*,*,#447,.F.);
#509 = ORIENTED_EDGE('',*,*,#510,.F.);
#510 = EDGE_CURVE('',#501,#438,#511,.T.);
#511 = LINE('',#512,#513);
#512 = CARTESIAN_POINT('',(62.7486,30.78,7.105427357601E-15));
#513 = VECTOR('',#514,1.);
#514 = DIRECTION('',(1.,0.,0.));
#515 = PLANE('',#516);
#516 = AXIS2_PLACEMENT_3D('',#517,#518,#519);
#517 = CARTESIAN_POINT('',(62.7486,30.78,-6.83E-15));
#518 = DIRECTION('',(0.,2.2E-16,1.));
#519 = DIRECTION('',(1.,0.,0.));
#520 = ADVANCED_FACE('',(#521),#539,.T.);
#521 = FACE_BOUND('',#522,.T.);
#522 = EDGE_LOOP('',(#523,#524,#532,#538));
#523 = ORIENTED_EDGE('',*,*,#321,.T.);
#524 = ORIENTED_EDGE('',*,*,#525,.F.);
#525 = EDGE_CURVE('',#526,#314,#528,.T.);
#526 = VERTEX_POINT('',#527);
#527 = CARTESIAN_POINT('',(-64.0786,35.429779366466,-1.8542));
#528 = LINE('',#529,#530);
#529 = CARTESIAN_POINT('',(-64.0786,30.78,-1.8542));
#530 = VECTOR('',#531,1.);
#531 = DIRECTION('',(0.,-1.,2.2E-16));
#532 = ORIENTED_EDGE('',*,*,#533,.F.);
#533 = EDGE_CURVE('',#471,#526,#534,.T.);
#534 = LINE('',#535,#536);
#535 = CARTESIAN_POINT('',(1.025286376539,35.999091768625,-1.8542));
#536 = VECTOR('',#537,1.);
#537 = DIRECTION('',(-0.999961767512,-8.744341814506E-03,0.));
#538 = ORIENTED_EDGE('',*,*,#470,.F.);
#539 = PLANE('',#540);
#540 = AXIS2_PLACEMENT_3D('',#541,#542,#543);
#541 = CARTESIAN_POINT('',(-63.41354274811,2.32781000084,-1.8542));
#542 = DIRECTION('',(0.,-1.3E-16,-1.));
#543 = DIRECTION('',(0.,1.,-1.3E-16));
#544 = ADVANCED_FACE('',(#545),#572,.T.);
#545 = FACE_BOUND('',#546,.T.);
#546 = EDGE_LOOP('',(#547,#555,#556,#557,#565));
#547 = ORIENTED_EDGE('',*,*,#548,.T.);
#548 = EDGE_CURVE('',#549,#90,#551,.T.);
#549 = VERTEX_POINT('',#550);
#550 = CARTESIAN_POINT('',(62.7486,35.819682338305,-1.8542));
#551 = LINE('',#552,#553);
#552 = CARTESIAN_POINT('',(62.7486,30.78,-1.8542));
#553 = VECTOR('',#554,1.);
#554 = DIRECTION('',(0.,-1.,2.2E-16));
#555 = ORIENTED_EDGE('',*,*,#89,.T.);
#556 = ORIENTED_EDGE('',*,*,#500,.F.);
#557 = ORIENTED_EDGE('',*,*,#558,.T.);
#558 = EDGE_CURVE('',#501,#559,#561,.T.);
#559 = VERTEX_POINT('',#560);
#560 = CARTESIAN_POINT('',(62.7486,35.875377606061,0.));
#561 = LINE('',#562,#563);
#562 = CARTESIAN_POINT('',(62.7486,30.78,-6.83E-15));
#563 = VECTOR('',#564,1.);
#564 = DIRECTION('',(0.,1.,-2.2E-16));
#565 = ORIENTED_EDGE('',*,*,#566,.T.);
#566 = EDGE_CURVE('',#559,#549,#567,.T.);
#567 = ELLIPSE('',#568,217.66208610157,213.89338386691);
#568 = AXIS2_PLACEMENT_3D('',#569,#570,#571);
#569 = CARTESIAN_POINT('',(62.7486,-177.9440605806,5.722923954288));
#570 = DIRECTION('',(-1.,0.,0.));
#571 = DIRECTION('',(0.,0.,1.));
#572 = PLANE('',#573);
#573 = AXIS2_PLACEMENT_3D('',#574,#575,#576);
#574 = CARTESIAN_POINT('',(62.7486,2.533990808818,-0.926723471341));
#575 = DIRECTION('',(-1.,0.,0.));
#576 = DIRECTION('',(0.,1.,2.2E-16));
#577 = ADVANCED_FACE('',(#578),#605,.T.);
#578 = FACE_BOUND('',#579,.T.);
#579 = EDGE_LOOP('',(#580,#588,#589,#590,#598));
#580 = ORIENTED_EDGE('',*,*,#581,.F.);
#581 = EDGE_CURVE('',#526,#582,#584,.T.);
#582 = VERTEX_POINT('',#583);
#583 = CARTESIAN_POINT('',(-64.0786,35.430080978784,-1.860703126736));
#584 = LINE('',#585,#586);
#585 = CARTESIAN_POINT('',(-64.0786,34.792705320036,11.881887758425));
#586 = VECTOR('',#587,1.);
#587 = DIRECTION('',(0.,4.632978231831E-02,-0.998926199111));
#588 = ORIENTED_EDGE('',*,*,#525,.T.);
#589 = ORIENTED_EDGE('',*,*,#313,.F.);
#590 = ORIENTED_EDGE('',*,*,#591,.F.);
#591 = EDGE_CURVE('',#592,#306,#594,.T.);
#592 = VERTEX_POINT('',#593);
#593 = CARTESIAN_POINT('',(-64.0786,35.552295677562,-4.4958));
#594 = LINE('',#595,#596);
#595 = CARTESIAN_POINT('',(-64.0786,30.78,-4.4958));
#596 = VECTOR('',#597,1.);
#597 = DIRECTION('',(0.,-1.,2.2E-16));
#598 = ORIENTED_EDGE('',*,*,#599,.T.);
#599 = EDGE_CURVE('',#592,#582,#600,.T.);
#600 = ( BOUNDED_CURVE() B_SPLINE_CURVE(3,(#601,#602,#603,#604),
.UNSPECIFIED.,.F.,.F.) B_SPLINE_CURVE_WITH_KNOTS((4,4),(51.612213590806,
54.249959025385),.PIECEWISE_BEZIER_KNOTS.) CURVE() 
GEOMETRIC_REPRESENTATION_ITEM() RATIONAL_B_SPLINE_CURVE((1.,1.,1.,1.)) 
REPRESENTATION_ITEM('') );
#601 = CARTESIAN_POINT('',(-64.0786,35.552295677562,-4.4958));
#602 = CARTESIAN_POINT('',(-64.0786,35.511557444636,-3.617434375579));
#603 = CARTESIAN_POINT('',(-64.0786,35.47081921171,-2.739068751157));
#604 = CARTESIAN_POINT('',(-64.0786,35.430080978784,-1.860703126736));
#605 = PLANE('',#606);
#606 = AXIS2_PLACEMENT_3D('',#607,#608,#609);
#607 = CARTESIAN_POINT('',(-64.0786,2.356228661406,-3.176174067745));
#608 = DIRECTION('',(1.,0.,0.));
#609 = DIRECTION('',(0.,-1.,-2.2E-16));
#610 = ADVANCED_FACE('',(#611),#630,.T.);
#611 = FACE_BOUND('',#612,.T.);
#612 = EDGE_LOOP('',(#613,#614,#623,#629));
#613 = ORIENTED_EDGE('',*,*,#548,.F.);
#614 = ORIENTED_EDGE('',*,*,#615,.T.);
#615 = EDGE_CURVE('',#549,#616,#618,.T.);
#616 = VERTEX_POINT('',#617);
#617 = CARTESIAN_POINT('',(64.0786,35.810956552281,-1.8542));
#618 = ELLIPSE('',#619,1.154425504526E+03,213.89338386691);
#619 = AXIS2_PLACEMENT_3D('',#620,#621,#622);
#620 = CARTESIAN_POINT('',(22.561421330285,-177.9440605806,-1.8542));
#621 = DIRECTION('',(0.,-2.2E-16,-1.));
#622 = DIRECTION('',(1.,-4.E-17,8.8E-33));
#623 = ORIENTED_EDGE('',*,*,#624,.F.);
#624 = EDGE_CURVE('',#98,#616,#625,.T.);
#625 = LINE('',#626,#627);
#626 = CARTESIAN_POINT('',(64.0786,30.78,-1.8542));
#627 = VECTOR('',#628,1.);
#628 = DIRECTION('',(0.,1.,-2.2E-16));
#629 = ORIENTED_EDGE('',*,*,#97,.F.);
#630 = PLANE('',#631);
#631 = AXIS2_PLACEMENT_3D('',#632,#633,#634);
#632 = CARTESIAN_POINT('',(63.413557287925,2.517667085343,-1.8542));
#633 = DIRECTION('',(0.,-1.1E-16,-1.));
#634 = DIRECTION('',(0.,1.,-1.1E-16));
#635 = ADVANCED_FACE('',(#636),#663,.T.);
#636 = FACE_BOUND('',#637,.T.);
#637 = EDGE_LOOP('',(#638,#648,#655,#656,#657));
#638 = ORIENTED_EDGE('',*,*,#639,.F.);
#639 = EDGE_CURVE('',#640,#642,#644,.T.);
#640 = VERTEX_POINT('',#641);
#641 = CARTESIAN_POINT('',(-63.51457300061,35.557227911009,-4.4958));
#642 = VERTEX_POINT('',#643);
#643 = CARTESIAN_POINT('',(-62.7486,35.563926096835,-4.4958));
#644 = LINE('',#645,#646);
#645 = CARTESIAN_POINT('',(1.68916424476,36.127413476678,-4.4958));
#646 = VECTOR('',#647,1.);
#647 = DIRECTION('',(0.999961767512,8.744341814506E-03,0.));
#648 = ORIENTED_EDGE('',*,*,#649,.T.);
#649 = EDGE_CURVE('',#640,#592,#650,.T.);
#650 = ( BOUNDED_CURVE() B_SPLINE_CURVE(3,(#651,#652,#653,#654),
.UNSPECIFIED.,.F.,.F.) B_SPLINE_CURVE_WITH_KNOTS((4,4),(51.605322250096,
51.612213590806),.PIECEWISE_BEZIER_KNOTS.) CURVE() 
GEOMETRIC_REPRESENTATION_ITEM() RATIONAL_B_SPLINE_CURVE((1.,1.,1.,1.)) 
REPRESENTATION_ITEM('') );
#651 = CARTESIAN_POINT('',(-63.51457300062,35.557227911009,-4.4958));
#652 = CARTESIAN_POINT('',(-63.70258200041,35.555583833193,-4.4958));
#653 = CARTESIAN_POINT('',(-63.8905910002,35.553939755378,-4.4958));
#654 = CARTESIAN_POINT('',(-64.0786,35.552295677562,-4.4958));
#655 = ORIENTED_EDGE('',*,*,#591,.T.);
#656 = ORIENTED_EDGE('',*,*,#305,.F.);
#657 = ORIENTED_EDGE('',*,*,#658,.T.);
#658 = EDGE_CURVE('',#298,#642,#659,.T.);
#659 = LINE('',#660,#661);
#660 = CARTESIAN_POINT('',(-62.7486,30.78,-4.4958));
#661 = VECTOR('',#662,1.);
#662 = DIRECTION('',(0.,1.,-2.2E-16));
#663 = PLANE('',#664);
#664 = AXIS2_PLACEMENT_3D('',#665,#666,#667);
#665 = CARTESIAN_POINT('',(-63.41354285176,2.389068156387,-4.4958));
#666 = DIRECTION('',(0.,2.1E-16,1.));
#667 = DIRECTION('',(0.,-1.,2.1E-16));
#668 = ADVANCED_FACE('',(#669),#688,.T.);
#669 = FACE_BOUND('',#670,.T.);
#670 = EDGE_LOOP('',(#671,#679,#680,#681));
#671 = ORIENTED_EDGE('',*,*,#672,.T.);
#672 = EDGE_CURVE('',#673,#106,#675,.T.);
#673 = VERTEX_POINT('',#674);
#674 = CARTESIAN_POINT('',(64.0786,35.70174974084,-4.4958));
#675 = LINE('',#676,#677);
#676 = CARTESIAN_POINT('',(64.0786,30.78,-4.4958));
#677 = VECTOR('',#678,1.);
#678 = DIRECTION('',(0.,-1.,2.2E-16));
#679 = ORIENTED_EDGE('',*,*,#105,.T.);
#680 = ORIENTED_EDGE('',*,*,#624,.T.);
#681 = ORIENTED_EDGE('',*,*,#682,.T.);
#682 = EDGE_CURVE('',#616,#673,#683,.T.);
#683 = ELLIPSE('',#684,217.66208610157,213.89338386691);
#684 = AXIS2_PLACEMENT_3D('',#685,#686,#687);
#685 = CARTESIAN_POINT('',(64.0786,-177.9440605806,5.973689874982));
#686 = DIRECTION('',(-1.,0.,0.));
#687 = DIRECTION('',(0.,0.,1.));
#688 = PLANE('',#689);
#689 = AXIS2_PLACEMENT_3D('',#690,#691,#692);
#690 = CARTESIAN_POINT('',(64.0786,2.488788665219,-3.173959331142));
#691 = DIRECTION('',(-1.,0.,0.));
#692 = DIRECTION('',(0.,1.,2.2E-16));
#693 = ADVANCED_FACE('',(#694),#712,.T.);
#694 = FACE_BOUND('',#695,.T.);
#695 = EDGE_LOOP('',(#696,#704,#710,#711));
#696 = ORIENTED_EDGE('',*,*,#697,.F.);
#697 = EDGE_CURVE('',#698,#290,#700,.T.);
#698 = VERTEX_POINT('',#699);
#699 = CARTESIAN_POINT('',(-62.7486,35.628718376742,-5.8928));
#700 = LINE('',#701,#702);
#701 = CARTESIAN_POINT('',(-62.7486,30.78,-5.8928));
#702 = VECTOR('',#703,1.);
#703 = DIRECTION('',(0.,-1.,2.2E-16));
#704 = ORIENTED_EDGE('',*,*,#705,.F.);
#705 = EDGE_CURVE('',#642,#698,#706,.T.);
#706 = LINE('',#707,#708);
#707 = CARTESIAN_POINT('',(-62.7486,34.83663737851,11.185425309055));
#708 = VECTOR('',#709,1.);
#709 = DIRECTION('',(0.,4.632978231831E-02,-0.998926199111));
#710 = ORIENTED_EDGE('',*,*,#658,.F.);
#711 = ORIENTED_EDGE('',*,*,#297,.F.);
#712 = PLANE('',#713);
#713 = AXIS2_PLACEMENT_3D('',#714,#715,#716);
#714 = CARTESIAN_POINT('',(-62.7486,2.40853654649,-5.194633884371));
#715 = DIRECTION('',(1.,0.,0.));
#716 = DIRECTION('',(0.,-1.,-2.2E-16));
#717 = ADVANCED_FACE('',(#718),#737,.T.);
#718 = FACE_BOUND('',#719,.T.);
#719 = EDGE_LOOP('',(#720,#721,#722,#731));
#720 = ORIENTED_EDGE('',*,*,#113,.T.);
#721 = ORIENTED_EDGE('',*,*,#672,.F.);
#722 = ORIENTED_EDGE('',*,*,#723,.T.);
#723 = EDGE_CURVE('',#673,#724,#726,.T.);
#724 = VERTEX_POINT('',#725);
#725 = CARTESIAN_POINT('',(62.7486,35.713473971313,-4.4958));
#726 = ELLIPSE('',#727,1.154425504526E+03,213.89338386691);
#727 = AXIS2_PLACEMENT_3D('',#728,#729,#730);
#728 = CARTESIAN_POINT('',(8.551032716563,-177.9440605806,-4.4958));
#729 = DIRECTION('',(0.,2.2E-16,1.));
#730 = DIRECTION('',(1.,-4.E-17,8.8E-33));
#731 = ORIENTED_EDGE('',*,*,#732,.F.);
#732 = EDGE_CURVE('',#114,#724,#733,.T.);
#733 = LINE('',#734,#735);
#734 = CARTESIAN_POINT('',(62.7486,30.78,-4.4958));
#735 = VECTOR('',#736,1.);
#736 = DIRECTION('',(0.,1.,-2.2E-16));
#737 = PLANE('',#738);
#738 = AXIS2_PLACEMENT_3D('',#739,#740,#741);
#739 = CARTESIAN_POINT('',(63.41354251963,2.463819054191,-4.4958));
#740 = DIRECTION('',(0.,1.7E-16,1.));
#741 = DIRECTION('',(0.,-1.,1.7E-16));
#742 = ADVANCED_FACE('',(#743),#761,.T.);
#743 = FACE_BOUND('',#744,.T.);
#744 = EDGE_LOOP('',(#745,#753,#759,#760));
#745 = ORIENTED_EDGE('',*,*,#746,.T.);
#746 = EDGE_CURVE('',#282,#747,#749,.T.);
#747 = VERTEX_POINT('',#748);
#748 = CARTESIAN_POINT('',(-59.7514,35.654927920084,-5.8928));
#749 = LINE('',#750,#751);
#750 = CARTESIAN_POINT('',(-59.7514,30.78,-5.8928));
#751 = VECTOR('',#752,1.);
#752 = DIRECTION('',(0.,1.,-2.2E-16));
#753 = ORIENTED_EDGE('',*,*,#754,.F.);
#754 = EDGE_CURVE('',#698,#747,#755,.T.);
#755 = LINE('',#756,#757);
#756 = CARTESIAN_POINT('',(3.187083112357,36.205304571974,-5.8928));
#757 = VECTOR('',#758,1.);
#758 = DIRECTION('',(0.999961767512,8.744341814506E-03,0.));
#759 = ORIENTED_EDGE('',*,*,#697,.T.);
#760 = ORIENTED_EDGE('',*,*,#289,.F.);
#761 = PLANE('',#762);
#762 = AXIS2_PLACEMENT_3D('',#763,#764,#765);
#763 = CARTESIAN_POINT('',(-61.24971709779,2.430940222905,-5.8928));
#764 = DIRECTION('',(0.,2.1E-16,1.));
#765 = DIRECTION('',(0.,-1.,2.1E-16));
#766 = ADVANCED_FACE('',(#767),#786,.T.);
#767 = FACE_BOUND('',#768,.T.);
#768 = EDGE_LOOP('',(#769,#777,#778,#779));
#769 = ORIENTED_EDGE('',*,*,#770,.T.);
#770 = EDGE_CURVE('',#771,#122,#773,.T.);
#771 = VERTEX_POINT('',#772);
#772 = CARTESIAN_POINT('',(62.7486,35.64453106051,-5.8928));
#773 = LINE('',#774,#775);
#774 = CARTESIAN_POINT('',(62.7486,30.78,-5.8928));
#775 = VECTOR('',#776,1.);
#776 = DIRECTION('',(0.,-1.,2.2E-16));
#777 = ORIENTED_EDGE('',*,*,#121,.T.);
#778 = ORIENTED_EDGE('',*,*,#732,.T.);
#779 = ORIENTED_EDGE('',*,*,#780,.T.);
#780 = EDGE_CURVE('',#724,#771,#781,.T.);
#781 = ELLIPSE('',#782,217.66208610157,213.89338386691);
#782 = AXIS2_PLACEMENT_3D('',#783,#784,#785);
#783 = CARTESIAN_POINT('',(62.7486,-177.9440605806,5.722923954288));
#784 = DIRECTION('',(-1.,0.,0.));
#785 = DIRECTION('',(0.,0.,1.));
#786 = PLANE('',#787);
#787 = AXIS2_PLACEMENT_3D('',#788,#789,#790);
#788 = CARTESIAN_POINT('',(62.7486,2.449933538373,-5.193945492619));
#789 = DIRECTION('',(-1.,0.,0.));
#790 = DIRECTION('',(0.,1.,2.2E-16));
#791 = ADVANCED_FACE('',(#792),#810,.T.);
#792 = FACE_BOUND('',#793,.T.);
#793 = EDGE_LOOP('',(#794,#802,#808,#809));
#794 = ORIENTED_EDGE('',*,*,#795,.F.);
#795 = EDGE_CURVE('',#796,#274,#798,.T.);
#796 = VERTEX_POINT('',#797);
#797 = CARTESIAN_POINT('',(-59.7514,35.590135640178,-4.4958));
#798 = LINE('',#799,#800);
#799 = CARTESIAN_POINT('',(-59.7514,30.78,-4.4958));
#800 = VECTOR('',#801,1.);
#801 = DIRECTION('',(0.,-1.,2.2E-16));
#802 = ORIENTED_EDGE('',*,*,#803,.F.);
#803 = EDGE_CURVE('',#747,#796,#804,.T.);
#804 = LINE('',#805,#806);
#805 = CARTESIAN_POINT('',(-59.7514,34.830464061112,11.883638993157));
#806 = VECTOR('',#807,1.);
#807 = DIRECTION('',(0.,-4.632978231831E-02,0.998926199111));
#808 = ORIENTED_EDGE('',*,*,#746,.F.);
#809 = ORIENTED_EDGE('',*,*,#281,.F.);
#810 = PLANE('',#811);
#811 = AXIS2_PLACEMENT_3D('',#812,#813,#814);
#812 = CARTESIAN_POINT('',(-59.7514,2.421641318161,-5.194633755301));
#813 = DIRECTION('',(-1.,0.,0.));
#814 = DIRECTION('',(0.,1.,2.2E-16));
#815 = ADVANCED_FACE('',(#816),#835,.T.);
#816 = FACE_BOUND('',#817,.T.);
#817 = EDGE_LOOP('',(#818,#819,#820,#829));
#818 = ORIENTED_EDGE('',*,*,#129,.T.);
#819 = ORIENTED_EDGE('',*,*,#770,.F.);
#820 = ORIENTED_EDGE('',*,*,#821,.T.);
#821 = EDGE_CURVE('',#771,#822,#824,.T.);
#822 = VERTEX_POINT('',#823);
#823 = CARTESIAN_POINT('',(59.7514,35.673484863296,-5.8928));
#824 = ELLIPSE('',#825,1.154425504526E+03,213.89338386691);
#825 = AXIS2_PLACEMENT_3D('',#826,#827,#828);
#826 = CARTESIAN_POINT('',(1.141692584307,-177.9440605806,-5.8928));
#827 = DIRECTION('',(0.,2.2E-16,1.));
#828 = DIRECTION('',(1.,-4.E-17,8.8E-33));
#829 = ORIENTED_EDGE('',*,*,#830,.F.);
#830 = EDGE_CURVE('',#130,#822,#831,.T.);
#831 = LINE('',#832,#833);
#832 = CARTESIAN_POINT('',(59.7514,30.78,-5.8928));
#833 = VECTOR('',#834,1.);
#834 = DIRECTION('',(0.,1.,-2.2E-16));
#835 = PLANE('',#836);
#836 = AXIS2_PLACEMENT_3D('',#837,#838,#839);
#837 = CARTESIAN_POINT('',(61.249687576397,2.439541263327,-5.8928));
#838 = DIRECTION('',(0.,2.1E-16,1.));
#839 = DIRECTION('',(0.,-1.,2.1E-16));
#840 = ADVANCED_FACE('',(#841),#859,.T.);
#841 = FACE_BOUND('',#842,.T.);
#842 = EDGE_LOOP('',(#843,#844,#845,#853));
#843 = ORIENTED_EDGE('',*,*,#795,.T.);
#844 = ORIENTED_EDGE('',*,*,#273,.T.);
#845 = ORIENTED_EDGE('',*,*,#846,.T.);
#846 = EDGE_CURVE('',#266,#847,#849,.T.);
#847 = VERTEX_POINT('',#848);
#848 = CARTESIAN_POINT('',(-58.4214,35.601766059451,-4.4958));
#849 = LINE('',#850,#851);
#850 = CARTESIAN_POINT('',(-58.4214,30.78,-4.4958));
#851 = VECTOR('',#852,1.);
#852 = DIRECTION('',(0.,1.,-2.2E-16));
#853 = ORIENTED_EDGE('',*,*,#854,.F.);
#854 = EDGE_CURVE('',#796,#847,#855,.T.);
#855 = LINE('',#856,#857);
#856 = CARTESIAN_POINT('',(3.852598808301,36.146332011298,-4.4958));
#857 = VECTOR('',#858,1.);
#858 = DIRECTION('',(0.999961767512,8.744341814506E-03,0.));
#859 = PLANE('',#860);
#860 = AXIS2_PLACEMENT_3D('',#861,#862,#863);
#861 = CARTESIAN_POINT('',(-59.0863428837,2.407988137695,-4.4958));
#862 = DIRECTION('',(0.,2.1E-16,1.));
#863 = DIRECTION('',(0.,-1.,2.1E-16));
#864 = ADVANCED_FACE('',(#865),#884,.T.);
#865 = FACE_BOUND('',#866,.T.);
#866 = EDGE_LOOP('',(#867,#875,#876,#877));
#867 = ORIENTED_EDGE('',*,*,#868,.T.);
#868 = EDGE_CURVE('',#869,#138,#871,.T.);
#869 = VERTEX_POINT('',#870);
#870 = CARTESIAN_POINT('',(59.7514,35.738850762252,-4.4958));
#871 = LINE('',#872,#873);
#872 = CARTESIAN_POINT('',(59.7514,30.78,-4.4958));
#873 = VECTOR('',#874,1.);
#874 = DIRECTION('',(0.,-1.,2.2E-16));
#875 = ORIENTED_EDGE('',*,*,#137,.T.);
#876 = ORIENTED_EDGE('',*,*,#830,.T.);
#877 = ORIENTED_EDGE('',*,*,#878,.T.);
#878 = EDGE_CURVE('',#822,#869,#879,.T.);
#879 = ELLIPSE('',#880,217.66208610157,213.89338386691);
#880 = AXIS2_PLACEMENT_3D('',#881,#882,#883);
#881 = CARTESIAN_POINT('',(59.7514,-177.9440605806,5.157814467443));
#882 = DIRECTION('',(1.,0.,-0.));
#883 = DIRECTION('',(0.,0.,1.));
#884 = PLANE('',#885);
#885 = AXIS2_PLACEMENT_3D('',#886,#887,#888);
#886 = CARTESIAN_POINT('',(59.7514,2.463473244664,-5.193964019763));
#887 = DIRECTION('',(1.,0.,0.));
#888 = DIRECTION('',(0.,-1.,-2.2E-16));
#889 = ADVANCED_FACE('',(#890),#908,.T.);
#890 = FACE_BOUND('',#891,.T.);
#891 = EDGE_LOOP('',(#892,#900,#906,#907));
#892 = ORIENTED_EDGE('',*,*,#893,.T.);
#893 = EDGE_CURVE('',#258,#894,#896,.T.);
#894 = VERTEX_POINT('',#895);
#895 = CARTESIAN_POINT('',(-58.4214,35.479249748355,-1.8542));
#896 = LINE('',#897,#898);
#897 = CARTESIAN_POINT('',(-58.4214,30.78,-1.8542));
#898 = VECTOR('',#899,1.);
#899 = DIRECTION('',(0.,1.,-2.2E-16));
#900 = ORIENTED_EDGE('',*,*,#901,.F.);
#901 = EDGE_CURVE('',#847,#894,#902,.T.);
#902 = LINE('',#903,#904);
#903 = CARTESIAN_POINT('',(-58.4214,34.780942848228,13.202142219867));
#904 = VECTOR('',#905,1.);
#905 = DIRECTION('',(0.,-4.632978231831E-02,0.998926199111));
#906 = ORIENTED_EDGE('',*,*,#846,.F.);
#907 = ORIENTED_EDGE('',*,*,#265,.F.);
#908 = PLANE('',#909);
#909 = AXIS2_PLACEMENT_3D('',#910,#911,#912);
#910 = CARTESIAN_POINT('',(-58.4214,2.38096385235,-3.176173225537));
#911 = DIRECTION('',(-1.,0.,0.));
#912 = DIRECTION('',(0.,1.,2.2E-16));
#913 = ADVANCED_FACE('',(#914),#933,.T.);
#914 = FACE_BOUND('',#915,.T.);
#915 = EDGE_LOOP('',(#916,#917,#918,#927));
#916 = ORIENTED_EDGE('',*,*,#145,.T.);
#917 = ORIENTED_EDGE('',*,*,#868,.F.);
#918 = ORIENTED_EDGE('',*,*,#919,.T.);
#919 = EDGE_CURVE('',#869,#920,#922,.T.);
#920 = VERTEX_POINT('',#921);
#921 = CARTESIAN_POINT('',(58.4214,35.749648410592,-4.4958));
#922 = ELLIPSE('',#923,1.154425504526E+03,213.89338386691);
#923 = AXIS2_PLACEMENT_3D('',#924,#925,#926);
#924 = CARTESIAN_POINT('',(8.551032716563,-177.9440605806,-4.4958));
#925 = DIRECTION('',(0.,2.2E-16,1.));
#926 = DIRECTION('',(1.,-4.E-17,8.8E-33));
#927 = ORIENTED_EDGE('',*,*,#928,.F.);
#928 = EDGE_CURVE('',#146,#920,#929,.T.);
#929 = LINE('',#930,#931);
#930 = CARTESIAN_POINT('',(58.4214,30.78,-4.4958));
#931 = VECTOR('',#932,1.);
#932 = DIRECTION('',(0.,1.,-2.2E-16));
#933 = PLANE('',#934);
#934 = AXIS2_PLACEMENT_3D('',#935,#936,#937);
#935 = CARTESIAN_POINT('',(59.086347090962,2.482135957904,-4.4958));
#936 = DIRECTION('',(0.,2.1E-16,1.));
#937 = DIRECTION('',(0.,-1.,2.1E-16));
#938 = ADVANCED_FACE('',(#939),#957,.T.);
#939 = FACE_BOUND('',#940,.T.);
#940 = EDGE_LOOP('',(#941,#949,#955,#956));
#941 = ORIENTED_EDGE('',*,*,#942,.T.);
#942 = EDGE_CURVE('',#250,#943,#945,.T.);
#943 = VERTEX_POINT('',#944);
#944 = CARTESIAN_POINT('',(-59.7514,35.467619329082,-1.8542));
#945 = LINE('',#946,#947);
#946 = CARTESIAN_POINT('',(-59.7514,30.78,-1.8542));
#947 = VECTOR('',#948,1.);
#948 = DIRECTION('',(0.,1.,-2.2E-16));
#949 = ORIENTED_EDGE('',*,*,#950,.F.);
#950 = EDGE_CURVE('',#894,#943,#951,.T.);
#951 = LINE('',#952,#953);
#952 = CARTESIAN_POINT('',(3.188720940081,36.018010303244,-1.8542));
#953 = VECTOR('',#954,1.);
#954 = DIRECTION('',(-0.999961767512,-8.744341814506E-03,0.));
#955 = ORIENTED_EDGE('',*,*,#893,.F.);
#956 = ORIENTED_EDGE('',*,*,#257,.F.);
#957 = PLANE('',#958);
#958 = AXIS2_PLACEMENT_3D('',#959,#960,#961);
#959 = CARTESIAN_POINT('',(-59.08634278016,2.346729982147,-1.8542));
#960 = DIRECTION('',(0.,-1.3E-16,-1.));
#961 = DIRECTION('',(0.,1.,-1.3E-16));
#962 = ADVANCED_FACE('',(#963),#982,.T.);
#963 = FACE_BOUND('',#964,.T.);
#964 = EDGE_LOOP('',(#965,#973,#974,#975));
#965 = ORIENTED_EDGE('',*,*,#966,.T.);
#966 = EDGE_CURVE('',#967,#154,#969,.T.);
#967 = VERTEX_POINT('',#968);
#968 = CARTESIAN_POINT('',(58.4214,35.84610411085,-1.8542));
#969 = LINE('',#970,#971);
#970 = CARTESIAN_POINT('',(58.4214,30.78,-1.8542));
#971 = VECTOR('',#972,1.);
#972 = DIRECTION('',(0.,-1.,2.2E-16));
#973 = ORIENTED_EDGE('',*,*,#153,.T.);
#974 = ORIENTED_EDGE('',*,*,#928,.T.);
#975 = ORIENTED_EDGE('',*,*,#976,.T.);
#976 = EDGE_CURVE('',#920,#967,#977,.T.);
#977 = ELLIPSE('',#978,217.66208610157,213.89338386691);
#978 = AXIS2_PLACEMENT_3D('',#979,#980,#981);
#979 = CARTESIAN_POINT('',(58.4214,-177.9440605806,4.907048546749));
#980 = DIRECTION('',(1.,0.,-0.));
#981 = DIRECTION('',(0.,0.,1.));
#982 = PLANE('',#983);
#983 = AXIS2_PLACEMENT_3D('',#984,#985,#986);
#984 = CARTESIAN_POINT('',(58.4214,2.509426177746,-3.174081388256));
#985 = DIRECTION('',(1.,0.,0.));
#986 = DIRECTION('',(0.,-1.,-2.2E-16));
#987 = ADVANCED_FACE('',(#988),#1014,.T.);
#988 = FACE_BOUND('',#989,.T.);
#989 = EDGE_LOOP('',(#990,#998,#1006,#1012,#1013));
#990 = ORIENTED_EDGE('',*,*,#991,.F.);
#991 = EDGE_CURVE('',#992,#242,#994,.T.);
#992 = VERTEX_POINT('',#993);
#993 = CARTESIAN_POINT('',(-59.7514,30.78,-0.));
#994 = LINE('',#995,#996);
#995 = CARTESIAN_POINT('',(-59.7514,30.78,-6.83E-15));
#996 = VECTOR('',#997,1.);
#997 = DIRECTION('',(0.,-1.,2.2E-16));
#998 = ORIENTED_EDGE('',*,*,#999,.T.);
#999 = EDGE_CURVE('',#992,#1000,#1002,.T.);
#1000 = VERTEX_POINT('',#1001);
#1001 = CARTESIAN_POINT('',(-59.7514,35.381622303024,-0.));
#1002 = LINE('',#1003,#1004);
#1003 = CARTESIAN_POINT('',(-59.7514,30.78,-6.83E-15));
#1004 = VECTOR('',#1005,1.);
#1005 = DIRECTION('',(0.,1.,-2.2E-16));
#1006 = ORIENTED_EDGE('',*,*,#1007,.F.);
#1007 = EDGE_CURVE('',#943,#1000,#1008,.T.);
#1008 = LINE('',#1009,#1010);
#1009 = CARTESIAN_POINT('',(-59.7514,34.726431174129,14.126713991058));
#1010 = VECTOR('',#1011,1.);
#1011 = DIRECTION('',(0.,-4.632978231831E-02,0.998926199111));
#1012 = ORIENTED_EDGE('',*,*,#942,.F.);
#1013 = ORIENTED_EDGE('',*,*,#249,.F.);
#1014 = PLANE('',#1015);
#1015 = AXIS2_PLACEMENT_3D('',#1016,#1017,#1018);
#1016 = CARTESIAN_POINT('',(-59.7514,2.322808703499,-0.927685718901));
#1017 = DIRECTION('',(-1.,0.,0.));
#1018 = DIRECTION('',(0.,1.,2.2E-16));
#1019 = ADVANCED_FACE('',(#1020),#1039,.T.);
#1020 = FACE_BOUND('',#1021,.T.);
#1021 = EDGE_LOOP('',(#1022,#1023,#1024,#1033));
#1022 = ORIENTED_EDGE('',*,*,#161,.T.);
#1023 = ORIENTED_EDGE('',*,*,#966,.F.);
#1024 = ORIENTED_EDGE('',*,*,#1025,.T.);
#1025 = EDGE_CURVE('',#967,#1026,#1028,.T.);
#1026 = VERTEX_POINT('',#1027);
#1027 = CARTESIAN_POINT('',(59.7514,35.838303570464,-1.8542));
#1028 = ELLIPSE('',#1029,1.154425504526E+03,213.89338386691);
#1029 = AXIS2_PLACEMENT_3D('',#1030,#1031,#1032);
#1030 = CARTESIAN_POINT('',(22.561421330282,-177.9440605806,
    -1.854200000001));
#1031 = DIRECTION('',(1.569E-14,-2.2E-16,-1.));
#1032 = DIRECTION('',(1.,-4.E-17,1.569E-14));
#1033 = ORIENTED_EDGE('',*,*,#1034,.F.);
#1034 = EDGE_CURVE('',#162,#1026,#1035,.T.);
#1035 = LINE('',#1036,#1037);
#1036 = CARTESIAN_POINT('',(59.7514,30.78,-1.8542));
#1037 = VECTOR('',#1038,1.);
#1038 = DIRECTION('',(0.,1.,-2.2E-16));
#1039 = PLANE('',#1040);
#1040 = AXIS2_PLACEMENT_3D('',#1041,#1042,#1043);
#1041 = CARTESIAN_POINT('',(59.086361832039,2.531107845778,-1.8542));
#1042 = DIRECTION('',(1.24E-15,-1.6E-16,-1.));
#1043 = DIRECTION('',(-1.,0.,-1.24E-15));
#1044 = ADVANCED_FACE('',(#1045),#1063,.T.);
#1045 = FACE_BOUND('',#1046,.T.);
#1046 = EDGE_LOOP('',(#1047,#1048,#1049,#1057));
#1047 = ORIENTED_EDGE('',*,*,#991,.T.);
#1048 = ORIENTED_EDGE('',*,*,#241,.T.);
#1049 = ORIENTED_EDGE('',*,*,#1050,.F.);
#1050 = EDGE_CURVE('',#1051,#234,#1053,.T.);
#1051 = VERTEX_POINT('',#1052);
#1052 = CARTESIAN_POINT('',(-56.4214,30.78,-0.));
#1053 = LINE('',#1054,#1055);
#1054 = CARTESIAN_POINT('',(-56.4214,30.78,-6.83E-15));
#1055 = VECTOR('',#1056,1.);
#1056 = DIRECTION('',(0.,-1.,2.2E-16));
#1057 = ORIENTED_EDGE('',*,*,#1058,.F.);
#1058 = EDGE_CURVE('',#992,#1051,#1059,.T.);
#1059 = LINE('',#1060,#1061);
#1060 = CARTESIAN_POINT('',(-59.7514,30.78,7.105427357601E-15));
#1061 = VECTOR('',#1062,1.);
#1062 = DIRECTION('',(1.,0.,0.));
#1063 = PLANE('',#1064);
#1064 = AXIS2_PLACEMENT_3D('',#1065,#1066,#1067);
#1065 = CARTESIAN_POINT('',(-59.7514,30.78,-6.83E-15));
#1066 = DIRECTION('',(0.,2.2E-16,1.));
#1067 = DIRECTION('',(1.,0.,0.));
#1068 = ADVANCED_FACE('',(#1069),#1096,.T.);
#1069 = FACE_BOUND('',#1070,.T.);
#1070 = EDGE_LOOP('',(#1071,#1079,#1080,#1081,#1090));
#1071 = ORIENTED_EDGE('',*,*,#1072,.T.);
#1072 = EDGE_CURVE('',#1073,#170,#1075,.T.);
#1073 = VERTEX_POINT('',#1074);
#1074 = CARTESIAN_POINT('',(59.7514,30.78,0.));
#1075 = LINE('',#1076,#1077);
#1076 = CARTESIAN_POINT('',(59.7514,30.78,-6.83E-15));
#1077 = VECTOR('',#1078,1.);
#1078 = DIRECTION('',(0.,-1.,2.2E-16));
#1079 = ORIENTED_EDGE('',*,*,#169,.T.);
#1080 = ORIENTED_EDGE('',*,*,#1034,.T.);
#1081 = ORIENTED_EDGE('',*,*,#1082,.T.);
#1082 = EDGE_CURVE('',#1026,#1083,#1085,.T.);
#1083 = VERTEX_POINT('',#1084);
#1084 = CARTESIAN_POINT('',(59.7514,35.889262060377,0.));
#1085 = ELLIPSE('',#1086,217.66208610157,213.89338386691);
#1086 = AXIS2_PLACEMENT_3D('',#1087,#1088,#1089);
#1087 = CARTESIAN_POINT('',(59.7514,-177.9440605806,5.157814467443));
#1088 = DIRECTION('',(1.,0.,-0.));
#1089 = DIRECTION('',(0.,0.,1.));
#1090 = ORIENTED_EDGE('',*,*,#1091,.F.);
#1091 = EDGE_CURVE('',#1073,#1083,#1092,.T.);
#1092 = LINE('',#1093,#1094);
#1093 = CARTESIAN_POINT('',(59.7514,30.78,-6.83E-15));
#1094 = VECTOR('',#1095,1.);
#1095 = DIRECTION('',(0.,1.,-2.2E-16));
#1096 = PLANE('',#1097);
#1097 = AXIS2_PLACEMENT_3D('',#1098,#1099,#1100);
#1098 = CARTESIAN_POINT('',(59.7514,2.542083180696,-0.926755575729));
#1099 = DIRECTION('',(1.,0.,0.));
#1100 = DIRECTION('',(0.,-1.,-2.2E-16));
#1101 = ADVANCED_FACE('',(#1102),#1120,.T.);
#1102 = FACE_BOUND('',#1103,.T.);
#1103 = EDGE_LOOP('',(#1104,#1105,#1106,#1114));
#1104 = ORIENTED_EDGE('',*,*,#1050,.T.);
#1105 = ORIENTED_EDGE('',*,*,#233,.T.);
#1106 = ORIENTED_EDGE('',*,*,#1107,.F.);
#1107 = EDGE_CURVE('',#1108,#226,#1110,.T.);
#1108 = VERTEX_POINT('',#1109);
#1109 = CARTESIAN_POINT('',(-56.4214,30.78,-8.));
#1110 = LINE('',#1111,#1112);
#1111 = CARTESIAN_POINT('',(-56.4214,30.78,-8.));
#1112 = VECTOR('',#1113,1.);
#1113 = DIRECTION('',(0.,-1.,2.2E-16));
#1114 = ORIENTED_EDGE('',*,*,#1115,.F.);
#1115 = EDGE_CURVE('',#1051,#1108,#1116,.T.);
#1116 = LINE('',#1117,#1118);
#1117 = CARTESIAN_POINT('',(-56.4214,30.78,7.105427357601E-15));
#1118 = VECTOR('',#1119,1.);
#1119 = DIRECTION('',(0.,2.2E-16,-1.));
#1120 = PLANE('',#1121);
#1121 = AXIS2_PLACEMENT_3D('',#1122,#1123,#1124);
#1122 = CARTESIAN_POINT('',(-56.4214,30.78,-6.83E-15));
#1123 = DIRECTION('',(1.,0.,0.));
#1124 = DIRECTION('',(0.,-2.2E-16,-1.));
#1125 = ADVANCED_FACE('',(#1126),#1144,.T.);
#1126 = FACE_BOUND('',#1127,.T.);
#1127 = EDGE_LOOP('',(#1128,#1136,#1137,#1138));
#1128 = ORIENTED_EDGE('',*,*,#1129,.T.);
#1129 = EDGE_CURVE('',#1130,#178,#1132,.T.);
#1130 = VERTEX_POINT('',#1131);
#1131 = CARTESIAN_POINT('',(56.4214,30.78,0.));
#1132 = LINE('',#1133,#1134);
#1133 = CARTESIAN_POINT('',(56.4214,30.78,-6.83E-15));
#1134 = VECTOR('',#1135,1.);
#1135 = DIRECTION('',(0.,-1.,2.2E-16));
#1136 = ORIENTED_EDGE('',*,*,#177,.T.);
#1137 = ORIENTED_EDGE('',*,*,#1072,.F.);
#1138 = ORIENTED_EDGE('',*,*,#1139,.F.);
#1139 = EDGE_CURVE('',#1130,#1073,#1140,.T.);
#1140 = LINE('',#1141,#1142);
#1141 = CARTESIAN_POINT('',(56.4214,30.78,7.105427357601E-15));
#1142 = VECTOR('',#1143,1.);
#1143 = DIRECTION('',(1.,0.,0.));
#1144 = PLANE('',#1145);
#1145 = AXIS2_PLACEMENT_3D('',#1146,#1147,#1148);
#1146 = CARTESIAN_POINT('',(56.4214,30.78,-6.83E-15));
#1147 = DIRECTION('',(0.,2.2E-16,1.));
#1148 = DIRECTION('',(1.,0.,0.));
#1149 = ADVANCED_FACE('',(#1150),#1186,.T.);
#1150 = FACE_BOUND('',#1151,.T.);
#1151 = EDGE_LOOP('',(#1152,#1162,#1171,#1177,#1178,#1179));
#1152 = ORIENTED_EDGE('',*,*,#1153,.F.);
#1153 = EDGE_CURVE('',#1154,#1156,#1158,.T.);
#1154 = VERTEX_POINT('',#1155);
#1155 = CARTESIAN_POINT('',(-67.1437552408,26.78,-31.72257410504));
#1156 = VERTEX_POINT('',#1157);
#1157 = CARTESIAN_POINT('',(-67.1437552408,-26.78,-31.72257410504));
#1158 = LINE('',#1159,#1160);
#1159 = CARTESIAN_POINT('',(-67.1437552408,30.78,-31.72257410504));
#1160 = VECTOR('',#1161,1.);
#1161 = DIRECTION('',(0.,-1.,2.2E-16));
#1162 = ORIENTED_EDGE('',*,*,#1163,.T.);
#1163 = EDGE_CURVE('',#1154,#1164,#1166,.T.);
#1164 = VERTEX_POINT('',#1165);
#1165 = CARTESIAN_POINT('',(-64.27144920375,30.78,-25.3677676016));
#1166 = ELLIPSE('',#1167,6.973787182484,4.);
#1167 = AXIS2_PLACEMENT_3D('',#1168,#1169,#1170);
#1168 = CARTESIAN_POINT('',(-64.27144920375,26.78,-25.3677676016));
#1169 = DIRECTION('',(0.911241816985,-9.E-17,-0.411871765211));
#1170 = DIRECTION('',(0.411871765211,2.E-16,0.911241816985));
#1171 = ORIENTED_EDGE('',*,*,#1172,.F.);
#1172 = EDGE_CURVE('',#1108,#1164,#1173,.T.);
#1173 = LINE('',#1174,#1175);
#1174 = CARTESIAN_POINT('',(-56.4214,30.78,-8.));
#1175 = VECTOR('',#1176,1.);
#1176 = DIRECTION('',(-0.411871765211,2.E-16,-0.911241816985));
#1177 = ORIENTED_EDGE('',*,*,#1107,.T.);
#1178 = ORIENTED_EDGE('',*,*,#225,.T.);
#1179 = ORIENTED_EDGE('',*,*,#1180,.F.);
#1180 = EDGE_CURVE('',#1156,#218,#1181,.T.);
#1181 = ELLIPSE('',#1182,6.973787182484,4.);
#1182 = AXIS2_PLACEMENT_3D('',#1183,#1184,#1185);
#1183 = CARTESIAN_POINT('',(-64.27144920375,-26.78,-25.3677676016));
#1184 = DIRECTION('',(-0.911241816985,9.E-17,0.411871765211));
#1185 = DIRECTION('',(0.411871765211,2.E-16,0.911241816985));
#1186 = PLANE('',#1187);
#1187 = AXIS2_PLACEMENT_3D('',#1188,#1189,#1190);
#1188 = CARTESIAN_POINT('',(-56.4214,30.78,-8.));
#1189 = DIRECTION('',(0.911241816985,-9.E-17,-0.411871765211));
#1190 = DIRECTION('',(-0.411871765211,-2.E-16,-0.911241816985));
#1191 = ADVANCED_FACE('',(#1192),#1210,.T.);
#1192 = FACE_BOUND('',#1193,.T.);
#1193 = EDGE_LOOP('',(#1194,#1202,#1203,#1204));
#1194 = ORIENTED_EDGE('',*,*,#1195,.T.);
#1195 = EDGE_CURVE('',#1196,#186,#1198,.T.);
#1196 = VERTEX_POINT('',#1197);
#1197 = CARTESIAN_POINT('',(56.4214,30.78,-8.));
#1198 = LINE('',#1199,#1200);
#1199 = CARTESIAN_POINT('',(56.4214,30.78,-8.));
#1200 = VECTOR('',#1201,1.);
#1201 = DIRECTION('',(0.,-1.,2.2E-16));
#1202 = ORIENTED_EDGE('',*,*,#185,.T.);
#1203 = ORIENTED_EDGE('',*,*,#1129,.F.);
#1204 = ORIENTED_EDGE('',*,*,#1205,.F.);
#1205 = EDGE_CURVE('',#1196,#1130,#1206,.T.);
#1206 = LINE('',#1207,#1208);
#1207 = CARTESIAN_POINT('',(56.4214,30.78,-8.));
#1208 = VECTOR('',#1209,1.);
#1209 = DIRECTION('',(0.,-2.2E-16,1.));
#1210 = PLANE('',#1211);
#1211 = AXIS2_PLACEMENT_3D('',#1212,#1213,#1214);
#1212 = CARTESIAN_POINT('',(56.4214,30.78,-8.));
#1213 = DIRECTION('',(-1.,0.,0.));
#1214 = DIRECTION('',(0.,2.2E-16,1.));
#1215 = ADVANCED_FACE('',(#1216),#1235,.F.);
#1216 = FACE_BOUND('',#1217,.F.);
#1217 = EDGE_LOOP('',(#1218,#1226,#1233,#1234));
#1218 = ORIENTED_EDGE('',*,*,#1219,.F.);
#1219 = EDGE_CURVE('',#1220,#1156,#1222,.T.);
#1220 = VERTEX_POINT('',#1221);
#1221 = CARTESIAN_POINT('',(-63.80869300031,-26.78,-49.4109137629));
#1222 = LINE('',#1223,#1224);
#1223 = CARTESIAN_POINT('',(-63.06756805798,-26.78,-53.3416559091));
#1224 = VECTOR('',#1225,1.);
#1225 = DIRECTION('',(-0.185281235583,2.2E-16,0.982685536548));
#1226 = ORIENTED_EDGE('',*,*,#1227,.F.);
#1227 = EDGE_CURVE('',#210,#1220,#1228,.T.);
#1228 = CIRCLE('',#1229,4.);
#1229 = AXIS2_PLACEMENT_3D('',#1230,#1231,#1232);
#1230 = CARTESIAN_POINT('',(-59.87795085412,-26.78,-48.66978882057));
#1231 = DIRECTION('',(0.185281235583,-2.2E-16,-0.982685536548));
#1232 = DIRECTION('',(-3.839974583794E-15,-1.,-5.001348012287E-16));
#1233 = ORIENTED_EDGE('',*,*,#217,.T.);
#1234 = ORIENTED_EDGE('',*,*,#1180,.F.);
#1235 = CYLINDRICAL_SURFACE('',#1236,4.);
#1236 = AXIS2_PLACEMENT_3D('',#1237,#1238,#1239);
#1237 = CARTESIAN_POINT('',(-59.13682591179,-26.78,-52.60053096676));
#1238 = DIRECTION('',(-0.185281235583,2.2E-16,0.982685536548));
#1239 = DIRECTION('',(-0.982685536548,-4.E-17,-0.185281235583));
#1240 = ADVANCED_FACE('',(#1241),#1277,.T.);
#1241 = FACE_BOUND('',#1242,.T.);
#1242 = EDGE_LOOP('',(#1243,#1253,#1260,#1261,#1262,#1270));
#1243 = ORIENTED_EDGE('',*,*,#1244,.T.);
#1244 = EDGE_CURVE('',#1245,#1247,#1249,.T.);
#1245 = VERTEX_POINT('',#1246);
#1246 = CARTESIAN_POINT('',(73.605674003396,26.78,-22.07642322676));
#1247 = VERTEX_POINT('',#1248);
#1248 = CARTESIAN_POINT('',(73.605674003396,-26.78,-22.07642322676));
#1249 = LINE('',#1250,#1251);
#1250 = CARTESIAN_POINT('',(73.605674003396,30.78,-22.07642322676));
#1251 = VECTOR('',#1252,1.);
#1252 = DIRECTION('',(0.,-1.,2.2E-16));
#1253 = ORIENTED_EDGE('',*,*,#1254,.F.);
#1254 = EDGE_CURVE('',#194,#1247,#1255,.T.);
#1255 = ELLIPSE('',#1256,6.222895307442,4.);
#1256 = AXIS2_PLACEMENT_3D('',#1257,#1258,#1259);
#1257 = CARTESIAN_POINT('',(68.791693544619,-26.78,-18.13307209481));
#1258 = DIRECTION('',(0.633684312066,1.7E-16,0.773591748044));
#1259 = DIRECTION('',(0.773591748044,-1.4E-16,-0.633684312066));
#1260 = ORIENTED_EDGE('',*,*,#193,.T.);
#1261 = ORIENTED_EDGE('',*,*,#1195,.F.);
#1262 = ORIENTED_EDGE('',*,*,#1263,.F.);
#1263 = EDGE_CURVE('',#1264,#1196,#1266,.T.);
#1264 = VERTEX_POINT('',#1265);
#1265 = CARTESIAN_POINT('',(68.791693544619,30.78,-18.13307209481));
#1266 = LINE('',#1267,#1268);
#1267 = CARTESIAN_POINT('',(73.605674003396,30.78,-22.07642322676));
#1268 = VECTOR('',#1269,1.);
#1269 = DIRECTION('',(-0.773591748044,-1.4E-16,0.633684312066));
#1270 = ORIENTED_EDGE('',*,*,#1271,.T.);
#1271 = EDGE_CURVE('',#1264,#1245,#1272,.T.);
#1272 = ELLIPSE('',#1273,6.222895307442,4.);
#1273 = AXIS2_PLACEMENT_3D('',#1274,#1275,#1276);
#1274 = CARTESIAN_POINT('',(68.791693544619,26.78,-18.13307209481));
#1275 = DIRECTION('',(-0.633684312066,-1.7E-16,-0.773591748044));
#1276 = DIRECTION('',(0.773591748044,-1.4E-16,-0.633684312066));
#1277 = PLANE('',#1278);
#1278 = AXIS2_PLACEMENT_3D('',#1279,#1280,#1281);
#1279 = CARTESIAN_POINT('',(73.605674003396,30.78,-22.07642322676));
#1280 = DIRECTION('',(-0.633684312066,-1.7E-16,-0.773591748044));
#1281 = DIRECTION('',(-0.773591748044,1.4E-16,0.633684312066));
#1282 = ADVANCED_FACE('',(#1283),#1310,.F.);
#1283 = FACE_BOUND('',#1284,.T.);
#1284 = EDGE_LOOP('',(#1285,#1294,#1295,#1304));
#1285 = ORIENTED_EDGE('',*,*,#1286,.T.);
#1286 = EDGE_CURVE('',#1287,#210,#1289,.T.);
#1287 = VERTEX_POINT('',#1288);
#1288 = CARTESIAN_POINT('',(-59.13682591179,-26.78,-52.60053096676));
#1289 = CIRCLE('',#1290,4.);
#1290 = AXIS2_PLACEMENT_3D('',#1291,#1292,#1293);
#1291 = CARTESIAN_POINT('',(-59.87795085412,-26.78,-48.66978882057));
#1292 = DIRECTION('',(-0.982685536548,3.86E-15,-0.185281235583));
#1293 = DIRECTION('',(-3.833610167748E-15,-1.,-5.006806819843E-16));
#1294 = ORIENTED_EDGE('',*,*,#209,.T.);
#1295 = ORIENTED_EDGE('',*,*,#1296,.T.);
#1296 = EDGE_CURVE('',#202,#1297,#1299,.T.);
#1297 = VERTEX_POINT('',#1298);
#1298 = CARTESIAN_POINT('',(70.675618170609,-26.78,-28.12493919394));
#1299 = CIRCLE('',#1300,4.);
#1300 = AXIS2_PLACEMENT_3D('',#1301,#1302,#1303);
#1301 = CARTESIAN_POINT('',(69.934493228278,-26.78,-24.19419704775));
#1302 = DIRECTION('',(0.982685536548,4.E-17,0.185281235583));
#1303 = DIRECTION('',(1.41118137337E-14,-1.,-7.462965802812E-14));
#1304 = ORIENTED_EDGE('',*,*,#1305,.F.);
#1305 = EDGE_CURVE('',#1287,#1297,#1306,.T.);
#1306 = LINE('',#1307,#1308);
#1307 = CARTESIAN_POINT('',(-63.06756805798,-26.78,-53.3416559091));
#1308 = VECTOR('',#1309,1.);
#1309 = DIRECTION('',(0.982685536548,4.E-17,0.185281235583));
#1310 = CYLINDRICAL_SURFACE('',#1311,4.);
#1311 = AXIS2_PLACEMENT_3D('',#1312,#1313,#1314);
#1312 = CARTESIAN_POINT('',(-63.80869300031,-26.78,-49.4109137629));
#1313 = DIRECTION('',(0.982685536548,4.E-17,0.185281235583));
#1314 = DIRECTION('',(0.185281235583,-2.2E-16,-0.982685536548));
#1315 = ADVANCED_FACE('',(#1316),#1335,.F.);
#1316 = FACE_BOUND('',#1317,.T.);
#1317 = EDGE_LOOP('',(#1318,#1319,#1327,#1334));
#1318 = ORIENTED_EDGE('',*,*,#1254,.T.);
#1319 = ORIENTED_EDGE('',*,*,#1320,.T.);
#1320 = EDGE_CURVE('',#1247,#1321,#1323,.T.);
#1321 = VERTEX_POINT('',#1322);
#1322 = CARTESIAN_POINT('',(73.86523537447,-26.78,-23.45307210542));
#1323 = LINE('',#1324,#1325);
#1324 = CARTESIAN_POINT('',(73.605674003396,-26.78,-22.07642322676));
#1325 = VECTOR('',#1326,1.);
#1326 = DIRECTION('',(0.185281235583,-2.2E-16,-0.982685536548));
#1327 = ORIENTED_EDGE('',*,*,#1328,.T.);
#1328 = EDGE_CURVE('',#1321,#202,#1329,.T.);
#1329 = CIRCLE('',#1330,4.);
#1330 = AXIS2_PLACEMENT_3D('',#1331,#1332,#1333);
#1331 = CARTESIAN_POINT('',(69.934493228278,-26.78,-24.19419704775));
#1332 = DIRECTION('',(0.185281235583,7.595E-14,-0.982685536548));
#1333 = DIRECTION('',(1.410960353027E-14,-1.,-7.462789722329E-14));
#1334 = ORIENTED_EDGE('',*,*,#201,.F.);
#1335 = CYLINDRICAL_SURFACE('',#1336,4.);
#1336 = AXIS2_PLACEMENT_3D('',#1337,#1338,#1339);
#1337 = CARTESIAN_POINT('',(69.674931857204,-26.78,-22.81754816909));
#1338 = DIRECTION('',(0.185281235583,-2.2E-16,-0.982685536548));
#1339 = DIRECTION('',(-3.933260448964E-17,-1.,2.164603004016E-16));
#1340 = ADVANCED_FACE('',(#1341),#1393,.F.);
#1341 = FACE_BOUND('',#1342,.F.);
#1342 = EDGE_LOOP('',(#1343,#1344,#1350,#1351,#1352,#1358,#1359,#1360,
    #1361,#1369,#1377,#1383,#1384,#1385,#1386,#1392));
#1343 = ORIENTED_EDGE('',*,*,#351,.T.);
#1344 = ORIENTED_EDGE('',*,*,#1345,.T.);
#1345 = EDGE_CURVE('',#354,#440,#1346,.T.);
#1346 = LINE('',#1347,#1348);
#1347 = CARTESIAN_POINT('',(-65.1486,30.78,1.7));
#1348 = VECTOR('',#1349,1.);
#1349 = DIRECTION('',(1.,0.,-4.E-17));
#1350 = ORIENTED_EDGE('',*,*,#437,.F.);
#1351 = ORIENTED_EDGE('',*,*,#510,.F.);
#1352 = ORIENTED_EDGE('',*,*,#1353,.F.);
#1353 = EDGE_CURVE('',#1073,#501,#1354,.T.);
#1354 = LINE('',#1355,#1356);
#1355 = CARTESIAN_POINT('',(59.7514,30.78,7.105427357601E-15));
#1356 = VECTOR('',#1357,1.);
#1357 = DIRECTION('',(1.,0.,0.));
#1358 = ORIENTED_EDGE('',*,*,#1139,.F.);
#1359 = ORIENTED_EDGE('',*,*,#1205,.F.);
#1360 = ORIENTED_EDGE('',*,*,#1263,.F.);
#1361 = ORIENTED_EDGE('',*,*,#1362,.T.);
#1362 = EDGE_CURVE('',#1264,#1363,#1365,.T.);
#1363 = VERTEX_POINT('',#1364);
#1364 = CARTESIAN_POINT('',(69.934493228278,30.78,-24.19419704775));
#1365 = LINE('',#1366,#1367);
#1366 = CARTESIAN_POINT('',(69.674931857204,30.78,-22.81754816909));
#1367 = VECTOR('',#1368,1.);
#1368 = DIRECTION('',(0.185281235583,-2.2E-16,-0.982685536548));
#1369 = ORIENTED_EDGE('',*,*,#1370,.F.);
#1370 = EDGE_CURVE('',#1371,#1363,#1373,.T.);
#1371 = VERTEX_POINT('',#1372);
#1372 = CARTESIAN_POINT('',(-59.87795085412,30.78,-48.66978882057));
#1373 = LINE('',#1374,#1375);
#1374 = CARTESIAN_POINT('',(-63.80869300031,30.78,-49.4109137629));
#1375 = VECTOR('',#1376,1.);
#1376 = DIRECTION('',(0.982685536548,4.E-17,0.185281235583));
#1377 = ORIENTED_EDGE('',*,*,#1378,.T.);
#1378 = EDGE_CURVE('',#1371,#1164,#1379,.T.);
#1379 = LINE('',#1380,#1381);
#1380 = CARTESIAN_POINT('',(-59.13682591179,30.78,-52.60053096676));
#1381 = VECTOR('',#1382,1.);
#1382 = DIRECTION('',(-0.185281235583,2.2E-16,0.982685536548));
#1383 = ORIENTED_EDGE('',*,*,#1172,.F.);
#1384 = ORIENTED_EDGE('',*,*,#1115,.F.);
#1385 = ORIENTED_EDGE('',*,*,#1058,.F.);
#1386 = ORIENTED_EDGE('',*,*,#1387,.F.);
#1387 = EDGE_CURVE('',#414,#992,#1388,.T.);
#1388 = LINE('',#1389,#1390);
#1389 = CARTESIAN_POINT('',(-62.7486,30.78,7.105427357601E-15));
#1390 = VECTOR('',#1391,1.);
#1391 = DIRECTION('',(1.,0.,0.));
#1392 = ORIENTED_EDGE('',*,*,#423,.T.);
#1393 = PLANE('',#1394);
#1394 = AXIS2_PLACEMENT_3D('',#1395,#1396,#1397);
#1395 = CARTESIAN_POINT('',(-1.730825567957,30.78,-18.74334149272));
#1396 = DIRECTION('',(0.,1.,2.2E-16));
#1397 = DIRECTION('',(0.,-2.2E-16,1.));
#1398 = ADVANCED_FACE('',(#1399),#1417,.F.);
#1399 = FACE_BOUND('',#1400,.F.);
#1400 = EDGE_LOOP('',(#1401,#1409,#1410,#1411));
#1401 = ORIENTED_EDGE('',*,*,#1402,.F.);
#1402 = EDGE_CURVE('',#354,#1403,#1405,.T.);
#1403 = VERTEX_POINT('',#1404);
#1404 = CARTESIAN_POINT('',(-65.9486,31.58,2.5));
#1405 = LINE('',#1406,#1407);
#1406 = CARTESIAN_POINT('',(-65.41526666666,31.046666666667,
    1.966666666667));
#1407 = VECTOR('',#1408,1.);
#1408 = DIRECTION('',(-0.57735026919,0.57735026919,0.57735026919));
#1409 = ORIENTED_EDGE('',*,*,#368,.T.);
#1410 = ORIENTED_EDGE('',*,*,#382,.T.);
#1411 = ORIENTED_EDGE('',*,*,#1412,.F.);
#1412 = EDGE_CURVE('',#1403,#383,#1413,.T.);
#1413 = LINE('',#1414,#1415);
#1414 = CARTESIAN_POINT('',(-65.9486,30.78,2.5));
#1415 = VECTOR('',#1416,1.);
#1416 = DIRECTION('',(0.,-1.,2.2E-16));
#1417 = PLANE('',#1418);
#1418 = AXIS2_PLACEMENT_3D('',#1419,#1420,#1421);
#1419 = CARTESIAN_POINT('',(-65.5486,30.78,2.1));
#1420 = DIRECTION('',(-0.707106781187,-1.5E-16,-0.707106781187));
#1421 = DIRECTION('',(-3.933982822018E-18,-1.,2.16066017178E-16));
#1422 = ADVANCED_FACE('',(#1423,#1441),#1736,.T.);
#1423 = FACE_BOUND('',#1424,.T.);
#1424 = EDGE_LOOP('',(#1425,#1426,#1434,#1440));
#1425 = ORIENTED_EDGE('',*,*,#1412,.F.);
#1426 = ORIENTED_EDGE('',*,*,#1427,.T.);
#1427 = EDGE_CURVE('',#1403,#1428,#1430,.T.);
#1428 = VERTEX_POINT('',#1429);
#1429 = CARTESIAN_POINT('',(65.9486,31.58,2.5));
#1430 = LINE('',#1431,#1432);
#1431 = CARTESIAN_POINT('',(-65.1486,31.58,2.5));
#1432 = VECTOR('',#1433,1.);
#1433 = DIRECTION('',(1.,0.,-4.E-17));
#1434 = ORIENTED_EDGE('',*,*,#1435,.T.);
#1435 = EDGE_CURVE('',#1428,#392,#1436,.T.);
#1436 = LINE('',#1437,#1438);
#1437 = CARTESIAN_POINT('',(65.9486,30.78,2.5));
#1438 = VECTOR('',#1439,1.);
#1439 = DIRECTION('',(0.,-1.,2.2E-16));
#1440 = ORIENTED_EDGE('',*,*,#399,.F.);
#1441 = FACE_BOUND('',#1442,.T.);
#1442 = EDGE_LOOP('',(#1443,#1453,#1487,#1564,#1572,#1649,#1684,#1692,
    #1711,#1719));
#1443 = ORIENTED_EDGE('',*,*,#1444,.T.);
#1444 = EDGE_CURVE('',#1445,#1447,#1449,.T.);
#1445 = VERTEX_POINT('',#1446);
#1446 = CARTESIAN_POINT('',(-63.55537818532,-33.23233231593,2.5));
#1447 = VERTEX_POINT('',#1448);
#1448 = CARTESIAN_POINT('',(-19.34737389486,-33.61891699648,2.5));
#1449 = LINE('',#1450,#1451);
#1450 = CARTESIAN_POINT('',(-63.57981434932,-33.23211862959,2.5));
#1451 = VECTOR('',#1452,1.);
#1452 = DIRECTION('',(0.999961767512,-8.744341814506E-03,0.));
#1453 = ORIENTED_EDGE('',*,*,#1454,.T.);
#1454 = EDGE_CURVE('',#1447,#1455,#1457,.T.);
#1455 = VERTEX_POINT('',#1456);
#1456 = CARTESIAN_POINT('',(63.644030768124,-33.89338240556,2.5));
#1457 = B_SPLINE_CURVE_WITH_KNOTS('',10,(#1458,#1459,#1460,#1461,#1462,
    #1463,#1464,#1465,#1466,#1467,#1468,#1469,#1470,#1471,#1472,#1473,
    #1474,#1475,#1476,#1477,#1478,#1479,#1480,#1481,#1482,#1483,#1484,
    #1485,#1486),.UNSPECIFIED.,.F.,.F.,(11,9,9,11),(44.234131635357,
    54.879241151027,127.0459887149,127.78983725388),.UNSPECIFIED.);
#1458 = CARTESIAN_POINT('',(-19.34737389486,-33.61891699648,2.5));
#1459 = CARTESIAN_POINT('',(-18.28784366612,-33.62818224519,2.5));
#1460 = CARTESIAN_POINT('',(-17.22832077051,-33.63743817898,2.5));
#1461 = CARTESIAN_POINT('',(-16.16878093273,-33.64671421475,
    2.499999999999));
#1462 = CARTESIAN_POINT('',(-15.10924343674,-33.65599040196,
    2.500000000001));
#1463 = CARTESIAN_POINT('',(-14.04972158702,-33.6652482931,
    2.499999999999));
#1464 = CARTESIAN_POINT('',(-12.99020224226,-33.67449531596,
    2.500000000001));
#1465 = CARTESIAN_POINT('',(-11.93065442125,-33.68376264692,2.5));
#1466 = CARTESIAN_POINT('',(-10.8710669812,-33.69307658609,2.5));
#1467 = CARTESIAN_POINT('',(-9.811515368312,-33.70240343354,2.5));
#1468 = CARTESIAN_POINT('',(-1.571194685897,-33.77369661951,2.5));
#1469 = CARTESIAN_POINT('',(5.611586610161,-33.82784819076,2.5));
#1470 = CARTESIAN_POINT('',(12.796274749965,-33.8720317927,
    2.500000000001));
#1471 = CARTESIAN_POINT('',(19.983150568826,-33.90829321169,
    2.499999999999));
#1472 = CARTESIAN_POINT('',(27.169973756912,-33.93191127693,
    2.500000000001));
#1473 = CARTESIAN_POINT('',(34.35963908889,-33.95213019282,2.5));
#1474 = CARTESIAN_POINT('',(41.549972065363,-33.95567933226,2.5));
#1475 = CARTESIAN_POINT('',(48.747404011085,-33.99047885087,2.5));
#1476 = CARTESIAN_POINT('',(55.933945600782,-34.09213461081,2.5));
#1477 = CARTESIAN_POINT('',(63.145504103633,-33.92367471787,2.5));
#1478 = CARTESIAN_POINT('',(63.211224685643,-33.92209854675,2.5));
#1479 = CARTESIAN_POINT('',(63.271600383794,-33.92029793781,2.5));
#1480 = CARTESIAN_POINT('',(63.328442381579,-33.91809645677,
    2.499999999999));
#1481 = CARTESIAN_POINT('',(63.383024401173,-33.91541727781,
    2.500000000001));
#1482 = CARTESIAN_POINT('',(63.436218175679,-33.91221941433,
    2.499999999999));
#1483 = CARTESIAN_POINT('',(63.488604736134,-33.90846106528,2.5));
#1484 = CARTESIAN_POINT('',(63.540561513985,-33.90409007795,2.5));
#1485 = CARTESIAN_POINT('',(63.59232525826,-33.89906152629,2.5));
#1486 = CARTESIAN_POINT('',(63.644030768124,-33.89338240556,2.5));
#1487 = ORIENTED_EDGE('',*,*,#1488,.T.);
#1488 = EDGE_CURVE('',#1455,#1489,#1491,.T.);
#1489 = VERTEX_POINT('',#1490);
#1490 = CARTESIAN_POINT('',(67.5486,-29.81626404647,2.5));
#1491 = B_SPLINE_CURVE_WITH_KNOTS('',11,(#1492,#1493,#1494,#1495,#1496,
    #1497,#1498,#1499,#1500,#1501,#1502,#1503,#1504,#1505,#1506,#1507,
    #1508,#1509,#1510,#1511,#1512,#1513,#1514,#1515,#1516,#1517,#1518,
    #1519,#1520,#1521,#1522,#1523,#1524,#1525,#1526,#1527,#1528,#1529,
    #1530,#1531,#1532,#1533,#1534,#1535,#1536,#1537,#1538,#1539,#1540,
    #1541,#1542,#1543,#1544,#1545,#1546,#1547,#1548,#1549,#1550,#1551,
    #1552,#1553,#1554,#1555,#1556,#1557,#1558,#1559,#1560,#1561,#1562,
    #1563),.UNSPECIFIED.,.F.,.F.,(12,10,10,10,10,10,10,12),(
    127.7898372606,131.81026984053,133.23757198151,135.6648662555,
    136.11955086958,136.34689317662,136.51440163604,136.57423548366),
  .UNSPECIFIED.);
#1492 = CARTESIAN_POINT('',(63.644030772796,-33.89338240505,2.5));
#1493 = CARTESIAN_POINT('',(63.898088500339,-33.86547774801,2.5));
#1494 = CARTESIAN_POINT('',(64.150638285298,-33.82189992713,2.5));
#1495 = CARTESIAN_POINT('',(64.418755145593,-33.75999667136,
    2.499999999999));
#1496 = CARTESIAN_POINT('',(64.658747552421,-33.68535450298,
    2.500000000001));
#1497 = CARTESIAN_POINT('',(64.917619320047,-33.59394949705,
    2.499999999999));
#1498 = CARTESIAN_POINT('',(65.154157988813,-33.48670295422,
    2.500000000001));
#1499 = CARTESIAN_POINT('',(65.392283097245,-33.36577822825,
    2.499999999999));
#1500 = CARTESIAN_POINT('',(65.618274183409,-33.22931761107,
    2.500000000001));
#1501 = CARTESIAN_POINT('',(65.835303441409,-33.07953822906,2.5));
#1502 = CARTESIAN_POINT('',(66.041016726252,-32.9164618944,2.5));
#1503 = CARTESIAN_POINT('',(66.303026934476,-32.67892950107,2.5));
#1504 = CARTESIAN_POINT('',(66.37011609319,-32.61515276375,2.5));
#1505 = CARTESIAN_POINT('',(66.435592623353,-32.54987331989,
    2.500000000001));
#1506 = CARTESIAN_POINT('',(66.499403084067,-32.48313388335,
    2.499999999998));
#1507 = CARTESIAN_POINT('',(66.561495916643,-32.41497914851,
    2.500000000002));
#1508 = CARTESIAN_POINT('',(66.621821443016,-32.34545578974,
    2.499999999998));
#1509 = CARTESIAN_POINT('',(66.68033186794,-32.27461246209,
    2.500000000002));
#1510 = CARTESIAN_POINT('',(66.736981276553,-32.2024998006,
    2.499999999999));
#1511 = CARTESIAN_POINT('',(66.791725636556,-32.12917042084,2.5));
#1512 = CARTESIAN_POINT('',(66.844522796644,-32.05467891858,2.5));
#1513 = CARTESIAN_POINT('',(66.981740310873,-31.85052024445,2.5));
#1514 = CARTESIAN_POINT('',(67.062404910105,-31.71875083305,2.5));
#1515 = CARTESIAN_POINT('',(67.137127724708,-31.58406737047,2.5));
#1516 = CARTESIAN_POINT('',(67.205726931958,-31.44676755447,2.5));
#1517 = CARTESIAN_POINT('',(67.268043080181,-31.3071634401,2.5));
#1518 = CARTESIAN_POINT('',(67.323943852968,-31.16558401077,2.5));
#1519 = CARTESIAN_POINT('',(67.373327965004,-31.02236992611,2.5));
#1520 = CARTESIAN_POINT('',(67.41612818869,-30.87786044678,2.5));
#1521 = CARTESIAN_POINT('',(67.452313512327,-30.73237253601,2.5));
#1522 = CARTESIAN_POINT('',(67.481890429164,-30.58617213806,2.5));
#1523 = CARTESIAN_POINT('',(67.509214176282,-30.41195109323,2.5));
#1524 = CARTESIAN_POINT('',(67.513294372589,-30.38444566052,
    2.499999999999));
#1525 = CARTESIAN_POINT('',(67.517144865315,-30.35692332604,
    2.500000000001));
#1526 = CARTESIAN_POINT('',(67.520766403164,-30.32938176497,
    2.499999999998));
#1527 = CARTESIAN_POINT('',(67.524159334846,-30.30181891988,
    2.500000000003));
#1528 = CARTESIAN_POINT('',(67.527323376311,-30.27423758256,
    2.499999999997));
#1529 = CARTESIAN_POINT('',(67.530257381641,-30.24664997745,
    2.500000000002));
#1530 = CARTESIAN_POINT('',(67.532959109602,-30.21908234322,
    2.499999999999));
#1531 = CARTESIAN_POINT('',(67.535424994458,-30.19157951612,2.5));
#1532 = CARTESIAN_POINT('',(67.537649913301,-30.16420951195,2.5));
#1533 = CARTESIAN_POINT('',(67.540615476961,-30.12349740734,2.5));
#1534 = CARTESIAN_POINT('',(67.541542369508,-30.10998364943,2.5));
#1535 = CARTESIAN_POINT('',(67.542406977034,-30.09653222809,
    2.500000000001));
#1536 = CARTESIAN_POINT('',(67.543208858635,-30.0831520201,
    2.499999999999));
#1537 = CARTESIAN_POINT('',(67.543947829158,-30.06985188867,
    2.500000000001));
#1538 = CARTESIAN_POINT('',(67.544623997021,-30.05663718526,
    2.499999999999));
#1539 = CARTESIAN_POINT('',(67.54523780579,-30.04350625258,
    2.500000000001));
#1540 = CARTESIAN_POINT('',(67.54579007115,-30.0304469261,2.5));
#1541 = CARTESIAN_POINT('',(67.546282022501,-30.01743303712,2.5));
#1542 = CARTESIAN_POINT('',(67.546715340749,-30.00442091449,2.5));
#1543 = CARTESIAN_POINT('',(67.547369871923,-29.98171205496,2.5));
#1544 = CARTESIAN_POINT('',(67.547616641096,-29.97204354061,2.5));
#1545 = CARTESIAN_POINT('',(67.547833669244,-29.96231141315,
    2.500000000001));
#1546 = CARTESIAN_POINT('',(67.548021834892,-29.95248036385,
    2.499999999998));
#1547 = CARTESIAN_POINT('',(67.548181854726,-29.94250625097,
    2.500000000002));
#1548 = CARTESIAN_POINT('',(67.548314405316,-29.93233364367,
    2.499999999998));
#1549 = CARTESIAN_POINT('',(67.54842024641,-29.92189336703,
    2.500000000002));
#1550 = CARTESIAN_POINT('',(67.548500342223,-29.91110004571,
    2.499999999999));
#1551 = CARTESIAN_POINT('',(67.548555984808,-29.899849649,2.5));
#1552 = CARTESIAN_POINT('',(67.548588915657,-29.88801703468,2.5));
#1553 = CARTESIAN_POINT('',(67.548605925272,-29.87096580995,2.5));
#1554 = CARTESIAN_POINT('',(67.548608121427,-29.86644119147,2.5));
#1555 = CARTESIAN_POINT('',(67.548607200514,-29.8616397392,
    2.500000000001));
#1556 = CARTESIAN_POINT('',(67.548604495677,-29.85628854828,
    2.499999999999));
#1557 = CARTESIAN_POINT('',(67.548601727114,-29.85042411312,
    2.500000000002));
#1558 = CARTESIAN_POINT('',(67.548600025331,-29.84436206859,
    2.499999999998));
#1559 = CARTESIAN_POINT('',(67.548599606266,-29.83846596979,
    2.500000000001));
#1560 = CARTESIAN_POINT('',(67.548599930727,-29.83288680702,
    2.499999999999));
#1561 = CARTESIAN_POINT('',(67.548600197155,-29.82744495965,2.5));
#1562 = CARTESIAN_POINT('',(67.548599999997,-29.8218262852,2.5));
#1563 = CARTESIAN_POINT('',(67.5486,-29.81626404647,2.5));
#1564 = ORIENTED_EDGE('',*,*,#1565,.T.);
#1565 = EDGE_CURVE('',#1489,#1566,#1568,.T.);
#1566 = VERTEX_POINT('',#1567);
#1567 = CARTESIAN_POINT('',(67.5486,29.816264046384,2.5));
#1568 = LINE('',#1569,#1570);
#1569 = CARTESIAN_POINT('',(67.5486,-29.87744867253,2.5));
#1570 = VECTOR('',#1571,1.);
#1571 = DIRECTION('',(0.,1.,-2.2E-16));
#1572 = ORIENTED_EDGE('',*,*,#1573,.T.);
#1573 = EDGE_CURVE('',#1566,#1574,#1576,.T.);
#1574 = VERTEX_POINT('',#1575);
#1575 = CARTESIAN_POINT('',(63.643976459508,33.893400586814,2.5));
#1576 = B_SPLINE_CURVE_WITH_KNOTS('',11,(#1577,#1578,#1579,#1580,#1581,
    #1582,#1583,#1584,#1585,#1586,#1587,#1588,#1589,#1590,#1591,#1592,
    #1593,#1594,#1595,#1596,#1597,#1598,#1599,#1600,#1601,#1602,#1603,
    #1604,#1605,#1606,#1607,#1608,#1609,#1610,#1611,#1612,#1613,#1614,
    #1615,#1616,#1617,#1618,#1619,#1620,#1621,#1622,#1623,#1624,#1625,
    #1626,#1627,#1628,#1629,#1630,#1631,#1632,#1633,#1634,#1635,#1636,
    #1637,#1638,#1639,#1640,#1641,#1642,#1643,#1644,#1645,#1646,#1647,
    #1648),.UNSPECIFIED.,.F.,.F.,(12,10,10,10,10,10,10,12),(
    196.2067635765,196.26659741032,196.43424789789,196.66173221928,
    197.11670086206,199.54343167976,200.97026889612,204.99115915673),
  .UNSPECIFIED.);
#1577 = CARTESIAN_POINT('',(67.5486,29.816264046384,2.5));
#1578 = CARTESIAN_POINT('',(67.548600000002,29.821826285081,2.5));
#1579 = CARTESIAN_POINT('',(67.548600027822,29.827396384042,2.5));
#1580 = CARTESIAN_POINT('',(67.548600009756,29.832951970166,
    2.500000000001));
#1581 = CARTESIAN_POINT('',(67.548599969317,29.838503921388,
    2.499999999998));
#1582 = CARTESIAN_POINT('',(67.548599960094,29.844067403822,
    2.500000000002));
#1583 = CARTESIAN_POINT('',(67.548600007859,29.849642683696,
    2.499999999998));
#1584 = CARTESIAN_POINT('',(67.548600065241,29.85520571553,
    2.500000000001));
#1585 = CARTESIAN_POINT('',(67.548599974939,29.860708504769,
    2.499999999999));
#1586 = CARTESIAN_POINT('',(67.548599445476,29.866089246682,2.5));
#1587 = CARTESIAN_POINT('',(67.548598036231,29.871292240015,2.5));
#1588 = CARTESIAN_POINT('',(67.548587077861,29.890322201576,2.5));
#1589 = CARTESIAN_POINT('',(67.548566249003,29.90288380223,2.5));
#1590 = CARTESIAN_POINT('',(67.54852645162,29.914328118389,
    2.499999999999));
#1591 = CARTESIAN_POINT('',(67.548463539068,29.924940626241,
    2.500000000001));
#1592 = CARTESIAN_POINT('',(67.548374952756,29.934953150666,
    2.499999999999));
#1593 = CARTESIAN_POINT('',(67.548259243458,29.944550478214,
    2.500000000001));
#1594 = CARTESIAN_POINT('',(67.548115589148,29.953876969376,
    2.499999999999));
#1595 = CARTESIAN_POINT('',(67.547943317027,29.963043171691,2.5));
#1596 = CARTESIAN_POINT('',(67.547741421397,29.972132432046,2.5));
#1597 = CARTESIAN_POINT('',(67.547508084929,29.981207509619,2.5));
#1598 = CARTESIAN_POINT('',(67.546876702418,30.002678077569,2.5));
#1599 = CARTESIAN_POINT('',(67.546451518247,30.015105564374,2.5));
#1600 = CARTESIAN_POINT('',(67.545960279885,30.027700330211,
    2.499999999999));
#1601 = CARTESIAN_POINT('',(67.54540025531,30.040517943157,
    2.500000000002));
#1602 = CARTESIAN_POINT('',(67.544770120049,30.053577435209,
    2.499999999997));
#1603 = CARTESIAN_POINT('',(67.544069733599,30.066869880123,
    2.500000000003));
#1604 = CARTESIAN_POINT('',(67.543299912652,30.080366970346,
    2.499999999998));
#1605 = CARTESIAN_POINT('',(67.542462208329,30.094029595072,
    2.500000000001));
#1606 = CARTESIAN_POINT('',(67.541558679243,30.10781641715,2.5));
#1607 = CARTESIAN_POINT('',(67.540591668141,30.121692450958,2.5));
#1608 = CARTESIAN_POINT('',(67.537507391859,30.163528016925,2.5));
#1609 = CARTESIAN_POINT('',(67.535203916313,30.191679685803,2.5));
#1610 = CARTESIAN_POINT('',(67.532676888583,30.21982129321,2.5));
#1611 = CARTESIAN_POINT('',(67.529938726632,30.247806634567,2.5));
#1612 = CARTESIAN_POINT('',(67.526993018076,30.275586627519,2.5));
#1613 = CARTESIAN_POINT('',(67.523837012739,30.303181285407,2.5));
#1614 = CARTESIAN_POINT('',(67.520464112975,30.330651691292,2.5));
#1615 = CARTESIAN_POINT('',(67.516866366425,30.358071971183,2.5));
#1616 = CARTESIAN_POINT('',(67.513036956549,30.385501268164,2.5));
#1617 = CARTESIAN_POINT('',(67.508972694871,30.412955715724,2.5));
#1618 = CARTESIAN_POINT('',(67.481761352498,30.586659404266,2.5));
#1619 = CARTESIAN_POINT('',(67.452220355973,30.732701451076,2.5));
#1620 = CARTESIAN_POINT('',(67.416041110928,30.878141663953,
    2.499999999999));
#1621 = CARTESIAN_POINT('',(67.373239055007,31.022623857653,
    2.500000000001));
#1622 = CARTESIAN_POINT('',(67.323857474916,31.165800549723,
    2.499999999998));
#1623 = CARTESIAN_POINT('',(67.267967506695,31.307332960655,
    2.500000000002));
#1624 = CARTESIAN_POINT('',(67.205668135418,31.446891013667,
    2.499999999999));
#1625 = CARTESIAN_POINT('',(67.137086195459,31.58415333495,
    2.500000000001));
#1626 = CARTESIAN_POINT('',(67.06237637031,31.718807253444,2.5));
#1627 = CARTESIAN_POINT('',(66.981721192665,31.850548800999,2.5));
#1628 = CARTESIAN_POINT('',(66.844536503146,32.054656388136,2.5));
#1629 = CARTESIAN_POINT('',(66.791755791799,32.129124519099,2.5));
#1630 = CARTESIAN_POINT('',(66.737029326487,32.202430855742,
    2.500000000001));
#1631 = CARTESIAN_POINT('',(66.680399351875,32.274521064255,
    2.499999999999));
#1632 = CARTESIAN_POINT('',(66.621909941538,32.345342726473,
    2.500000000001));
#1633 = CARTESIAN_POINT('',(66.561606997405,32.414845339885,
    2.499999999999));
#1634 = CARTESIAN_POINT('',(66.499538250442,32.48298031756,2.5));
#1635 = CARTESIAN_POINT('',(66.435753259957,32.549700988289,2.5));
#1636 = CARTESIAN_POINT('',(66.370303414194,32.614962596413,2.5));
#1637 = CARTESIAN_POINT('',(66.303241929911,32.678722301972,2.5));
#1638 = CARTESIAN_POINT('',(66.041255081807,32.916269091059,2.5));
#1639 = CARTESIAN_POINT('',(65.835529383613,33.079379905094,2.5));
#1640 = CARTESIAN_POINT('',(65.618439753428,33.229198127347,
    2.499999999999));
#1641 = CARTESIAN_POINT('',(65.392572207757,33.365659502744,
    2.500000000002));
#1642 = CARTESIAN_POINT('',(65.154051318548,33.486704165423,
    2.499999999997));
#1643 = CARTESIAN_POINT('',(64.918125508229,33.593792743362,
    2.500000000003));
#1644 = CARTESIAN_POINT('',(64.658572076064,33.685405725386,
    2.499999999998));
#1645 = CARTESIAN_POINT('',(64.418959797765,33.759936878411,
    2.500000000001));
#1646 = CARTESIAN_POINT('',(64.150737079656,33.821884831956,
    2.499999999999));
#1647 = CARTESIAN_POINT('',(63.898058689961,33.865486045841,2.5));
#1648 = CARTESIAN_POINT('',(63.643976459508,33.893400586814,2.5));
#1649 = ORIENTED_EDGE('',*,*,#1650,.T.);
#1650 = EDGE_CURVE('',#1574,#1651,#1653,.T.);
#1651 = VERTEX_POINT('',#1652);
#1652 = CARTESIAN_POINT('',(-19.34737389486,33.618916996484,2.5));
#1653 = B_SPLINE_CURVE_WITH_KNOTS('',8,(#1654,#1655,#1656,#1657,#1658,
    #1659,#1660,#1661,#1662,#1663,#1664,#1665,#1666,#1667,#1668,#1669,
    #1670,#1671,#1672,#1673,#1674,#1675,#1676,#1677,#1678,#1679,#1680,
    #1681,#1682,#1683),.UNSPECIFIED.,.F.,.F.,(9,7,7,7,9),(
    204.99115916346,205.73500925743,247.1409383408,277.90175776874,
    288.54686742416),.UNSPECIFIED.);
#1654 = CARTESIAN_POINT('',(63.643976454834,33.893400587328,2.5));
#1655 = CARTESIAN_POINT('',(63.579345556376,33.900501209212,2.5));
#1656 = CARTESIAN_POINT('',(63.514628289067,33.90655555424,2.5));
#1657 = CARTESIAN_POINT('',(63.449539125505,33.911547702705,2.5));
#1658 = CARTESIAN_POINT('',(63.383486068146,33.915618855906,2.5));
#1659 = CARTESIAN_POINT('',(63.315395318362,33.918864482878,2.5));
#1660 = CARTESIAN_POINT('',(63.243351412931,33.921336210804,2.5));
#1661 = CARTESIAN_POINT('',(63.16405282798,33.923248459234,2.5));
#1662 = CARTESIAN_POINT('',(57.952645517614,34.044587153474,2.5));
#1663 = CARTESIAN_POINT('',(52.807616576126,34.022305550213,2.5));
#1664 = CARTESIAN_POINT('',(47.652163982803,33.993662908454,2.5));
#1665 = CARTESIAN_POINT('',(42.495109372174,33.973822264126,2.5));
#1666 = CARTESIAN_POINT('',(37.337785824819,33.957923581707,2.5));
#1667 = CARTESIAN_POINT('',(32.18135952718,33.942948147928,2.5));
#1668 = CARTESIAN_POINT('',(27.025640998537,33.925795183162,2.5));
#1669 = CARTESIAN_POINT('',(18.041162484659,33.88975492901,2.5));
#1670 = CARTESIAN_POINT('',(14.212018549225,33.872449470825,2.5));
#1671 = CARTESIAN_POINT('',(10.383356633285,33.85253025659,2.5));
#1672 = CARTESIAN_POINT('',(6.555184388379,33.82984998592,2.5));
#1673 = CARTESIAN_POINT('',(2.727577484707,33.804304550008,2.5));
#1674 = CARTESIAN_POINT('',(-1.099381355583,33.775765250606,2.5));
#1675 = CARTESIAN_POINT('',(-4.925808658345,33.744423073901,2.5));
#1676 = CARTESIAN_POINT('',(-10.07659483024,33.70016721769,2.5));
#1677 = CARTESIAN_POINT('',(-11.40080301448,33.688602631406,2.5));
#1678 = CARTESIAN_POINT('',(-12.72518283528,33.676907292871,2.5));
#1679 = CARTESIAN_POINT('',(-14.04966545476,33.66522900906,2.5));
#1680 = CARTESIAN_POINT('',(-15.37413863959,33.653640476018,2.5));
#1681 = CARTESIAN_POINT('',(-16.69855850507,33.642094104614,2.5));
#1682 = CARTESIAN_POINT('',(-18.02296110893,33.630498557379,2.5));
#1683 = CARTESIAN_POINT('',(-19.34737389486,33.618916996484,2.5));
#1684 = ORIENTED_EDGE('',*,*,#1685,.T.);
#1685 = EDGE_CURVE('',#1651,#1686,#1688,.T.);
#1686 = VERTEX_POINT('',#1687);
#1687 = CARTESIAN_POINT('',(-63.55537818532,33.232332315937,2.5));
#1688 = LINE('',#1689,#1690);
#1689 = CARTESIAN_POINT('',(-8.752071607474,33.711569483648,2.5));
#1690 = VECTOR('',#1691,1.);
#1691 = DIRECTION('',(-0.999961767512,-8.744341814506E-03,5.E-17));
#1692 = ORIENTED_EDGE('',*,*,#1693,.T.);
#1693 = EDGE_CURVE('',#1686,#1694,#1696,.T.);
#1694 = VERTEX_POINT('',#1695);
#1695 = CARTESIAN_POINT('',(-67.5486,29.315454404824,2.5));
#1696 = B_SPLINE_CURVE_WITH_KNOTS('',7,(#1697,#1698,#1699,#1700,#1701,
    #1702,#1703,#1704,#1705,#1706,#1707,#1708,#1709,#1710),
  .UNSPECIFIED.,.F.,.F.,(8,6,8),(332.75656196141,332.78101562516,
    342.07075851845),.UNSPECIFIED.);
#1697 = CARTESIAN_POINT('',(-63.55537818532,33.232332315937,2.5));
#1698 = CARTESIAN_POINT('',(-63.55886927195,33.232301787515,2.5));
#1699 = CARTESIAN_POINT('',(-63.5623036354,33.232271730594,2.5));
#1700 = CARTESIAN_POINT('',(-63.56597857072,33.232239710747,2.5));
#1701 = CARTESIAN_POINT('',(-63.56927211873,33.232210721009,2.5));
#1702 = CARTESIAN_POINT('',(-63.57268984403,33.232180809662,2.5));
#1703 = CARTESIAN_POINT('',(-63.57697879034,33.232144089013,2.5));
#1704 = CARTESIAN_POINT('',(-64.46438897061,33.22415910425,2.5));
#1705 = CARTESIAN_POINT('',(-65.35711559077,32.98828877958,2.5));
#1706 = CARTESIAN_POINT('',(-66.18240465291,32.521019268169,2.5));
#1707 = CARTESIAN_POINT('',(-66.85449551172,31.85037359156,2.5));
#1708 = CARTESIAN_POINT('',(-67.31589053508,31.049132955878,2.5));
#1709 = CARTESIAN_POINT('',(-67.5486,30.183495708871,2.5));
#1710 = CARTESIAN_POINT('',(-67.5486,29.315454404824,2.5));
#1711 = ORIENTED_EDGE('',*,*,#1712,.T.);
#1712 = EDGE_CURVE('',#1694,#1713,#1715,.T.);
#1713 = VERTEX_POINT('',#1714);
#1714 = CARTESIAN_POINT('',(-67.5486,-29.31545440482,2.5));
#1715 = LINE('',#1716,#1717);
#1716 = CARTESIAN_POINT('',(-67.5486,29.222494911778,2.5));
#1717 = VECTOR('',#1718,1.);
#1718 = DIRECTION('',(0.,-1.,2.2E-16));
#1719 = ORIENTED_EDGE('',*,*,#1720,.T.);
#1720 = EDGE_CURVE('',#1713,#1445,#1721,.T.);
#1721 = B_SPLINE_CURVE_WITH_KNOTS('',7,(#1722,#1723,#1724,#1725,#1726,
    #1727,#1728,#1729,#1730,#1731,#1732,#1733,#1734,#1735),
  .UNSPECIFIED.,.F.,.F.,(8,6,8),(400.70167473579,409.99141762909,
    410.01587129283),.UNSPECIFIED.);
#1722 = CARTESIAN_POINT('',(-67.5486,-29.31545440482,2.5));
#1723 = CARTESIAN_POINT('',(-67.5486,-30.18349570887,2.5));
#1724 = CARTESIAN_POINT('',(-67.31589053509,-31.04913295587,2.5));
#1725 = CARTESIAN_POINT('',(-66.8544955117,-31.85037359156,2.5));
#1726 = CARTESIAN_POINT('',(-66.18240465293,-32.52101926816,2.5));
#1727 = CARTESIAN_POINT('',(-65.35711559075,-32.98828877958,2.5));
#1728 = CARTESIAN_POINT('',(-64.46438897062,-33.22415910425,2.5));
#1729 = CARTESIAN_POINT('',(-63.57697879034,-33.23214408901,2.5));
#1730 = CARTESIAN_POINT('',(-63.57268984403,-33.23218080966,2.5));
#1731 = CARTESIAN_POINT('',(-63.56927211873,-33.232210721,2.5));
#1732 = CARTESIAN_POINT('',(-63.56597857072,-33.23223971074,2.5));
#1733 = CARTESIAN_POINT('',(-63.5623036354,-33.23227173059,2.5));
#1734 = CARTESIAN_POINT('',(-63.55886927195,-33.23230178751,2.5));
#1735 = CARTESIAN_POINT('',(-63.55537818532,-33.23233231593,2.5));
#1736 = PLANE('',#1737);
#1737 = AXIS2_PLACEMENT_3D('',#1738,#1739,#1740);
#1738 = CARTESIAN_POINT('',(0.239004233354,1.283E-14,2.5));
#1739 = DIRECTION('',(0.,1.9E-16,1.));
#1740 = DIRECTION('',(0.,-1.,1.9E-16));
#1741 = ADVANCED_FACE('',(#1742),#1753,.T.);
#1742 = FACE_BOUND('',#1743,.F.);
#1743 = EDGE_LOOP('',(#1744,#1750,#1751,#1752));
#1744 = ORIENTED_EDGE('',*,*,#1745,.T.);
#1745 = EDGE_CURVE('',#440,#1428,#1746,.T.);
#1746 = LINE('',#1747,#1748);
#1747 = CARTESIAN_POINT('',(43.699066666667,9.330466666667,
    -19.74953333333));
#1748 = VECTOR('',#1749,1.);
#1749 = DIRECTION('',(0.57735026919,0.57735026919,0.57735026919));
#1750 = ORIENTED_EDGE('',*,*,#1435,.T.);
#1751 = ORIENTED_EDGE('',*,*,#391,.F.);
#1752 = ORIENTED_EDGE('',*,*,#454,.F.);
#1753 = PLANE('',#1754);
#1754 = AXIS2_PLACEMENT_3D('',#1755,#1756,#1757);
#1755 = CARTESIAN_POINT('',(65.5486,30.78,2.1));
#1756 = DIRECTION('',(-0.707106781187,1.2E-16,0.707106781187));
#1757 = DIRECTION('',(-2.514718625761E-17,1.,-1.948528137424E-16));
#1758 = ADVANCED_FACE('',(#1759),#1808,.F.);
#1759 = FACE_BOUND('',#1760,.F.);
#1760 = EDGE_LOOP('',(#1761,#1769,#1770,#1771,#1772,#1778,#1779,#1780,
    #1781,#1782,#1783,#1784,#1785,#1786,#1794,#1802));
#1761 = ORIENTED_EDGE('',*,*,#1762,.F.);
#1762 = EDGE_CURVE('',#582,#1763,#1765,.T.);
#1763 = VERTEX_POINT('',#1764);
#1764 = CARTESIAN_POINT('',(-63.57367708494,35.324908338125,
    0.502147437829));
#1765 = LINE('',#1766,#1767);
#1766 = CARTESIAN_POINT('',(-63.46294556718,35.760159119926,
    -8.861508420842));
#1767 = VECTOR('',#1768,1.);
#1768 = DIRECTION('',(-1.181209230586E-02,-4.642962107417E-02,
    0.998851723111));
#1769 = ORIENTED_EDGE('',*,*,#581,.F.);
#1770 = ORIENTED_EDGE('',*,*,#533,.F.);
#1771 = ORIENTED_EDGE('',*,*,#478,.F.);
#1772 = ORIENTED_EDGE('',*,*,#1773,.F.);
#1773 = EDGE_CURVE('',#1000,#479,#1774,.T.);
#1774 = LINE('',#1775,#1776);
#1775 = CARTESIAN_POINT('',(1.690987486943,35.918916083187,-8.76E-15));
#1776 = VECTOR('',#1777,1.);
#1777 = DIRECTION('',(-0.999961767512,-8.744341814506E-03,0.));
#1778 = ORIENTED_EDGE('',*,*,#1007,.F.);
#1779 = ORIENTED_EDGE('',*,*,#950,.F.);
#1780 = ORIENTED_EDGE('',*,*,#901,.F.);
#1781 = ORIENTED_EDGE('',*,*,#854,.F.);
#1782 = ORIENTED_EDGE('',*,*,#803,.F.);
#1783 = ORIENTED_EDGE('',*,*,#754,.F.);
#1784 = ORIENTED_EDGE('',*,*,#705,.F.);
#1785 = ORIENTED_EDGE('',*,*,#639,.F.);
#1786 = ORIENTED_EDGE('',*,*,#1787,.F.);
#1787 = EDGE_CURVE('',#1788,#640,#1790,.T.);
#1788 = VERTEX_POINT('',#1789);
#1789 = CARTESIAN_POINT('',(-63.47532663915,35.711493018672,
    -7.814542756043));
#1790 = LINE('',#1791,#1792);
#1791 = CARTESIAN_POINT('',(-63.46294556718,35.760159119926,
    -8.861508420842));
#1792 = VECTOR('',#1793,1.);
#1793 = DIRECTION('',(-1.181209230586E-02,-4.642962107417E-02,
    0.998851723111));
#1794 = ORIENTED_EDGE('',*,*,#1795,.F.);
#1795 = EDGE_CURVE('',#1796,#1788,#1798,.T.);
#1796 = VERTEX_POINT('',#1797);
#1797 = CARTESIAN_POINT('',(-19.36567279448,35.711493018672,
    0.502147437829));
#1798 = LINE('',#1799,#1800);
#1799 = CARTESIAN_POINT('',(68.26846664848,35.711493018672,
    17.025196807481));
#1800 = VECTOR('',#1801,1.);
#1801 = DIRECTION('',(-0.982685536548,0.,-0.185281235583));
#1802 = ORIENTED_EDGE('',*,*,#1803,.T.);
#1803 = EDGE_CURVE('',#1796,#1763,#1804,.T.);
#1804 = LINE('',#1805,#1806);
#1805 = CARTESIAN_POINT('',(-8.770370507097,35.804145505836,
    0.502147437829));
#1806 = VECTOR('',#1807,1.);
#1807 = DIRECTION('',(-0.999961767512,-8.744341814506E-03,5.E-17));
#1808 = PLANE('',#1809);
#1809 = AXIS2_PLACEMENT_3D('',#1810,#1811,#1812);
#1810 = CARTESIAN_POINT('',(66.181974712617,35.18,28.091430476788));
#1811 = DIRECTION('',(8.734952849304E-03,-0.998888089649,
    -4.632801481726E-02));
#1812 = DIRECTION('',(0.185075219459,4.714429295459E-02,-0.981592878328)
  );
#1813 = ADVANCED_FACE('',(#1814),#1820,.T.);
#1814 = FACE_BOUND('',#1815,.T.);
#1815 = EDGE_LOOP('',(#1816,#1817,#1818,#1819));
#1816 = ORIENTED_EDGE('',*,*,#1387,.F.);
#1817 = ORIENTED_EDGE('',*,*,#486,.T.);
#1818 = ORIENTED_EDGE('',*,*,#1773,.F.);
#1819 = ORIENTED_EDGE('',*,*,#999,.F.);
#1820 = PLANE('',#1821);
#1821 = AXIS2_PLACEMENT_3D('',#1822,#1823,#1824);
#1822 = CARTESIAN_POINT('',(-62.7486,30.78,-6.83E-15));
#1823 = DIRECTION('',(0.,-2.2E-16,-1.));
#1824 = DIRECTION('',(1.,0.,0.));
#1825 = ADVANCED_FACE('',(#1826),#1838,.T.);
#1826 = FACE_BOUND('',#1827,.T.);
#1827 = EDGE_LOOP('',(#1828,#1829,#1830,#1837));
#1828 = ORIENTED_EDGE('',*,*,#1353,.F.);
#1829 = ORIENTED_EDGE('',*,*,#1091,.T.);
#1830 = ORIENTED_EDGE('',*,*,#1831,.T.);
#1831 = EDGE_CURVE('',#1083,#559,#1832,.T.);
#1832 = ELLIPSE('',#1833,1.154425504526E+03,213.89338386691);
#1833 = AXIS2_PLACEMENT_3D('',#1834,#1835,#1836);
#1834 = CARTESIAN_POINT('',(32.395636414917,-177.9440605806,3.954E-14));
#1835 = DIRECTION('',(0.,-2.2E-16,-1.));
#1836 = DIRECTION('',(1.,-4.E-17,8.8E-33));
#1837 = ORIENTED_EDGE('',*,*,#558,.F.);
#1838 = PLANE('',#1839);
#1839 = AXIS2_PLACEMENT_3D('',#1840,#1841,#1842);
#1840 = CARTESIAN_POINT('',(59.7514,30.78,-6.83E-15));
#1841 = DIRECTION('',(0.,-2.2E-16,-1.));
#1842 = DIRECTION('',(1.,0.,0.));
#1843 = ADVANCED_FACE('',(#1844,#1985),#1999,.T.);
#1844 = FACE_BOUND('',#1845,.T.);
#1845 = EDGE_LOOP('',(#1846,#1879,#1898,#1907,#1915,#1937,#1951,#1952));
#1846 = ORIENTED_EDGE('',*,*,#1847,.F.);
#1847 = EDGE_CURVE('',#1848,#1850,#1852,.T.);
#1848 = VERTEX_POINT('',#1849);
#1849 = CARTESIAN_POINT('',(65.020010081854,35.775929322592,
    -2.611311848321));
#1850 = VERTEX_POINT('',#1851);
#1851 = CARTESIAN_POINT('',(63.862527313115,35.882682388189,
    0.500000391406));
#1852 = B_SPLINE_CURVE_WITH_KNOTS('',7,(#1853,#1854,#1855,#1856,#1857,
    #1858,#1859,#1860,#1861,#1862,#1863,#1864,#1865,#1866,#1867,#1868,
    #1869,#1870,#1871,#1872,#1873,#1874,#1875,#1876,#1877,#1878),
  .UNSPECIFIED.,.F.,.F.,(8,6,6,6,8),(29.344150329539,29.556972361043,
    32.583468295709,34.869744840175,35.791353905112),.UNSPECIFIED.);
#1853 = CARTESIAN_POINT('',(65.020010081854,35.775929322592,
    -2.611311848321));
#1854 = CARTESIAN_POINT('',(65.010330051624,35.777029241982,
    -2.585355917423));
#1855 = CARTESIAN_POINT('',(65.00064473968,35.778125840408,
    -2.559381965403));
#1856 = CARTESIAN_POINT('',(64.990953847876,35.779219137146,
    -2.533389275168));
#1857 = CARTESIAN_POINT('',(64.981257078067,35.780309151473,
    -2.507377129624));
#1858 = CARTESIAN_POINT('',(64.971554132105,35.781395902666,
    -2.481344811677));
#1859 = CARTESIAN_POINT('',(64.961844711844,35.782479410003,
    -2.455291604234));
#1860 = CARTESIAN_POINT('',(64.813956650757,35.798922159466,
    -2.058412517209));
#1861 = CARTESIAN_POINT('',(64.656107694577,35.815696453592,
    -1.633179831259));
#1862 = CARTESIAN_POINT('',(64.509216341681,35.829958457596,
    -1.239066566127));
#1863 = CARTESIAN_POINT('',(64.358571883163,35.843942746681,
    -0.833411317179));
#1864 = CARTESIAN_POINT('',(64.209296102376,35.856640911101,
    -0.432377463659));
#1865 = CARTESIAN_POINT('',(64.059618464582,35.868461408773,
    -2.989255566769E-02));
#1866 = CARTESIAN_POINT('',(63.796953318654,35.887469983628,
    0.67630052928));
#1867 = CARTESIAN_POINT('',(63.683913116413,35.895092860837,
    0.980216790605));
#1868 = CARTESIAN_POINT('',(63.570867357541,35.902158503585,
    1.284147991272));
#1869 = CARTESIAN_POINT('',(63.457816454653,35.908666871712,
    1.588093021913));
#1870 = CARTESIAN_POINT('',(63.344760820386,35.91461792507,1.89205077316
    ));
#1871 = CARTESIAN_POINT('',(63.231700867353,35.920011623497,
    2.196020135645));
#1872 = CARTESIAN_POINT('',(63.07306042307,35.926797463966,
    2.622535744517));
#1873 = CARTESIAN_POINT('',(63.027378495284,35.928751507122,
    2.745354709957));
#1874 = CARTESIAN_POINT('',(62.981591224829,35.930710056307,
    2.86845689632));
#1875 = CARTESIAN_POINT('',(62.935698611703,35.932673111521,
    2.991842303607));
#1876 = CARTESIAN_POINT('',(62.889700655907,35.934640672765,
    3.115510931817));
#1877 = CARTESIAN_POINT('',(62.843597357441,35.936612740039,
    3.23946278095));
#1878 = CARTESIAN_POINT('',(62.797388716304,35.938589313343,
    3.363697851006));
#1879 = ORIENTED_EDGE('',*,*,#1880,.F.);
#1880 = EDGE_CURVE('',#1881,#1848,#1883,.T.);
#1881 = VERTEX_POINT('',#1882);
#1882 = CARTESIAN_POINT('',(67.634821082947,35.163431961379,
    -11.99730863155));
#1883 = ( BOUNDED_CURVE() B_SPLINE_CURVE(7,(#1884,#1885,#1886,#1887,
    #1888,#1889,#1890,#1891,#1892,#1893,#1894,#1895,#1896,#1897),
.UNSPECIFIED.,.F.,.F.) B_SPLINE_CURVE_WITH_KNOTS((8,6,8),(
    18.570953283107,19.084060296042,29.344150329539),.UNSPECIFIED.) 
CURVE() GEOMETRIC_REPRESENTATION_ITEM() RATIONAL_B_SPLINE_CURVE((1.,1.,
1.,1.,1.,1.,1.,1.,1.,1.,1.,1.,1.,1.)) REPRESENTATION_ITEM('') );
#1884 = CARTESIAN_POINT('',(67.634821082912,35.163431961395,
    -11.99730863136));
#1885 = CARTESIAN_POINT('',(67.621221100684,35.169741590253,
    -11.92517771216));
#1886 = CARTESIAN_POINT('',(67.60758741174,35.17599393547,
    -11.85339642008));
#1887 = CARTESIAN_POINT('',(67.593585042921,35.182334731089,
    -11.78021682101));
#1888 = CARTESIAN_POINT('',(67.579912499454,35.188458157446,
    -11.70929598108));
#1889 = CARTESIAN_POINT('',(67.566006083318,35.194615143825,
    -11.63766098447));
#1890 = CARTESIAN_POINT('',(67.551027038605,35.201172917808,
    -11.56091933602));
#1891 = CARTESIAN_POINT('',(67.280272756069,35.317761283808,
    -10.19188354419));
#1892 = CARTESIAN_POINT('',(66.98914992123,35.418172825865,
    -8.905572746433));
#1893 = CARTESIAN_POINT('',(66.661782068074,35.509421965361,
    -7.620204216351));
#1894 = CARTESIAN_POINT('',(66.302793979593,35.590630126013,
    -6.351888887014));
#1895 = CARTESIAN_POINT('',(65.904627559594,35.661920793075,
    -5.085712455941));
#1896 = CARTESIAN_POINT('',(65.486681605442,35.722902519415,
    -3.862639946452));
#1897 = CARTESIAN_POINT('',(65.020010081854,35.775929322592,
    -2.611311848321));
#1898 = ORIENTED_EDGE('',*,*,#1899,.F.);
#1899 = EDGE_CURVE('',#1900,#1881,#1902,.T.);
#1900 = VERTEX_POINT('',#1901);
#1901 = CARTESIAN_POINT('',(70.710009030417,33.080208865637,
    -28.30733975068));
#1902 = CIRCLE('',#1903,213.89338386691);
#1903 = AXIS2_PLACEMENT_3D('',#1904,#1905,#1906);
#1904 = CARTESIAN_POINT('',(64.240702052047,-177.9440605806,
    6.004253536883));
#1905 = DIRECTION('',(0.982685536548,-3.122502256758E-17,0.185281235583)
  );
#1906 = DIRECTION('',(3.0245474925E-02,0.986586240449,-0.16041446756));
#1907 = ORIENTED_EDGE('',*,*,#1908,.T.);
#1908 = EDGE_CURVE('',#1900,#1909,#1911,.T.);
#1909 = VERTEX_POINT('',#1910);
#1910 = CARTESIAN_POINT('',(-59.1001036358,33.080208865637,
    -52.78249194476));
#1911 = LINE('',#1912,#1913);
#1912 = CARTESIAN_POINT('',(76.606122249706,33.080208865637,
    -27.19565233718));
#1913 = VECTOR('',#1914,1.);
#1914 = DIRECTION('',(-0.982685536548,0.,-0.185281235583));
#1915 = ORIENTED_EDGE('',*,*,#1916,.T.);
#1916 = EDGE_CURVE('',#1909,#1917,#1919,.T.);
#1917 = VERTEX_POINT('',#1918);
#1918 = CARTESIAN_POINT('',(-63.45402767637,35.767350739135,
    -9.095497899822));
#1919 = ( BOUNDED_CURVE() B_SPLINE_CURVE(6,(#1920,#1921,#1922,#1923,
    #1924,#1925,#1926,#1927,#1928,#1929,#1930,#1931,#1932,#1933,#1934,
#1935,#1936),.UNSPECIFIED.,.F.,.F.) B_SPLINE_CURVE_WITH_KNOTS((7,5,5,7),
  (1.843873300197,21.510539913087,46.719213740409,46.991582252733),
.UNSPECIFIED.) CURVE() GEOMETRIC_REPRESENTATION_ITEM() 
RATIONAL_B_SPLINE_CURVE((1.,1.,1.,1.,1.,1.,1.,1.,1.,1.,1.,1.,1.,1.,1.,1.
,1.)) REPRESENTATION_ITEM('') );
#1920 = CARTESIAN_POINT('',(-59.1001036358,33.080208865637,
    -52.78249194476));
#1921 = CARTESIAN_POINT('',(-59.66927567547,33.600311830051,
    -49.69126744101));
#1922 = CARTESIAN_POINT('',(-60.19858359904,34.066259942829,
    -46.57003765082));
#1923 = CARTESIAN_POINT('',(-60.68504120486,34.475673439474,
    -43.42883908495));
#1924 = CARTESIAN_POINT('',(-61.12797401764,34.828284360912,
    -40.26872644064));
#1925 = CARTESIAN_POINT('',(-61.52597201554,35.123296436138,
    -37.09507950304));
#1926 = CARTESIAN_POINT('',(-62.33018906062,35.665025695622,
    -29.83124375606));
#1927 = CARTESIAN_POINT('',(-62.70708619063,35.874667321944,
    -25.73477243534));
#1928 = CARTESIAN_POINT('',(-63.00761345715,35.989512889708,
    -21.6318749343));
#1929 = CARTESIAN_POINT('',(-63.23107964915,36.010166754103,
    -17.52918181627));
#1930 = CARTESIAN_POINT('',(-63.37796447046,35.938986199493,
    -13.44012838535));
#1931 = CARTESIAN_POINT('',(-63.45018625617,35.776416763634,
    -9.321035613556));
#1932 = CARTESIAN_POINT('',(-63.45097084542,35.774628831413,
    -9.276006531435));
#1933 = CARTESIAN_POINT('',(-63.45175221845,35.772819262333,
    -9.230709110452));
#1934 = CARTESIAN_POINT('',(-63.4525218103,35.771003583452,
    -9.185539920897));
#1935 = CARTESIAN_POINT('',(-63.45327831316,35.769184268751,
    -9.140560609579));
#1936 = CARTESIAN_POINT('',(-63.45402767637,35.767350739135,
    -9.095497899822));
#1937 = ORIENTED_EDGE('',*,*,#1938,.T.);
#1938 = EDGE_CURVE('',#1917,#1788,#1939,.T.);
#1939 = ( BOUNDED_CURVE() B_SPLINE_CURVE(10,(#1940,#1941,#1942,#1943,
    #1944,#1945,#1946,#1947,#1948,#1949,#1950),.UNSPECIFIED.,.F.,.F.) 
B_SPLINE_CURVE_WITH_KNOTS((11,11),(46.991582252733,48.282764277449),
.PIECEWISE_BEZIER_KNOTS.) CURVE() GEOMETRIC_REPRESENTATION_ITEM() 
RATIONAL_B_SPLINE_CURVE((1.,1.,1.,1.,1.,1.000000000001,1.,1.,1.,1.,1.)) 
REPRESENTATION_ITEM('') );
#1940 = CARTESIAN_POINT('',(-63.45402767637,35.767350739135,
    -9.095497899822));
#1941 = CARTESIAN_POINT('',(-63.45615912168,35.762135553734,
    -8.967324139223));
#1942 = CARTESIAN_POINT('',(-63.4582878682,35.756842391111,
    -8.839276837636));
#1943 = CARTESIAN_POINT('',(-63.46042126353,35.751457488587,
    -8.711014609267));
#1944 = CARTESIAN_POINT('',(-63.46254653685,35.746004590058,
    -8.58312724519));
#1945 = CARTESIAN_POINT('',(-63.46467976705,35.740454545973,
    -8.454882014506));
#1946 = CARTESIAN_POINT('',(-63.46680733387,35.734831379323,
    -8.32689290288));
#1947 = CARTESIAN_POINT('',(-63.46893807095,35.729119639594,
    -8.198761018388));
#1948 = CARTESIAN_POINT('',(-63.4710674498,35.72332730964,
    -8.070692882107));
#1949 = CARTESIAN_POINT('',(-63.47319708845,35.717451574344,
    -7.942614912615));
#1950 = CARTESIAN_POINT('',(-63.47532663915,35.711493018672,
    -7.814542756043));
#1951 = ORIENTED_EDGE('',*,*,#1795,.F.);
#1952 = ORIENTED_EDGE('',*,*,#1953,.F.);
#1953 = EDGE_CURVE('',#1850,#1796,#1954,.T.);
#1954 = B_SPLINE_CURVE_WITH_KNOTS('',8,(#1955,#1956,#1957,#1958,#1959,
    #1960,#1961,#1962,#1963,#1964,#1965,#1966,#1967,#1968,#1969,#1970,
    #1971,#1972,#1973,#1974,#1975,#1976,#1977,#1978,#1979,#1980,#1981,
    #1982,#1983,#1984),.UNSPECIFIED.,.F.,.F.,(9,7,7,7,9),(
    204.99115916346,205.73500925743,247.1409383408,277.90175776874,
    288.54686742416),.UNSPECIFIED.);
#1955 = CARTESIAN_POINT('',(63.862527306344,35.88268238856,
    0.500000391406));
#1956 = CARTESIAN_POINT('',(63.768393480285,35.88311771457,
    0.499994230657));
#1957 = CARTESIAN_POINT('',(63.674725086657,35.883550645339,
    0.500044469997));
#1958 = CARTESIAN_POINT('',(63.581465683894,35.883980690574,
    0.50012004618));
#1959 = CARTESIAN_POINT('',(63.488532147349,35.884407681199,
    0.500197602853));
#1960 = CARTESIAN_POINT('',(63.395825500503,35.884831734652,
    0.500262403345));
#1961 = CARTESIAN_POINT('',(63.303229883282,35.885253266969,
    0.500309042497));
#1962 = CARTESIAN_POINT('',(63.210599657662,35.885673051752,
    0.500341957541));
#1963 = CARTESIAN_POINT('',(57.948464744247,35.909430949293,
    0.502256105581));
#1964 = CARTESIAN_POINT('',(52.801032962458,35.92777961623,
    0.505976841999));
#1965 = CARTESIAN_POINT('',(47.640279608042,35.941032351039,
    0.494876109583));
#1966 = CARTESIAN_POINT('',(42.490270438572,35.949857219732,
    0.503737367857));
#1967 = CARTESIAN_POINT('',(37.330896414245,35.953427936104,
    0.498116248738));
#1968 = CARTESIAN_POINT('',(32.175495838552,35.952331647079,
    0.500370649831));
#1969 = CARTESIAN_POINT('',(27.018758481082,35.946284225332,
    0.500081205475));
#1970 = CARTESIAN_POINT('',(18.032081078848,35.927261372881,
    0.500338917741));
#1971 = CARTESIAN_POINT('',(14.201750817886,35.916460465128,
    0.50046638909));
#1972 = CARTESIAN_POINT('',(10.371772954284,35.902967151963,
    0.500616284097));
#1973 = CARTESIAN_POINT('',(6.542227892379,35.886781842654,
    0.500787082291));
#1974 = CARTESIAN_POINT('',(2.713208898433,35.867904863193,
    0.500986146158));
#1975 = CARTESIAN_POINT('',(-1.115184211897,35.846336352946,
    0.501226044517));
#1976 = CARTESIAN_POINT('',(-4.942933590709,35.822076471322,
    0.50150199462));
#1977 = CARTESIAN_POINT('',(-10.09476607793,35.785799386713,
    0.501836394249));
#1978 = CARTESIAN_POINT('',(-11.41920989448,35.776150624397,
    0.501919038772));
#1979 = CARTESIAN_POINT('',(-12.74360848698,35.766179710323,
    0.501995712203));
#1980 = CARTESIAN_POINT('',(-14.06800365385,35.755886642016,
    0.502058697191));
#1981 = CARTESIAN_POINT('',(-15.39242017408,35.745271412453,
    0.502103601676));
#1982 = CARTESIAN_POINT('',(-16.71684764365,35.734334044588,
    0.502131874432));
#1983 = CARTESIAN_POINT('',(-18.04126000856,35.723074579568,
    0.502147437829));
#1984 = CARTESIAN_POINT('',(-19.36567279448,35.711493018672,
    0.502147437829));
#1985 = FACE_BOUND('',#1986,.T.);
#1986 = EDGE_LOOP('',(#1987,#1988,#1989,#1990,#1991,#1992,#1993,#1994,
    #1995,#1996,#1997,#1998));
#1987 = ORIENTED_EDGE('',*,*,#1831,.F.);
#1988 = ORIENTED_EDGE('',*,*,#1082,.F.);
#1989 = ORIENTED_EDGE('',*,*,#1025,.F.);
#1990 = ORIENTED_EDGE('',*,*,#976,.F.);
#1991 = ORIENTED_EDGE('',*,*,#919,.F.);
#1992 = ORIENTED_EDGE('',*,*,#878,.F.);
#1993 = ORIENTED_EDGE('',*,*,#821,.F.);
#1994 = ORIENTED_EDGE('',*,*,#780,.F.);
#1995 = ORIENTED_EDGE('',*,*,#723,.F.);
#1996 = ORIENTED_EDGE('',*,*,#682,.F.);
#1997 = ORIENTED_EDGE('',*,*,#615,.F.);
#1998 = ORIENTED_EDGE('',*,*,#566,.F.);
#1999 = CYLINDRICAL_SURFACE('',#2000,213.89338386691);
#2000 = AXIS2_PLACEMENT_3D('',#2001,#2002,#2003);
#2001 = CARTESIAN_POINT('',(70.136815271336,-177.9440605806,
    7.11594095038));
#2002 = DIRECTION('',(0.982685536548,0.,0.185281235583));
#2003 = DIRECTION('',(-0.185281235583,0.,0.982685536548));
#2004 = ADVANCED_FACE('',(#2005),#2031,.F.);
#2005 = FACE_BOUND('',#2006,.F.);
#2006 = EDGE_LOOP('',(#2007,#2015,#2016,#2024));
#2007 = ORIENTED_EDGE('',*,*,#2008,.F.);
#2008 = EDGE_CURVE('',#592,#2009,#2011,.T.);
#2009 = VERTEX_POINT('',#2010);
#2010 = CARTESIAN_POINT('',(-69.46183978706,29.590139610333,
    -4.836599304221));
#2011 = ( BOUNDED_CURVE() B_SPLINE_CURVE(2,(#2012,#2013,#2014),
.UNSPECIFIED.,.F.,.F.) B_SPLINE_CURVE_WITH_KNOTS((3,3),(0.,
6.89134070965E-03),.PIECEWISE_BEZIER_KNOTS.) CURVE() 
GEOMETRIC_REPRESENTATION_ITEM() RATIONAL_B_SPLINE_CURVE((1.,
0.742355860772,1.)) REPRESENTATION_ITEM('') );
#2012 = CARTESIAN_POINT('',(-64.0786,35.552295677562,-4.4958));
#2013 = CARTESIAN_POINT('',(-69.46481287842,34.999539169366,
    -4.58518936266));
#2014 = CARTESIAN_POINT('',(-69.46183978706,29.590139610333,
    -4.836599304221));
#2015 = ORIENTED_EDGE('',*,*,#599,.T.);
#2016 = ORIENTED_EDGE('',*,*,#2017,.T.);
#2017 = EDGE_CURVE('',#582,#2018,#2020,.T.);
#2018 = VERTEX_POINT('',#2019);
#2019 = CARTESIAN_POINT('',(-69.49299550746,29.464809643162,
    -2.20201567528));
#2020 = ( BOUNDED_CURVE() B_SPLINE_CURVE(2,(#2021,#2022,#2023),
.UNSPECIFIED.,.F.,.F.) B_SPLINE_CURVE_WITH_KNOTS((3,3),(0.,
2.637745434579),.PIECEWISE_BEZIER_KNOTS.) CURVE() 
GEOMETRIC_REPRESENTATION_ITEM() RATIONAL_B_SPLINE_CURVE((1.,
0.740604880999,1.)) REPRESENTATION_ITEM('') );
#2021 = CARTESIAN_POINT('',(-64.0786,35.430080978784,-1.860703126736));
#2022 = CARTESIAN_POINT('',(-69.49598423456,34.902657683325,
    -1.949283547976));
#2023 = CARTESIAN_POINT('',(-69.49299550746,29.464809643162,
    -2.20201567528));
#2024 = ORIENTED_EDGE('',*,*,#2025,.F.);
#2025 = EDGE_CURVE('',#2009,#2018,#2026,.T.);
#2026 = ( BOUNDED_CURVE() B_SPLINE_CURVE(3,(#2027,#2028,#2029,#2030),
.UNSPECIFIED.,.F.,.F.) B_SPLINE_CURVE_WITH_KNOTS((4,4),(51.612213590806,
54.249959025385),.PIECEWISE_BEZIER_KNOTS.) CURVE() 
GEOMETRIC_REPRESENTATION_ITEM() RATIONAL_B_SPLINE_CURVE((1.,1.,1.,1.)) 
REPRESENTATION_ITEM('') );
#2027 = CARTESIAN_POINT('',(-69.46183978706,29.590139610333,
    -4.836599304221));
#2028 = CARTESIAN_POINT('',(-69.47222501216,29.548335600599,
    -3.958406032559));
#2029 = CARTESIAN_POINT('',(-69.4826102523,29.506558959161,
    -3.080211488915));
#2030 = CARTESIAN_POINT('',(-69.49299550746,29.464809643162,
    -2.20201567528));
#2031 = ( BOUNDED_SURFACE() B_SPLINE_SURFACE(2,3,(
    (#2032,#2033,#2034,#2035)
    ,(#2036,#2037,#2038,#2039)
    ,(#2040,#2041,#2042,#2043
)),.UNSPECIFIED.,.F.,.F.,.F.) B_SPLINE_SURFACE_WITH_KNOTS((3,3),(4,4),(
    0.,2.637745434579),(51.612213590806,54.249959025385),
.PIECEWISE_BEZIER_KNOTS.) GEOMETRIC_REPRESENTATION_ITEM() 
RATIONAL_B_SPLINE_SURFACE((
    (1.,1.,1.,1.)
    ,(0.742355860772,0.741772889181,0.741189230884,0.740604880999)
,(1.,1.,1.,1.))) REPRESENTATION_ITEM('') SURFACE() );
#2032 = CARTESIAN_POINT('',(-69.46183978706,29.590139610333,
    -4.836599304221));
#2033 = CARTESIAN_POINT('',(-69.47222501216,29.548335600599,
    -3.958406032559));
#2034 = CARTESIAN_POINT('',(-69.4826102523,29.506558959161,
    -3.080211488915));
#2035 = CARTESIAN_POINT('',(-69.49299550746,29.464809643162,
    -2.20201567528));
#2036 = CARTESIAN_POINT('',(-69.46481287842,34.999539169366,
    -4.58518936266));
#2037 = CARTESIAN_POINT('',(-69.47521147053,34.967172706161,
    -3.705865753309));
#2038 = CARTESIAN_POINT('',(-69.48560194832,34.934878779078,
    -2.827228304947));
#2039 = CARTESIAN_POINT('',(-69.49598423456,34.902657683325,
    -1.949283547976));
#2040 = CARTESIAN_POINT('',(-64.0786,35.552295677562,-4.4958));
#2041 = CARTESIAN_POINT('',(-64.0786,35.511557444636,-3.617434375579));
#2042 = CARTESIAN_POINT('',(-64.0786,35.47081921171,-2.739068751157));
#2043 = CARTESIAN_POINT('',(-64.0786,35.430080978784,-1.860703126736));
#2044 = ADVANCED_FACE('',(#2045),#2065,.F.);
#2045 = FACE_BOUND('',#2046,.F.);
#2046 = EDGE_LOOP('',(#2047,#2056,#2057,#2058));
#2047 = ORIENTED_EDGE('',*,*,#2048,.F.);
#2048 = EDGE_CURVE('',#640,#2049,#2051,.T.);
#2049 = VERTEX_POINT('',#2050);
#2050 = CARTESIAN_POINT('',(-69.461743788,29.563899373117,
    -4.844717156794));
#2051 = CIRCLE('',#2052,6.);
#2052 = AXIS2_PLACEMENT_3D('',#2053,#2054,#2055);
#2053 = CARTESIAN_POINT('',(-63.46216328352,29.563899373117,
    -4.773768088904));
#2054 = DIRECTION('',(-1.181209230586E-02,-4.642962107417E-02,
    0.998851723111));
#2055 = DIRECTION('',(-8.734952849304E-03,0.998888089649,
    4.632801481726E-02));
#2056 = ORIENTED_EDGE('',*,*,#649,.T.);
#2057 = ORIENTED_EDGE('',*,*,#2008,.T.);
#2058 = ORIENTED_EDGE('',*,*,#2059,.F.);
#2059 = EDGE_CURVE('',#2049,#2009,#2060,.T.);
#2060 = ( BOUNDED_CURVE() B_SPLINE_CURVE(3,(#2061,#2062,#2063,#2064),
.UNSPECIFIED.,.F.,.F.) B_SPLINE_CURVE_WITH_KNOTS((4,4),(51.605322250096,
51.612213590806),.PIECEWISE_BEZIER_KNOTS.) CURVE() 
GEOMETRIC_REPRESENTATION_ITEM() RATIONAL_B_SPLINE_CURVE((1.,1.,1.,1.)) 
REPRESENTATION_ITEM('') );
#2061 = CARTESIAN_POINT('',(-69.461743788,29.563899373117,
    -4.844717156794));
#2062 = CARTESIAN_POINT('',(-69.46177092172,29.563792719005,
    -4.842422680946));
#2063 = CARTESIAN_POINT('',(-69.46180289596,29.572493175726,
    -4.83971888144));
#2064 = CARTESIAN_POINT('',(-69.46183978706,29.590139610333,
    -4.836599304221));
#2065 = ( BOUNDED_SURFACE() B_SPLINE_SURFACE(2,3,(
    (#2066,#2067,#2068,#2069)
    ,(#2070,#2071,#2072,#2073)
    ,(#2074,#2075,#2076,#2077
)),.UNSPECIFIED.,.F.,.F.,.F.) B_SPLINE_SURFACE_WITH_KNOTS((3,3),(4,4),(
    0.,6.89134070965E-03),(51.605322250096,51.612213590806),
.PIECEWISE_BEZIER_KNOTS.) GEOMETRIC_REPRESENTATION_ITEM() 
RATIONAL_B_SPLINE_SURFACE((
    (1.,1.,1.,1.)
    ,(0.709995253702,0.721027948052,0.731804101114,0.742355860772)
,(1.,1.,1.,1.))) REPRESENTATION_ITEM('') SURFACE() );
#2066 = CARTESIAN_POINT('',(-69.461743788,29.563899373117,
    -4.844717156794));
#2067 = CARTESIAN_POINT('',(-69.46177092172,29.563792719005,
    -4.842422680946));
#2068 = CARTESIAN_POINT('',(-69.46180289596,29.572493175726,
    -4.83971888144));
#2069 = CARTESIAN_POINT('',(-69.46183978706,29.590139610333,
    -4.836599304221));
#2070 = CARTESIAN_POINT('',(-69.46501106829,35.508561809751,
    -4.568430071789));
#2071 = CARTESIAN_POINT('',(-69.46493697398,35.325032569854,
    -4.574695619576));
#2072 = CARTESIAN_POINT('',(-69.46487095052,35.155387162101,
    -4.580278681806));
#2073 = CARTESIAN_POINT('',(-69.46481287842,34.999539169366,
    -4.58518936266));
#2074 = CARTESIAN_POINT('',(-63.51457300062,35.557227911009,-4.4958));
#2075 = CARTESIAN_POINT('',(-63.70258200041,35.555583833193,-4.4958));
#2076 = CARTESIAN_POINT('',(-63.8905910002,35.553939755378,-4.4958));
#2077 = CARTESIAN_POINT('',(-64.0786,35.552295677562,-4.4958));
#2078 = ADVANCED_FACE('',(#2079,#2131,#2165),#2199,.F.);
#2079 = FACE_BOUND('',#2080,.F.);
#2080 = EDGE_LOOP('',(#2081,#2092,#2098,#2099,#2100,#2108,#2116,#2125));
#2081 = ORIENTED_EDGE('',*,*,#2082,.F.);
#2082 = EDGE_CURVE('',#2083,#2085,#2087,.T.);
#2083 = VERTEX_POINT('',#2084);
#2084 = CARTESIAN_POINT('',(-63.80869300031,-9.532916650394,
    -49.4109137629));
#2085 = VERTEX_POINT('',#2086);
#2086 = CARTESIAN_POINT('',(-66.73613652252,-4.200000000013,
    -33.88448228545));
#2087 = CIRCLE('',#2088,8.799999999995);
#2088 = AXIS2_PLACEMENT_3D('',#2089,#2090,#2091);
#2089 = CARTESIAN_POINT('',(-65.10566164939,-4.200000000013,
    -42.53211500707));
#2090 = DIRECTION('',(-0.982685536548,-4.000000000002E-17,
    -0.185281235583));
#2091 = DIRECTION('',(0.185281235583,9.4562E-13,-0.982685536548));
#2092 = ORIENTED_EDGE('',*,*,#2093,.T.);
#2093 = EDGE_CURVE('',#2083,#1220,#2094,.T.);
#2094 = LINE('',#2095,#2096);
#2095 = CARTESIAN_POINT('',(-63.80869300031,30.78,-49.4109137629));
#2096 = VECTOR('',#2097,1.);
#2097 = DIRECTION('',(0.,-1.,2.2E-16));
#2098 = ORIENTED_EDGE('',*,*,#1219,.T.);
#2099 = ORIENTED_EDGE('',*,*,#1153,.F.);
#2100 = ORIENTED_EDGE('',*,*,#2101,.F.);
#2101 = EDGE_CURVE('',#2102,#1154,#2104,.T.);
#2102 = VERTEX_POINT('',#2103);
#2103 = CARTESIAN_POINT('',(-63.80869300031,26.78,-49.4109137629));
#2104 = LINE('',#2105,#2106);
#2105 = CARTESIAN_POINT('',(-63.06756805798,26.78,-53.3416559091));
#2106 = VECTOR('',#2107,1.);
#2107 = DIRECTION('',(-0.185281235583,2.2E-16,0.982685536548));
#2108 = ORIENTED_EDGE('',*,*,#2109,.T.);
#2109 = EDGE_CURVE('',#2102,#2110,#2112,.T.);
#2110 = VERTEX_POINT('',#2111);
#2111 = CARTESIAN_POINT('',(-63.80869300031,9.532916650381,
    -49.4109137629));
#2112 = LINE('',#2113,#2114);
#2113 = CARTESIAN_POINT('',(-63.80869300031,30.78,-49.4109137629));
#2114 = VECTOR('',#2115,1.);
#2115 = DIRECTION('',(0.,-1.,2.2E-16));
#2116 = ORIENTED_EDGE('',*,*,#2117,.F.);
#2117 = EDGE_CURVE('',#2118,#2110,#2120,.T.);
#2118 = VERTEX_POINT('',#2119);
#2119 = CARTESIAN_POINT('',(-66.73613652252,4.200000000001,
    -33.88448228545));
#2120 = CIRCLE('',#2121,8.799999999995);
#2121 = AXIS2_PLACEMENT_3D('',#2122,#2123,#2124);
#2122 = CARTESIAN_POINT('',(-65.10566164939,4.2,-42.53211500707));
#2123 = DIRECTION('',(-0.982685536548,-4.E-17,-0.185281235583));
#2124 = DIRECTION('',(-0.185281235583,1.3288E-13,0.982685536548));
#2125 = ORIENTED_EDGE('',*,*,#2126,.F.);
#2126 = EDGE_CURVE('',#2085,#2118,#2127,.T.);
#2127 = LINE('',#2128,#2129);
#2128 = CARTESIAN_POINT('',(-66.73613652252,-4.200000000013,
    -33.88448228545));
#2129 = VECTOR('',#2130,1.);
#2130 = DIRECTION('',(0.,1.,0.));
#2131 = FACE_BOUND('',#2132,.F.);
#2132 = EDGE_LOOP('',(#2133,#2143,#2151,#2159));
#2133 = ORIENTED_EDGE('',*,*,#2134,.T.);
#2134 = EDGE_CURVE('',#2135,#2137,#2139,.T.);
#2135 = VERTEX_POINT('',#2136);
#2136 = CARTESIAN_POINT('',(-64.21631171859,15.2,-47.2490055825));
#2137 = VERTEX_POINT('',#2138);
#2138 = CARTESIAN_POINT('',(-64.21631171859,24.8,-47.2490055825));
#2139 = LINE('',#2140,#2141);
#2140 = CARTESIAN_POINT('',(-64.21631171859,15.8,-47.2490055825));
#2141 = VECTOR('',#2142,1.);
#2142 = DIRECTION('',(0.,1.,0.));
#2143 = ORIENTED_EDGE('',*,*,#2144,.T.);
#2144 = EDGE_CURVE('',#2137,#2145,#2147,.T.);
#2145 = VERTEX_POINT('',#2146);
#2146 = CARTESIAN_POINT('',(-65.99501158019,24.8,-37.81522443163));
#2147 = LINE('',#2148,#2149);
#2148 = CARTESIAN_POINT('',(-64.32748045994,24.8,-46.65939426057));
#2149 = VECTOR('',#2150,1.);
#2150 = DIRECTION('',(-0.185281235583,0.,0.982685536548));
#2151 = ORIENTED_EDGE('',*,*,#2152,.T.);
#2152 = EDGE_CURVE('',#2145,#2153,#2155,.T.);
#2153 = VERTEX_POINT('',#2154);
#2154 = CARTESIAN_POINT('',(-65.99501158019,15.2,-37.81522443163));
#2155 = LINE('',#2156,#2157);
#2156 = CARTESIAN_POINT('',(-65.99501158019,24.2,-37.81522443163));
#2157 = VECTOR('',#2158,1.);
#2158 = DIRECTION('',(0.,-1.,0.));
#2159 = ORIENTED_EDGE('',*,*,#2160,.T.);
#2160 = EDGE_CURVE('',#2153,#2135,#2161,.T.);
#2161 = LINE('',#2162,#2163);
#2162 = CARTESIAN_POINT('',(-65.88384283884,15.2,-38.40483575356));
#2163 = VECTOR('',#2164,1.);
#2164 = DIRECTION('',(0.185281235583,0.,-0.982685536548));
#2165 = FACE_BOUND('',#2166,.F.);
#2166 = EDGE_LOOP('',(#2167,#2177,#2185,#2193));
#2167 = ORIENTED_EDGE('',*,*,#2168,.T.);
#2168 = EDGE_CURVE('',#2169,#2171,#2173,.T.);
#2169 = VERTEX_POINT('',#2170);
#2170 = CARTESIAN_POINT('',(-64.21631171859,-24.8,-47.2490055825));
#2171 = VERTEX_POINT('',#2172);
#2172 = CARTESIAN_POINT('',(-64.21631171859,-15.2,-47.2490055825));
#2173 = LINE('',#2174,#2175);
#2174 = CARTESIAN_POINT('',(-64.21631171859,-24.2,-47.2490055825));
#2175 = VECTOR('',#2176,1.);
#2176 = DIRECTION('',(0.,1.,0.));
#2177 = ORIENTED_EDGE('',*,*,#2178,.T.);
#2178 = EDGE_CURVE('',#2171,#2179,#2181,.T.);
#2179 = VERTEX_POINT('',#2180);
#2180 = CARTESIAN_POINT('',(-65.99501158019,-15.2,-37.81522443163));
#2181 = LINE('',#2182,#2183);
#2182 = CARTESIAN_POINT('',(-64.32748045994,-15.2,-46.65939426057));
#2183 = VECTOR('',#2184,1.);
#2184 = DIRECTION('',(-0.185281235583,0.,0.982685536548));
#2185 = ORIENTED_EDGE('',*,*,#2186,.T.);
#2186 = EDGE_CURVE('',#2179,#2187,#2189,.T.);
#2187 = VERTEX_POINT('',#2188);
#2188 = CARTESIAN_POINT('',(-65.99501158019,-24.8,-37.81522443163));
#2189 = LINE('',#2190,#2191);
#2190 = CARTESIAN_POINT('',(-65.99501158019,-15.8,-37.81522443163));
#2191 = VECTOR('',#2192,1.);
#2192 = DIRECTION('',(0.,-1.,0.));
#2193 = ORIENTED_EDGE('',*,*,#2194,.T.);
#2194 = EDGE_CURVE('',#2187,#2169,#2195,.T.);
#2195 = LINE('',#2196,#2197);
#2196 = CARTESIAN_POINT('',(-65.88384283884,-24.8,-38.40483575356));
#2197 = VECTOR('',#2198,1.);
#2198 = DIRECTION('',(0.185281235583,0.,-0.982685536548));
#2199 = PLANE('',#2200);
#2200 = AXIS2_PLACEMENT_3D('',#2201,#2202,#2203);
#2201 = CARTESIAN_POINT('',(-63.06756805798,30.78,-53.3416559091));
#2202 = DIRECTION('',(-0.982685536548,-4.E-17,-0.185281235583));
#2203 = DIRECTION('',(-0.185281235583,2.2E-16,0.982685536548));
#2204 = ADVANCED_FACE('',(#2205),#2217,.F.);
#2205 = FACE_BOUND('',#2206,.T.);
#2206 = EDGE_LOOP('',(#2207,#2214,#2215,#2216));
#2207 = ORIENTED_EDGE('',*,*,#2208,.F.);
#2208 = EDGE_CURVE('',#1371,#2102,#2209,.T.);
#2209 = CIRCLE('',#2210,4.);
#2210 = AXIS2_PLACEMENT_3D('',#2211,#2212,#2213);
#2211 = CARTESIAN_POINT('',(-59.87795085412,26.78,-48.66978882057));
#2212 = DIRECTION('',(-0.185281235583,0.,0.982685536548));
#2213 = DIRECTION('',(-0.982685536548,0.,-0.185281235583));
#2214 = ORIENTED_EDGE('',*,*,#1378,.T.);
#2215 = ORIENTED_EDGE('',*,*,#1163,.F.);
#2216 = ORIENTED_EDGE('',*,*,#2101,.F.);
#2217 = CYLINDRICAL_SURFACE('',#2218,4.);
#2218 = AXIS2_PLACEMENT_3D('',#2219,#2220,#2221);
#2219 = CARTESIAN_POINT('',(-59.13682591179,26.78,-52.60053096676));
#2220 = DIRECTION('',(-0.185281235583,2.2E-16,0.982685536548));
#2221 = DIRECTION('',(-0.982685536548,-4.E-17,-0.185281235583));
#2222 = ADVANCED_FACE('',(#2223),#2234,.F.);
#2223 = FACE_BOUND('',#2224,.T.);
#2224 = EDGE_LOOP('',(#2225,#2226,#2233));
#2225 = ORIENTED_EDGE('',*,*,#1286,.F.);
#2226 = ORIENTED_EDGE('',*,*,#2227,.T.);
#2227 = EDGE_CURVE('',#1287,#1220,#2228,.T.);
#2228 = CIRCLE('',#2229,4.);
#2229 = AXIS2_PLACEMENT_3D('',#2230,#2231,#2232);
#2230 = CARTESIAN_POINT('',(-59.87795085412,-26.78,-48.66978882057));
#2231 = DIRECTION('',(2.8E-16,1.,-1.7E-16));
#2232 = DIRECTION('',(-0.982685536548,2.436541401844E-16,-0.185281235583
    ));
#2233 = ORIENTED_EDGE('',*,*,#1227,.F.);
#2234 = SPHERICAL_SURFACE('',#2235,4.);
#2235 = AXIS2_PLACEMENT_3D('',#2236,#2237,#2238);
#2236 = CARTESIAN_POINT('',(-59.87795085412,-26.78,-48.66978882057));
#2237 = DIRECTION('',(-0.185281235583,2.2E-16,0.982685536548));
#2238 = DIRECTION('',(-3.839974583794E-15,-1.,-5.001348012287E-16));
#2239 = ADVANCED_FACE('',(#2240),#2258,.F.);
#2240 = FACE_BOUND('',#2241,.F.);
#2241 = EDGE_LOOP('',(#2242,#2243,#2244,#2252));
#2242 = ORIENTED_EDGE('',*,*,#1244,.T.);
#2243 = ORIENTED_EDGE('',*,*,#1320,.T.);
#2244 = ORIENTED_EDGE('',*,*,#2245,.F.);
#2245 = EDGE_CURVE('',#2246,#1321,#2248,.T.);
#2246 = VERTEX_POINT('',#2247);
#2247 = CARTESIAN_POINT('',(73.86523537447,26.78,-23.45307210542));
#2248 = LINE('',#2249,#2250);
#2249 = CARTESIAN_POINT('',(73.86523537447,30.78,-23.45307210542));
#2250 = VECTOR('',#2251,1.);
#2251 = DIRECTION('',(0.,-1.,2.2E-16));
#2252 = ORIENTED_EDGE('',*,*,#2253,.F.);
#2253 = EDGE_CURVE('',#1245,#2246,#2254,.T.);
#2254 = LINE('',#2255,#2256);
#2255 = CARTESIAN_POINT('',(73.605674003396,26.78,-22.07642322676));
#2256 = VECTOR('',#2257,1.);
#2257 = DIRECTION('',(0.185281235583,-2.2E-16,-0.982685536548));
#2258 = PLANE('',#2259);
#2259 = AXIS2_PLACEMENT_3D('',#2260,#2261,#2262);
#2260 = CARTESIAN_POINT('',(73.605674003396,30.78,-22.07642322676));
#2261 = DIRECTION('',(0.982685536548,4.E-17,0.185281235583));
#2262 = DIRECTION('',(0.185281235583,-2.2E-16,-0.982685536548));
#2263 = ADVANCED_FACE('',(#2264),#2276,.F.);
#2264 = FACE_BOUND('',#2265,.F.);
#2265 = EDGE_LOOP('',(#2266,#2267,#2268,#2275));
#2266 = ORIENTED_EDGE('',*,*,#1271,.T.);
#2267 = ORIENTED_EDGE('',*,*,#2253,.T.);
#2268 = ORIENTED_EDGE('',*,*,#2269,.T.);
#2269 = EDGE_CURVE('',#2246,#1363,#2270,.T.);
#2270 = CIRCLE('',#2271,4.);
#2271 = AXIS2_PLACEMENT_3D('',#2272,#2273,#2274);
#2272 = CARTESIAN_POINT('',(69.934493228278,26.78,-24.19419704775));
#2273 = DIRECTION('',(-0.185281235583,7.639E-14,0.982685536548));
#2274 = DIRECTION('',(1.410919433825E-14,1.,-7.507572697069E-14));
#2275 = ORIENTED_EDGE('',*,*,#1362,.F.);
#2276 = CYLINDRICAL_SURFACE('',#2277,4.);
#2277 = AXIS2_PLACEMENT_3D('',#2278,#2279,#2280);
#2278 = CARTESIAN_POINT('',(69.674931857204,26.78,-22.81754816909));
#2279 = DIRECTION('',(0.185281235583,-2.2E-16,-0.982685536548));
#2280 = DIRECTION('',(3.933260448964E-17,1.,-2.164603004016E-16));
#2281 = ADVANCED_FACE('',(#2282),#2350,.T.);
#2282 = FACE_BOUND('',#2283,.T.);
#2283 = EDGE_LOOP('',(#2284,#2285,#2293,#2301,#2309,#2323,#2330,#2344));
#2284 = ORIENTED_EDGE('',*,*,#1305,.T.);
#2285 = ORIENTED_EDGE('',*,*,#2286,.F.);
#2286 = EDGE_CURVE('',#2287,#1297,#2289,.T.);
#2287 = VERTEX_POINT('',#2288);
#2288 = CARTESIAN_POINT('',(70.675618170609,26.78,-28.12493919394));
#2289 = LINE('',#2290,#2291);
#2290 = CARTESIAN_POINT('',(70.675618170609,30.78,-28.12493919394));
#2291 = VECTOR('',#2292,1.);
#2292 = DIRECTION('',(0.,-1.,2.2E-16));
#2293 = ORIENTED_EDGE('',*,*,#2294,.F.);
#2294 = EDGE_CURVE('',#2295,#2287,#2297,.T.);
#2295 = VERTEX_POINT('',#2296);
#2296 = CARTESIAN_POINT('',(-59.13682591179,26.78,-52.60053096676));
#2297 = LINE('',#2298,#2299);
#2298 = CARTESIAN_POINT('',(-63.06756805798,26.78,-53.3416559091));
#2299 = VECTOR('',#2300,1.);
#2300 = DIRECTION('',(0.982685536548,4.E-17,0.185281235583));
#2301 = ORIENTED_EDGE('',*,*,#2302,.T.);
#2302 = EDGE_CURVE('',#2295,#2303,#2305,.T.);
#2303 = VERTEX_POINT('',#2304);
#2304 = CARTESIAN_POINT('',(-59.13682591179,9.532916650381,
    -52.60053096676));
#2305 = LINE('',#2306,#2307);
#2306 = CARTESIAN_POINT('',(-59.13682591179,30.78,-52.60053096676));
#2307 = VECTOR('',#2308,1.);
#2308 = DIRECTION('',(0.,-1.,2.2E-16));
#2309 = ORIENTED_EDGE('',*,*,#2310,.T.);
#2310 = EDGE_CURVE('',#2303,#2311,#2313,.T.);
#2311 = VERTEX_POINT('',#2312);
#2312 = CARTESIAN_POINT('',(-59.55730307866,4.200000000015,
    -52.67981017269));
#2313 = ( BOUNDED_CURVE() B_SPLINE_CURVE(8,(#2314,#2315,#2316,#2317,
    #2318,#2319,#2320,#2321,#2322),.UNSPECIFIED.,.F.,.F.) 
B_SPLINE_CURVE_WITH_KNOTS((9,9),(21.247083349619,26.579999999985),
.PIECEWISE_BEZIER_KNOTS.) CURVE() GEOMETRIC_REPRESENTATION_ITEM() 
RATIONAL_B_SPLINE_CURVE((1.,1.,1.,1.,1.,1.,1.,1.,1.)) 
REPRESENTATION_ITEM('') );
#2314 = CARTESIAN_POINT('',(-59.13682591179,9.532916650381,
    -52.60053096676));
#2315 = CARTESIAN_POINT('',(-59.13682591179,8.866302069085,
    -52.60053096676));
#2316 = CARTESIAN_POINT('',(-59.20911937965,8.19968748779,
    -52.61416159686));
#2317 = CARTESIAN_POINT('',(-59.29757495426,7.533072906494,
    -52.63083952438));
#2318 = CARTESIAN_POINT('',(-59.39183325107,6.866458325198,
    -52.64861153084));
#2319 = CARTESIAN_POINT('',(-59.47129741911,6.199843743902,
    -52.66359416637));
#2320 = CARTESIAN_POINT('',(-59.52878701604,5.533229162606,
    -52.67443358871));
#2321 = CARTESIAN_POINT('',(-59.55730307919,4.866614581311,
    -52.67981017279));
#2322 = CARTESIAN_POINT('',(-59.55730307866,4.200000000015,
    -52.67981017269));
#2323 = ORIENTED_EDGE('',*,*,#2324,.T.);
#2324 = EDGE_CURVE('',#2311,#2325,#2327,.T.);
#2325 = VERTEX_POINT('',#2326);
#2326 = CARTESIAN_POINT('',(-59.55730307919,-4.200000000003,
    -52.67981017279));
#2327 = B_SPLINE_CURVE_WITH_KNOTS('',1,(#2328,#2329),.UNSPECIFIED.,.F.,
  .F.,(2,2),(26.579999999984,34.980000000003),.PIECEWISE_BEZIER_KNOTS.);
#2328 = CARTESIAN_POINT('',(-59.55730307919,4.200000000016,
    -52.67981017279));
#2329 = CARTESIAN_POINT('',(-59.55730307919,-4.200000000003,
    -52.67981017279));
#2330 = ORIENTED_EDGE('',*,*,#2331,.T.);
#2331 = EDGE_CURVE('',#2325,#2332,#2334,.T.);
#2332 = VERTEX_POINT('',#2333);
#2333 = CARTESIAN_POINT('',(-59.13682591179,-9.532916650394,
    -52.60053096676));
#2334 = ( BOUNDED_CURVE() B_SPLINE_CURVE(8,(#2335,#2336,#2337,#2338,
    #2339,#2340,#2341,#2342,#2343),.UNSPECIFIED.,.F.,.F.) 
B_SPLINE_CURVE_WITH_KNOTS((9,9),(34.980000000005,40.312916650394),
.PIECEWISE_BEZIER_KNOTS.) CURVE() GEOMETRIC_REPRESENTATION_ITEM() 
RATIONAL_B_SPLINE_CURVE((1.,1.,1.,1.,1.,1.,1.,1.,1.)) 
REPRESENTATION_ITEM('') );
#2335 = CARTESIAN_POINT('',(-59.55730307919,-4.200000000005,
    -52.67981017279));
#2336 = CARTESIAN_POINT('',(-59.55730307919,-4.866614581303,
    -52.67981017279));
#2337 = CARTESIAN_POINT('',(-59.52878701605,-5.533229162602,
    -52.67443358871));
#2338 = CARTESIAN_POINT('',(-59.47129741911,-6.199843743901,
    -52.66359416637));
#2339 = CARTESIAN_POINT('',(-59.39183325107,-6.866458325199,
    -52.64861153084));
#2340 = CARTESIAN_POINT('',(-59.29757495426,-7.533072906498,
    -52.63083952438));
#2341 = CARTESIAN_POINT('',(-59.20911937965,-8.199687487797,
    -52.61416159686));
#2342 = CARTESIAN_POINT('',(-59.13682591179,-8.866302069095,
    -52.60053096676));
#2343 = CARTESIAN_POINT('',(-59.13682591179,-9.532916650394,
    -52.60053096676));
#2344 = ORIENTED_EDGE('',*,*,#2345,.T.);
#2345 = EDGE_CURVE('',#2332,#1287,#2346,.T.);
#2346 = LINE('',#2347,#2348);
#2347 = CARTESIAN_POINT('',(-59.13682591179,30.78,-52.60053096676));
#2348 = VECTOR('',#2349,1.);
#2349 = DIRECTION('',(0.,-1.,2.2E-16));
#2350 = PLANE('',#2351);
#2351 = AXIS2_PLACEMENT_3D('',#2352,#2353,#2354);
#2352 = CARTESIAN_POINT('',(-63.06756805798,30.78,-53.3416559091));
#2353 = DIRECTION('',(-0.185281235583,2.2E-16,0.982685536548));
#2354 = DIRECTION('',(0.982685536548,4.E-17,0.185281235583));
#2355 = ADVANCED_FACE('',(#2356),#2367,.F.);
#2356 = FACE_BOUND('',#2357,.T.);
#2357 = EDGE_LOOP('',(#2358,#2359,#2366));
#2358 = ORIENTED_EDGE('',*,*,#1328,.F.);
#2359 = ORIENTED_EDGE('',*,*,#2360,.T.);
#2360 = EDGE_CURVE('',#1321,#1297,#2361,.T.);
#2361 = CIRCLE('',#2362,4.);
#2362 = AXIS2_PLACEMENT_3D('',#2363,#2364,#2365);
#2363 = CARTESIAN_POINT('',(69.934493228278,-26.78,-24.19419704775));
#2364 = DIRECTION('',(-1.431E-14,1.,7.566E-14));
#2365 = DIRECTION('',(0.185281235583,7.700136217642E-14,-0.982685536548)
  );
#2366 = ORIENTED_EDGE('',*,*,#1296,.F.);
#2367 = SPHERICAL_SURFACE('',#2368,4.);
#2368 = AXIS2_PLACEMENT_3D('',#2369,#2370,#2371);
#2369 = CARTESIAN_POINT('',(69.934493228278,-26.78,-24.19419704775));
#2370 = DIRECTION('',(-0.982685536548,-4.E-17,-0.185281235583));
#2371 = DIRECTION('',(1.41118137337E-14,-1.,-7.462965802812E-14));
#2372 = ADVANCED_FACE('',(#2373),#2379,.F.);
#2373 = FACE_BOUND('',#2374,.T.);
#2374 = EDGE_LOOP('',(#2375,#2376,#2377,#2378));
#2375 = ORIENTED_EDGE('',*,*,#1402,.F.);
#2376 = ORIENTED_EDGE('',*,*,#1345,.T.);
#2377 = ORIENTED_EDGE('',*,*,#1745,.T.);
#2378 = ORIENTED_EDGE('',*,*,#1427,.F.);
#2379 = PLANE('',#2380);
#2380 = AXIS2_PLACEMENT_3D('',#2381,#2382,#2383);
#2381 = CARTESIAN_POINT('',(-65.1486,31.18,2.1));
#2382 = DIRECTION('',(0.,0.707106781187,-0.707106781187));
#2383 = DIRECTION('',(-1.,2.E-17,2.E-17));
#2384 = ADVANCED_FACE('',(#2385),#2403,.F.);
#2385 = FACE_BOUND('',#2386,.F.);
#2386 = EDGE_LOOP('',(#2387,#2394,#2395,#2402));
#2387 = ORIENTED_EDGE('',*,*,#2388,.F.);
#2388 = EDGE_CURVE('',#1371,#2295,#2389,.T.);
#2389 = CIRCLE('',#2390,4.);
#2390 = AXIS2_PLACEMENT_3D('',#2391,#2392,#2393);
#2391 = CARTESIAN_POINT('',(-59.87795085412,26.78,-48.66978882057));
#2392 = DIRECTION('',(-0.982685536548,-0.,-0.185281235583));
#2393 = DIRECTION('',(0.185281235583,0.,-0.982685536548));
#2394 = ORIENTED_EDGE('',*,*,#1370,.T.);
#2395 = ORIENTED_EDGE('',*,*,#2396,.T.);
#2396 = EDGE_CURVE('',#1363,#2287,#2397,.T.);
#2397 = CIRCLE('',#2398,4.);
#2398 = AXIS2_PLACEMENT_3D('',#2399,#2400,#2401);
#2399 = CARTESIAN_POINT('',(69.934493228278,26.78,-24.19419704775));
#2400 = DIRECTION('',(-0.982685536548,-4.E-17,-0.185281235583));
#2401 = DIRECTION('',(1.411331109456E-14,1.,-7.506937570701E-14));
#2402 = ORIENTED_EDGE('',*,*,#2294,.F.);
#2403 = CYLINDRICAL_SURFACE('',#2404,4.);
#2404 = AXIS2_PLACEMENT_3D('',#2405,#2406,#2407);
#2405 = CARTESIAN_POINT('',(-63.80869300031,26.78,-49.4109137629));
#2406 = DIRECTION('',(0.982685536548,4.E-17,0.185281235583));
#2407 = DIRECTION('',(0.185281235583,-2.2E-16,-0.982685536548));
#2408 = ADVANCED_FACE('',(#2409),#2434,.T.);
#2409 = FACE_BOUND('',#2410,.F.);
#2410 = EDGE_LOOP('',(#2411,#2419,#2420,#2428));
#2411 = ORIENTED_EDGE('',*,*,#2412,.F.);
#2412 = EDGE_CURVE('',#1445,#2413,#2415,.T.);
#2413 = VERTEX_POINT('',#2414);
#2414 = CARTESIAN_POINT('',(-63.57367708494,-35.32490833812,
    0.502147437829));
#2415 = LINE('',#2416,#2417);
#2416 = CARTESIAN_POINT('',(-63.56452763513,-34.27862032703,
    1.501073718915));
#2417 = VECTOR('',#2418,1.);
#2418 = DIRECTION('',(-6.324789188889E-03,-0.72327311885,-0.690533122009
    ));
#2419 = ORIENTED_EDGE('',*,*,#1444,.T.);
#2420 = ORIENTED_EDGE('',*,*,#2421,.T.);
#2421 = EDGE_CURVE('',#1447,#2422,#2424,.T.);
#2422 = VERTEX_POINT('',#2423);
#2423 = CARTESIAN_POINT('',(-19.36567279448,-35.71149301867,
    0.502147437829));
#2424 = LINE('',#2425,#2426);
#2425 = CARTESIAN_POINT('',(-19.35652334467,-34.66520500757,
    1.501073718915));
#2426 = VECTOR('',#2427,1.);
#2427 = DIRECTION('',(-6.324789188889E-03,-0.72327311885,-0.690533122009
    ));
#2428 = ORIENTED_EDGE('',*,*,#2429,.F.);
#2429 = EDGE_CURVE('',#2413,#2422,#2430,.T.);
#2430 = LINE('',#2431,#2432);
#2431 = CARTESIAN_POINT('',(-63.59811324894,-35.32469465178,
    0.502147437829));
#2432 = VECTOR('',#2433,1.);
#2433 = DIRECTION('',(0.999961767512,-8.744341814506E-03,0.));
#2434 = PLANE('',#2435);
#2435 = AXIS2_PLACEMENT_3D('',#2436,#2437,#2438);
#2436 = CARTESIAN_POINT('',(-63.58896379913,-34.27840664069,
    1.501073718915));
#2437 = DIRECTION('',(-6.038257653084E-03,-0.69050672121,0.723300772437)
  );
#2438 = DIRECTION('',(-0.999961767512,8.744341814506E-03,
    6.071532165919E-17));
#2439 = ADVANCED_FACE('',(#2440),#2469,.T.);
#2440 = FACE_BOUND('',#2441,.T.);
#2441 = EDGE_LOOP('',(#2442,#2450,#2467,#2468));
#2442 = ORIENTED_EDGE('',*,*,#2443,.T.);
#2443 = EDGE_CURVE('',#1713,#2444,#2446,.T.);
#2444 = VERTEX_POINT('',#2445);
#2445 = CARTESIAN_POINT('',(-69.5249503107,-29.31545440482,
    0.500139831839));
#2446 = LINE('',#2447,#2448);
#2447 = CARTESIAN_POINT('',(-68.53677515535,-29.31545440482,
    1.50006991592));
#2448 = VECTOR('',#2449,1.);
#2449 = DIRECTION('',(-0.702913634578,-1.6E-16,-0.711275208569));
#2450 = ORIENTED_EDGE('',*,*,#2451,.T.);
#2451 = EDGE_CURVE('',#2444,#2413,#2452,.T.);
#2452 = B_SPLINE_CURVE_WITH_KNOTS('',7,(#2453,#2454,#2455,#2456,#2457,
    #2458,#2459,#2460,#2461,#2462,#2463,#2464,#2465,#2466),
  .UNSPECIFIED.,.F.,.F.,(8,6,8),(400.70167473579,409.99141762909,
    410.01587129283),.UNSPECIFIED.);
#2453 = CARTESIAN_POINT('',(-69.5249503107,-29.31545440482,
    0.500139831839));
#2454 = CARTESIAN_POINT('',(-69.5249503107,-30.63741473583,
    0.500139831839));
#2455 = CARTESIAN_POINT('',(-69.18552391009,-31.95439966858,
    0.499999040743));
#2456 = CARTESIAN_POINT('',(-68.5138912976,-33.17480006607,
    0.499437308451));
#2457 = CARTESIAN_POINT('',(-67.52567573523,-34.21045344762,
    0.500400878743));
#2458 = CARTESIAN_POINT('',(-66.29231685717,-34.93703393008,
    0.501407233436));
#2459 = CARTESIAN_POINT('',(-64.94478174648,-35.30738380997,
    0.501906716904));
#2460 = CARTESIAN_POINT('',(-63.59459247036,-35.32469007262,
    0.502145755992));
#2461 = CARTESIAN_POINT('',(-63.59113838414,-35.32473191713,
    0.502146355813));
#2462 = CARTESIAN_POINT('',(-63.58764400625,-35.32477198659,
    0.50214678204));
#2463 = CARTESIAN_POINT('',(-63.58414390429,-35.32480974824,
    0.502147098065));
#2464 = CARTESIAN_POINT('',(-63.58066148071,-35.32484487566,
    0.502147333161));
#2465 = CARTESIAN_POINT('',(-63.57716795597,-35.32487781158,
    0.502147437829));
#2466 = CARTESIAN_POINT('',(-63.57367708494,-35.32490833812,
    0.502147437829));
#2467 = ORIENTED_EDGE('',*,*,#2412,.F.);
#2468 = ORIENTED_EDGE('',*,*,#1720,.F.);
#2469 = B_SPLINE_SURFACE_WITH_KNOTS('',1,7,(
    (#2470,#2471,#2472,#2473,#2474,#2475,#2476,#2477,#2478,#2479,#2480
      ,#2481,#2482,#2483)
    ,(#2484,#2485,#2486,#2487,#2488,#2489,#2490,#2491,#2492,#2493,#2494
      ,#2495,#2496,#2497
    )),.UNSPECIFIED.,.F.,.F.,.F.,(2,2),(8,6,8),(0.,9.314196557045),(
    400.70167473579,409.99141762909,410.01587129283),.UNSPECIFIED.);
#2470 = CARTESIAN_POINT('',(-67.5486,-29.31545440482,2.5));
#2471 = CARTESIAN_POINT('',(-67.5486,-30.18349570887,2.5));
#2472 = CARTESIAN_POINT('',(-67.31589053509,-31.04913295587,2.5));
#2473 = CARTESIAN_POINT('',(-66.8544955117,-31.85037359156,2.5));
#2474 = CARTESIAN_POINT('',(-66.18240465293,-32.52101926816,2.5));
#2475 = CARTESIAN_POINT('',(-65.35711559075,-32.98828877958,2.5));
#2476 = CARTESIAN_POINT('',(-64.46438897062,-33.22415910425,2.5));
#2477 = CARTESIAN_POINT('',(-63.57697879034,-33.23214408901,2.5));
#2478 = CARTESIAN_POINT('',(-63.57268984403,-33.23218080966,2.5));
#2479 = CARTESIAN_POINT('',(-63.56927211873,-33.232210721,2.5));
#2480 = CARTESIAN_POINT('',(-63.56597857072,-33.23223971074,2.5));
#2481 = CARTESIAN_POINT('',(-63.5623036354,-33.23227173059,2.5));
#2482 = CARTESIAN_POINT('',(-63.55886927195,-33.23230178751,2.5));
#2483 = CARTESIAN_POINT('',(-63.55537818532,-33.23233231593,2.5));
#2484 = CARTESIAN_POINT('',(-69.5249503107,-29.31545440482,
    0.500139831839));
#2485 = CARTESIAN_POINT('',(-69.5249503107,-30.63741473583,
    0.500139831839));
#2486 = CARTESIAN_POINT('',(-69.18552391009,-31.95439966858,
    0.499999040743));
#2487 = CARTESIAN_POINT('',(-68.5138912976,-33.17480006607,
    0.499437308451));
#2488 = CARTESIAN_POINT('',(-67.52567573523,-34.21045344762,
    0.500400878743));
#2489 = CARTESIAN_POINT('',(-66.29231685717,-34.93703393008,
    0.501407233436));
#2490 = CARTESIAN_POINT('',(-64.94478174648,-35.30738380997,
    0.501906716904));
#2491 = CARTESIAN_POINT('',(-63.59459247036,-35.32469007262,
    0.502145755992));
#2492 = CARTESIAN_POINT('',(-63.59113838414,-35.32473191713,
    0.502146355813));
#2493 = CARTESIAN_POINT('',(-63.58764400625,-35.32477198659,
    0.50214678204));
#2494 = CARTESIAN_POINT('',(-63.58414390429,-35.32480974824,
    0.502147098065));
#2495 = CARTESIAN_POINT('',(-63.58066148071,-35.32484487566,
    0.502147333161));
#2496 = CARTESIAN_POINT('',(-63.57716795597,-35.32487781158,
    0.502147437829));
#2497 = CARTESIAN_POINT('',(-63.57367708494,-35.32490833812,
    0.502147437829));
#2498 = ADVANCED_FACE('',(#2499),#2542,.T.);
#2499 = FACE_BOUND('',#2500,.T.);
#2500 = EDGE_LOOP('',(#2501,#2502,#2536,#2541));
#2501 = ORIENTED_EDGE('',*,*,#2421,.T.);
#2502 = ORIENTED_EDGE('',*,*,#2503,.T.);
#2503 = EDGE_CURVE('',#2422,#2504,#2506,.T.);
#2504 = VERTEX_POINT('',#2505);
#2505 = CARTESIAN_POINT('',(63.862527303502,-35.88268238876,
    0.500000399039));
#2506 = B_SPLINE_CURVE_WITH_KNOTS('',10,(#2507,#2508,#2509,#2510,#2511,
    #2512,#2513,#2514,#2515,#2516,#2517,#2518,#2519,#2520,#2521,#2522,
    #2523,#2524,#2525,#2526,#2527,#2528,#2529,#2530,#2531,#2532,#2533,
    #2534,#2535),.UNSPECIFIED.,.F.,.F.,(11,9,9,11),(44.234131635357,
    54.879241151027,127.0459887149,127.78983725388),.UNSPECIFIED.);
#2507 = CARTESIAN_POINT('',(-19.36567279448,-35.71149301867,
    0.502147437829));
#2508 = CARTESIAN_POINT('',(-18.30614256574,-35.72075826738,
    0.502147437829));
#2509 = CARTESIAN_POINT('',(-17.24660797363,-35.72982310435,
    0.502138497462));
#2510 = CARTESIAN_POINT('',(-16.18707731699,-35.73868751525,
    0.502119487821));
#2511 = CARTESIAN_POINT('',(-15.1275448334,-35.74735150495,
    0.502091288238));
#2512 = CARTESIAN_POINT('',(-14.06800540491,-35.75581507174,
    0.502054796829));
#2513 = CARTESIAN_POINT('',(-13.00846145853,-35.76407819636,
    0.502009986132));
#2514 = CARTESIAN_POINT('',(-11.94892206093,-35.77214084545,
    0.501956003848));
#2515 = CARTESIAN_POINT('',(-10.88939420789,-35.78000298981,
    0.501892318665));
#2516 = CARTESIAN_POINT('',(-9.829866308124,-35.78766463716,
    0.501820911185));
#2517 = CARTESIAN_POINT('',(-1.58702108475,-35.84570813056,
    0.501265457109));
#2518 = CARTESIAN_POINT('',(5.598732367002,-35.88709742893,
    0.501629543728));
#2519 = CARTESIAN_POINT('',(12.783107374489,-35.91910722438,
    0.495930598821));
#2520 = CARTESIAN_POINT('',(19.981477201755,-35.94246716655,
    0.512604966123));
#2521 = CARTESIAN_POINT('',(27.152087781235,-35.95534924529,
    0.478610893581));
#2522 = CARTESIAN_POINT('',(34.370905889529,-35.96090766051,
    0.525115107452));
#2523 = CARTESIAN_POINT('',(41.532343805906,-35.95524434412,
    0.479536721284));
#2524 = CARTESIAN_POINT('',(48.743518347144,-35.94172440383,
    0.508578203685));
#2525 = CARTESIAN_POINT('',(55.910002927884,-35.91863460741,
    0.503008283796));
#2526 = CARTESIAN_POINT('',(63.192024333335,-35.88575691448,
    0.500348604505));
#2527 = CARTESIAN_POINT('',(63.266171504741,-35.88542116931,
    0.500322015006));
#2528 = CARTESIAN_POINT('',(63.340266146054,-35.88508452935,
    0.500289190878));
#2529 = CARTESIAN_POINT('',(63.414383144448,-35.88474657362,
    0.500246717908));
#2530 = CARTESIAN_POINT('',(63.488584843914,-35.88440701123,
    0.50019448393));
#2531 = CARTESIAN_POINT('',(63.562924961557,-35.88406566412,
    0.500135588126));
#2532 = CARTESIAN_POINT('',(63.637450908676,-35.88372245635,
    0.500076223067));
#2533 = CARTESIAN_POINT('',(63.712204515438,-35.88337740943,
    0.500025529522));
#2534 = CARTESIAN_POINT('',(63.787221160341,-35.88303064418,
    0.499995423996));
#2535 = CARTESIAN_POINT('',(63.862527303502,-35.88268238876,
    0.500000399039));
#2536 = ORIENTED_EDGE('',*,*,#2537,.F.);
#2537 = EDGE_CURVE('',#1455,#2504,#2538,.T.);
#2538 = B_SPLINE_CURVE_WITH_KNOTS('',1,(#2539,#2540),.UNSPECIFIED.,.F.,
  .F.,(2,2),(0.,83.555705618528),.PIECEWISE_BEZIER_KNOTS.);
#2539 = CARTESIAN_POINT('',(63.644030768124,-33.89338240556,2.5));
#2540 = CARTESIAN_POINT('',(63.862527303502,-35.88268238876,
    0.500000399039));
#2541 = ORIENTED_EDGE('',*,*,#1454,.F.);
#2542 = B_SPLINE_SURFACE_WITH_KNOTS('',1,10,(
    (#2543,#2544,#2545,#2546,#2547,#2548,#2549,#2550,#2551,#2552,#2553
      ,#2554,#2555,#2556,#2557,#2558,#2559,#2560,#2561,#2562,#2563,#2564
      ,#2565,#2566,#2567,#2568,#2569,#2570,#2571)
    ,(#2572,#2573,#2574,#2575,#2576,#2577,#2578,#2579,#2580,#2581,#2582
      ,#2583,#2584,#2585,#2586,#2587,#2588,#2589,#2590,#2591,#2592,#2593
      ,#2594,#2595,#2596,#2597,#2598,#2599,#2600
  )),.UNSPECIFIED.,.F.,.F.,.F.,(2,2),(11,9,9,11),(0.,83.555705618528),(
    44.234131635357,54.879241151027,127.0459887149,127.78983725388),
  .UNSPECIFIED.);
#2543 = CARTESIAN_POINT('',(-19.34737389486,-33.61891699648,2.5));
#2544 = CARTESIAN_POINT('',(-18.28784366612,-33.62818224519,2.5));
#2545 = CARTESIAN_POINT('',(-17.22832077051,-33.63743817898,2.5));
#2546 = CARTESIAN_POINT('',(-16.16878093273,-33.64671421475,
    2.499999999999));
#2547 = CARTESIAN_POINT('',(-15.10924343674,-33.65599040196,
    2.500000000001));
#2548 = CARTESIAN_POINT('',(-14.04972158702,-33.6652482931,
    2.499999999999));
#2549 = CARTESIAN_POINT('',(-12.99020224226,-33.67449531596,
    2.500000000001));
#2550 = CARTESIAN_POINT('',(-11.93065442125,-33.68376264692,2.5));
#2551 = CARTESIAN_POINT('',(-10.8710669812,-33.69307658609,2.5));
#2552 = CARTESIAN_POINT('',(-9.811515368312,-33.70240343354,2.5));
#2553 = CARTESIAN_POINT('',(-1.571194685897,-33.77369661951,2.5));
#2554 = CARTESIAN_POINT('',(5.611586610161,-33.82784819076,2.5));
#2555 = CARTESIAN_POINT('',(12.796274749965,-33.8720317927,
    2.500000000001));
#2556 = CARTESIAN_POINT('',(19.983150568826,-33.90829321169,
    2.499999999999));
#2557 = CARTESIAN_POINT('',(27.169973756912,-33.93191127693,
    2.500000000001));
#2558 = CARTESIAN_POINT('',(34.35963908889,-33.95213019282,2.5));
#2559 = CARTESIAN_POINT('',(41.549972065363,-33.95567933226,2.5));
#2560 = CARTESIAN_POINT('',(48.747404011085,-33.99047885087,2.5));
#2561 = CARTESIAN_POINT('',(55.933945600782,-34.09213461081,2.5));
#2562 = CARTESIAN_POINT('',(63.145504103633,-33.92367471787,2.5));
#2563 = CARTESIAN_POINT('',(63.211224685643,-33.92209854675,2.5));
#2564 = CARTESIAN_POINT('',(63.271600383794,-33.92029793781,2.5));
#2565 = CARTESIAN_POINT('',(63.328442381579,-33.91809645677,
    2.499999999999));
#2566 = CARTESIAN_POINT('',(63.383024401173,-33.91541727781,
    2.500000000001));
#2567 = CARTESIAN_POINT('',(63.436218175679,-33.91221941433,
    2.499999999999));
#2568 = CARTESIAN_POINT('',(63.488604736134,-33.90846106528,2.5));
#2569 = CARTESIAN_POINT('',(63.540561513985,-33.90409007795,2.5));
#2570 = CARTESIAN_POINT('',(63.59232525826,-33.89906152629,2.5));
#2571 = CARTESIAN_POINT('',(63.644030768124,-33.89338240556,2.5));
#2572 = CARTESIAN_POINT('',(-19.36567279448,-35.71149301867,
    0.502147437829));
#2573 = CARTESIAN_POINT('',(-18.30614256574,-35.72075826738,
    0.502147437829));
#2574 = CARTESIAN_POINT('',(-17.24660797363,-35.72982310435,
    0.502138497462));
#2575 = CARTESIAN_POINT('',(-16.18707731699,-35.73868751525,
    0.502119487821));
#2576 = CARTESIAN_POINT('',(-15.1275448334,-35.74735150495,
    0.502091288238));
#2577 = CARTESIAN_POINT('',(-14.06800540491,-35.75581507174,
    0.502054796829));
#2578 = CARTESIAN_POINT('',(-13.00846145853,-35.76407819636,
    0.502009986132));
#2579 = CARTESIAN_POINT('',(-11.94892206093,-35.77214084545,
    0.501956003848));
#2580 = CARTESIAN_POINT('',(-10.88939420789,-35.78000298981,
    0.501892318665));
#2581 = CARTESIAN_POINT('',(-9.829866308124,-35.78766463716,
    0.501820911185));
#2582 = CARTESIAN_POINT('',(-1.58702108475,-35.84570813056,
    0.501265457109));
#2583 = CARTESIAN_POINT('',(5.598732367002,-35.88709742893,
    0.501629543728));
#2584 = CARTESIAN_POINT('',(12.783107374489,-35.91910722438,
    0.495930598821));
#2585 = CARTESIAN_POINT('',(19.981477201755,-35.94246716655,
    0.512604966123));
#2586 = CARTESIAN_POINT('',(27.152087781235,-35.95534924529,
    0.478610893581));
#2587 = CARTESIAN_POINT('',(34.370905889529,-35.96090766051,
    0.525115107452));
#2588 = CARTESIAN_POINT('',(41.532343805906,-35.95524434412,
    0.479536721284));
#2589 = CARTESIAN_POINT('',(48.743518347144,-35.94172440383,
    0.508578203685));
#2590 = CARTESIAN_POINT('',(55.910002927884,-35.91863460741,
    0.503008283796));
#2591 = CARTESIAN_POINT('',(63.192024333335,-35.88575691448,
    0.500348604505));
#2592 = CARTESIAN_POINT('',(63.266171504741,-35.88542116931,
    0.500322015006));
#2593 = CARTESIAN_POINT('',(63.340266146054,-35.88508452935,
    0.500289190878));
#2594 = CARTESIAN_POINT('',(63.414383144448,-35.88474657362,
    0.500246717908));
#2595 = CARTESIAN_POINT('',(63.488584843914,-35.88440701123,
    0.50019448393));
#2596 = CARTESIAN_POINT('',(63.562924961557,-35.88406566412,
    0.500135588126));
#2597 = CARTESIAN_POINT('',(63.637450908676,-35.88372245635,
    0.500076223067));
#2598 = CARTESIAN_POINT('',(63.712204515438,-35.88337740943,
    0.500025529522));
#2599 = CARTESIAN_POINT('',(63.787221160341,-35.88303064418,
    0.499995423996));
#2600 = CARTESIAN_POINT('',(63.862527303502,-35.88268238876,
    0.500000399039));
#2601 = ADVANCED_FACE('',(#2602),#2619,.T.);
#2602 = FACE_BOUND('',#2603,.F.);
#2603 = EDGE_LOOP('',(#2604,#2611,#2612,#2613));
#2604 = ORIENTED_EDGE('',*,*,#2605,.F.);
#2605 = EDGE_CURVE('',#1694,#2606,#2608,.T.);
#2606 = VERTEX_POINT('',#2607);
#2607 = CARTESIAN_POINT('',(-69.5249503107,29.315454404824,
    0.500139831839));
#2608 = B_SPLINE_CURVE_WITH_KNOTS('',1,(#2609,#2610),.UNSPECIFIED.,.F.,
  .F.,(2,2),(0.,9.314196557033),.PIECEWISE_BEZIER_KNOTS.);
#2609 = CARTESIAN_POINT('',(-67.5486,29.315454404824,2.5));
#2610 = CARTESIAN_POINT('',(-69.5249503107,29.315454404824,
    0.500139831839));
#2611 = ORIENTED_EDGE('',*,*,#1712,.T.);
#2612 = ORIENTED_EDGE('',*,*,#2443,.T.);
#2613 = ORIENTED_EDGE('',*,*,#2614,.F.);
#2614 = EDGE_CURVE('',#2606,#2444,#2615,.T.);
#2615 = LINE('',#2616,#2617);
#2616 = CARTESIAN_POINT('',(-69.5249503107,29.222494911778,
    0.500139831839));
#2617 = VECTOR('',#2618,1.);
#2618 = DIRECTION('',(0.,-1.,2.2E-16));
#2619 = PLANE('',#2620);
#2620 = AXIS2_PLACEMENT_3D('',#2621,#2622,#2623);
#2621 = CARTESIAN_POINT('',(-68.53677515535,29.222494911778,
    1.50006991592));
#2622 = DIRECTION('',(-0.711275208569,1.E-16,0.702913634578));
#2623 = DIRECTION('',(-4.362934023782E-17,1.,-1.86413325381E-16));
#2624 = ADVANCED_FACE('',(#2625),#2711,.T.);
#2625 = FACE_BOUND('',#2626,.T.);
#2626 = EDGE_LOOP('',(#2627,#2628,#2705,#2710));
#2627 = ORIENTED_EDGE('',*,*,#2537,.T.);
#2628 = ORIENTED_EDGE('',*,*,#2629,.T.);
#2629 = EDGE_CURVE('',#2504,#2630,#2632,.T.);
#2630 = VERTEX_POINT('',#2631);
#2631 = CARTESIAN_POINT('',(70.254815899862,-29.81626404647,
    0.628834827499));
#2632 = B_SPLINE_CURVE_WITH_KNOTS('',11,(#2633,#2634,#2635,#2636,#2637,
    #2638,#2639,#2640,#2641,#2642,#2643,#2644,#2645,#2646,#2647,#2648,
    #2649,#2650,#2651,#2652,#2653,#2654,#2655,#2656,#2657,#2658,#2659,
    #2660,#2661,#2662,#2663,#2664,#2665,#2666,#2667,#2668,#2669,#2670,
    #2671,#2672,#2673,#2674,#2675,#2676,#2677,#2678,#2679,#2680,#2681,
    #2682,#2683,#2684,#2685,#2686,#2687,#2688,#2689,#2690,#2691,#2692,
    #2693,#2694,#2695,#2696,#2697,#2698,#2699,#2700,#2701,#2702,#2703,
    #2704),.UNSPECIFIED.,.F.,.F.,(12,10,10,10,10,10,10,12),(
    127.7898372606,131.81026984053,133.23757198151,135.6648662555,
    136.11955086958,136.34689317662,136.51440163604,136.57423548366),
  .UNSPECIFIED.);
#2633 = CARTESIAN_POINT('',(63.862527310273,-35.88268238842,
    0.500000399039));
#2634 = CARTESIAN_POINT('',(64.232547984324,-35.88097121773,
    0.500024844183));
#2635 = CARTESIAN_POINT('',(64.607103936544,-35.85720016782,
    0.500870561987));
#2636 = CARTESIAN_POINT('',(64.984822160073,-35.81038036555,
    0.502662057889));
#2637 = CARTESIAN_POINT('',(65.361832851657,-35.73987603331,
    0.505343843533));
#2638 = CARTESIAN_POINT('',(65.740468694201,-35.64487277019,
    0.508872368963));
#2639 = CARTESIAN_POINT('',(66.1136207531,-35.52484500965,0.513370592281
    ));
#2640 = CARTESIAN_POINT('',(66.483950180885,-35.3793156257,
    0.518605887034));
#2641 = CARTESIAN_POINT('',(66.845912386469,-35.20797726502,
    0.524661901567));
#2642 = CARTESIAN_POINT('',(67.198741700033,-35.0107838933,
    0.531364324982));
#2643 = CARTESIAN_POINT('',(67.539303111339,-34.78789969675,
    0.538626976908));
#2644 = CARTESIAN_POINT('',(67.980693785072,-34.45182090724,
    0.54902293324));
#2645 = CARTESIAN_POINT('',(68.09447163453,-34.36060038981,
    0.551798508954));
#2646 = CARTESIAN_POINT('',(68.206260082177,-34.26623481827,
    0.554619406296));
#2647 = CARTESIAN_POINT('',(68.315935679111,-34.16875415305,
    0.557478781794));
#2648 = CARTESIAN_POINT('',(68.423374776219,-34.06819522625,
    0.560369470346));
#2649 = CARTESIAN_POINT('',(68.528453522368,-33.96460174086,
    0.563283985211));
#2650 = CARTESIAN_POINT('',(68.631047866928,-33.85802427184,
    0.566214518024));
#2651 = CARTESIAN_POINT('',(68.731033556959,-33.74852026493,
    0.569152938776));
#2652 = CARTESIAN_POINT('',(68.828286139741,-33.63615403774,
    0.572090795836));
#2653 = CARTESIAN_POINT('',(68.922680960945,-33.52099677891,
    0.575019315932));
#2654 = CARTESIAN_POINT('',(69.169550314337,-33.20267443214,
    0.582878349661));
#2655 = CARTESIAN_POINT('',(69.316390682763,-32.99437958747,
    0.587774248193));
#2656 = CARTESIAN_POINT('',(69.454012480241,-32.77862584878,
    0.592573985773));
#2657 = CARTESIAN_POINT('',(69.581821323845,-32.55588823396,
    0.597231452301));
#2658 = CARTESIAN_POINT('',(69.699247242368,-32.32671974643,
    0.601699848235));
#2659 = CARTESIAN_POINT('',(69.805760435625,-32.091742108,0.605933377119
    ));
#2660 = CARTESIAN_POINT('',(69.900885788154,-31.85164042304,
    0.609888323947));
#2661 = CARTESIAN_POINT('',(69.984216139088,-31.60716177375,
    0.613523519377));
#2662 = CARTESIAN_POINT('',(70.055424305846,-31.35911774683,
    0.616800189787));
#2663 = CARTESIAN_POINT('',(70.114273864023,-31.1083908911,
    0.619681193177));
#2664 = CARTESIAN_POINT('',(70.169311939594,-30.8086565617,
    0.622588288032));
#2665 = CARTESIAN_POINT('',(70.177557209704,-30.76130748156,
    0.623031617585));
#2666 = CARTESIAN_POINT('',(70.185363036398,-30.71390383174,
    0.62345961637));
#2667 = CARTESIAN_POINT('',(70.192728584907,-30.66645302583,
    0.62387200857));
#2668 = CARTESIAN_POINT('',(70.199653540505,-30.61896236931,
    0.624268391553));
#2669 = CARTESIAN_POINT('',(70.206138005772,-30.57143750272,
    0.624648371641));
#2670 = CARTESIAN_POINT('',(70.212182400606,-30.52388084584,
    0.625011699935));
#2671 = CARTESIAN_POINT('',(70.217787359203,-30.4762900407,
    0.625358408069));
#2672 = CARTESIAN_POINT('',(70.222953629748,-30.42865639574,
    0.625688944026));
#2673 = CARTESIAN_POINT('',(70.227681972137,-30.38096332906,
    0.626004307915));
#2674 = CARTESIAN_POINT('',(70.234118599209,-30.30929555378,
    0.626457127692));
#2675 = CARTESIAN_POINT('',(70.236154615048,-30.2853850031,
    0.626604754599));
#2676 = CARTESIAN_POINT('',(70.238081166796,-30.26145219589,
    0.626749206413));
#2677 = CARTESIAN_POINT('',(70.239898087477,-30.23749496433,
    0.626890747267));
#2678 = CARTESIAN_POINT('',(70.241605020602,-30.21351115191,
    0.627029715027));
#2679 = CARTESIAN_POINT('',(70.243201459344,-30.1894998272,0.6271664688)
  );
#2680 = CARTESIAN_POINT('',(70.244686786777,-30.16546249903,
    0.627301336464));
#2681 = CARTESIAN_POINT('',(70.246060314876,-30.14140433013,
    0.627434562173));
#2682 = CARTESIAN_POINT('',(70.247321324668,-30.1173353522,
    0.627566253882));
#2683 = CARTESIAN_POINT('',(70.248469105516,-30.09327167986,
    0.627696330863));
#2684 = CARTESIAN_POINT('',(70.250264776712,-30.05152749093,
    0.62791888653));
#2685 = CARTESIAN_POINT('',(70.250964745153,-30.03383404913,
    0.628012216334));
#2686 = CARTESIAN_POINT('',(70.251602791509,-30.01616680669,
    0.628104298409));
#2687 = CARTESIAN_POINT('',(70.252178816466,-29.99853841571,
    0.62819485561));
#2688 = CARTESIAN_POINT('',(70.252692837949,-29.98096462013,
    0.628283460379));
#2689 = CARTESIAN_POINT('',(70.253145097408,-29.96346510147,
    0.62836949923));
#2690 = CARTESIAN_POINT('',(70.253536168463,-29.94606432587,
    0.628452137261));
#2691 = CARTESIAN_POINT('',(70.253867062596,-29.92879238939,
    0.628530282638));
#2692 = CARTESIAN_POINT('',(70.254139337852,-29.91168586519,
    0.628602551102));
#2693 = CARTESIAN_POINT('',(70.254355205028,-29.89478864905,
    0.628667230459));
#2694 = CARTESIAN_POINT('',(70.2545756556,-29.87221050025,0.628741896253
    ));
#2695 = CARTESIAN_POINT('',(70.254627185432,-29.86628162849,
    0.628760361633));
#2696 = CARTESIAN_POINT('',(70.254670902582,-29.86045097347,
    0.628777386936));
#2697 = CARTESIAN_POINT('',(70.254707338273,-29.85481464508,
    0.628792325271));
#2698 = CARTESIAN_POINT('',(70.254737689339,-29.84935949626,
    0.628804801322));
#2699 = CARTESIAN_POINT('',(70.254763016424,-29.84397394644,
    0.628814856034));
#2700 = CARTESIAN_POINT('',(70.254783812366,-29.83852963788,
    0.628822772767));
#2701 = CARTESIAN_POINT('',(70.254799915682,-29.83297334819,
    0.628828785797));
#2702 = CARTESIAN_POINT('',(70.254810755112,-29.8273685849,
    0.628832872131));
#2703 = CARTESIAN_POINT('',(70.254815899859,-29.82182628521,
    0.628834827499));
#2704 = CARTESIAN_POINT('',(70.254815899862,-29.81626404647,
    0.628834827499));
#2705 = ORIENTED_EDGE('',*,*,#2706,.F.);
#2706 = EDGE_CURVE('',#1489,#2630,#2707,.T.);
#2707 = B_SPLINE_CURVE_WITH_KNOTS('',1,(#2708,#2709),.UNSPECIFIED.,.F.,
  .F.,(2,2),(0.,8.784398223054),.PIECEWISE_BEZIER_KNOTS.);
#2708 = CARTESIAN_POINT('',(67.5486,-29.81626404647,2.5));
#2709 = CARTESIAN_POINT('',(70.254815899862,-29.81626404647,
    0.628834827499));
#2710 = ORIENTED_EDGE('',*,*,#1488,.F.);
#2711 = B_SPLINE_SURFACE_WITH_KNOTS('',1,11,(
    (#2712,#2713,#2714,#2715,#2716,#2717,#2718,#2719,#2720,#2721,#2722
      ,#2723,#2724,#2725,#2726,#2727,#2728,#2729,#2730,#2731,#2732,#2733
      ,#2734,#2735,#2736,#2737,#2738,#2739,#2740,#2741,#2742,#2743,#2744
      ,#2745,#2746,#2747,#2748,#2749,#2750,#2751,#2752,#2753,#2754,#2755
      ,#2756,#2757,#2758,#2759,#2760,#2761,#2762,#2763,#2764,#2765,#2766
      ,#2767,#2768,#2769,#2770,#2771,#2772,#2773,#2774,#2775,#2776,#2777
      ,#2778,#2779,#2780,#2781,#2782,#2783)
    ,(#2784,#2785,#2786,#2787,#2788,#2789,#2790,#2791,#2792,#2793,#2794
      ,#2795,#2796,#2797,#2798,#2799,#2800,#2801,#2802,#2803,#2804,#2805
      ,#2806,#2807,#2808,#2809,#2810,#2811,#2812,#2813,#2814,#2815,#2816
      ,#2817,#2818,#2819,#2820,#2821,#2822,#2823,#2824,#2825,#2826,#2827
      ,#2828,#2829,#2830,#2831,#2832,#2833,#2834,#2835,#2836,#2837,#2838
      ,#2839,#2840,#2841,#2842,#2843,#2844,#2845,#2846,#2847,#2848,#2849
      ,#2850,#2851,#2852,#2853,#2854,#2855
    )),.UNSPECIFIED.,.F.,.F.,.F.,(2,2),(12,10,10,10,10,10,10,12),(0.,
    8.784398223054),(127.7898372606,131.81026984053,133.23757198151,
    135.6648662555,136.11955086958,136.34689317662,136.51440163604,
    136.57423548366),.UNSPECIFIED.);
#2712 = CARTESIAN_POINT('',(63.644030772796,-33.89338240505,2.5));
#2713 = CARTESIAN_POINT('',(63.898088500339,-33.86547774801,2.5));
#2714 = CARTESIAN_POINT('',(64.150638285298,-33.82189992713,2.5));
#2715 = CARTESIAN_POINT('',(64.418755145593,-33.75999667136,
    2.499999999999));
#2716 = CARTESIAN_POINT('',(64.658747552421,-33.68535450298,
    2.500000000001));
#2717 = CARTESIAN_POINT('',(64.917619320047,-33.59394949705,
    2.499999999999));
#2718 = CARTESIAN_POINT('',(65.154157988813,-33.48670295422,
    2.500000000001));
#2719 = CARTESIAN_POINT('',(65.392283097245,-33.36577822825,
    2.499999999999));
#2720 = CARTESIAN_POINT('',(65.618274183409,-33.22931761107,
    2.500000000001));
#2721 = CARTESIAN_POINT('',(65.835303441409,-33.07953822906,2.5));
#2722 = CARTESIAN_POINT('',(66.041016726252,-32.9164618944,2.5));
#2723 = CARTESIAN_POINT('',(66.303026934476,-32.67892950107,2.5));
#2724 = CARTESIAN_POINT('',(66.37011609319,-32.61515276375,2.5));
#2725 = CARTESIAN_POINT('',(66.435592623353,-32.54987331989,
    2.500000000001));
#2726 = CARTESIAN_POINT('',(66.499403084067,-32.48313388335,
    2.499999999998));
#2727 = CARTESIAN_POINT('',(66.561495916643,-32.41497914851,
    2.500000000002));
#2728 = CARTESIAN_POINT('',(66.621821443016,-32.34545578974,
    2.499999999998));
#2729 = CARTESIAN_POINT('',(66.68033186794,-32.27461246209,
    2.500000000002));
#2730 = CARTESIAN_POINT('',(66.736981276553,-32.2024998006,
    2.499999999999));
#2731 = CARTESIAN_POINT('',(66.791725636556,-32.12917042084,2.5));
#2732 = CARTESIAN_POINT('',(66.844522796644,-32.05467891858,2.5));
#2733 = CARTESIAN_POINT('',(66.981740310873,-31.85052024445,2.5));
#2734 = CARTESIAN_POINT('',(67.062404910105,-31.71875083305,2.5));
#2735 = CARTESIAN_POINT('',(67.137127724708,-31.58406737047,2.5));
#2736 = CARTESIAN_POINT('',(67.205726931958,-31.44676755447,2.5));
#2737 = CARTESIAN_POINT('',(67.268043080181,-31.3071634401,2.5));
#2738 = CARTESIAN_POINT('',(67.323943852968,-31.16558401077,2.5));
#2739 = CARTESIAN_POINT('',(67.373327965004,-31.02236992611,2.5));
#2740 = CARTESIAN_POINT('',(67.41612818869,-30.87786044678,2.5));
#2741 = CARTESIAN_POINT('',(67.452313512327,-30.73237253601,2.5));
#2742 = CARTESIAN_POINT('',(67.481890429164,-30.58617213806,2.5));
#2743 = CARTESIAN_POINT('',(67.509214176282,-30.41195109323,2.5));
#2744 = CARTESIAN_POINT('',(67.513294372589,-30.38444566052,
    2.499999999999));
#2745 = CARTESIAN_POINT('',(67.517144865315,-30.35692332604,
    2.500000000001));
#2746 = CARTESIAN_POINT('',(67.520766403164,-30.32938176497,
    2.499999999998));
#2747 = CARTESIAN_POINT('',(67.524159334846,-30.30181891988,
    2.500000000003));
#2748 = CARTESIAN_POINT('',(67.527323376311,-30.27423758256,
    2.499999999997));
#2749 = CARTESIAN_POINT('',(67.530257381641,-30.24664997745,
    2.500000000002));
#2750 = CARTESIAN_POINT('',(67.532959109602,-30.21908234322,
    2.499999999999));
#2751 = CARTESIAN_POINT('',(67.535424994458,-30.19157951612,2.5));
#2752 = CARTESIAN_POINT('',(67.537649913301,-30.16420951195,2.5));
#2753 = CARTESIAN_POINT('',(67.540615476961,-30.12349740734,2.5));
#2754 = CARTESIAN_POINT('',(67.541542369508,-30.10998364943,2.5));
#2755 = CARTESIAN_POINT('',(67.542406977034,-30.09653222809,
    2.500000000001));
#2756 = CARTESIAN_POINT('',(67.543208858635,-30.0831520201,
    2.499999999999));
#2757 = CARTESIAN_POINT('',(67.543947829158,-30.06985188867,
    2.500000000001));
#2758 = CARTESIAN_POINT('',(67.544623997021,-30.05663718526,
    2.499999999999));
#2759 = CARTESIAN_POINT('',(67.54523780579,-30.04350625258,
    2.500000000001));
#2760 = CARTESIAN_POINT('',(67.54579007115,-30.0304469261,2.5));
#2761 = CARTESIAN_POINT('',(67.546282022501,-30.01743303712,2.5));
#2762 = CARTESIAN_POINT('',(67.546715340749,-30.00442091449,2.5));
#2763 = CARTESIAN_POINT('',(67.547369871923,-29.98171205496,2.5));
#2764 = CARTESIAN_POINT('',(67.547616641096,-29.97204354061,2.5));
#2765 = CARTESIAN_POINT('',(67.547833669244,-29.96231141315,
    2.500000000001));
#2766 = CARTESIAN_POINT('',(67.548021834892,-29.95248036385,
    2.499999999998));
#2767 = CARTESIAN_POINT('',(67.548181854726,-29.94250625097,
    2.500000000002));
#2768 = CARTESIAN_POINT('',(67.548314405316,-29.93233364367,
    2.499999999998));
#2769 = CARTESIAN_POINT('',(67.54842024641,-29.92189336703,
    2.500000000002));
#2770 = CARTESIAN_POINT('',(67.548500342223,-29.91110004571,
    2.499999999999));
#2771 = CARTESIAN_POINT('',(67.548555984808,-29.899849649,2.5));
#2772 = CARTESIAN_POINT('',(67.548588915657,-29.88801703468,2.5));
#2773 = CARTESIAN_POINT('',(67.548605925272,-29.87096580995,2.5));
#2774 = CARTESIAN_POINT('',(67.548608121427,-29.86644119147,2.5));
#2775 = CARTESIAN_POINT('',(67.548607200514,-29.8616397392,
    2.500000000001));
#2776 = CARTESIAN_POINT('',(67.548604495677,-29.85628854828,
    2.499999999999));
#2777 = CARTESIAN_POINT('',(67.548601727114,-29.85042411312,
    2.500000000002));
#2778 = CARTESIAN_POINT('',(67.548600025331,-29.84436206859,
    2.499999999998));
#2779 = CARTESIAN_POINT('',(67.548599606266,-29.83846596979,
    2.500000000001));
#2780 = CARTESIAN_POINT('',(67.548599930727,-29.83288680702,
    2.499999999999));
#2781 = CARTESIAN_POINT('',(67.548600197155,-29.82744495965,2.5));
#2782 = CARTESIAN_POINT('',(67.548599999997,-29.8218262852,2.5));
#2783 = CARTESIAN_POINT('',(67.5486,-29.81626404647,2.5));
#2784 = CARTESIAN_POINT('',(63.862527310273,-35.88268238842,
    0.500000399039));
#2785 = CARTESIAN_POINT('',(64.232547984324,-35.88097121773,
    0.500024844183));
#2786 = CARTESIAN_POINT('',(64.607103936544,-35.85720016782,
    0.500870561987));
#2787 = CARTESIAN_POINT('',(64.984822160073,-35.81038036555,
    0.502662057889));
#2788 = CARTESIAN_POINT('',(65.361832851657,-35.73987603331,
    0.505343843533));
#2789 = CARTESIAN_POINT('',(65.740468694201,-35.64487277019,
    0.508872368963));
#2790 = CARTESIAN_POINT('',(66.1136207531,-35.52484500965,0.513370592281
    ));
#2791 = CARTESIAN_POINT('',(66.483950180885,-35.3793156257,
    0.518605887034));
#2792 = CARTESIAN_POINT('',(66.845912386469,-35.20797726502,
    0.524661901567));
#2793 = CARTESIAN_POINT('',(67.198741700033,-35.0107838933,
    0.531364324982));
#2794 = CARTESIAN_POINT('',(67.539303111339,-34.78789969675,
    0.538626976908));
#2795 = CARTESIAN_POINT('',(67.980693785072,-34.45182090724,
    0.54902293324));
#2796 = CARTESIAN_POINT('',(68.09447163453,-34.36060038981,
    0.551798508954));
#2797 = CARTESIAN_POINT('',(68.206260082177,-34.26623481827,
    0.554619406296));
#2798 = CARTESIAN_POINT('',(68.315935679111,-34.16875415305,
    0.557478781794));
#2799 = CARTESIAN_POINT('',(68.423374776219,-34.06819522625,
    0.560369470346));
#2800 = CARTESIAN_POINT('',(68.528453522368,-33.96460174086,
    0.563283985211));
#2801 = CARTESIAN_POINT('',(68.631047866928,-33.85802427184,
    0.566214518024));
#2802 = CARTESIAN_POINT('',(68.731033556959,-33.74852026493,
    0.569152938776));
#2803 = CARTESIAN_POINT('',(68.828286139741,-33.63615403774,
    0.572090795836));
#2804 = CARTESIAN_POINT('',(68.922680960945,-33.52099677891,
    0.575019315932));
#2805 = CARTESIAN_POINT('',(69.169550314337,-33.20267443214,
    0.582878349661));
#2806 = CARTESIAN_POINT('',(69.316390682763,-32.99437958747,
    0.587774248193));
#2807 = CARTESIAN_POINT('',(69.454012480241,-32.77862584878,
    0.592573985773));
#2808 = CARTESIAN_POINT('',(69.581821323845,-32.55588823396,
    0.597231452301));
#2809 = CARTESIAN_POINT('',(69.699247242368,-32.32671974643,
    0.601699848235));
#2810 = CARTESIAN_POINT('',(69.805760435625,-32.091742108,0.605933377119
    ));
#2811 = CARTESIAN_POINT('',(69.900885788154,-31.85164042304,
    0.609888323947));
#2812 = CARTESIAN_POINT('',(69.984216139088,-31.60716177375,
    0.613523519377));
#2813 = CARTESIAN_POINT('',(70.055424305846,-31.35911774683,
    0.616800189787));
#2814 = CARTESIAN_POINT('',(70.114273864023,-31.1083908911,
    0.619681193177));
#2815 = CARTESIAN_POINT('',(70.169311939594,-30.8086565617,
    0.622588288032));
#2816 = CARTESIAN_POINT('',(70.177557209704,-30.76130748156,
    0.623031617585));
#2817 = CARTESIAN_POINT('',(70.185363036398,-30.71390383174,
    0.62345961637));
#2818 = CARTESIAN_POINT('',(70.192728584907,-30.66645302583,
    0.62387200857));
#2819 = CARTESIAN_POINT('',(70.199653540505,-30.61896236931,
    0.624268391553));
#2820 = CARTESIAN_POINT('',(70.206138005772,-30.57143750272,
    0.624648371641));
#2821 = CARTESIAN_POINT('',(70.212182400606,-30.52388084584,
    0.625011699935));
#2822 = CARTESIAN_POINT('',(70.217787359203,-30.4762900407,
    0.625358408069));
#2823 = CARTESIAN_POINT('',(70.222953629748,-30.42865639574,
    0.625688944026));
#2824 = CARTESIAN_POINT('',(70.227681972137,-30.38096332906,
    0.626004307915));
#2825 = CARTESIAN_POINT('',(70.234118599209,-30.30929555378,
    0.626457127692));
#2826 = CARTESIAN_POINT('',(70.236154615048,-30.2853850031,
    0.626604754599));
#2827 = CARTESIAN_POINT('',(70.238081166796,-30.26145219589,
    0.626749206413));
#2828 = CARTESIAN_POINT('',(70.239898087477,-30.23749496433,
    0.626890747267));
#2829 = CARTESIAN_POINT('',(70.241605020602,-30.21351115191,
    0.627029715027));
#2830 = CARTESIAN_POINT('',(70.243201459344,-30.1894998272,0.6271664688)
  );
#2831 = CARTESIAN_POINT('',(70.244686786777,-30.16546249903,
    0.627301336464));
#2832 = CARTESIAN_POINT('',(70.246060314876,-30.14140433013,
    0.627434562173));
#2833 = CARTESIAN_POINT('',(70.247321324668,-30.1173353522,
    0.627566253882));
#2834 = CARTESIAN_POINT('',(70.248469105516,-30.09327167986,
    0.627696330863));
#2835 = CARTESIAN_POINT('',(70.250264776712,-30.05152749093,
    0.62791888653));
#2836 = CARTESIAN_POINT('',(70.250964745153,-30.03383404913,
    0.628012216334));
#2837 = CARTESIAN_POINT('',(70.251602791509,-30.01616680669,
    0.628104298409));
#2838 = CARTESIAN_POINT('',(70.252178816466,-29.99853841571,
    0.62819485561));
#2839 = CARTESIAN_POINT('',(70.252692837949,-29.98096462013,
    0.628283460379));
#2840 = CARTESIAN_POINT('',(70.253145097408,-29.96346510147,
    0.62836949923));
#2841 = CARTESIAN_POINT('',(70.253536168463,-29.94606432587,
    0.628452137261));
#2842 = CARTESIAN_POINT('',(70.253867062596,-29.92879238939,
    0.628530282638));
#2843 = CARTESIAN_POINT('',(70.254139337852,-29.91168586519,
    0.628602551102));
#2844 = CARTESIAN_POINT('',(70.254355205028,-29.89478864905,
    0.628667230459));
#2845 = CARTESIAN_POINT('',(70.2545756556,-29.87221050025,0.628741896253
    ));
#2846 = CARTESIAN_POINT('',(70.254627185432,-29.86628162849,
    0.628760361633));
#2847 = CARTESIAN_POINT('',(70.254670902582,-29.86045097347,
    0.628777386936));
#2848 = CARTESIAN_POINT('',(70.254707338273,-29.85481464508,
    0.628792325271));
#2849 = CARTESIAN_POINT('',(70.254737689339,-29.84935949626,
    0.628804801322));
#2850 = CARTESIAN_POINT('',(70.254763016424,-29.84397394644,
    0.628814856034));
#2851 = CARTESIAN_POINT('',(70.254783812366,-29.83852963788,
    0.628822772767));
#2852 = CARTESIAN_POINT('',(70.254799915682,-29.83297334819,
    0.628828785797));
#2853 = CARTESIAN_POINT('',(70.254810755112,-29.8273685849,
    0.628832872131));
#2854 = CARTESIAN_POINT('',(70.254815899859,-29.82182628521,
    0.628834827499));
#2855 = CARTESIAN_POINT('',(70.254815899862,-29.81626404647,
    0.628834827499));
#2856 = ADVANCED_FACE('',(#2857),#2884,.T.);
#2857 = FACE_BOUND('',#2858,.T.);
#2858 = EDGE_LOOP('',(#2859,#2865,#2882,#2883));
#2859 = ORIENTED_EDGE('',*,*,#2860,.T.);
#2860 = EDGE_CURVE('',#1686,#1763,#2861,.T.);
#2861 = LINE('',#2862,#2863);
#2862 = CARTESIAN_POINT('',(-63.56452763513,34.278620327031,
    1.501073718915));
#2863 = VECTOR('',#2864,1.);
#2864 = DIRECTION('',(-6.324789188889E-03,0.72327311885,-0.690533122009)
  );
#2865 = ORIENTED_EDGE('',*,*,#2866,.T.);
#2866 = EDGE_CURVE('',#1763,#2606,#2867,.T.);
#2867 = B_SPLINE_CURVE_WITH_KNOTS('',7,(#2868,#2869,#2870,#2871,#2872,
    #2873,#2874,#2875,#2876,#2877,#2878,#2879,#2880,#2881),
  .UNSPECIFIED.,.F.,.F.,(8,6,8),(332.75656196141,332.78101562516,
    342.07075851845),.UNSPECIFIED.);
#2868 = CARTESIAN_POINT('',(-63.57367708494,35.324908338125,
    0.502147437829));
#2869 = CARTESIAN_POINT('',(-63.57716795597,35.324877811589,
    0.502147437829));
#2870 = CARTESIAN_POINT('',(-63.58066148071,35.324844875663,
    0.502147333161));
#2871 = CARTESIAN_POINT('',(-63.58414390429,35.324809748245,
    0.502147098065));
#2872 = CARTESIAN_POINT('',(-63.58764400625,35.324771986592,
    0.50214678204));
#2873 = CARTESIAN_POINT('',(-63.59113838413,35.324731917139,
    0.502146355813));
#2874 = CARTESIAN_POINT('',(-63.59459247036,35.324690072625,
    0.502145755992));
#2875 = CARTESIAN_POINT('',(-64.94478174648,35.307383809971,
    0.501906716904));
#2876 = CARTESIAN_POINT('',(-66.29231685718,34.937033930087,
    0.501407233437));
#2877 = CARTESIAN_POINT('',(-67.52567573522,34.21045344762,
    0.500400878743));
#2878 = CARTESIAN_POINT('',(-68.5138912976,33.174800066073,
    0.499437308451));
#2879 = CARTESIAN_POINT('',(-69.18552391009,31.954399668587,
    0.499999040743));
#2880 = CARTESIAN_POINT('',(-69.5249503107,30.637414735835,
    0.500139831839));
#2881 = CARTESIAN_POINT('',(-69.5249503107,29.315454404824,
    0.500139831839));
#2882 = ORIENTED_EDGE('',*,*,#2605,.F.);
#2883 = ORIENTED_EDGE('',*,*,#1693,.F.);
#2884 = B_SPLINE_SURFACE_WITH_KNOTS('',1,7,(
    (#2885,#2886,#2887,#2888,#2889,#2890,#2891,#2892,#2893,#2894,#2895
      ,#2896,#2897,#2898)
    ,(#2899,#2900,#2901,#2902,#2903,#2904,#2905,#2906,#2907,#2908,#2909
      ,#2910,#2911,#2912
    )),.UNSPECIFIED.,.F.,.F.,.F.,(2,2),(8,6,8),(0.,9.314196557033),(
    332.75656196141,332.78101562516,342.07075851845),.UNSPECIFIED.);
#2885 = CARTESIAN_POINT('',(-63.55537818532,33.232332315937,2.5));
#2886 = CARTESIAN_POINT('',(-63.55886927195,33.232301787515,2.5));
#2887 = CARTESIAN_POINT('',(-63.5623036354,33.232271730594,2.5));
#2888 = CARTESIAN_POINT('',(-63.56597857072,33.232239710747,2.5));
#2889 = CARTESIAN_POINT('',(-63.56927211873,33.232210721009,2.5));
#2890 = CARTESIAN_POINT('',(-63.57268984403,33.232180809662,2.5));
#2891 = CARTESIAN_POINT('',(-63.57697879034,33.232144089013,2.5));
#2892 = CARTESIAN_POINT('',(-64.46438897061,33.22415910425,2.5));
#2893 = CARTESIAN_POINT('',(-65.35711559077,32.98828877958,2.5));
#2894 = CARTESIAN_POINT('',(-66.18240465291,32.521019268169,2.5));
#2895 = CARTESIAN_POINT('',(-66.85449551172,31.85037359156,2.5));
#2896 = CARTESIAN_POINT('',(-67.31589053508,31.049132955878,2.5));
#2897 = CARTESIAN_POINT('',(-67.5486,30.183495708871,2.5));
#2898 = CARTESIAN_POINT('',(-67.5486,29.315454404824,2.5));
#2899 = CARTESIAN_POINT('',(-63.57367708494,35.324908338125,
    0.502147437829));
#2900 = CARTESIAN_POINT('',(-63.57716795597,35.324877811589,
    0.502147437829));
#2901 = CARTESIAN_POINT('',(-63.58066148071,35.324844875663,
    0.502147333161));
#2902 = CARTESIAN_POINT('',(-63.58414390429,35.324809748245,
    0.502147098065));
#2903 = CARTESIAN_POINT('',(-63.58764400625,35.324771986592,
    0.50214678204));
#2904 = CARTESIAN_POINT('',(-63.59113838413,35.324731917139,
    0.502146355813));
#2905 = CARTESIAN_POINT('',(-63.59459247036,35.324690072625,
    0.502145755992));
#2906 = CARTESIAN_POINT('',(-64.94478174648,35.307383809971,
    0.501906716904));
#2907 = CARTESIAN_POINT('',(-66.29231685718,34.937033930087,
    0.501407233437));
#2908 = CARTESIAN_POINT('',(-67.52567573522,34.21045344762,
    0.500400878743));
#2909 = CARTESIAN_POINT('',(-68.5138912976,33.174800066073,
    0.499437308451));
#2910 = CARTESIAN_POINT('',(-69.18552391009,31.954399668587,
    0.499999040743));
#2911 = CARTESIAN_POINT('',(-69.5249503107,30.637414735835,
    0.500139831839));
#2912 = CARTESIAN_POINT('',(-69.5249503107,29.315454404824,
    0.500139831839));
#2913 = ADVANCED_FACE('',(#2914),#2932,.T.);
#2914 = FACE_BOUND('',#2915,.F.);
#2915 = EDGE_LOOP('',(#2916,#2917,#2918,#2926));
#2916 = ORIENTED_EDGE('',*,*,#2706,.F.);
#2917 = ORIENTED_EDGE('',*,*,#1565,.T.);
#2918 = ORIENTED_EDGE('',*,*,#2919,.T.);
#2919 = EDGE_CURVE('',#1566,#2920,#2922,.T.);
#2920 = VERTEX_POINT('',#2921);
#2921 = CARTESIAN_POINT('',(70.254815899862,29.816264046384,
    0.628834827499));
#2922 = LINE('',#2923,#2924);
#2923 = CARTESIAN_POINT('',(68.901707949931,29.816264046384,
    1.564417413749));
#2924 = VECTOR('',#2925,1.);
#2925 = DIRECTION('',(0.822529011625,-1.3E-16,-0.568723153243));
#2926 = ORIENTED_EDGE('',*,*,#2927,.F.);
#2927 = EDGE_CURVE('',#2630,#2920,#2928,.T.);
#2928 = LINE('',#2929,#2930);
#2929 = CARTESIAN_POINT('',(70.254815899862,-29.87744867253,
    0.628834827499));
#2930 = VECTOR('',#2931,1.);
#2931 = DIRECTION('',(0.,1.,-2.2E-16));
#2932 = PLANE('',#2933);
#2933 = AXIS2_PLACEMENT_3D('',#2934,#2935,#2936);
#2934 = CARTESIAN_POINT('',(68.901707949931,-29.87744867253,
    1.564417413749));
#2935 = DIRECTION('',(0.568723153243,1.7E-16,0.822529011625));
#2936 = DIRECTION('',(-8.318775254686E-18,-1.,2.124315101648E-16));
#2937 = ADVANCED_FACE('',(#2938),#2948,.F.);
#2938 = FACE_BOUND('',#2939,.F.);
#2939 = EDGE_LOOP('',(#2940,#2945,#2946,#2947));
#2940 = ORIENTED_EDGE('',*,*,#2941,.F.);
#2941 = EDGE_CURVE('',#1651,#1796,#2942,.T.);
#2942 = B_SPLINE_CURVE_WITH_KNOTS('',1,(#2943,#2944),.UNSPECIFIED.,.F.,
  .F.,(2,2),(0.,83.555708260705),.PIECEWISE_BEZIER_KNOTS.);
#2943 = CARTESIAN_POINT('',(-19.34737389486,33.618916996484,2.5));
#2944 = CARTESIAN_POINT('',(-19.36567279448,35.711493018672,
    0.502147437829));
#2945 = ORIENTED_EDGE('',*,*,#1685,.T.);
#2946 = ORIENTED_EDGE('',*,*,#2860,.T.);
#2947 = ORIENTED_EDGE('',*,*,#1803,.F.);
#2948 = PLANE('',#2949);
#2949 = AXIS2_PLACEMENT_3D('',#2950,#2951,#2952);
#2950 = CARTESIAN_POINT('',(-8.761221057286,34.757857494742,
    1.501073718915));
#2951 = DIRECTION('',(6.038257653084E-03,-0.69050672121,-0.723300772437)
  );
#2952 = DIRECTION('',(-0.999961767512,-8.744341814506E-03,
    1.405126015541E-16));
#2953 = ADVANCED_FACE('',(#2954),#3038,.T.);
#2954 = FACE_BOUND('',#2955,.T.);
#2955 = EDGE_LOOP('',(#2956,#2957,#3032,#3037));
#2956 = ORIENTED_EDGE('',*,*,#2919,.T.);
#2957 = ORIENTED_EDGE('',*,*,#2958,.T.);
#2958 = EDGE_CURVE('',#2920,#1850,#2959,.T.);
#2959 = B_SPLINE_CURVE_WITH_KNOTS('',11,(#2960,#2961,#2962,#2963,#2964,
    #2965,#2966,#2967,#2968,#2969,#2970,#2971,#2972,#2973,#2974,#2975,
    #2976,#2977,#2978,#2979,#2980,#2981,#2982,#2983,#2984,#2985,#2986,
    #2987,#2988,#2989,#2990,#2991,#2992,#2993,#2994,#2995,#2996,#2997,
    #2998,#2999,#3000,#3001,#3002,#3003,#3004,#3005,#3006,#3007,#3008,
    #3009,#3010,#3011,#3012,#3013,#3014,#3015,#3016,#3017,#3018,#3019,
    #3020,#3021,#3022,#3023,#3024,#3025,#3026,#3027,#3028,#3029,#3030,
    #3031),.UNSPECIFIED.,.F.,.F.,(12,10,10,10,10,10,10,12),(
    196.2067635765,196.26659741032,196.43424789789,196.66173221928,
    197.11670086206,199.54343167976,200.97026889612,204.99115915673),
  .UNSPECIFIED.);
#2960 = CARTESIAN_POINT('',(70.254815899862,29.816264046384,
    0.628834827499));
#2961 = CARTESIAN_POINT('',(70.254815899864,29.82182628508,
    0.628834827499));
#2962 = CARTESIAN_POINT('',(70.254810631326,29.827385745967,
    0.628832832343));
#2963 = CARTESIAN_POINT('',(70.254800010188,29.832950335249,
    0.628828826934));
#2964 = CARTESIAN_POINT('',(70.254784064437,29.83851620988,
    0.628822819154));
#2965 = CARTESIAN_POINT('',(70.25476285336,29.844078010062,
    0.628814818504));
#2966 = CARTESIAN_POINT('',(70.254736402979,29.84963563957,
    0.628804825102));
#2967 = CARTESIAN_POINT('',(70.254704660799,29.855197594679,
    0.628792829051));
#2968 = CARTESIAN_POINT('',(70.254667465779,29.860780840731,
    0.628778820171));
#2969 = CARTESIAN_POINT('',(70.254624537968,29.866407237325,
    0.628762808094));
#2970 = CARTESIAN_POINT('',(70.254575483789,29.872096511291,
    0.628744852722));
#2971 = CARTESIAN_POINT('',(70.254363853584,29.893992866671,
    0.628669773394));
#2972 = CARTESIAN_POINT('',(70.254156502231,29.910648195957,
    0.628600300515));
#2973 = CARTESIAN_POINT('',(70.253892245825,29.927701009683,
    0.628520711266));
#2974 = CARTESIAN_POINT('',(70.253567205163,29.945051431447,
    0.628434263031));
#2975 = CARTESIAN_POINT('',(70.253178893288,29.962618190608,
    0.628343517645));
#2976 = CARTESIAN_POINT('',(70.252725968855,29.980336349098,
    0.628250413324));
#2977 = CARTESIAN_POINT('',(70.25220798648,29.998155026932,
    0.628156336566));
#2978 = CARTESIAN_POINT('',(70.251625150749,30.016035129291,
    0.62806219409));
#2979 = CARTESIAN_POINT('',(70.250978066599,30.033947072052,
    0.627968484735));
#2980 = CARTESIAN_POINT('',(70.25026749265,30.051868508579,
    0.627875371393));
#2981 = CARTESIAN_POINT('',(70.248444668902,30.094088880929,
    0.627657079254));
#2982 = CARTESIAN_POINT('',(70.247279459129,30.118380079079,
    0.627532550182));
#2983 = CARTESIAN_POINT('',(70.246000997163,30.142619351394,
    0.62740883857));
#2984 = CARTESIAN_POINT('',(70.244611428923,30.166786138848,
    0.627285325193));
#2985 = CARTESIAN_POINT('',(70.243112502452,30.190872639366,
    0.627161190525));
#2986 = CARTESIAN_POINT('',(70.241505560164,30.214880825714,
    0.627035506549));
#2987 = CARTESIAN_POINT('',(70.239791528013,30.23881946245,
    0.626907328539));
#2988 = CARTESIAN_POINT('',(70.237970908288,30.262701124008,
    0.626775786875));
#2989 = CARTESIAN_POINT('',(70.23604376889,30.286539211641,
    0.626640178828));
#2990 = CARTESIAN_POINT('',(70.234009735421,30.310344971319,
    0.626500060368));
#2991 = CARTESIAN_POINT('',(70.227584473461,30.381683590289,
    0.626065893131));
#2992 = CARTESIAN_POINT('',(70.222872815411,30.429142950384,
    0.625756986114));
#2993 = CARTESIAN_POINT('',(70.21772383099,30.476590226999,
    0.625427464567));
#2994 = CARTESIAN_POINT('',(70.212131711686,30.524069740184,
    0.625077380194));
#2995 = CARTESIAN_POINT('',(70.206093436132,30.571592179169,
    0.624707646613));
#2996 = CARTESIAN_POINT('',(70.199608190206,30.619144287459,
    0.624319697235));
#2997 = CARTESIAN_POINT('',(70.192676786397,30.666698547656,
    0.623915143138));
#2998 = CARTESIAN_POINT('',(70.185301083637,30.714222866537,
    0.623495430946));
#2999 = CARTESIAN_POINT('',(70.177483407055,30.761690259946,
    0.623061500701));
#3000 = CARTESIAN_POINT('',(70.169225967524,30.809088537791,
    0.622613443742));
#3001 = CARTESIAN_POINT('',(70.114148866818,31.108941805808,
    0.619679081421));
#3002 = CARTESIAN_POINT('',(70.055226616084,31.359663111164,
    0.616787401822));
#3003 = CARTESIAN_POINT('',(69.98396956538,31.607662744931,
    0.613507570498));
#3004 = CARTESIAN_POINT('',(69.90064284036,31.852073782199,
    0.609874278624));
#3005 = CARTESIAN_POINT('',(69.805570655713,32.092093533061,
    0.605924459824));
#3006 = CARTESIAN_POINT('',(69.6991363161,32.326983542981,0.601697290181
    ));
#3007 = CARTESIAN_POINT('',(69.581782214825,32.556069592286,
    0.597234188232));
#3008 = CARTESIAN_POINT('',(69.454009835365,32.778741696738,
    0.592578814968));
#3009 = CARTESIAN_POINT('',(69.316379749937,32.994454107011,
    0.587777073836));
#3010 = CARTESIAN_POINT('',(69.169511620577,33.202725309074,
    0.582877110737));
#3011 = CARTESIAN_POINT('',(68.922698030484,33.520974051835,0.5750201737
    ));
#3012 = CARTESIAN_POINT('',(68.828334334452,33.636094813086,
    0.572092773067));
#3013 = CARTESIAN_POINT('',(68.731116681567,33.748423949433,
    0.569156102227));
#3014 = CARTESIAN_POINT('',(68.631168632387,33.857891668255,
    0.566218852673));
#3015 = CARTESIAN_POINT('',(68.528613737551,33.964434742659,
    0.56328941729));
#3016 = CARTESIAN_POINT('',(68.423575536695,34.067996511427,
    0.560375890356));
#3017 = CARTESIAN_POINT('',(68.316177559808,34.168526879024,
    0.557486067542));
#3018 = CARTESIAN_POINT('',(68.206543325861,34.265982315659,
    0.554627445911));
#3019 = CARTESIAN_POINT('',(68.094796343943,34.360325857171,
    0.55180722392));
#3020 = CARTESIAN_POINT('',(67.98106011249,34.451527105153,
    0.549032301418));
#3021 = CARTESIAN_POINT('',(67.539686601012,34.787649085951,
    0.538635684092));
#3022 = CARTESIAN_POINT('',(67.199094022698,35.010587923348,
    0.531371970813));
#3023 = CARTESIAN_POINT('',(66.846229067314,35.207826293717,
    0.524667775623));
#3024 = CARTESIAN_POINT('',(66.48427150594,35.379180887644,
    0.518612980558));
#3025 = CARTESIAN_POINT('',(66.113875789012,35.524773741888,
    0.513369562195));
#3026 = CARTESIAN_POINT('',(65.740684759609,35.644812121379,
    0.508878099378));
#3027 = CARTESIAN_POINT('',(65.362007227142,35.739847448915,
    0.505342599392));
#3028 = CARTESIAN_POINT('',(64.984946326522,35.810362249927,
    0.502663811592));
#3029 = CARTESIAN_POINT('',(64.607199604066,35.85719428352,
    0.500870704671));
#3030 = CARTESIAN_POINT('',(64.232593845833,35.88097099988,
    0.500024611047));
#3031 = CARTESIAN_POINT('',(63.862527313115,35.882682388189,
    0.500000391406));
#3032 = ORIENTED_EDGE('',*,*,#3033,.F.);
#3033 = EDGE_CURVE('',#1574,#1850,#3034,.T.);
#3034 = B_SPLINE_CURVE_WITH_KNOTS('',1,(#3035,#3036),.UNSPECIFIED.,.F.,
  .F.,(2,2),(0.,8.784395580237),.PIECEWISE_BEZIER_KNOTS.);
#3035 = CARTESIAN_POINT('',(63.643976459508,33.893400586814,2.5));
#3036 = CARTESIAN_POINT('',(63.862527313115,35.882682388189,
    0.500000391406));
#3037 = ORIENTED_EDGE('',*,*,#1573,.F.);
#3038 = B_SPLINE_SURFACE_WITH_KNOTS('',1,11,(
    (#3039,#3040,#3041,#3042,#3043,#3044,#3045,#3046,#3047,#3048,#3049
      ,#3050,#3051,#3052,#3053,#3054,#3055,#3056,#3057,#3058,#3059,#3060
      ,#3061,#3062,#3063,#3064,#3065,#3066,#3067,#3068,#3069,#3070,#3071
      ,#3072,#3073,#3074,#3075,#3076,#3077,#3078,#3079,#3080,#3081,#3082
      ,#3083,#3084,#3085,#3086,#3087,#3088,#3089,#3090,#3091,#3092,#3093
      ,#3094,#3095,#3096,#3097,#3098,#3099,#3100,#3101,#3102,#3103,#3104
      ,#3105,#3106,#3107,#3108,#3109,#3110)
    ,(#3111,#3112,#3113,#3114,#3115,#3116,#3117,#3118,#3119,#3120,#3121
      ,#3122,#3123,#3124,#3125,#3126,#3127,#3128,#3129,#3130,#3131,#3132
      ,#3133,#3134,#3135,#3136,#3137,#3138,#3139,#3140,#3141,#3142,#3143
      ,#3144,#3145,#3146,#3147,#3148,#3149,#3150,#3151,#3152,#3153,#3154
      ,#3155,#3156,#3157,#3158,#3159,#3160,#3161,#3162,#3163,#3164,#3165
      ,#3166,#3167,#3168,#3169,#3170,#3171,#3172,#3173,#3174,#3175,#3176
      ,#3177,#3178,#3179,#3180,#3181,#3182
    )),.UNSPECIFIED.,.F.,.F.,.F.,(2,2),(12,10,10,10,10,10,10,12),(0.,
    8.784395580237),(196.2067635765,196.26659741032,196.43424789789,
    196.66173221928,197.11670086206,199.54343167976,200.97026889612,
    204.99115915673),.UNSPECIFIED.);
#3039 = CARTESIAN_POINT('',(67.5486,29.816264046384,2.5));
#3040 = CARTESIAN_POINT('',(67.548600000002,29.821826285081,2.5));
#3041 = CARTESIAN_POINT('',(67.548600027822,29.827396384042,2.5));
#3042 = CARTESIAN_POINT('',(67.548600009756,29.832951970166,
    2.500000000001));
#3043 = CARTESIAN_POINT('',(67.548599969317,29.838503921388,
    2.499999999998));
#3044 = CARTESIAN_POINT('',(67.548599960094,29.844067403822,
    2.500000000002));
#3045 = CARTESIAN_POINT('',(67.548600007859,29.849642683696,
    2.499999999998));
#3046 = CARTESIAN_POINT('',(67.548600065241,29.85520571553,
    2.500000000001));
#3047 = CARTESIAN_POINT('',(67.548599974939,29.860708504769,
    2.499999999999));
#3048 = CARTESIAN_POINT('',(67.548599445476,29.866089246682,2.5));
#3049 = CARTESIAN_POINT('',(67.548598036231,29.871292240015,2.5));
#3050 = CARTESIAN_POINT('',(67.548587077861,29.890322201576,2.5));
#3051 = CARTESIAN_POINT('',(67.548566249003,29.90288380223,2.5));
#3052 = CARTESIAN_POINT('',(67.54852645162,29.914328118389,
    2.499999999999));
#3053 = CARTESIAN_POINT('',(67.548463539068,29.924940626241,
    2.500000000001));
#3054 = CARTESIAN_POINT('',(67.548374952756,29.934953150666,
    2.499999999999));
#3055 = CARTESIAN_POINT('',(67.548259243458,29.944550478214,
    2.500000000001));
#3056 = CARTESIAN_POINT('',(67.548115589148,29.953876969376,
    2.499999999999));
#3057 = CARTESIAN_POINT('',(67.547943317027,29.963043171691,2.5));
#3058 = CARTESIAN_POINT('',(67.547741421397,29.972132432046,2.5));
#3059 = CARTESIAN_POINT('',(67.547508084929,29.981207509619,2.5));
#3060 = CARTESIAN_POINT('',(67.546876702418,30.002678077569,2.5));
#3061 = CARTESIAN_POINT('',(67.546451518247,30.015105564374,2.5));
#3062 = CARTESIAN_POINT('',(67.545960279885,30.027700330211,
    2.499999999999));
#3063 = CARTESIAN_POINT('',(67.54540025531,30.040517943157,
    2.500000000002));
#3064 = CARTESIAN_POINT('',(67.544770120049,30.053577435209,
    2.499999999997));
#3065 = CARTESIAN_POINT('',(67.544069733599,30.066869880123,
    2.500000000003));
#3066 = CARTESIAN_POINT('',(67.543299912652,30.080366970346,
    2.499999999998));
#3067 = CARTESIAN_POINT('',(67.542462208329,30.094029595072,
    2.500000000001));
#3068 = CARTESIAN_POINT('',(67.541558679243,30.10781641715,2.5));
#3069 = CARTESIAN_POINT('',(67.540591668141,30.121692450958,2.5));
#3070 = CARTESIAN_POINT('',(67.537507391859,30.163528016925,2.5));
#3071 = CARTESIAN_POINT('',(67.535203916313,30.191679685803,2.5));
#3072 = CARTESIAN_POINT('',(67.532676888583,30.21982129321,2.5));
#3073 = CARTESIAN_POINT('',(67.529938726632,30.247806634567,2.5));
#3074 = CARTESIAN_POINT('',(67.526993018076,30.275586627519,2.5));
#3075 = CARTESIAN_POINT('',(67.523837012739,30.303181285407,2.5));
#3076 = CARTESIAN_POINT('',(67.520464112975,30.330651691292,2.5));
#3077 = CARTESIAN_POINT('',(67.516866366425,30.358071971183,2.5));
#3078 = CARTESIAN_POINT('',(67.513036956549,30.385501268164,2.5));
#3079 = CARTESIAN_POINT('',(67.508972694871,30.412955715724,2.5));
#3080 = CARTESIAN_POINT('',(67.481761352498,30.586659404266,2.5));
#3081 = CARTESIAN_POINT('',(67.452220355973,30.732701451076,2.5));
#3082 = CARTESIAN_POINT('',(67.416041110928,30.878141663953,
    2.499999999999));
#3083 = CARTESIAN_POINT('',(67.373239055007,31.022623857653,
    2.500000000001));
#3084 = CARTESIAN_POINT('',(67.323857474916,31.165800549723,
    2.499999999998));
#3085 = CARTESIAN_POINT('',(67.267967506695,31.307332960655,
    2.500000000002));
#3086 = CARTESIAN_POINT('',(67.205668135418,31.446891013667,
    2.499999999999));
#3087 = CARTESIAN_POINT('',(67.137086195459,31.58415333495,
    2.500000000001));
#3088 = CARTESIAN_POINT('',(67.06237637031,31.718807253444,2.5));
#3089 = CARTESIAN_POINT('',(66.981721192665,31.850548800999,2.5));
#3090 = CARTESIAN_POINT('',(66.844536503146,32.054656388136,2.5));
#3091 = CARTESIAN_POINT('',(66.791755791799,32.129124519099,2.5));
#3092 = CARTESIAN_POINT('',(66.737029326487,32.202430855742,
    2.500000000001));
#3093 = CARTESIAN_POINT('',(66.680399351875,32.274521064255,
    2.499999999999));
#3094 = CARTESIAN_POINT('',(66.621909941538,32.345342726473,
    2.500000000001));
#3095 = CARTESIAN_POINT('',(66.561606997405,32.414845339885,
    2.499999999999));
#3096 = CARTESIAN_POINT('',(66.499538250442,32.48298031756,2.5));
#3097 = CARTESIAN_POINT('',(66.435753259957,32.549700988289,2.5));
#3098 = CARTESIAN_POINT('',(66.370303414194,32.614962596413,2.5));
#3099 = CARTESIAN_POINT('',(66.303241929911,32.678722301972,2.5));
#3100 = CARTESIAN_POINT('',(66.041255081807,32.916269091059,2.5));
#3101 = CARTESIAN_POINT('',(65.835529383613,33.079379905094,2.5));
#3102 = CARTESIAN_POINT('',(65.618439753428,33.229198127347,
    2.499999999999));
#3103 = CARTESIAN_POINT('',(65.392572207757,33.365659502744,
    2.500000000002));
#3104 = CARTESIAN_POINT('',(65.154051318548,33.486704165423,
    2.499999999997));
#3105 = CARTESIAN_POINT('',(64.918125508229,33.593792743362,
    2.500000000003));
#3106 = CARTESIAN_POINT('',(64.658572076064,33.685405725386,
    2.499999999998));
#3107 = CARTESIAN_POINT('',(64.418959797765,33.759936878411,
    2.500000000001));
#3108 = CARTESIAN_POINT('',(64.150737079656,33.821884831956,
    2.499999999999));
#3109 = CARTESIAN_POINT('',(63.898058689961,33.865486045841,2.5));
#3110 = CARTESIAN_POINT('',(63.643976459508,33.893400586814,2.5));
#3111 = CARTESIAN_POINT('',(70.254815899862,29.816264046384,
    0.628834827499));
#3112 = CARTESIAN_POINT('',(70.254815899864,29.82182628508,
    0.628834827499));
#3113 = CARTESIAN_POINT('',(70.254810631326,29.827385745967,
    0.628832832343));
#3114 = CARTESIAN_POINT('',(70.254800010188,29.832950335249,
    0.628828826934));
#3115 = CARTESIAN_POINT('',(70.254784064437,29.83851620988,
    0.628822819154));
#3116 = CARTESIAN_POINT('',(70.25476285336,29.844078010062,
    0.628814818504));
#3117 = CARTESIAN_POINT('',(70.254736402979,29.84963563957,
    0.628804825102));
#3118 = CARTESIAN_POINT('',(70.254704660799,29.855197594679,
    0.628792829051));
#3119 = CARTESIAN_POINT('',(70.254667465779,29.860780840731,
    0.628778820171));
#3120 = CARTESIAN_POINT('',(70.254624537968,29.866407237325,
    0.628762808094));
#3121 = CARTESIAN_POINT('',(70.254575483789,29.872096511291,
    0.628744852722));
#3122 = CARTESIAN_POINT('',(70.254363853584,29.893992866671,
    0.628669773394));
#3123 = CARTESIAN_POINT('',(70.254156502231,29.910648195957,
    0.628600300515));
#3124 = CARTESIAN_POINT('',(70.253892245825,29.927701009683,
    0.628520711266));
#3125 = CARTESIAN_POINT('',(70.253567205163,29.945051431447,
    0.628434263031));
#3126 = CARTESIAN_POINT('',(70.253178893288,29.962618190608,
    0.628343517645));
#3127 = CARTESIAN_POINT('',(70.252725968855,29.980336349098,
    0.628250413324));
#3128 = CARTESIAN_POINT('',(70.25220798648,29.998155026932,
    0.628156336566));
#3129 = CARTESIAN_POINT('',(70.251625150749,30.016035129291,
    0.62806219409));
#3130 = CARTESIAN_POINT('',(70.250978066599,30.033947072052,
    0.627968484735));
#3131 = CARTESIAN_POINT('',(70.25026749265,30.051868508579,
    0.627875371393));
#3132 = CARTESIAN_POINT('',(70.248444668902,30.094088880929,
    0.627657079254));
#3133 = CARTESIAN_POINT('',(70.247279459129,30.118380079079,
    0.627532550182));
#3134 = CARTESIAN_POINT('',(70.246000997163,30.142619351394,
    0.62740883857));
#3135 = CARTESIAN_POINT('',(70.244611428923,30.166786138848,
    0.627285325193));
#3136 = CARTESIAN_POINT('',(70.243112502452,30.190872639366,
    0.627161190525));
#3137 = CARTESIAN_POINT('',(70.241505560164,30.214880825714,
    0.627035506549));
#3138 = CARTESIAN_POINT('',(70.239791528013,30.23881946245,
    0.626907328539));
#3139 = CARTESIAN_POINT('',(70.237970908288,30.262701124008,
    0.626775786875));
#3140 = CARTESIAN_POINT('',(70.23604376889,30.286539211641,
    0.626640178828));
#3141 = CARTESIAN_POINT('',(70.234009735421,30.310344971319,
    0.626500060368));
#3142 = CARTESIAN_POINT('',(70.227584473461,30.381683590289,
    0.626065893131));
#3143 = CARTESIAN_POINT('',(70.222872815411,30.429142950384,
    0.625756986114));
#3144 = CARTESIAN_POINT('',(70.21772383099,30.476590226999,
    0.625427464567));
#3145 = CARTESIAN_POINT('',(70.212131711686,30.524069740184,
    0.625077380194));
#3146 = CARTESIAN_POINT('',(70.206093436132,30.571592179169,
    0.624707646613));
#3147 = CARTESIAN_POINT('',(70.199608190206,30.619144287459,
    0.624319697235));
#3148 = CARTESIAN_POINT('',(70.192676786397,30.666698547656,
    0.623915143138));
#3149 = CARTESIAN_POINT('',(70.185301083637,30.714222866537,
    0.623495430946));
#3150 = CARTESIAN_POINT('',(70.177483407055,30.761690259946,
    0.623061500701));
#3151 = CARTESIAN_POINT('',(70.169225967524,30.809088537791,
    0.622613443742));
#3152 = CARTESIAN_POINT('',(70.114148866818,31.108941805808,
    0.619679081421));
#3153 = CARTESIAN_POINT('',(70.055226616084,31.359663111164,
    0.616787401822));
#3154 = CARTESIAN_POINT('',(69.98396956538,31.607662744931,
    0.613507570498));
#3155 = CARTESIAN_POINT('',(69.90064284036,31.852073782199,
    0.609874278624));
#3156 = CARTESIAN_POINT('',(69.805570655713,32.092093533061,
    0.605924459824));
#3157 = CARTESIAN_POINT('',(69.6991363161,32.326983542981,0.601697290181
    ));
#3158 = CARTESIAN_POINT('',(69.581782214825,32.556069592286,
    0.597234188232));
#3159 = CARTESIAN_POINT('',(69.454009835365,32.778741696738,
    0.592578814968));
#3160 = CARTESIAN_POINT('',(69.316379749937,32.994454107011,
    0.587777073836));
#3161 = CARTESIAN_POINT('',(69.169511620577,33.202725309074,
    0.582877110737));
#3162 = CARTESIAN_POINT('',(68.922698030484,33.520974051835,0.5750201737
    ));
#3163 = CARTESIAN_POINT('',(68.828334334452,33.636094813086,
    0.572092773067));
#3164 = CARTESIAN_POINT('',(68.731116681567,33.748423949433,
    0.569156102227));
#3165 = CARTESIAN_POINT('',(68.631168632387,33.857891668255,
    0.566218852673));
#3166 = CARTESIAN_POINT('',(68.528613737551,33.964434742659,
    0.56328941729));
#3167 = CARTESIAN_POINT('',(68.423575536695,34.067996511427,
    0.560375890356));
#3168 = CARTESIAN_POINT('',(68.316177559808,34.168526879024,
    0.557486067542));
#3169 = CARTESIAN_POINT('',(68.206543325861,34.265982315659,
    0.554627445911));
#3170 = CARTESIAN_POINT('',(68.094796343943,34.360325857171,
    0.55180722392));
#3171 = CARTESIAN_POINT('',(67.98106011249,34.451527105153,
    0.549032301418));
#3172 = CARTESIAN_POINT('',(67.539686601012,34.787649085951,
    0.538635684092));
#3173 = CARTESIAN_POINT('',(67.199094022698,35.010587923348,
    0.531371970813));
#3174 = CARTESIAN_POINT('',(66.846229067314,35.207826293717,
    0.524667775623));
#3175 = CARTESIAN_POINT('',(66.48427150594,35.379180887644,
    0.518612980558));
#3176 = CARTESIAN_POINT('',(66.113875789012,35.524773741888,
    0.513369562195));
#3177 = CARTESIAN_POINT('',(65.740684759609,35.644812121379,
    0.508878099378));
#3178 = CARTESIAN_POINT('',(65.362007227142,35.739847448915,
    0.505342599392));
#3179 = CARTESIAN_POINT('',(64.984946326522,35.810362249927,
    0.502663811592));
#3180 = CARTESIAN_POINT('',(64.607199604066,35.85719428352,
    0.500870704671));
#3181 = CARTESIAN_POINT('',(64.232593845833,35.88097099988,
    0.500024611047));
#3182 = CARTESIAN_POINT('',(63.862527313115,35.882682388189,
    0.500000391406));
#3183 = ADVANCED_FACE('',(#3184),#3190,.T.);
#3184 = FACE_BOUND('',#3185,.T.);
#3185 = EDGE_LOOP('',(#3186,#3187,#3188,#3189));
#3186 = ORIENTED_EDGE('',*,*,#3033,.T.);
#3187 = ORIENTED_EDGE('',*,*,#1953,.T.);
#3188 = ORIENTED_EDGE('',*,*,#2941,.F.);
#3189 = ORIENTED_EDGE('',*,*,#1650,.F.);
#3190 = B_SPLINE_SURFACE_WITH_KNOTS('',1,8,(
    (#3191,#3192,#3193,#3194,#3195,#3196,#3197,#3198,#3199,#3200,#3201
      ,#3202,#3203,#3204,#3205,#3206,#3207,#3208,#3209,#3210,#3211,#3212
      ,#3213,#3214,#3215,#3216,#3217,#3218,#3219,#3220)
    ,(#3221,#3222,#3223,#3224,#3225,#3226,#3227,#3228,#3229,#3230,#3231
      ,#3232,#3233,#3234,#3235,#3236,#3237,#3238,#3239,#3240,#3241,#3242
      ,#3243,#3244,#3245,#3246,#3247,#3248,#3249,#3250
  )),.UNSPECIFIED.,.F.,.F.,.F.,(2,2),(9,7,7,7,9),(0.,83.555708260705),(
    204.99115916346,205.73500925743,247.1409383408,277.90175776874,
    288.54686742416),.UNSPECIFIED.);
#3191 = CARTESIAN_POINT('',(63.643976454834,33.893400587328,2.5));
#3192 = CARTESIAN_POINT('',(63.579345556376,33.900501209212,2.5));
#3193 = CARTESIAN_POINT('',(63.514628289067,33.90655555424,2.5));
#3194 = CARTESIAN_POINT('',(63.449539125505,33.911547702705,2.5));
#3195 = CARTESIAN_POINT('',(63.383486068146,33.915618855906,2.5));
#3196 = CARTESIAN_POINT('',(63.315395318362,33.918864482878,2.5));
#3197 = CARTESIAN_POINT('',(63.243351412931,33.921336210804,2.5));
#3198 = CARTESIAN_POINT('',(63.16405282798,33.923248459234,2.5));
#3199 = CARTESIAN_POINT('',(57.952645517614,34.044587153474,2.5));
#3200 = CARTESIAN_POINT('',(52.807616576126,34.022305550213,2.5));
#3201 = CARTESIAN_POINT('',(47.652163982803,33.993662908454,2.5));
#3202 = CARTESIAN_POINT('',(42.495109372174,33.973822264126,2.5));
#3203 = CARTESIAN_POINT('',(37.337785824819,33.957923581707,2.5));
#3204 = CARTESIAN_POINT('',(32.18135952718,33.942948147928,2.5));
#3205 = CARTESIAN_POINT('',(27.025640998537,33.925795183162,2.5));
#3206 = CARTESIAN_POINT('',(18.041162484659,33.88975492901,2.5));
#3207 = CARTESIAN_POINT('',(14.212018549225,33.872449470825,2.5));
#3208 = CARTESIAN_POINT('',(10.383356633285,33.85253025659,2.5));
#3209 = CARTESIAN_POINT('',(6.555184388379,33.82984998592,2.5));
#3210 = CARTESIAN_POINT('',(2.727577484707,33.804304550008,2.5));
#3211 = CARTESIAN_POINT('',(-1.099381355583,33.775765250606,2.5));
#3212 = CARTESIAN_POINT('',(-4.925808658345,33.744423073901,2.5));
#3213 = CARTESIAN_POINT('',(-10.07659483024,33.70016721769,2.5));
#3214 = CARTESIAN_POINT('',(-11.40080301448,33.688602631406,2.5));
#3215 = CARTESIAN_POINT('',(-12.72518283528,33.676907292871,2.5));
#3216 = CARTESIAN_POINT('',(-14.04966545476,33.66522900906,2.5));
#3217 = CARTESIAN_POINT('',(-15.37413863959,33.653640476018,2.5));
#3218 = CARTESIAN_POINT('',(-16.69855850507,33.642094104614,2.5));
#3219 = CARTESIAN_POINT('',(-18.02296110893,33.630498557379,2.5));
#3220 = CARTESIAN_POINT('',(-19.34737389486,33.618916996484,2.5));
#3221 = CARTESIAN_POINT('',(63.862527306344,35.88268238856,
    0.500000391406));
#3222 = CARTESIAN_POINT('',(63.768393480285,35.88311771457,
    0.499994230657));
#3223 = CARTESIAN_POINT('',(63.674725086657,35.883550645339,
    0.500044469997));
#3224 = CARTESIAN_POINT('',(63.581465683894,35.883980690574,
    0.50012004618));
#3225 = CARTESIAN_POINT('',(63.488532147349,35.884407681199,
    0.500197602853));
#3226 = CARTESIAN_POINT('',(63.395825500503,35.884831734652,
    0.500262403345));
#3227 = CARTESIAN_POINT('',(63.303229883282,35.885253266969,
    0.500309042497));
#3228 = CARTESIAN_POINT('',(63.210599657662,35.885673051752,
    0.500341957541));
#3229 = CARTESIAN_POINT('',(57.948464744247,35.909430949293,
    0.502256105581));
#3230 = CARTESIAN_POINT('',(52.801032962458,35.92777961623,
    0.505976841999));
#3231 = CARTESIAN_POINT('',(47.640279608042,35.941032351039,
    0.494876109583));
#3232 = CARTESIAN_POINT('',(42.490270438572,35.949857219732,
    0.503737367857));
#3233 = CARTESIAN_POINT('',(37.330896414245,35.953427936104,
    0.498116248738));
#3234 = CARTESIAN_POINT('',(32.175495838552,35.952331647079,
    0.500370649831));
#3235 = CARTESIAN_POINT('',(27.018758481082,35.946284225332,
    0.500081205475));
#3236 = CARTESIAN_POINT('',(18.032081078848,35.927261372881,
    0.500338917741));
#3237 = CARTESIAN_POINT('',(14.201750817886,35.916460465128,
    0.50046638909));
#3238 = CARTESIAN_POINT('',(10.371772954284,35.902967151963,
    0.500616284097));
#3239 = CARTESIAN_POINT('',(6.542227892379,35.886781842654,
    0.500787082291));
#3240 = CARTESIAN_POINT('',(2.713208898433,35.867904863193,
    0.500986146158));
#3241 = CARTESIAN_POINT('',(-1.115184211897,35.846336352946,
    0.501226044517));
#3242 = CARTESIAN_POINT('',(-4.942933590709,35.822076471322,
    0.50150199462));
#3243 = CARTESIAN_POINT('',(-10.09476607793,35.785799386713,
    0.501836394249));
#3244 = CARTESIAN_POINT('',(-11.41920989448,35.776150624397,
    0.501919038772));
#3245 = CARTESIAN_POINT('',(-12.74360848698,35.766179710323,
    0.501995712203));
#3246 = CARTESIAN_POINT('',(-14.06800365385,35.755886642016,
    0.502058697191));
#3247 = CARTESIAN_POINT('',(-15.39242017408,35.745271412453,
    0.502103601676));
#3248 = CARTESIAN_POINT('',(-16.71684764365,35.734334044588,
    0.502131874432));
#3249 = CARTESIAN_POINT('',(-18.04126000856,35.723074579568,
    0.502147437829));
#3250 = CARTESIAN_POINT('',(-19.36567279448,35.711493018672,
    0.502147437829));
#3251 = ADVANCED_FACE('',(#3252),#3263,.T.);
#3252 = FACE_BOUND('',#3253,.T.);
#3253 = EDGE_LOOP('',(#3254,#3255,#3256,#3262));
#3254 = ORIENTED_EDGE('',*,*,#1762,.F.);
#3255 = ORIENTED_EDGE('',*,*,#2017,.T.);
#3256 = ORIENTED_EDGE('',*,*,#3257,.T.);
#3257 = EDGE_CURVE('',#2018,#2606,#3258,.T.);
#3258 = LINE('',#3259,#3260);
#3259 = CARTESIAN_POINT('',(-69.41011635456,29.766830582034,
    -9.210425577635));
#3260 = VECTOR('',#3261,1.);
#3261 = DIRECTION('',(-1.181209230586E-02,-4.642962107417E-02,
    0.998851723111));
#3262 = ORIENTED_EDGE('',*,*,#2866,.F.);
#3263 = CYLINDRICAL_SURFACE('',#3264,6.);
#3264 = AXIS2_PLACEMENT_3D('',#3265,#3266,#3267);
#3265 = CARTESIAN_POINT('',(-63.41053585008,29.766830582034,
    -9.139476509745));
#3266 = DIRECTION('',(-1.181209230586E-02,-4.642962107417E-02,
    0.998851723111));
#3267 = DIRECTION('',(-8.734952849304E-03,0.998888089649,
    4.632801481726E-02));
#3268 = ADVANCED_FACE('',(#3269),#3287,.T.);
#3269 = FACE_BOUND('',#3270,.T.);
#3270 = EDGE_LOOP('',(#3271,#3279,#3285,#3286));
#3271 = ORIENTED_EDGE('',*,*,#3272,.T.);
#3272 = EDGE_CURVE('',#1788,#3273,#3275,.T.);
#3273 = VERTEX_POINT('',#3274);
#3274 = CARTESIAN_POINT('',(-69.42249742653,29.718164480781,
    -8.163459912837));
#3275 = ( BOUNDED_CURVE() B_SPLINE_CURVE(2,(#3276,#3277,#3278),
.UNSPECIFIED.,.F.,.F.) B_SPLINE_CURVE_WITH_KNOTS((3,3),(0.,
1.291182024717),.PIECEWISE_BEZIER_KNOTS.) CURVE() 
GEOMETRIC_REPRESENTATION_ITEM() RATIONAL_B_SPLINE_CURVE((1.,
0.709995253702,1.)) REPRESENTATION_ITEM('') );
#3276 = CARTESIAN_POINT('',(-63.47532663915,35.711493018672,
    -7.814542756043));
#3277 = CARTESIAN_POINT('',(-69.42576470683,35.662826917419,
    -7.887172827832));
#3278 = CARTESIAN_POINT('',(-69.42249742653,29.718164480781,
    -8.163459912837));
#3279 = ORIENTED_EDGE('',*,*,#3280,.T.);
#3280 = EDGE_CURVE('',#3273,#2049,#3281,.T.);
#3281 = LINE('',#3282,#3283);
#3282 = CARTESIAN_POINT('',(-69.41011635456,29.766830582034,
    -9.210425577635));
#3283 = VECTOR('',#3284,1.);
#3284 = DIRECTION('',(-1.181209230586E-02,-4.642962107417E-02,
    0.998851723111));
#3285 = ORIENTED_EDGE('',*,*,#2048,.F.);
#3286 = ORIENTED_EDGE('',*,*,#1787,.F.);
#3287 = CYLINDRICAL_SURFACE('',#3288,6.);
#3288 = AXIS2_PLACEMENT_3D('',#3289,#3290,#3291);
#3289 = CARTESIAN_POINT('',(-63.41053585008,29.766830582034,
    -9.139476509745));
#3290 = DIRECTION('',(-1.181209230586E-02,-4.642962107417E-02,
    0.998851723111));
#3291 = DIRECTION('',(-8.734952849304E-03,0.998888089649,
    4.632801481726E-02));
#3292 = ADVANCED_FACE('',(#3293),#3334,.F.);
#3293 = FACE_BOUND('',#3294,.F.);
#3294 = EDGE_LOOP('',(#3295,#3296,#3304,#3333));
#3295 = ORIENTED_EDGE('',*,*,#1847,.F.);
#3296 = ORIENTED_EDGE('',*,*,#3297,.T.);
#3297 = EDGE_CURVE('',#1848,#3298,#3300,.T.);
#3298 = VERTEX_POINT('',#3299);
#3299 = CARTESIAN_POINT('',(70.609547634531,29.778643648238,
    -0.311050082519));
#3300 = ( BOUNDED_CURVE() B_SPLINE_CURVE(2,(#3301,#3302,#3303),
.UNSPECIFIED.,.F.,.F.) B_SPLINE_CURVE_WITH_KNOTS((3,3),(0.,
10.773197046432),.PIECEWISE_BEZIER_KNOTS.) CURVE() 
GEOMETRIC_REPRESENTATION_ITEM() RATIONAL_B_SPLINE_CURVE((1.,
0.704639536967,1.)) REPRESENTATION_ITEM('') );
#3301 = CARTESIAN_POINT('',(65.020010081854,35.775929322592,
    -2.611311848321));
#3302 = CARTESIAN_POINT('',(70.684212846705,35.816886482728,
    -0.508880440974));
#3303 = CARTESIAN_POINT('',(70.609547634531,29.778643648238,
    -0.311050082519));
#3304 = ORIENTED_EDGE('',*,*,#3305,.T.);
#3305 = EDGE_CURVE('',#3298,#2920,#3306,.T.);
#3306 = B_SPLINE_CURVE_WITH_KNOTS('',7,(#3307,#3308,#3309,#3310,#3311,
    #3312,#3313,#3314,#3315,#3316,#3317,#3318,#3319,#3320,#3321,#3322,
    #3323,#3324,#3325,#3326,#3327,#3328,#3329,#3330,#3331,#3332),
  .UNSPECIFIED.,.F.,.F.,(8,6,6,6,8),(29.344150329539,29.556972361043,
    32.583468295709,34.869744840175,35.791353905112),.UNSPECIFIED.);
#3307 = CARTESIAN_POINT('',(70.609547634531,29.778643648238,
    -0.311050082519));
#3308 = CARTESIAN_POINT('',(70.599182505053,29.77980498915,
    -0.283586994686));
#3309 = CARTESIAN_POINT('',(70.588817985345,29.780961615414,
    -0.256125522475));
#3310 = CARTESIAN_POINT('',(70.578454064094,29.782113534468,
    -0.228665635919));
#3311 = CARTESIAN_POINT('',(70.568090729992,29.783260753748,
    -0.201207305051));
#3312 = CARTESIAN_POINT('',(70.557727971728,29.78440328069,
    -0.173750499903));
#3313 = CARTESIAN_POINT('',(70.547365777992,29.78554112273,
    -0.14629519051));
#3314 = CARTESIAN_POINT('',(70.3896534958,29.802788774868,0.271573806452
    ));
#3315 = CARTESIAN_POINT('',(70.242333447722,29.818221763446,
    0.661907900075));
#3316 = CARTESIAN_POINT('',(70.094892233382,29.832571068077,
    1.05256303163));
#3317 = CARTESIAN_POINT('',(69.947525203397,29.846005995315,
    1.443021606879));
#3318 = CARTESIAN_POINT('',(69.800097980729,29.858484125257,
    1.833639666587));
#3319 = CARTESIAN_POINT('',(69.65267638574,29.870014433896,
    2.224242815383));
#3320 = CARTESIAN_POINT('',(69.393866286772,29.888588947809,
    2.909977083865));
#3321 = CARTESIAN_POINT('',(69.282485087016,29.896040645638,
    3.205088850526));
#3322 = CARTESIAN_POINT('',(69.171098319161,29.902950722151,
    3.500215370241));
#3323 = CARTESIAN_POINT('',(69.059706346836,29.909319137722,
    3.79535567952));
#3324 = CARTESIAN_POINT('',(68.948309533697,29.915145852738,
    4.090508814873));
#3325 = CARTESIAN_POINT('',(68.836908243371,29.920430827571,
    4.385673812812));
#3326 = CARTESIAN_POINT('',(68.680594785695,29.927086027322,
    4.799836532816));
#3327 = CARTESIAN_POINT('',(68.635161287086,29.929020403371,
    4.920215556112));
#3328 = CARTESIAN_POINT('',(68.589202343679,29.93097715075,
    5.041986779735));
#3329 = CARTESIAN_POINT('',(68.542717955474,29.932956269461,
    5.165150203684));
#3330 = CARTESIAN_POINT('',(68.495708122471,29.934957759502,
    5.28970582796));
#3331 = CARTESIAN_POINT('',(68.44817284467,29.936981620874,
    5.415653652562));
#3332 = CARTESIAN_POINT('',(68.40011212207,29.939027853578,
    5.542993677491));
#3333 = ORIENTED_EDGE('',*,*,#2958,.T.);
#3334 = ( BOUNDED_SURFACE() B_SPLINE_SURFACE(2,7,(
    (#3335,#3336,#3337,#3338,#3339,#3340,#3341,#3342,#3343,#3344,#3345
      ,#3346,#3347,#3348,#3349,#3350,#3351,#3352,#3353,#3354,#3355,#3356
      ,#3357,#3358,#3359,#3360)
    ,(#3361,#3362,#3363,#3364,#3365,#3366,#3367,#3368,#3369,#3370,#3371
      ,#3372,#3373,#3374,#3375,#3376,#3377,#3378,#3379,#3380,#3381,#3382
      ,#3383,#3384,#3385,#3386)
    ,(#3387,#3388,#3389,#3390,#3391,#3392,#3393,#3394,#3395,#3396,#3397
      ,#3398,#3399,#3400,#3401,#3402,#3403,#3404,#3405,#3406,#3407,#3408
      ,#3409,#3410,#3411,#3412
)),.UNSPECIFIED.,.F.,.F.,.F.) B_SPLINE_SURFACE_WITH_KNOTS((3,3),(8,6,6,6
    ,8),(0.,5.525594510636),(29.344150329539,29.556972361043,
    32.583468295709,34.869744840175,35.791353905112),.UNSPECIFIED.) 
GEOMETRIC_REPRESENTATION_ITEM() RATIONAL_B_SPLINE_SURFACE((
    (1.,1.,1.,1.,1.,1.,1.,1.,1.,1.,1.,1.,1.,1.,1.,1.,1.,1.,1.,1.,1.,1.
      ,1.,1.,1.,1.)
    ,(0.704639536967,0.704646740166,0.70465394988,0.704661166689
      ,0.70466839117,0.704675623905,0.704682865473,0.70479323106
      ,0.704928383276,0.705046151942,0.705169231898,0.705290609659
      ,0.705412377211,0.705626013002,0.705717939022,0.705809855589
      ,0.705901762374,0.705993659046,0.706085545275,0.70621445617
      ,0.706239146462,0.706251491608,0.706251491608,0.706239146462
      ,0.70621445617,0.706177420732)
    ,(1.,1.,1.,1.,1.,1.,1.,1.,1.,1.,1.,1.,1.,1.,1.,1.,1.,1.,1.,1.,1.,1.
,1.,1.,1.,1.))) REPRESENTATION_ITEM('') SURFACE() );
#3335 = CARTESIAN_POINT('',(65.020010081854,35.775929322592,
    -2.611311848321));
#3336 = CARTESIAN_POINT('',(65.010330051624,35.777029241982,
    -2.585355917423));
#3337 = CARTESIAN_POINT('',(65.00064473968,35.778125840408,
    -2.559381965403));
#3338 = CARTESIAN_POINT('',(64.990953847876,35.779219137146,
    -2.533389275168));
#3339 = CARTESIAN_POINT('',(64.981257078067,35.780309151473,
    -2.507377129624));
#3340 = CARTESIAN_POINT('',(64.971554132105,35.781395902666,
    -2.481344811677));
#3341 = CARTESIAN_POINT('',(64.961844711844,35.782479410003,
    -2.455291604234));
#3342 = CARTESIAN_POINT('',(64.813956650757,35.798922159466,
    -2.058412517209));
#3343 = CARTESIAN_POINT('',(64.656107694577,35.815696453592,
    -1.633179831259));
#3344 = CARTESIAN_POINT('',(64.509216341681,35.829958457596,
    -1.239066566127));
#3345 = CARTESIAN_POINT('',(64.358571883163,35.843942746681,
    -0.833411317179));
#3346 = CARTESIAN_POINT('',(64.209296102376,35.856640911101,
    -0.432377463659));
#3347 = CARTESIAN_POINT('',(64.059618464582,35.868461408773,
    -2.989255566769E-02));
#3348 = CARTESIAN_POINT('',(63.796953318654,35.887469983628,
    0.67630052928));
#3349 = CARTESIAN_POINT('',(63.683913116413,35.895092860837,
    0.980216790605));
#3350 = CARTESIAN_POINT('',(63.570867357541,35.902158503585,
    1.284147991272));
#3351 = CARTESIAN_POINT('',(63.457816454653,35.908666871712,
    1.588093021913));
#3352 = CARTESIAN_POINT('',(63.344760820386,35.91461792507,1.89205077316
    ));
#3353 = CARTESIAN_POINT('',(63.231700867353,35.920011623497,
    2.196020135645));
#3354 = CARTESIAN_POINT('',(63.07306042307,35.926797463966,
    2.622535744517));
#3355 = CARTESIAN_POINT('',(63.027378495284,35.928751507122,
    2.745354709957));
#3356 = CARTESIAN_POINT('',(62.981591224829,35.930710056307,
    2.86845689632));
#3357 = CARTESIAN_POINT('',(62.935698611703,35.932673111521,
    2.991842303607));
#3358 = CARTESIAN_POINT('',(62.889700655907,35.934640672765,
    3.115510931817));
#3359 = CARTESIAN_POINT('',(62.843597357441,35.936612740039,
    3.23946278095));
#3360 = CARTESIAN_POINT('',(62.797388716304,35.938589313343,
    3.363697851006));
#3361 = CARTESIAN_POINT('',(70.684212846705,35.816886482728,
    -0.508880440974));
#3362 = CARTESIAN_POINT('',(70.6735484592,35.817954753258,
    -0.480624449445));
#3363 = CARTESIAN_POINT('',(70.66288482613,35.819018047745,
    -0.452370456838));
#3364 = CARTESIAN_POINT('',(70.652221938371,35.820076363786,
    -0.424118438983));
#3365 = CARTESIAN_POINT('',(70.641559786837,35.821129698975,
    -0.395868371804));
#3366 = CARTESIAN_POINT('',(70.630898362476,35.822178050904,
    -0.367620231317));
#3367 = CARTESIAN_POINT('',(70.620237656272,35.823221417159,
    -0.339373993633));
#3368 = CARTESIAN_POINT('',(70.458007892839,35.839024033603,
    9.046436506036E-02));
#3369 = CARTESIAN_POINT('',(70.306585939695,35.852522725871,
    0.491666724183));
#3370 = CARTESIAN_POINT('',(70.1549637996,35.865217039193,0.893399491714
    ));
#3371 = CARTESIAN_POINT('',(70.003438593242,35.876876509453,
    1.294875426977));
#3372 = CARTESIAN_POINT('',(69.851835924373,35.887584161166,
    1.696556604221));
#3373 = CARTESIAN_POINT('',(69.700236844557,35.897310653439,
    2.098228272037));
#3374 = CARTESIAN_POINT('',(69.434117456672,35.912672789752,
    2.803328979107));
#3375 = CARTESIAN_POINT('',(69.319607376626,35.918726453956,
    3.106730918548));
#3376 = CARTESIAN_POINT('',(69.20508860001,35.924223939206,
    3.410155900121));
#3377 = CARTESIAN_POINT('',(69.090561546859,35.929165140258,
    3.713602810912));
#3378 = CARTESIAN_POINT('',(68.976026636776,35.933549951886,
    4.01707053916));
#3379 = CARTESIAN_POINT('',(68.861484288929,35.937378268879,
    4.32055797425));
#3380 = CARTESIAN_POINT('',(68.7007679504,35.941968590218,4.746386414767
    ));
#3381 = CARTESIAN_POINT('',(68.654498254673,35.943290128361,
    4.868980996967));
#3382 = CARTESIAN_POINT('',(68.608123419288,35.944614669464,
    4.99185415356));
#3383 = CARTESIAN_POINT('',(68.561641017888,35.945942282829,
    5.11501231334));
#3384 = CARTESIAN_POINT('',(68.515048612919,35.947273038076,
    5.238461934764));
#3385 = CARTESIAN_POINT('',(68.468343755204,35.948607005157,
    5.362209507086));
#3386 = CARTESIAN_POINT('',(68.421523983513,35.949944254369,
    5.486261551495));
#3387 = CARTESIAN_POINT('',(70.609547634531,29.778643648238,
    -0.311050082519));
#3388 = CARTESIAN_POINT('',(70.599182505053,29.77980498915,
    -0.283586994686));
#3389 = CARTESIAN_POINT('',(70.588817985345,29.780961615414,
    -0.256125522475));
#3390 = CARTESIAN_POINT('',(70.578454064094,29.782113534468,
    -0.228665635919));
#3391 = CARTESIAN_POINT('',(70.568090729992,29.783260753748,
    -0.201207305051));
#3392 = CARTESIAN_POINT('',(70.557727971728,29.78440328069,
    -0.173750499903));
#3393 = CARTESIAN_POINT('',(70.547365777992,29.78554112273,
    -0.14629519051));
#3394 = CARTESIAN_POINT('',(70.3896534958,29.802788774868,0.271573806452
    ));
#3395 = CARTESIAN_POINT('',(70.242333447722,29.818221763446,
    0.661907900075));
#3396 = CARTESIAN_POINT('',(70.094892233382,29.832571068077,
    1.05256303163));
#3397 = CARTESIAN_POINT('',(69.947525203397,29.846005995315,
    1.443021606879));
#3398 = CARTESIAN_POINT('',(69.800097980729,29.858484125257,
    1.833639666587));
#3399 = CARTESIAN_POINT('',(69.65267638574,29.870014433896,
    2.224242815383));
#3400 = CARTESIAN_POINT('',(69.393866286772,29.888588947809,
    2.909977083865));
#3401 = CARTESIAN_POINT('',(69.282485087016,29.896040645638,
    3.205088850526));
#3402 = CARTESIAN_POINT('',(69.171098319161,29.902950722151,
    3.500215370241));
#3403 = CARTESIAN_POINT('',(69.059706346836,29.909319137722,
    3.79535567952));
#3404 = CARTESIAN_POINT('',(68.948309533697,29.915145852738,
    4.090508814873));
#3405 = CARTESIAN_POINT('',(68.836908243371,29.920430827571,
    4.385673812812));
#3406 = CARTESIAN_POINT('',(68.680594785695,29.927086027322,
    4.799836532816));
#3407 = CARTESIAN_POINT('',(68.635161287086,29.929020403371,
    4.920215556112));
#3408 = CARTESIAN_POINT('',(68.589202343679,29.93097715075,
    5.041986779735));
#3409 = CARTESIAN_POINT('',(68.542717955474,29.932956269461,
    5.165150203684));
#3410 = CARTESIAN_POINT('',(68.495708122471,29.934957759502,
    5.28970582796));
#3411 = CARTESIAN_POINT('',(68.44817284467,29.936981620874,
    5.415653652562));
#3412 = CARTESIAN_POINT('',(68.40011212207,29.939027853578,
    5.542993677491));
#3413 = ADVANCED_FACE('',(#3414),#3444,.F.);
#3414 = FACE_BOUND('',#3415,.F.);
#3415 = EDGE_LOOP('',(#3416,#3425,#3442,#3443));
#3416 = ORIENTED_EDGE('',*,*,#3417,.T.);
#3417 = EDGE_CURVE('',#1881,#3418,#3420,.T.);
#3418 = VERTEX_POINT('',#3419);
#3419 = CARTESIAN_POINT('',(73.435724652375,29.185477280707,
    -10.3806529434));
#3420 = CIRCLE('',#3421,6.);
#3421 = AXIS2_PLACEMENT_3D('',#3422,#3423,#3424);
#3422 = CARTESIAN_POINT('',(67.539611433086,29.185477280707,
    -11.49234035689));
#3423 = DIRECTION('',(0.184600471582,-8.564426358017E-02,-0.979074933806
    ));
#3424 = DIRECTION('',(1.586827497671E-02,0.996325780112,
    -8.416137910855E-02));
#3425 = ORIENTED_EDGE('',*,*,#3426,.T.);
#3426 = EDGE_CURVE('',#3418,#3298,#3427,.T.);
#3427 = ( BOUNDED_CURVE() B_SPLINE_CURVE(7,(#3428,#3429,#3430,#3431,
    #3432,#3433,#3434,#3435,#3436,#3437,#3438,#3439,#3440,#3441),
.UNSPECIFIED.,.F.,.F.) B_SPLINE_CURVE_WITH_KNOTS((8,6,8),(
    18.570953283107,19.084060296042,29.344150329539),.UNSPECIFIED.) 
CURVE() GEOMETRIC_REPRESENTATION_ITEM() RATIONAL_B_SPLINE_CURVE((1.,1.,
1.,1.,1.,1.,1.,1.,1.,1.,1.,1.,1.,1.)) REPRESENTATION_ITEM('') );
#3428 = CARTESIAN_POINT('',(73.435724652375,29.185477280707,
    -10.3806529434));
#3429 = CARTESIAN_POINT('',(73.422496465129,29.191000703865,
    -10.3104939322));
#3430 = CARTESIAN_POINT('',(73.409170633102,29.196501059018,
    -10.24035196503));
#3431 = CARTESIAN_POINT('',(73.395747011531,29.201978532668,
    -10.17022635551));
#3432 = CARTESIAN_POINT('',(73.38222584919,29.207432799872,
    -10.1001183932));
#3433 = CARTESIAN_POINT('',(73.368607000806,29.212863978403,
    -10.03002739671));
#3434 = CARTESIAN_POINT('',(73.354890166835,29.218272436747,
    -9.95995191991));
#3435 = CARTESIAN_POINT('',(73.064851232392,29.33133632243,
    -8.489059861446));
#3436 = CARTESIAN_POINT('',(72.749491638795,29.42972837938,
    -7.094636632203));
#3437 = CARTESIAN_POINT('',(72.395396990996,29.518598706713,
    -5.709474937886));
#3438 = CARTESIAN_POINT('',(72.003390480034,29.597841032904,
    -4.336208046663));
#3439 = CARTESIAN_POINT('',(71.574035739884,29.667577806976,
    -2.976819562956));
#3440 = CARTESIAN_POINT('',(71.109308811334,29.727606001601,
    -1.635199976036));
#3441 = CARTESIAN_POINT('',(70.609547634531,29.778643648238,
    -0.311050082519));
#3442 = ORIENTED_EDGE('',*,*,#3297,.F.);
#3443 = ORIENTED_EDGE('',*,*,#1880,.F.);
#3444 = ( BOUNDED_SURFACE() B_SPLINE_SURFACE(2,7,(
    (#3445,#3446,#3447,#3448,#3449,#3450,#3451,#3452,#3453,#3454,#3455
      ,#3456,#3457,#3458)
    ,(#3459,#3460,#3461,#3462,#3463,#3464,#3465,#3466,#3467,#3468,#3469
      ,#3470,#3471,#3472)
    ,(#3473,#3474,#3475,#3476,#3477,#3478,#3479,#3480,#3481,#3482,#3483
      ,#3484,#3485,#3486
)),.UNSPECIFIED.,.F.,.F.,.F.) B_SPLINE_SURFACE_WITH_KNOTS((3,3),(8,6,8),
  (0.,10.773197046432),(18.570953283107,19.084060296042,29.344150329539)
,.UNSPECIFIED.) GEOMETRIC_REPRESENTATION_ITEM() 
RATIONAL_B_SPLINE_SURFACE((
    (1.,1.,1.,1.,1.,1.,1.,1.,1.,1.,1.,1.,1.,1.)
    ,(0.707106781187,0.707070750633,0.707035050379,0.706999697299
      ,0.706964663292,0.706929957349,0.706895612127,0.706180969116
      ,0.705621032533,0.705182958282,0.704862805969,0.70467632681
      ,0.704585163938,0.704639536967)
,(1.,1.,1.,1.,1.,1.,1.,1.,1.,1.,1.,1.,1.,1.
))) REPRESENTATION_ITEM('') SURFACE() );
#3445 = CARTESIAN_POINT('',(67.634821082912,35.163431961395,
    -11.99730863136));
#3446 = CARTESIAN_POINT('',(67.621221100684,35.169741590253,
    -11.92517771216));
#3447 = CARTESIAN_POINT('',(67.60758741174,35.17599393547,
    -11.85339642008));
#3448 = CARTESIAN_POINT('',(67.593585042921,35.182334731089,
    -11.78021682101));
#3449 = CARTESIAN_POINT('',(67.579912499454,35.188458157446,
    -11.70929598108));
#3450 = CARTESIAN_POINT('',(67.566006083318,35.194615143825,
    -11.63766098447));
#3451 = CARTESIAN_POINT('',(67.551027038605,35.201172917808,
    -11.56091933602));
#3452 = CARTESIAN_POINT('',(67.280272756069,35.317761283808,
    -10.19188354419));
#3453 = CARTESIAN_POINT('',(66.98914992123,35.418172825865,
    -8.905572746433));
#3454 = CARTESIAN_POINT('',(66.661782068074,35.509421965361,
    -7.620204216351));
#3455 = CARTESIAN_POINT('',(66.302793979593,35.590630126013,
    -6.351888887014));
#3456 = CARTESIAN_POINT('',(65.904627559594,35.661920793075,
    -5.085712455941));
#3457 = CARTESIAN_POINT('',(65.486681605442,35.722902519415,
    -3.862639946452));
#3458 = CARTESIAN_POINT('',(65.020010081854,35.775929322592,
    -2.611311848321));
#3459 = CARTESIAN_POINT('',(73.530934302228,35.163431961383,
    -10.88562121801));
#3460 = CARTESIAN_POINT('',(73.517934529109,35.169741911844,
    -10.81337332467));
#3461 = CARTESIAN_POINT('',(73.504831598876,35.176022304379,
    -10.74114338992));
#3462 = CARTESIAN_POINT('',(73.491625762961,35.182272880411,
    -10.66893263497));
#3463 = CARTESIAN_POINT('',(73.478316490704,35.188494121356,
    -10.59673849136));
#3464 = CARTESIAN_POINT('',(73.464904141928,35.194685784174,
    -10.52456275942));
#3465 = CARTESIAN_POINT('',(73.451389356617,35.200847296387,
    -10.45240858783));
#3466 = CARTESIAN_POINT('',(73.165164806799,35.329734025474,
    -8.936246899562));
#3467 = CARTESIAN_POINT('',(72.851143133053,35.440784960161,
    -7.498989359812));
#3468 = CARTESIAN_POINT('',(72.496099218719,35.539891199431,
    -6.071350514636));
#3469 = CARTESIAN_POINT('',(72.100889652859,35.627005262703,
    -4.656179054521));
#3470 = CARTESIAN_POINT('',(71.666119402605,35.702008247,-3.25542371942)
  );
#3471 = CARTESIAN_POINT('',(71.193708326168,35.765347145693,
    -1.872948701332));
#3472 = CARTESIAN_POINT('',(70.684212846705,35.816886482728,
    -0.508880440974));
#3473 = CARTESIAN_POINT('',(73.435724652375,29.185477280707,
    -10.3806529434));
#3474 = CARTESIAN_POINT('',(73.422496465129,29.191000703865,
    -10.3104939322));
#3475 = CARTESIAN_POINT('',(73.409170633102,29.196501059018,
    -10.24035196503));
#3476 = CARTESIAN_POINT('',(73.395747011531,29.201978532668,
    -10.17022635551));
#3477 = CARTESIAN_POINT('',(73.38222584919,29.207432799872,
    -10.1001183932));
#3478 = CARTESIAN_POINT('',(73.368607000806,29.212863978403,
    -10.03002739671));
#3479 = CARTESIAN_POINT('',(73.354890166835,29.218272436747,
    -9.95995191991));
#3480 = CARTESIAN_POINT('',(73.064851232392,29.33133632243,
    -8.489059861446));
#3481 = CARTESIAN_POINT('',(72.749491638795,29.42972837938,
    -7.094636632203));
#3482 = CARTESIAN_POINT('',(72.395396990996,29.518598706713,
    -5.709474937886));
#3483 = CARTESIAN_POINT('',(72.003390480034,29.597841032904,
    -4.336208046663));
#3484 = CARTESIAN_POINT('',(71.574035739884,29.667577806976,
    -2.976819562956));
#3485 = CARTESIAN_POINT('',(71.109308811334,29.727606001601,
    -1.635199976036));
#3486 = CARTESIAN_POINT('',(70.609547634531,29.778643648238,
    -0.311050082519));
#3487 = ADVANCED_FACE('',(#3488),#3508,.T.);
#3488 = FACE_BOUND('',#3489,.T.);
#3489 = EDGE_LOOP('',(#3490,#3499,#3500,#3501));
#3490 = ORIENTED_EDGE('',*,*,#3491,.F.);
#3491 = EDGE_CURVE('',#1900,#3492,#3494,.T.);
#3492 = VERTEX_POINT('',#3493);
#3493 = CARTESIAN_POINT('',(76.424649400156,27.160691422941,
    -26.23316553182));
#3494 = CIRCLE('',#3495,6.);
#3495 = AXIS2_PLACEMENT_3D('',#3496,#3497,#3498);
#3496 = CARTESIAN_POINT('',(70.528536180867,27.160691422941,
    -27.34485294532));
#3497 = DIRECTION('',(0.182795917639,-0.163240896089,-0.969504029047));
#3498 = DIRECTION('',(3.0245474925E-02,0.986586240449,-0.16041446756));
#3499 = ORIENTED_EDGE('',*,*,#1899,.T.);
#3500 = ORIENTED_EDGE('',*,*,#3417,.T.);
#3501 = ORIENTED_EDGE('',*,*,#3502,.F.);
#3502 = EDGE_CURVE('',#3492,#3418,#3503,.T.);
#3503 = CIRCLE('',#3504,207.89338386691);
#3504 = AXIS2_PLACEMENT_3D('',#3505,#3506,#3507);
#3505 = CARTESIAN_POINT('',(70.136815271336,-177.9440605806,
    7.11594095038));
#3506 = DIRECTION('',(0.982685536548,-3.122502256758E-17,0.185281235583)
  );
#3507 = DIRECTION('',(3.0245474925E-02,0.986586240449,-0.16041446756));
#3508 = TOROIDAL_SURFACE('',#3509,207.89338386691,6.);
#3509 = AXIS2_PLACEMENT_3D('',#3510,#3511,#3512);
#3510 = CARTESIAN_POINT('',(64.240702052047,-177.9440605806,
    6.004253536883));
#3511 = DIRECTION('',(0.982685536548,-4.E-17,0.185281235583));
#3512 = DIRECTION('',(3.0245474925E-02,0.986586240449,-0.16041446756));
#3513 = ADVANCED_FACE('',(#3514),#3540,.T.);
#3514 = FACE_BOUND('',#3515,.T.);
#3515 = EDGE_LOOP('',(#3516,#3524,#3538,#3539));
#3516 = ORIENTED_EDGE('',*,*,#3517,.T.);
#3517 = EDGE_CURVE('',#1917,#3518,#3520,.T.);
#3518 = VERTEX_POINT('',#3519);
#3519 = CARTESIAN_POINT('',(-69.40742307191,29.773684820624,
    -9.438174392069));
#3520 = ( BOUNDED_CURVE() B_SPLINE_CURVE(2,(#3521,#3522,#3523),
.UNSPECIFIED.,.F.,.F.) B_SPLINE_CURVE_WITH_KNOTS((3,3),(0.,
45.147708952536),.PIECEWISE_BEZIER_KNOTS.) CURVE() 
GEOMETRIC_REPRESENTATION_ITEM() RATIONAL_B_SPLINE_CURVE((1.,
0.709634221817,1.)) REPRESENTATION_ITEM('') );
#3521 = CARTESIAN_POINT('',(-63.45402767637,35.767350739135,
    -9.095497899822));
#3522 = CARTESIAN_POINT('',(-69.41061969675,35.724731993225,
    -9.167862059207));
#3523 = CARTESIAN_POINT('',(-69.40742307191,29.773684820624,
    -9.438174392069));
#3524 = ORIENTED_EDGE('',*,*,#3525,.T.);
#3525 = EDGE_CURVE('',#3518,#3273,#3526,.T.);
#3526 = ( BOUNDED_CURVE() B_SPLINE_CURVE(10,(#3527,#3528,#3529,#3530,
    #3531,#3532,#3533,#3534,#3535,#3536,#3537),.UNSPECIFIED.,.F.,.F.) 
B_SPLINE_CURVE_WITH_KNOTS((11,11),(46.991582252733,48.282764277449),
.PIECEWISE_BEZIER_KNOTS.) CURVE() GEOMETRIC_REPRESENTATION_ITEM() 
RATIONAL_B_SPLINE_CURVE((1.,1.,1.,1.,1.,1.000000000001,1.,1.,1.,1.,1.)) 
REPRESENTATION_ITEM('') );
#3527 = CARTESIAN_POINT('',(-69.40742307191,29.773684820624,
    -9.438174392069));
#3528 = CARTESIAN_POINT('',(-69.40889663586,29.768636396903,
    -9.313567179666));
#3529 = CARTESIAN_POINT('',(-69.41037528915,29.763486224025,
    -9.188529603905));
#3530 = CARTESIAN_POINT('',(-69.41182853995,29.758360582654,
    -9.065640108953));
#3531 = CARTESIAN_POINT('',(-69.41344039316,29.75251875367,
    -8.929338908274));
#3532 = CARTESIAN_POINT('',(-69.41491774387,29.747126615413,
    -8.804411481577));
#3533 = CARTESIAN_POINT('',(-69.41645040021,29.741436959127,
    -8.674807310313));
#3534 = CARTESIAN_POINT('',(-69.41795447001,29.735771620683,
    -8.547620469129));
#3535 = CARTESIAN_POINT('',(-69.41946831215,29.729988141525,
    -8.419607261016));
#3536 = CARTESIAN_POINT('',(-69.42098279853,29.724118007262,
    -8.291539575054));
#3537 = CARTESIAN_POINT('',(-69.42249742653,29.718164480781,
    -8.163459912837));
#3538 = ORIENTED_EDGE('',*,*,#3272,.F.);
#3539 = ORIENTED_EDGE('',*,*,#1938,.F.);
#3540 = ( BOUNDED_SURFACE() B_SPLINE_SURFACE(2,10,(
    (#3541,#3542,#3543,#3544,#3545,#3546,#3547,#3548,#3549,#3550,#3551)
    ,(#3552,#3553,#3554,#3555,#3556,#3557,#3558,#3559,#3560,#3561,#3562)
    ,(#3563,#3564,#3565,#3566,#3567,#3568,#3569,#3570,#3571,#3572,#3573
)),.UNSPECIFIED.,.F.,.F.,.F.) B_SPLINE_SURFACE_WITH_KNOTS((3,3),(11,11),
  (0.,1.291182024717),(46.991582252733,48.282764277449),
.PIECEWISE_BEZIER_KNOTS.) GEOMETRIC_REPRESENTATION_ITEM() 
RATIONAL_B_SPLINE_SURFACE((
    (1.,1.,1.,1.,1.,1.000000000001,1.,1.,1.,1.,1.)
    ,(0.709634221817,0.709670370813,0.709706447093,0.709742645107
      ,0.709778624382,0.709814820462,0.709850859676,0.709886983949
      ,0.709923070656,0.709959163763,0.709995253702)
    ,(1.,1.,1.,1.,1.,1.000000000001,1.,1.,1.,1.,1.
))) REPRESENTATION_ITEM('') SURFACE() );
#3541 = CARTESIAN_POINT('',(-63.45402767637,35.767350739135,
    -9.095497899822));
#3542 = CARTESIAN_POINT('',(-63.45615912168,35.762135553734,
    -8.967324139223));
#3543 = CARTESIAN_POINT('',(-63.4582878682,35.756842391111,
    -8.839276837636));
#3544 = CARTESIAN_POINT('',(-63.46042126353,35.751457488587,
    -8.711014609267));
#3545 = CARTESIAN_POINT('',(-63.46254653685,35.746004590058,
    -8.58312724519));
#3546 = CARTESIAN_POINT('',(-63.46467976705,35.740454545973,
    -8.454882014506));
#3547 = CARTESIAN_POINT('',(-63.46680733387,35.734831379323,
    -8.32689290288));
#3548 = CARTESIAN_POINT('',(-63.46893807095,35.729119639594,
    -8.198761018388));
#3549 = CARTESIAN_POINT('',(-63.4710674498,35.72332730964,
    -8.070692882107));
#3550 = CARTESIAN_POINT('',(-63.47319708845,35.717451574344,
    -7.942614912615));
#3551 = CARTESIAN_POINT('',(-63.47532663915,35.711493018672,
    -7.814542756043));
#3552 = CARTESIAN_POINT('',(-69.41061969675,35.724731993225,
    -9.167862059207));
#3553 = CARTESIAN_POINT('',(-69.41213433996,35.718913831195,
    -9.039781111022));
#3554 = CARTESIAN_POINT('',(-69.41364895515,35.713013441964,
    -8.911702531981));
#3555 = CARTESIAN_POINT('',(-69.41516354627,35.707029177974,
    -8.783625989384));
#3556 = CARTESIAN_POINT('',(-69.41667804987,35.700964072408,
    -8.655556846689));
#3557 = CARTESIAN_POINT('',(-69.41819256841,35.694814285158,
    -8.52748644173));
#3558 = CARTESIAN_POINT('',(-69.41970705647,35.688582867844,
    -8.399418612877));
#3559 = CARTESIAN_POINT('',(-69.42122151037,35.682267953616,
    -8.271353673637));
#3560 = CARTESIAN_POINT('',(-69.42273593849,35.675870481462,
    -8.1432909136));
#3561 = CARTESIAN_POINT('',(-69.42425033675,35.669390114997,
    -8.015230679517));
#3562 = CARTESIAN_POINT('',(-69.42576470683,35.662826917419,
    -7.887172827832));
#3563 = CARTESIAN_POINT('',(-69.40742307191,29.773684820624,
    -9.438174392069));
#3564 = CARTESIAN_POINT('',(-69.40889663586,29.768636396903,
    -9.313567179666));
#3565 = CARTESIAN_POINT('',(-69.41037528915,29.763486224025,
    -9.188529603905));
#3566 = CARTESIAN_POINT('',(-69.41182853995,29.758360582654,
    -9.065640108953));
#3567 = CARTESIAN_POINT('',(-69.41344039316,29.75251875367,
    -8.929338908274));
#3568 = CARTESIAN_POINT('',(-69.41491774387,29.747126615413,
    -8.804411481577));
#3569 = CARTESIAN_POINT('',(-69.41645040021,29.741436959127,
    -8.674807310313));
#3570 = CARTESIAN_POINT('',(-69.41795447001,29.735771620683,
    -8.547620469129));
#3571 = CARTESIAN_POINT('',(-69.41946831215,29.729988141525,
    -8.419607261016));
#3572 = CARTESIAN_POINT('',(-69.42098279853,29.724118007262,
    -8.291539575054));
#3573 = CARTESIAN_POINT('',(-69.42249742653,29.718164480781,
    -8.163459912837));
#3574 = ADVANCED_FACE('',(#3575),#3612,.F.);
#3575 = FACE_BOUND('',#3576,.F.);
#3576 = EDGE_LOOP('',(#3577,#3587,#3593,#3594,#3606));
#3577 = ORIENTED_EDGE('',*,*,#3578,.F.);
#3578 = EDGE_CURVE('',#3579,#3581,#3583,.T.);
#3579 = VERTEX_POINT('',#3580);
#3580 = CARTESIAN_POINT('',(71.046180641775,32.78,-30.09031026704));
#3581 = VERTEX_POINT('',#3582);
#3582 = CARTESIAN_POINT('',(-58.76626344062,32.78,-54.56590203986));
#3583 = LINE('',#3584,#3585);
#3584 = CARTESIAN_POINT('',(76.942293861063,32.78,-28.97862285354));
#3585 = VECTOR('',#3586,1.);
#3586 = DIRECTION('',(-0.982685536548,0.,-0.185281235583));
#3587 = ORIENTED_EDGE('',*,*,#3588,.T.);
#3588 = EDGE_CURVE('',#3579,#1900,#3589,.T.);
#3589 = LINE('',#3590,#3591);
#3590 = CARTESIAN_POINT('',(71.046180641775,32.78,-30.09031026704));
#3591 = VECTOR('',#3592,1.);
#3592 = DIRECTION('',(-0.182795917639,0.163240896089,0.969504029047));
#3593 = ORIENTED_EDGE('',*,*,#1908,.T.);
#3594 = ORIENTED_EDGE('',*,*,#3595,.F.);
#3595 = EDGE_CURVE('',#3596,#1909,#3598,.T.);
#3596 = VERTEX_POINT('',#3597);
#3597 = CARTESIAN_POINT('',(-58.89798828728,32.897633272576,
    -53.86726625407));
#3598 = ( BOUNDED_CURVE() B_SPLINE_CURVE(6,(#3599,#3600,#3601,#3602,
#3603,#3604,#3605),.UNSPECIFIED.,.F.,.F.) B_SPLINE_CURVE_WITH_KNOTS((7,7
),(0.72061153419,1.843873300197),.PIECEWISE_BEZIER_KNOTS.) CURVE() 
GEOMETRIC_REPRESENTATION_ITEM() RATIONAL_B_SPLINE_CURVE((1.,1.,1.,1.,1.,
1.,1.)) REPRESENTATION_ITEM('') );
#3599 = CARTESIAN_POINT('',(-58.89798828728,32.897633272576,
    -53.86726625407));
#3600 = CARTESIAN_POINT('',(-58.93206274819,32.928062538198,
    -53.68654379831));
#3601 = CARTESIAN_POINT('',(-58.96593579251,32.95844929363,
    -53.50604481385));
#3602 = CARTESIAN_POINT('',(-58.99948467407,32.988692521033,
    -53.32636744057));
#3603 = CARTESIAN_POINT('',(-59.03352207192,33.019491380519,
    -53.1433649086));
#3604 = CARTESIAN_POINT('',(-59.0671610072,33.050106528973,
    -52.96141711372));
#3605 = CARTESIAN_POINT('',(-59.1001036358,33.080208865637,
    -52.78249194476));
#3606 = ORIENTED_EDGE('',*,*,#3607,.F.);
#3607 = EDGE_CURVE('',#3581,#3596,#3608,.T.);
#3608 = LINE('',#3609,#3610);
#3609 = CARTESIAN_POINT('',(-58.76626344062,32.78,-54.56590203986));
#3610 = VECTOR('',#3611,1.);
#3611 = DIRECTION('',(-0.182795917639,0.163240896089,0.969504029047));
#3612 = PLANE('',#3613);
#3613 = AXIS2_PLACEMENT_3D('',#3614,#3615,#3616);
#3614 = CARTESIAN_POINT('',(76.606122249706,33.080208865637,
    -27.19565233718));
#3615 = DIRECTION('',(-3.0245474925E-02,-0.986586240449,0.16041446756));
#3616 = DIRECTION('',(0.182795917639,-0.163240896089,-0.969504029047));
#3617 = ADVANCED_FACE('',(#3618),#3650,.T.);
#3618 = FACE_BOUND('',#3619,.T.);
#3619 = EDGE_LOOP('',(#3620,#3628,#3648,#3649));
#3620 = ORIENTED_EDGE('',*,*,#3621,.T.);
#3621 = EDGE_CURVE('',#1909,#3622,#3624,.T.);
#3622 = VERTEX_POINT('',#3623);
#3623 = CARTESIAN_POINT('',(-65.17781728686,27.156545678583,
    -52.93101971642));
#3624 = ( BOUNDED_CURVE() B_SPLINE_CURVE(2,(#3625,#3626,#3627),
.UNSPECIFIED.,.F.,.F.) B_SPLINE_CURVE_WITH_KNOTS((3,3),(0.,
1.123261766007),.PIECEWISE_BEZIER_KNOTS.) CURVE() 
GEOMETRIC_REPRESENTATION_ITEM() RATIONAL_B_SPLINE_CURVE((1.,
0.706859615256,1.)) REPRESENTATION_ITEM('') );
#3625 = CARTESIAN_POINT('',(-59.1001036358,33.080208865637,
    -52.78249194476));
#3626 = CARTESIAN_POINT('',(-65.00034879032,33.080208982606,
    -53.89495769792));
#3627 = CARTESIAN_POINT('',(-65.17781728686,27.156545678583,
    -52.93101971642));
#3628 = ORIENTED_EDGE('',*,*,#3629,.T.);
#3629 = EDGE_CURVE('',#3622,#3518,#3630,.T.);
#3630 = ( BOUNDED_CURVE() B_SPLINE_CURVE(6,(#3631,#3632,#3633,#3634,
    #3635,#3636,#3637,#3638,#3639,#3640,#3641,#3642,#3643,#3644,#3645,
#3646,#3647),.UNSPECIFIED.,.F.,.F.) B_SPLINE_CURVE_WITH_KNOTS((7,5,5,7),
  (1.843873300197,21.510539913087,46.719213740409,46.991582252733),
.UNSPECIFIED.) CURVE() GEOMETRIC_REPRESENTATION_ITEM() 
RATIONAL_B_SPLINE_CURVE((1.,1.,1.,1.,1.,1.,1.,1.,1.,1.,1.,1.,1.,1.,1.,1.
,1.)) REPRESENTATION_ITEM('') );
#3631 = CARTESIAN_POINT('',(-65.17781728686,27.156545678583,
    -52.93101971642));
#3632 = CARTESIAN_POINT('',(-65.74539088162,27.663491647424,
    -49.84818682435));
#3633 = CARTESIAN_POINT('',(-66.26945147263,28.115540871936,
    -46.74819942277));
#3634 = CARTESIAN_POINT('',(-66.75176005718,28.514595306432,
    -43.6179983098));
#3635 = CARTESIAN_POINT('',(-67.18819885522,28.857292083407,
    -40.47406311727));
#3636 = CARTESIAN_POINT('',(-67.57909698421,29.144459070016,
    -37.31438622977));
#3637 = CARTESIAN_POINT('',(-68.36442375003,29.671784287526,
    -30.08271387992));
#3638 = CARTESIAN_POINT('',(-68.72892506694,29.876004791532,
    -26.00403917697));
#3639 = CARTESIAN_POINT('',(-69.0152472077,29.988008753168,
    -21.91788731491));
#3640 = CARTESIAN_POINT('',(-69.2228065528,30.00863336098,
    -17.83315226077));
#3641 = CARTESIAN_POINT('',(-69.35204680779,29.939730977812,
    -13.75843998822));
#3642 = CARTESIAN_POINT('',(-69.40474265865,29.782225487309,
    -9.657253353739));
#3643 = CARTESIAN_POINT('',(-69.4052968906,29.780536626906,
    -9.613420037949));
#3644 = CARTESIAN_POINT('',(-69.40584200733,29.778839339712,
    -9.569598429527));
#3645 = CARTESIAN_POINT('',(-69.40637800997,29.777131768351,
    -9.525788955892));
#3646 = CARTESIAN_POINT('',(-69.40690497853,29.775413350846,
    -9.481985298345));
#3647 = CARTESIAN_POINT('',(-69.40742307191,29.773684820624,
    -9.438174392069));
#3648 = ORIENTED_EDGE('',*,*,#3517,.F.);
#3649 = ORIENTED_EDGE('',*,*,#1916,.F.);
#3650 = ( BOUNDED_SURFACE() B_SPLINE_SURFACE(2,6,(
    (#3651,#3652,#3653,#3654,#3655,#3656,#3657,#3658,#3659,#3660,#3661
      ,#3662,#3663,#3664,#3665,#3666,#3667)
    ,(#3668,#3669,#3670,#3671,#3672,#3673,#3674,#3675,#3676,#3677,#3678
      ,#3679,#3680,#3681,#3682,#3683,#3684)
    ,(#3685,#3686,#3687,#3688,#3689,#3690,#3691,#3692,#3693,#3694,#3695
      ,#3696,#3697,#3698,#3699,#3700,#3701
)),.UNSPECIFIED.,.F.,.F.,.F.) B_SPLINE_SURFACE_WITH_KNOTS((3,3),(7,5,5,7
    ),(0.,45.147708952536),(1.843873300197,21.510539913087,
    46.719213740409,46.991582252733),.UNSPECIFIED.) 
GEOMETRIC_REPRESENTATION_ITEM() RATIONAL_B_SPLINE_SURFACE((
    (1.,1.,1.,1.,1.,1.,1.,1.,1.,1.,1.,1.,1.,1.,1.,1.,1.)
    ,(0.706859613786,0.706176567929,0.705646014625,0.705263146085
      ,0.705038293611,0.704969436984,0.705171070078,0.705542425885
      ,0.706171286494,0.707054897631,0.708181031269,0.709557210999
      ,0.709572512649,0.709587993279,0.70960342954,0.709618787335
      ,0.709634221817)
    ,(1.,1.,1.,1.,1.,1.,1.,1.,1.,1.,1.,1.,1.,1.,1.,1.,1.
))) REPRESENTATION_ITEM('') SURFACE() );
#3651 = CARTESIAN_POINT('',(-59.1001036358,33.080208865637,
    -52.78249194476));
#3652 = CARTESIAN_POINT('',(-59.66927567547,33.600311830051,
    -49.69126744101));
#3653 = CARTESIAN_POINT('',(-60.19858359904,34.066259942829,
    -46.57003765082));
#3654 = CARTESIAN_POINT('',(-60.68504120486,34.475673439474,
    -43.42883908495));
#3655 = CARTESIAN_POINT('',(-61.12797401764,34.828284360912,
    -40.26872644064));
#3656 = CARTESIAN_POINT('',(-61.52597201554,35.123296436138,
    -37.09507950304));
#3657 = CARTESIAN_POINT('',(-62.33018906062,35.665025695622,
    -29.83124375606));
#3658 = CARTESIAN_POINT('',(-62.70708619063,35.874667321944,
    -25.73477243534));
#3659 = CARTESIAN_POINT('',(-63.00761345715,35.989512889708,
    -21.6318749343));
#3660 = CARTESIAN_POINT('',(-63.23107964915,36.010166754103,
    -17.52918181627));
#3661 = CARTESIAN_POINT('',(-63.37796447046,35.938986199493,
    -13.44012838535));
#3662 = CARTESIAN_POINT('',(-63.45018625617,35.776416763634,
    -9.321035613556));
#3663 = CARTESIAN_POINT('',(-63.45097084542,35.774628831413,
    -9.276006531435));
#3664 = CARTESIAN_POINT('',(-63.45175221845,35.772819262333,
    -9.230709110452));
#3665 = CARTESIAN_POINT('',(-63.4525218103,35.771003583452,
    -9.185539920897));
#3666 = CARTESIAN_POINT('',(-63.45327831316,35.769184268751,
    -9.140560609579));
#3667 = CARTESIAN_POINT('',(-63.45402767637,35.767350739135,
    -9.095497899822));
#3668 = CARTESIAN_POINT('',(-65.00034878996,33.080208994919,
    -53.89495769992));
#3669 = CARTESIAN_POINT('',(-65.59571174257,33.61352671993,
    -50.72718801991));
#3670 = CARTESIAN_POINT('',(-66.1463593997,34.088838901879,
    -47.53473239906));
#3671 = CARTESIAN_POINT('',(-66.6510278207,34.505287418481,
    -44.31970504872));
#3672 = CARTESIAN_POINT('',(-67.10819646175,34.861971989817,
    -41.08609938582));
#3673 = CARTESIAN_POINT('',(-67.51695020191,35.158531821648,
    -37.83688534307));
#3674 = CARTESIAN_POINT('',(-68.33723682874,35.69759557241,
    -30.39685240517));
#3675 = CARTESIAN_POINT('',(-68.71660064262,35.901024964142,
    -26.20377458519));
#3676 = CARTESIAN_POINT('',(-69.01333628591,36.005241245342,
    -22.00409038577));
#3677 = CARTESIAN_POINT('',(-69.22701541356,36.011244172375,
    -17.8051432248));
#3678 = CARTESIAN_POINT('',(-69.35805968145,35.920958634741,
    -13.61435105044));
#3679 = CARTESIAN_POINT('',(-69.40809276268,35.734849824222,
    -9.393030541739));
#3680 = CARTESIAN_POINT('',(-69.40861705862,35.732848621567,
    -9.347997012892));
#3681 = CARTESIAN_POINT('',(-69.40913189746,35.730835159346,
    -9.302963821349));
#3682 = CARTESIAN_POINT('',(-69.40963729039,35.728811298652,
    -9.257930154954));
#3683 = CARTESIAN_POINT('',(-69.41013323143,35.726777333407,
    -9.212895971601));
#3684 = CARTESIAN_POINT('',(-69.41061969675,35.724731993225,
    -9.167862059207));
#3685 = CARTESIAN_POINT('',(-65.17781728686,27.156545678583,
    -52.93101971642));
#3686 = CARTESIAN_POINT('',(-65.74539088162,27.663491647424,
    -49.84818682435));
#3687 = CARTESIAN_POINT('',(-66.26945147263,28.115540871936,
    -46.74819942277));
#3688 = CARTESIAN_POINT('',(-66.75176005718,28.514595306432,
    -43.6179983098));
#3689 = CARTESIAN_POINT('',(-67.18819885522,28.857292083407,
    -40.47406311727));
#3690 = CARTESIAN_POINT('',(-67.57909698421,29.144459070016,
    -37.31438622977));
#3691 = CARTESIAN_POINT('',(-68.36442375003,29.671784287526,
    -30.08271387992));
#3692 = CARTESIAN_POINT('',(-68.72892506694,29.876004791532,
    -26.00403917697));
#3693 = CARTESIAN_POINT('',(-69.0152472077,29.988008753168,
    -21.91788731491));
#3694 = CARTESIAN_POINT('',(-69.2228065528,30.00863336098,
    -17.83315226077));
#3695 = CARTESIAN_POINT('',(-69.35204680779,29.939730977812,
    -13.75843998822));
#3696 = CARTESIAN_POINT('',(-69.40474265865,29.782225487309,
    -9.657253353739));
#3697 = CARTESIAN_POINT('',(-69.4052968906,29.780536626906,
    -9.613420037949));
#3698 = CARTESIAN_POINT('',(-69.40584200733,29.778839339712,
    -9.569598429527));
#3699 = CARTESIAN_POINT('',(-69.40637800997,29.777131768351,
    -9.525788955892));
#3700 = CARTESIAN_POINT('',(-69.40690497853,29.775413350846,
    -9.481985298345));
#3701 = CARTESIAN_POINT('',(-69.40742307191,29.773684820624,
    -9.438174392069));
#3702 = ADVANCED_FACE('',(#3703),#3741,.T.);
#3703 = FACE_BOUND('',#3704,.T.);
#3704 = EDGE_LOOP('',(#3705,#3713,#3714,#3715,#3716,#3717,#3718,#3719,
    #3727));
#3705 = ORIENTED_EDGE('',*,*,#3706,.T.);
#3706 = EDGE_CURVE('',#3707,#2444,#3709,.T.);
#3707 = VERTEX_POINT('',#3708);
#3708 = CARTESIAN_POINT('',(-69.42249742653,-29.71816448078,
    -8.163459912836));
#3709 = LINE('',#3710,#3711);
#3710 = CARTESIAN_POINT('',(-69.41011635456,-29.76683058203,
    -9.210425577635));
#3711 = VECTOR('',#3712,1.);
#3712 = DIRECTION('',(-1.181209230586E-02,4.642962107417E-02,
    0.998851723111));
#3713 = ORIENTED_EDGE('',*,*,#2614,.F.);
#3714 = ORIENTED_EDGE('',*,*,#3257,.F.);
#3715 = ORIENTED_EDGE('',*,*,#2025,.F.);
#3716 = ORIENTED_EDGE('',*,*,#2059,.F.);
#3717 = ORIENTED_EDGE('',*,*,#3280,.F.);
#3718 = ORIENTED_EDGE('',*,*,#3525,.F.);
#3719 = ORIENTED_EDGE('',*,*,#3720,.F.);
#3720 = EDGE_CURVE('',#3721,#3518,#3723,.T.);
#3721 = VERTEX_POINT('',#3722);
#3722 = CARTESIAN_POINT('',(-69.40742307191,-29.77368482062,
    -9.438174392069));
#3723 = LINE('',#3724,#3725);
#3724 = CARTESIAN_POINT('',(-69.40742307191,-35.58049931062,
    -9.438174392069));
#3725 = VECTOR('',#3726,1.);
#3726 = DIRECTION('',(0.,1.,-2.2E-16));
#3727 = ORIENTED_EDGE('',*,*,#3728,.T.);
#3728 = EDGE_CURVE('',#3721,#3707,#3729,.T.);
#3729 = ( BOUNDED_CURVE() B_SPLINE_CURVE(10,(#3730,#3731,#3732,#3733,
    #3734,#3735,#3736,#3737,#3738,#3739,#3740),.UNSPECIFIED.,.F.,.F.) 
B_SPLINE_CURVE_WITH_KNOTS((11,11),(46.991581992722,48.282764277812),
.PIECEWISE_BEZIER_KNOTS.) CURVE() GEOMETRIC_REPRESENTATION_ITEM() 
RATIONAL_B_SPLINE_CURVE((1.,1.,1.,1.,1.,1.,1.,1.,1.,1.,1.)) 
REPRESENTATION_ITEM('') );
#3730 = CARTESIAN_POINT('',(-69.40742307191,-29.77368482062,
    -9.438174392069));
#3731 = CARTESIAN_POINT('',(-69.40889663586,-29.7686363969,
    -9.313567179649));
#3732 = CARTESIAN_POINT('',(-69.41037528915,-29.76348622402,
    -9.188529603864));
#3733 = CARTESIAN_POINT('',(-69.41182853994,-29.75836058266,
    -9.065640109248));
#3734 = CARTESIAN_POINT('',(-69.41344039316,-29.75251875368,
    -8.929338908487));
#3735 = CARTESIAN_POINT('',(-69.41491774387,-29.74712661539,
    -8.804411481325));
#3736 = CARTESIAN_POINT('',(-69.41645040022,-29.74143695912,
    -8.674807310213));
#3737 = CARTESIAN_POINT('',(-69.41795447001,-29.73577162068,
    -8.547620469081));
#3738 = CARTESIAN_POINT('',(-69.41946831215,-29.72998814152,
    -8.419607261023));
#3739 = CARTESIAN_POINT('',(-69.42098279853,-29.72411800726,
    -8.291539575055));
#3740 = CARTESIAN_POINT('',(-69.42249742653,-29.71816448078,
    -8.163459912836));
#3741 = PLANE('',#3742);
#3742 = AXIS2_PLACEMENT_3D('',#3743,#3744,#3745);
#3743 = CARTESIAN_POINT('',(-69.34430551723,1.39E-15,-14.77550808523));
#3744 = DIRECTION('',(-0.99993008408,0.,-1.182484464838E-02));
#3745 = DIRECTION('',(1.182484464838E-02,2.2E-16,-0.99993008408));
#3746 = ADVANCED_FACE('',(#3747),#3787,.T.);
#3747 = FACE_BOUND('',#3748,.F.);
#3748 = EDGE_LOOP('',(#3749,#3750,#3758,#3767,#3775));
#3749 = ORIENTED_EDGE('',*,*,#2082,.T.);
#3750 = ORIENTED_EDGE('',*,*,#3751,.T.);
#3751 = EDGE_CURVE('',#2085,#3752,#3754,.T.);
#3752 = VERTEX_POINT('',#3753);
#3753 = CARTESIAN_POINT('',(-64.63379633268,-4.200000000013,
    -35.31981002718));
#3754 = LINE('',#3755,#3756);
#3755 = CARTESIAN_POINT('',(-65.6849664276,-4.200000000013,
    -34.60214615632));
#3756 = VECTOR('',#3757,1.);
#3757 = DIRECTION('',(0.825877224774,0.,-0.56384998856));
#3758 = ORIENTED_EDGE('',*,*,#3759,.F.);
#3759 = EDGE_CURVE('',#3760,#3752,#3762,.T.);
#3760 = VERTEX_POINT('',#3761);
#3761 = CARTESIAN_POINT('',(-62.03985903453,-4.200000000003,
    -49.07740753885));
#3762 = CIRCLE('',#3763,6.999999999995);
#3763 = AXIS2_PLACEMENT_3D('',#3764,#3765,#3766);
#3764 = CARTESIAN_POINT('',(-63.33682768361,-4.200000000013,
    -42.19860878302));
#3765 = DIRECTION('',(-0.982685536548,-4.000000000002E-17,
    -0.185281235583));
#3766 = DIRECTION('',(0.185281235583,9.4562E-13,-0.982685536548));
#3767 = ORIENTED_EDGE('',*,*,#3768,.F.);
#3768 = EDGE_CURVE('',#3769,#3760,#3771,.T.);
#3769 = VERTEX_POINT('',#3770);
#3770 = CARTESIAN_POINT('',(-63.47518677626,-4.200000000003,
    -51.17974772868));
#3771 = LINE('',#3772,#3773);
#3772 = CARTESIAN_POINT('',(-62.7575229054,-4.200000000003,
    -50.12857763377));
#3773 = VECTOR('',#3774,1.);
#3774 = DIRECTION('',(0.56384998856,3.589E-14,0.825877224774));
#3775 = ORIENTED_EDGE('',*,*,#3776,.T.);
#3776 = EDGE_CURVE('',#3769,#2083,#3777,.T.);
#3777 = ( BOUNDED_CURVE() B_SPLINE_CURVE(8,(#3778,#3779,#3780,#3781,
    #3782,#3783,#3784,#3785,#3786),.UNSPECIFIED.,.F.,.F.) 
B_SPLINE_CURVE_WITH_KNOTS((9,9),(34.980000000005,40.312916650394),
.PIECEWISE_BEZIER_KNOTS.) CURVE() GEOMETRIC_REPRESENTATION_ITEM() 
RATIONAL_B_SPLINE_CURVE((1.,1.,1.,1.,1.,1.,1.,1.,1.)) 
REPRESENTATION_ITEM('') );
#3778 = CARTESIAN_POINT('',(-63.47518677626,-4.200000000005,
    -51.17974772868));
#3779 = CARTESIAN_POINT('',(-63.47518677626,-4.866614581304,
    -51.17974772869));
#3780 = CARTESIAN_POINT('',(-63.4858834706,-5.533229162602,
    -51.12301512549));
#3781 = CARTESIAN_POINT('',(-63.50724720868,-6.199843743901,
    -51.00970717851));
#3782 = CARTESIAN_POINT('',(-63.53977745906,-6.866458325199,
    -50.83717483091));
#3783 = CARTESIAN_POINT('',(-63.58401275994,-7.533072906498,
    -50.60256181009));
#3784 = CARTESIAN_POINT('',(-63.64173754055,-8.199687487797,
    -50.29640394782));
#3785 = CARTESIAN_POINT('',(-63.71459660138,-8.866302069095,
    -49.90997763182));
#3786 = CARTESIAN_POINT('',(-63.80869300031,-9.532916650394,
    -49.4109137629));
#3787 = CONICAL_SURFACE('',#3788,6.999999999995,0.785398163397);
#3788 = AXIS2_PLACEMENT_3D('',#3789,#3790,#3791);
#3789 = CARTESIAN_POINT('',(-63.33682768361,-4.200000000013,
    -42.19860878302));
#3790 = DIRECTION('',(-0.982685536548,-4.E-17,-0.185281235583));
#3791 = DIRECTION('',(0.185281235583,9.4562E-13,-0.982685536548));
#3792 = ADVANCED_FACE('',(#3793),#3804,.F.);
#3793 = FACE_BOUND('',#3794,.F.);
#3794 = EDGE_LOOP('',(#3795,#3801,#3802,#3803));
#3795 = ORIENTED_EDGE('',*,*,#3796,.T.);
#3796 = EDGE_CURVE('',#2083,#2332,#3797,.T.);
#3797 = ( BOUNDED_CURVE() B_SPLINE_CURVE(2,(#3798,#3799,#3800),
.UNSPECIFIED.,.F.,.F.) B_SPLINE_CURVE_WITH_KNOTS((3,3),(0.,
5.332916650389),.PIECEWISE_BEZIER_KNOTS.) CURVE() 
GEOMETRIC_REPRESENTATION_ITEM() RATIONAL_B_SPLINE_CURVE((1.,
0.707106781187,1.)) REPRESENTATION_ITEM('') );
#3798 = CARTESIAN_POINT('',(-63.80869300031,-9.532916650394,
    -49.4109137629));
#3799 = CARTESIAN_POINT('',(-63.06756805798,-9.532916650394,
    -53.3416559091));
#3800 = CARTESIAN_POINT('',(-59.13682591179,-9.532916650394,
    -52.60053096676));
#3801 = ORIENTED_EDGE('',*,*,#2345,.T.);
#3802 = ORIENTED_EDGE('',*,*,#2227,.T.);
#3803 = ORIENTED_EDGE('',*,*,#2093,.F.);
#3804 = CYLINDRICAL_SURFACE('',#3805,4.);
#3805 = AXIS2_PLACEMENT_3D('',#3806,#3807,#3808);
#3806 = CARTESIAN_POINT('',(-59.87795085412,30.78,-48.66978882057));
#3807 = DIRECTION('',(0.,-1.,2.2E-16));
#3808 = DIRECTION('',(-0.982685536548,-4.076187182822E-17,
    -0.185281235583));
#3809 = ADVANCED_FACE('',(#3810),#3828,.T.);
#3810 = FACE_BOUND('',#3811,.F.);
#3811 = EDGE_LOOP('',(#3812,#3813,#3814,#3822));
#3812 = ORIENTED_EDGE('',*,*,#3751,.F.);
#3813 = ORIENTED_EDGE('',*,*,#2126,.T.);
#3814 = ORIENTED_EDGE('',*,*,#3815,.T.);
#3815 = EDGE_CURVE('',#2118,#3816,#3818,.T.);
#3816 = VERTEX_POINT('',#3817);
#3817 = CARTESIAN_POINT('',(-64.63379633268,4.200000000001,
    -35.31981002718));
#3818 = LINE('',#3819,#3820);
#3819 = CARTESIAN_POINT('',(-65.6849664276,4.200000000001,
    -34.60214615632));
#3820 = VECTOR('',#3821,1.);
#3821 = DIRECTION('',(0.825877224774,0.,-0.56384998856));
#3822 = ORIENTED_EDGE('',*,*,#3823,.F.);
#3823 = EDGE_CURVE('',#3752,#3816,#3824,.T.);
#3824 = LINE('',#3825,#3826);
#3825 = CARTESIAN_POINT('',(-64.63379633268,-4.200000000013,
    -35.31981002718));
#3826 = VECTOR('',#3827,1.);
#3827 = DIRECTION('',(0.,1.,0.));
#3828 = PLANE('',#3829);
#3829 = AXIS2_PLACEMENT_3D('',#3830,#3831,#3832);
#3830 = CARTESIAN_POINT('',(-65.6849664276,-4.200000000013,
    -34.60214615632));
#3831 = DIRECTION('',(0.56384998856,4.E-16,0.825877224774));
#3832 = DIRECTION('',(2.287454441817E-16,-1.,3.28162438417E-16));
#3833 = ADVANCED_FACE('',(#3834),#3867,.T.);
#3834 = FACE_BOUND('',#3835,.F.);
#3835 = EDGE_LOOP('',(#3836,#3837,#3851,#3859,#3866));
#3836 = ORIENTED_EDGE('',*,*,#2117,.T.);
#3837 = ORIENTED_EDGE('',*,*,#3838,.T.);
#3838 = EDGE_CURVE('',#2110,#3839,#3841,.T.);
#3839 = VERTEX_POINT('',#3840);
#3840 = CARTESIAN_POINT('',(-63.47518677626,4.200000000015,
    -51.17974772868));
#3841 = ( BOUNDED_CURVE() B_SPLINE_CURVE(8,(#3842,#3843,#3844,#3845,
    #3846,#3847,#3848,#3849,#3850),.UNSPECIFIED.,.F.,.F.) 
B_SPLINE_CURVE_WITH_KNOTS((9,9),(21.247083349619,26.579999999985),
.PIECEWISE_BEZIER_KNOTS.) CURVE() GEOMETRIC_REPRESENTATION_ITEM() 
RATIONAL_B_SPLINE_CURVE((1.,1.,1.,1.,1.,1.,1.,1.,1.)) 
REPRESENTATION_ITEM('') );
#3842 = CARTESIAN_POINT('',(-63.80869300031,9.532916650381,
    -49.4109137629));
#3843 = CARTESIAN_POINT('',(-63.71459660138,8.866302069085,
    -49.90997763182));
#3844 = CARTESIAN_POINT('',(-63.64173754055,8.19968748779,
    -50.29640394781));
#3845 = CARTESIAN_POINT('',(-63.58401275994,7.533072906494,
    -50.60256181009));
#3846 = CARTESIAN_POINT('',(-63.53977745906,6.866458325198,
    -50.8371748309));
#3847 = CARTESIAN_POINT('',(-63.50724720869,6.199843743902,
    -51.00970717851));
#3848 = CARTESIAN_POINT('',(-63.48588347061,5.533229162606,
    -51.12301512549));
#3849 = CARTESIAN_POINT('',(-63.47518677626,4.866614581311,
    -51.17974772868));
#3850 = CARTESIAN_POINT('',(-63.47518677626,4.200000000015,
    -51.17974772868));
#3851 = ORIENTED_EDGE('',*,*,#3852,.T.);
#3852 = EDGE_CURVE('',#3839,#3853,#3855,.T.);
#3853 = VERTEX_POINT('',#3854);
#3854 = CARTESIAN_POINT('',(-62.03985903453,4.200000000012,
    -49.07740753885));
#3855 = LINE('',#3856,#3857);
#3856 = CARTESIAN_POINT('',(-62.03985903453,4.200000000012,
    -49.07740753885));
#3857 = VECTOR('',#3858,1.);
#3858 = DIRECTION('',(0.56384998856,-1.18698E-12,0.825877224774));
#3859 = ORIENTED_EDGE('',*,*,#3860,.F.);
#3860 = EDGE_CURVE('',#3816,#3853,#3861,.T.);
#3861 = CIRCLE('',#3862,6.999999999995);
#3862 = AXIS2_PLACEMENT_3D('',#3863,#3864,#3865);
#3863 = CARTESIAN_POINT('',(-63.33682768361,4.2,-42.19860878302));
#3864 = DIRECTION('',(-0.982685536548,-4.E-17,-0.185281235583));
#3865 = DIRECTION('',(-0.185281235583,1.3288E-13,0.982685536548));
#3866 = ORIENTED_EDGE('',*,*,#3815,.F.);
#3867 = CONICAL_SURFACE('',#3868,6.999999999995,0.785398163397);
#3868 = AXIS2_PLACEMENT_3D('',#3869,#3870,#3871);
#3869 = CARTESIAN_POINT('',(-63.33682768361,4.2,-42.19860878302));
#3870 = DIRECTION('',(-0.982685536548,-4.E-17,-0.185281235583));
#3871 = DIRECTION('',(-0.185281235583,1.3288E-13,0.982685536548));
#3872 = ADVANCED_FACE('',(#3873),#3891,.F.);
#3873 = FACE_BOUND('',#3874,.F.);
#3874 = EDGE_LOOP('',(#3875,#3876,#3883,#3884));
#3875 = ORIENTED_EDGE('',*,*,#2109,.F.);
#3876 = ORIENTED_EDGE('',*,*,#3877,.T.);
#3877 = EDGE_CURVE('',#2102,#2295,#3878,.T.);
#3878 = CIRCLE('',#3879,4.);
#3879 = AXIS2_PLACEMENT_3D('',#3880,#3881,#3882);
#3880 = CARTESIAN_POINT('',(-59.87795085412,26.78,-48.66978882057));
#3881 = DIRECTION('',(0.,-1.,-0.));
#3882 = DIRECTION('',(-0.982685536548,0.,-0.185281235583));
#3883 = ORIENTED_EDGE('',*,*,#2302,.T.);
#3884 = ORIENTED_EDGE('',*,*,#3885,.F.);
#3885 = EDGE_CURVE('',#2110,#2303,#3886,.T.);
#3886 = CIRCLE('',#3887,4.);
#3887 = AXIS2_PLACEMENT_3D('',#3888,#3889,#3890);
#3888 = CARTESIAN_POINT('',(-59.87795085412,9.532916650381,
    -48.66978882057));
#3889 = DIRECTION('',(0.,-1.,2.2E-16));
#3890 = DIRECTION('',(-0.982685536548,-4.076187182822E-17,
    -0.185281235583));
#3891 = CYLINDRICAL_SURFACE('',#3892,4.);
#3892 = AXIS2_PLACEMENT_3D('',#3893,#3894,#3895);
#3893 = CARTESIAN_POINT('',(-59.87795085412,30.78,-48.66978882057));
#3894 = DIRECTION('',(0.,-1.,2.2E-16));
#3895 = DIRECTION('',(-0.982685536548,-4.076187182822E-17,
    -0.185281235583));
#3896 = ADVANCED_FACE('',(#3897),#3922,.T.);
#3897 = FACE_BOUND('',#3898,.T.);
#3898 = EDGE_LOOP('',(#3899,#3907,#3908,#3916));
#3899 = ORIENTED_EDGE('',*,*,#3900,.F.);
#3900 = EDGE_CURVE('',#2135,#3901,#3903,.T.);
#3901 = VERTEX_POINT('',#3902);
#3902 = CARTESIAN_POINT('',(-64.91709178187,15.8,-46.77056300192));
#3903 = LINE('',#3904,#3905);
#3904 = CARTESIAN_POINT('',(-66.31865190843,17.,-45.81367784076));
#3905 = VECTOR('',#3906,1.);
#3906 = DIRECTION('',(-0.674325930294,0.57735026919,0.460381587815));
#3907 = ORIENTED_EDGE('',*,*,#2134,.T.);
#3908 = ORIENTED_EDGE('',*,*,#3909,.T.);
#3909 = EDGE_CURVE('',#2137,#3910,#3912,.T.);
#3910 = VERTEX_POINT('',#3911);
#3911 = CARTESIAN_POINT('',(-64.91709178187,24.2,-46.77056300192));
#3912 = LINE('',#3913,#3914);
#3913 = CARTESIAN_POINT('',(-66.31865190843,23.,-45.81367784076));
#3914 = VECTOR('',#3915,1.);
#3915 = DIRECTION('',(-0.674325930294,-0.57735026919,0.460381587815));
#3916 = ORIENTED_EDGE('',*,*,#3917,.F.);
#3917 = EDGE_CURVE('',#3901,#3910,#3918,.T.);
#3918 = LINE('',#3919,#3920);
#3919 = CARTESIAN_POINT('',(-64.91709178187,15.8,-46.77056300192));
#3920 = VECTOR('',#3921,1.);
#3921 = DIRECTION('',(0.,1.,0.));
#3922 = PLANE('',#3923);
#3923 = AXIS2_PLACEMENT_3D('',#3924,#3925,#3926);
#3924 = CARTESIAN_POINT('',(-64.56670175023,15.8,-47.00978429221));
#3925 = DIRECTION('',(0.56384998856,4.E-16,0.825877224774));
#3926 = DIRECTION('',(-2.287454441817E-16,1.,-3.28162438417E-16));
#3927 = ADVANCED_FACE('',(#3928),#3946,.T.);
#3928 = FACE_BOUND('',#3929,.T.);
#3929 = EDGE_LOOP('',(#3930,#3938,#3939,#3940));
#3930 = ORIENTED_EDGE('',*,*,#3931,.F.);
#3931 = EDGE_CURVE('',#2153,#3932,#3934,.T.);
#3932 = VERTEX_POINT('',#3933);
#3933 = CARTESIAN_POINT('',(-66.47345416077,15.8,-38.51600449491));
#3934 = LINE('',#3935,#3936);
#3935 = CARTESIAN_POINT('',(-67.43033932193,17.,-39.91756462147));
#3936 = VECTOR('',#3937,1.);
#3937 = DIRECTION('',(-0.460381587815,0.57735026919,-0.674325930294));
#3938 = ORIENTED_EDGE('',*,*,#2160,.T.);
#3939 = ORIENTED_EDGE('',*,*,#3900,.T.);
#3940 = ORIENTED_EDGE('',*,*,#3941,.F.);
#3941 = EDGE_CURVE('',#3932,#3901,#3942,.T.);
#3942 = LINE('',#3943,#3944);
#3943 = CARTESIAN_POINT('',(-66.47345416077,15.8,-38.51600449491));
#3944 = VECTOR('',#3945,1.);
#3945 = DIRECTION('',(0.185281235583,0.,-0.982685536548));
#3946 = PLANE('',#3947);
#3947 = AXIS2_PLACEMENT_3D('',#3948,#3949,#3950);
#3948 = CARTESIAN_POINT('',(-66.1786484998,15.5,-38.46042012424));
#3949 = DIRECTION('',(0.694863606667,0.707106781187,0.131013618107));
#3950 = DIRECTION('',(0.185281235583,2.914335439641E-16,-0.982685536548)
  );
#3951 = ADVANCED_FACE('',(#3952),#3970,.T.);
#3952 = FACE_BOUND('',#3953,.T.);
#3953 = EDGE_LOOP('',(#3954,#3955,#3956,#3964));
#3954 = ORIENTED_EDGE('',*,*,#3909,.F.);
#3955 = ORIENTED_EDGE('',*,*,#2144,.T.);
#3956 = ORIENTED_EDGE('',*,*,#3957,.T.);
#3957 = EDGE_CURVE('',#2145,#3958,#3960,.T.);
#3958 = VERTEX_POINT('',#3959);
#3959 = CARTESIAN_POINT('',(-66.47345416077,24.2,-38.51600449491));
#3960 = LINE('',#3961,#3962);
#3961 = CARTESIAN_POINT('',(-67.43033932193,23.,-39.91756462147));
#3962 = VECTOR('',#3963,1.);
#3963 = DIRECTION('',(-0.460381587815,-0.57735026919,-0.674325930294));
#3964 = ORIENTED_EDGE('',*,*,#3965,.F.);
#3965 = EDGE_CURVE('',#3910,#3958,#3966,.T.);
#3966 = LINE('',#3967,#3968);
#3967 = CARTESIAN_POINT('',(-64.91709178187,24.2,-46.77056300192));
#3968 = VECTOR('',#3969,1.);
#3969 = DIRECTION('',(-0.185281235583,0.,0.982685536548));
#3970 = PLANE('',#3971);
#3971 = AXIS2_PLACEMENT_3D('',#3972,#3973,#3974);
#3972 = CARTESIAN_POINT('',(-64.62228612091,24.5,-46.71497863124));
#3973 = DIRECTION('',(0.694863606667,-0.707106781187,0.131013618107));
#3974 = DIRECTION('',(-0.185281235583,-2.22044604925E-16,0.982685536548)
  );
#3975 = ADVANCED_FACE('',(#3976),#3987,.T.);
#3976 = FACE_BOUND('',#3977,.T.);
#3977 = EDGE_LOOP('',(#3978,#3979,#3980,#3981));
#3978 = ORIENTED_EDGE('',*,*,#3957,.F.);
#3979 = ORIENTED_EDGE('',*,*,#2152,.T.);
#3980 = ORIENTED_EDGE('',*,*,#3931,.T.);
#3981 = ORIENTED_EDGE('',*,*,#3982,.F.);
#3982 = EDGE_CURVE('',#3958,#3932,#3983,.T.);
#3983 = LINE('',#3984,#3985);
#3984 = CARTESIAN_POINT('',(-66.47345416077,24.2,-38.51600449491));
#3985 = VECTOR('',#3986,1.);
#3986 = DIRECTION('',(0.,-1.,0.));
#3987 = PLANE('',#3988);
#3988 = AXIS2_PLACEMENT_3D('',#3989,#3990,#3991);
#3989 = CARTESIAN_POINT('',(-66.23423287048,24.2,-38.16561446327));
#3990 = DIRECTION('',(0.825877224774,1.3E-16,-0.56384998856));
#3991 = DIRECTION('',(1.097390278147E-16,-1.,-6.982182682936E-17));
#3992 = ADVANCED_FACE('',(#3993),#4018,.T.);
#3993 = FACE_BOUND('',#3994,.T.);
#3994 = EDGE_LOOP('',(#3995,#4003,#4004,#4012));
#3995 = ORIENTED_EDGE('',*,*,#3996,.F.);
#3996 = EDGE_CURVE('',#2169,#3997,#3999,.T.);
#3997 = VERTEX_POINT('',#3998);
#3998 = CARTESIAN_POINT('',(-64.91709178187,-24.2,-46.77056300192));
#3999 = LINE('',#4000,#4001);
#4000 = CARTESIAN_POINT('',(-66.31865190843,-23.,-45.81367784076));
#4001 = VECTOR('',#4002,1.);
#4002 = DIRECTION('',(-0.674325930294,0.57735026919,0.460381587815));
#4003 = ORIENTED_EDGE('',*,*,#2168,.T.);
#4004 = ORIENTED_EDGE('',*,*,#4005,.T.);
#4005 = EDGE_CURVE('',#2171,#4006,#4008,.T.);
#4006 = VERTEX_POINT('',#4007);
#4007 = CARTESIAN_POINT('',(-64.91709178187,-15.8,-46.77056300192));
#4008 = LINE('',#4009,#4010);
#4009 = CARTESIAN_POINT('',(-66.31865190843,-17.,-45.81367784076));
#4010 = VECTOR('',#4011,1.);
#4011 = DIRECTION('',(-0.674325930294,-0.57735026919,0.460381587815));
#4012 = ORIENTED_EDGE('',*,*,#4013,.F.);
#4013 = EDGE_CURVE('',#3997,#4006,#4014,.T.);
#4014 = LINE('',#4015,#4016);
#4015 = CARTESIAN_POINT('',(-64.91709178187,-24.2,-46.77056300192));
#4016 = VECTOR('',#4017,1.);
#4017 = DIRECTION('',(0.,1.,0.));
#4018 = PLANE('',#4019);
#4019 = AXIS2_PLACEMENT_3D('',#4020,#4021,#4022);
#4020 = CARTESIAN_POINT('',(-64.56670175023,-24.2,-47.00978429221));
#4021 = DIRECTION('',(0.56384998856,-1.9E-16,0.825877224774));
#4022 = DIRECTION('',(1.076522105719E-16,1.,1.565611672315E-16));
#4023 = ADVANCED_FACE('',(#4024),#4042,.T.);
#4024 = FACE_BOUND('',#4025,.T.);
#4025 = EDGE_LOOP('',(#4026,#4034,#4035,#4036));
#4026 = ORIENTED_EDGE('',*,*,#4027,.F.);
#4027 = EDGE_CURVE('',#2187,#4028,#4030,.T.);
#4028 = VERTEX_POINT('',#4029);
#4029 = CARTESIAN_POINT('',(-66.47345416077,-24.2,-38.51600449491));
#4030 = LINE('',#4031,#4032);
#4031 = CARTESIAN_POINT('',(-67.43033932193,-23.,-39.91756462147));
#4032 = VECTOR('',#4033,1.);
#4033 = DIRECTION('',(-0.460381587815,0.57735026919,-0.674325930294));
#4034 = ORIENTED_EDGE('',*,*,#2194,.T.);
#4035 = ORIENTED_EDGE('',*,*,#3996,.T.);
#4036 = ORIENTED_EDGE('',*,*,#4037,.F.);
#4037 = EDGE_CURVE('',#4028,#3997,#4038,.T.);
#4038 = LINE('',#4039,#4040);
#4039 = CARTESIAN_POINT('',(-66.47345416077,-24.2,-38.51600449491));
#4040 = VECTOR('',#4041,1.);
#4041 = DIRECTION('',(0.185281235583,0.,-0.982685536548));
#4042 = PLANE('',#4043);
#4043 = AXIS2_PLACEMENT_3D('',#4044,#4045,#4046);
#4044 = CARTESIAN_POINT('',(-66.1786484998,-24.5,-38.46042012424));
#4045 = DIRECTION('',(0.694863606667,0.707106781187,0.131013618107));
#4046 = DIRECTION('',(0.185281235583,2.081668171172E-16,-0.982685536548)
  );
#4047 = ADVANCED_FACE('',(#4048),#4066,.T.);
#4048 = FACE_BOUND('',#4049,.T.);
#4049 = EDGE_LOOP('',(#4050,#4051,#4052,#4060));
#4050 = ORIENTED_EDGE('',*,*,#4005,.F.);
#4051 = ORIENTED_EDGE('',*,*,#2178,.T.);
#4052 = ORIENTED_EDGE('',*,*,#4053,.T.);
#4053 = EDGE_CURVE('',#2179,#4054,#4056,.T.);
#4054 = VERTEX_POINT('',#4055);
#4055 = CARTESIAN_POINT('',(-66.47345416077,-15.8,-38.51600449491));
#4056 = LINE('',#4057,#4058);
#4057 = CARTESIAN_POINT('',(-67.43033932193,-17.,-39.91756462147));
#4058 = VECTOR('',#4059,1.);
#4059 = DIRECTION('',(-0.460381587815,-0.57735026919,-0.674325930294));
#4060 = ORIENTED_EDGE('',*,*,#4061,.F.);
#4061 = EDGE_CURVE('',#4006,#4054,#4062,.T.);
#4062 = LINE('',#4063,#4064);
#4063 = CARTESIAN_POINT('',(-64.91709178187,-15.8,-46.77056300192));
#4064 = VECTOR('',#4065,1.);
#4065 = DIRECTION('',(-0.185281235583,0.,0.982685536548));
#4066 = PLANE('',#4067);
#4067 = AXIS2_PLACEMENT_3D('',#4068,#4069,#4070);
#4068 = CARTESIAN_POINT('',(-64.62228612091,-15.5,-46.71497863124));
#4069 = DIRECTION('',(0.694863606667,-0.707106781187,0.131013618107));
#4070 = DIRECTION('',(-0.185281235583,-8.326672684689E-17,0.982685536548
    ));
#4071 = ADVANCED_FACE('',(#4072),#4083,.T.);
#4072 = FACE_BOUND('',#4073,.T.);
#4073 = EDGE_LOOP('',(#4074,#4075,#4076,#4077));
#4074 = ORIENTED_EDGE('',*,*,#4053,.F.);
#4075 = ORIENTED_EDGE('',*,*,#2186,.T.);
#4076 = ORIENTED_EDGE('',*,*,#4027,.T.);
#4077 = ORIENTED_EDGE('',*,*,#4078,.F.);
#4078 = EDGE_CURVE('',#4054,#4028,#4079,.T.);
#4079 = LINE('',#4080,#4081);
#4080 = CARTESIAN_POINT('',(-66.47345416077,-15.8,-38.51600449491));
#4081 = VECTOR('',#4082,1.);
#4082 = DIRECTION('',(0.,-1.,0.));
#4083 = PLANE('',#4084);
#4084 = AXIS2_PLACEMENT_3D('',#4085,#4086,#4087);
#4085 = CARTESIAN_POINT('',(-66.23423287048,-15.8,-38.16561446327));
#4086 = DIRECTION('',(0.825877224774,-2.8E-16,-0.56384998856));
#4087 = DIRECTION('',(-2.29861450946E-16,-1.,1.599054086005E-16));
#4088 = ADVANCED_FACE('',(#4089),#4094,.F.);
#4089 = FACE_BOUND('',#4090,.F.);
#4090 = EDGE_LOOP('',(#4091,#4092,#4093));
#4091 = ORIENTED_EDGE('',*,*,#2208,.F.);
#4092 = ORIENTED_EDGE('',*,*,#2388,.T.);
#4093 = ORIENTED_EDGE('',*,*,#3877,.F.);
#4094 = SPHERICAL_SURFACE('',#4095,4.);
#4095 = AXIS2_PLACEMENT_3D('',#4096,#4097,#4098);
#4096 = CARTESIAN_POINT('',(-59.87795085412,26.78,-48.66978882057));
#4097 = DIRECTION('',(0.,-1.,0.));
#4098 = DIRECTION('',(-0.982685536548,-0.,-0.185281235583));
#4099 = ADVANCED_FACE('',(#4100),#4112,.F.);
#4100 = FACE_BOUND('',#4101,.F.);
#4101 = EDGE_LOOP('',(#4102,#4109,#4110,#4111));
#4102 = ORIENTED_EDGE('',*,*,#4103,.F.);
#4103 = EDGE_CURVE('',#2246,#2287,#4104,.T.);
#4104 = CIRCLE('',#4105,4.);
#4105 = AXIS2_PLACEMENT_3D('',#4106,#4107,#4108);
#4106 = CARTESIAN_POINT('',(69.934493228278,26.78,-24.19419704775));
#4107 = DIRECTION('',(1.398E-14,1.,-7.436E-14));
#4108 = DIRECTION('',(0.185281235583,-7.566272817117E-14,-0.982685536548
    ));
#4109 = ORIENTED_EDGE('',*,*,#2245,.T.);
#4110 = ORIENTED_EDGE('',*,*,#2360,.T.);
#4111 = ORIENTED_EDGE('',*,*,#2286,.F.);
#4112 = CYLINDRICAL_SURFACE('',#4113,4.);
#4113 = AXIS2_PLACEMENT_3D('',#4114,#4115,#4116);
#4114 = CARTESIAN_POINT('',(69.934493228278,30.78,-24.19419704775));
#4115 = DIRECTION('',(0.,-1.,2.2E-16));
#4116 = DIRECTION('',(0.185281235583,-2.161908180406E-16,-0.982685536548
    ));
#4117 = ADVANCED_FACE('',(#4118),#4123,.F.);
#4118 = FACE_BOUND('',#4119,.F.);
#4119 = EDGE_LOOP('',(#4120,#4121,#4122));
#4120 = ORIENTED_EDGE('',*,*,#2269,.F.);
#4121 = ORIENTED_EDGE('',*,*,#4103,.T.);
#4122 = ORIENTED_EDGE('',*,*,#2396,.F.);
#4123 = SPHERICAL_SURFACE('',#4124,4.);
#4124 = AXIS2_PLACEMENT_3D('',#4125,#4126,#4127);
#4125 = CARTESIAN_POINT('',(69.934493228278,26.78,-24.19419704775));
#4126 = DIRECTION('',(-0.982685536548,-4.E-17,-0.185281235583));
#4127 = DIRECTION('',(1.411331109456E-14,1.,-7.506937570701E-14));
#4128 = ADVANCED_FACE('',(#4129),#4140,.T.);
#4129 = FACE_BOUND('',#4130,.T.);
#4130 = EDGE_LOOP('',(#4131,#4137,#4138,#4139));
#4131 = ORIENTED_EDGE('',*,*,#4132,.F.);
#4132 = EDGE_CURVE('',#3769,#2325,#4133,.T.);
#4133 = ( BOUNDED_CURVE() B_SPLINE_CURVE(2,(#4134,#4135,#4136),
.UNSPECIFIED.,.F.,.F.) B_SPLINE_CURVE_WITH_KNOTS((3,3),(0.,
8.400000000019),.PIECEWISE_BEZIER_KNOTS.) CURVE() 
GEOMETRIC_REPRESENTATION_ITEM() RATIONAL_B_SPLINE_CURVE((1.,
0.851469318296,1.)) REPRESENTATION_ITEM('') );
#4134 = CARTESIAN_POINT('',(-63.47518677626,-4.200000000003,
    -51.17974772868));
#4135 = CARTESIAN_POINT('',(-61.97817547836,-4.200000000003,
    -53.13625550817));
#4136 = CARTESIAN_POINT('',(-59.55730307919,-4.200000000003,
    -52.67981017279));
#4137 = ORIENTED_EDGE('',*,*,#3776,.T.);
#4138 = ORIENTED_EDGE('',*,*,#3796,.T.);
#4139 = ORIENTED_EDGE('',*,*,#2331,.F.);
#4140 = ( BOUNDED_SURFACE() B_SPLINE_SURFACE(2,8,(
    (#4141,#4142,#4143,#4144,#4145,#4146,#4147,#4148,#4149)
    ,(#4150,#4151,#4152,#4153,#4154,#4155,#4156,#4157,#4158)
    ,(#4159,#4160,#4161,#4162,#4163,#4164,#4165,#4166,#4167
)),.UNSPECIFIED.,.F.,.F.,.F.) B_SPLINE_SURFACE_WITH_KNOTS((3,3),(9,9),(
    0.,5.332916650389),(34.980000000005,40.312916650394),
.PIECEWISE_BEZIER_KNOTS.) GEOMETRIC_REPRESENTATION_ITEM() 
RATIONAL_B_SPLINE_SURFACE((
    (1.,1.,1.,1.,1.,1.,1.,1.,1.)
    ,(0.851469318296,0.851469318296,0.847225861324,0.838794016684
      ,0.825703457382,0.807855860779,0.783506908518,0.751995434885
      ,0.707106781187)
,(1.,1.,1.,1.,1.,1.,1.,1.,1.))) REPRESENTATION_ITEM('') SURFACE() );
#4141 = CARTESIAN_POINT('',(-59.55730307919,-4.200000000005,
    -52.67981017279));
#4142 = CARTESIAN_POINT('',(-59.55730307919,-4.866614581303,
    -52.67981017279));
#4143 = CARTESIAN_POINT('',(-59.52878701605,-5.533229162602,
    -52.67443358871));
#4144 = CARTESIAN_POINT('',(-59.47129741911,-6.199843743901,
    -52.66359416637));
#4145 = CARTESIAN_POINT('',(-59.39183325107,-6.866458325199,
    -52.64861153084));
#4146 = CARTESIAN_POINT('',(-59.29757495426,-7.533072906498,
    -52.63083952438));
#4147 = CARTESIAN_POINT('',(-59.20911937965,-8.199687487797,
    -52.61416159686));
#4148 = CARTESIAN_POINT('',(-59.13682591179,-8.866302069095,
    -52.60053096676));
#4149 = CARTESIAN_POINT('',(-59.13682591179,-9.532916650394,
    -52.60053096676));
#4150 = CARTESIAN_POINT('',(-61.97817547836,-4.200000000005,
    -53.13625550817));
#4151 = CARTESIAN_POINT('',(-61.97817547836,-4.866614581303,
    -53.13625550817));
#4152 = CARTESIAN_POINT('',(-61.99349881014,-5.53982683653,
    -53.1391446581));
#4153 = CARTESIAN_POINT('',(-62.02439691443,-6.216963922322,
    -53.14497036605));
#4154 = CARTESIAN_POINT('',(-62.07942313032,-6.894093716972,
    -53.15534532822));
#4155 = CARTESIAN_POINT('',(-62.17287744789,-7.572287376712,
    -53.17296574776));
#4156 = CARTESIAN_POINT('',(-62.33373549677,-8.242465241138,
    -53.20329485808));
#4157 = CARTESIAN_POINT('',(-62.59829466936,-8.906094107321,
    -53.25317638026));
#4158 = CARTESIAN_POINT('',(-63.06756805798,-9.532916650394,
    -53.3416559091));
#4159 = CARTESIAN_POINT('',(-63.47518677626,-4.200000000005,
    -51.17974772868));
#4160 = CARTESIAN_POINT('',(-63.47518677626,-4.866614581304,
    -51.17974772869));
#4161 = CARTESIAN_POINT('',(-63.4858834706,-5.533229162602,
    -51.12301512549));
#4162 = CARTESIAN_POINT('',(-63.50724720868,-6.199843743901,
    -51.00970717851));
#4163 = CARTESIAN_POINT('',(-63.53977745906,-6.866458325199,
    -50.83717483091));
#4164 = CARTESIAN_POINT('',(-63.58401275994,-7.533072906498,
    -50.60256181009));
#4165 = CARTESIAN_POINT('',(-63.64173754055,-8.199687487797,
    -50.29640394782));
#4166 = CARTESIAN_POINT('',(-63.71459660138,-8.866302069095,
    -49.90997763182));
#4167 = CARTESIAN_POINT('',(-63.80869300031,-9.532916650394,
    -49.4109137629));
#4168 = ADVANCED_FACE('',(#4169),#4184,.T.);
#4169 = FACE_BOUND('',#4170,.T.);
#4170 = EDGE_LOOP('',(#4171,#4177,#4182,#4183));
#4171 = ORIENTED_EDGE('',*,*,#4172,.F.);
#4172 = EDGE_CURVE('',#3839,#2311,#4173,.T.);
#4173 = ( BOUNDED_CURVE() B_SPLINE_CURVE(2,(#4174,#4175,#4176),
.UNSPECIFIED.,.F.,.F.) B_SPLINE_CURVE_WITH_KNOTS((3,3),(0.,
5.332916650367),.PIECEWISE_BEZIER_KNOTS.) CURVE() 
GEOMETRIC_REPRESENTATION_ITEM() RATIONAL_B_SPLINE_CURVE((1.,
0.851469318296,1.)) REPRESENTATION_ITEM('') );
#4174 = CARTESIAN_POINT('',(-63.47518677626,4.200000000015,
    -51.17974772868));
#4175 = CARTESIAN_POINT('',(-61.97817547836,4.200000000015,
    -53.13625550817));
#4176 = CARTESIAN_POINT('',(-59.55730307866,4.200000000015,
    -52.67981017269));
#4177 = ORIENTED_EDGE('',*,*,#4178,.T.);
#4178 = EDGE_CURVE('',#3839,#3769,#4179,.T.);
#4179 = B_SPLINE_CURVE_WITH_KNOTS('',1,(#4180,#4181),.UNSPECIFIED.,.F.,
  .F.,(2,2),(26.579999999984,34.980000000003),.PIECEWISE_BEZIER_KNOTS.);
#4180 = CARTESIAN_POINT('',(-63.47518677626,4.200000000016,
    -51.17974772868));
#4181 = CARTESIAN_POINT('',(-63.47518677626,-4.200000000003,
    -51.17974772868));
#4182 = ORIENTED_EDGE('',*,*,#4132,.T.);
#4183 = ORIENTED_EDGE('',*,*,#2324,.F.);
#4184 = ( BOUNDED_SURFACE() B_SPLINE_SURFACE(2,1,(
    (#4185,#4186)
    ,(#4187,#4188)
    ,(#4189,#4190
)),.UNSPECIFIED.,.F.,.F.,.F.) B_SPLINE_SURFACE_WITH_KNOTS((3,3),(2,2),(
    0.,8.400000000019),(26.579999999984,34.980000000003),
.PIECEWISE_BEZIER_KNOTS.) GEOMETRIC_REPRESENTATION_ITEM() 
RATIONAL_B_SPLINE_SURFACE((
    (1.,1.)
    ,(0.851469318296,0.851469318296)
,(1.,1.))) REPRESENTATION_ITEM('') SURFACE() );
#4185 = CARTESIAN_POINT('',(-59.55730307919,4.200000000016,
    -52.67981017279));
#4186 = CARTESIAN_POINT('',(-59.55730307919,-4.200000000003,
    -52.67981017279));
#4187 = CARTESIAN_POINT('',(-61.97817547836,4.200000000016,
    -53.13625550817));
#4188 = CARTESIAN_POINT('',(-61.97817547836,-4.200000000003,
    -53.13625550817));
#4189 = CARTESIAN_POINT('',(-63.47518677626,4.200000000016,
    -51.17974772868));
#4190 = CARTESIAN_POINT('',(-63.47518677626,-4.200000000003,
    -51.17974772868));
#4191 = ADVANCED_FACE('',(#4192),#4198,.T.);
#4192 = FACE_BOUND('',#4193,.T.);
#4193 = EDGE_LOOP('',(#4194,#4195,#4196,#4197));
#4194 = ORIENTED_EDGE('',*,*,#3885,.F.);
#4195 = ORIENTED_EDGE('',*,*,#3838,.T.);
#4196 = ORIENTED_EDGE('',*,*,#4172,.T.);
#4197 = ORIENTED_EDGE('',*,*,#2310,.F.);
#4198 = ( BOUNDED_SURFACE() B_SPLINE_SURFACE(2,8,(
    (#4199,#4200,#4201,#4202,#4203,#4204,#4205,#4206,#4207)
    ,(#4208,#4209,#4210,#4211,#4212,#4213,#4214,#4215,#4216)
    ,(#4217,#4218,#4219,#4220,#4221,#4222,#4223,#4224,#4225
)),.UNSPECIFIED.,.F.,.F.,.F.) B_SPLINE_SURFACE_WITH_KNOTS((3,3),(9,9),(
    0.,5.332916650367),(21.247083349619,26.579999999985),
.PIECEWISE_BEZIER_KNOTS.) GEOMETRIC_REPRESENTATION_ITEM() 
RATIONAL_B_SPLINE_SURFACE((
    (1.,1.,1.,1.,1.,1.,1.,1.,1.)
    ,(0.707106781187,0.751995434885,0.783506908517,0.807855860779
      ,0.825703457382,0.838794016684,0.847225861324,0.851469318296
      ,0.851469318296)
,(1.,1.,1.,1.,1.,1.,1.,1.,1.))) REPRESENTATION_ITEM('') SURFACE() );
#4199 = CARTESIAN_POINT('',(-59.13682591179,9.532916650381,
    -52.60053096676));
#4200 = CARTESIAN_POINT('',(-59.13682591179,8.866302069085,
    -52.60053096676));
#4201 = CARTESIAN_POINT('',(-59.20911937965,8.19968748779,
    -52.61416159686));
#4202 = CARTESIAN_POINT('',(-59.29757495426,7.533072906494,
    -52.63083952438));
#4203 = CARTESIAN_POINT('',(-59.39183325107,6.866458325198,
    -52.64861153084));
#4204 = CARTESIAN_POINT('',(-59.47129741911,6.199843743902,
    -52.66359416637));
#4205 = CARTESIAN_POINT('',(-59.52878701604,5.533229162606,
    -52.67443358871));
#4206 = CARTESIAN_POINT('',(-59.55730307919,4.866614581311,
    -52.67981017279));
#4207 = CARTESIAN_POINT('',(-59.55730307866,4.200000000015,
    -52.67981017269));
#4208 = CARTESIAN_POINT('',(-63.06756805798,9.532916650381,
    -53.3416559091));
#4209 = CARTESIAN_POINT('',(-62.59829466936,8.906094107311,
    -53.25317638026));
#4210 = CARTESIAN_POINT('',(-62.33373549677,8.24246524113,
    -53.20329485808));
#4211 = CARTESIAN_POINT('',(-62.17287744789,7.572287376708,
    -53.17296574776));
#4212 = CARTESIAN_POINT('',(-62.07942313032,6.894093716971,
    -53.15534532822));
#4213 = CARTESIAN_POINT('',(-62.02439691443,6.216963922324,
    -53.14497036605));
#4214 = CARTESIAN_POINT('',(-61.99349881014,5.539826836535,
    -53.1391446581));
#4215 = CARTESIAN_POINT('',(-61.97817547836,4.866614581311,
    -53.13625550817));
#4216 = CARTESIAN_POINT('',(-61.97817547836,4.200000000015,
    -53.13625550817));
#4217 = CARTESIAN_POINT('',(-63.80869300031,9.532916650381,
    -49.4109137629));
#4218 = CARTESIAN_POINT('',(-63.71459660138,8.866302069085,
    -49.90997763182));
#4219 = CARTESIAN_POINT('',(-63.64173754055,8.19968748779,
    -50.29640394781));
#4220 = CARTESIAN_POINT('',(-63.58401275994,7.533072906494,
    -50.60256181009));
#4221 = CARTESIAN_POINT('',(-63.53977745906,6.866458325198,
    -50.8371748309));
#4222 = CARTESIAN_POINT('',(-63.50724720869,6.199843743902,
    -51.00970717851));
#4223 = CARTESIAN_POINT('',(-63.48588347061,5.533229162606,
    -51.12301512549));
#4224 = CARTESIAN_POINT('',(-63.47518677626,4.866614581311,
    -51.17974772868));
#4225 = CARTESIAN_POINT('',(-63.47518677626,4.200000000015,
    -51.17974772868));
#4226 = ADVANCED_FACE('',(#4227),#4244,.T.);
#4227 = FACE_BOUND('',#4228,.T.);
#4228 = EDGE_LOOP('',(#4229,#4237,#4243));
#4229 = ORIENTED_EDGE('',*,*,#4230,.F.);
#4230 = EDGE_CURVE('',#4231,#2413,#4233,.T.);
#4231 = VERTEX_POINT('',#4232);
#4232 = CARTESIAN_POINT('',(-63.47532663915,-35.71149301867,
    -7.814542756042));
#4233 = LINE('',#4234,#4235);
#4234 = CARTESIAN_POINT('',(-63.46294556718,-35.76015911992,
    -8.861508420841));
#4235 = VECTOR('',#4236,1.);
#4236 = DIRECTION('',(-1.181209230586E-02,4.642962107417E-02,
    0.998851723111));
#4237 = ORIENTED_EDGE('',*,*,#4238,.F.);
#4238 = EDGE_CURVE('',#2422,#4231,#4239,.T.);
#4239 = LINE('',#4240,#4241);
#4240 = CARTESIAN_POINT('',(68.26846664848,-35.71149301867,
    17.025196807482));
#4241 = VECTOR('',#4242,1.);
#4242 = DIRECTION('',(-0.982685536548,0.,-0.185281235583));
#4243 = ORIENTED_EDGE('',*,*,#2429,.F.);
#4244 = PLANE('',#4245);
#4245 = AXIS2_PLACEMENT_3D('',#4246,#4247,#4248);
#4246 = CARTESIAN_POINT('',(66.181974712617,-35.18,28.091430476788));
#4247 = DIRECTION('',(-8.734952849304E-03,-0.998888089649,
    4.632801481726E-02));
#4248 = DIRECTION('',(0.185075219459,-4.714429295459E-02,-0.981592878328
    ));
#4249 = ADVANCED_FACE('',(#4250),#4261,.T.);
#4250 = FACE_BOUND('',#4251,.T.);
#4251 = EDGE_LOOP('',(#4252,#4253,#4259,#4260));
#4252 = ORIENTED_EDGE('',*,*,#3706,.F.);
#4253 = ORIENTED_EDGE('',*,*,#4254,.T.);
#4254 = EDGE_CURVE('',#3707,#4231,#4255,.T.);
#4255 = ( BOUNDED_CURVE() B_SPLINE_CURVE(2,(#4256,#4257,#4258),
.UNSPECIFIED.,.F.,.F.) B_SPLINE_CURVE_WITH_KNOTS((3,3),(0.,1.29118228509
),.PIECEWISE_BEZIER_KNOTS.) CURVE() GEOMETRIC_REPRESENTATION_ITEM() 
RATIONAL_B_SPLINE_CURVE((1.,0.709995253702,1.)) REPRESENTATION_ITEM('') 
  );
#4256 = CARTESIAN_POINT('',(-69.42249742653,-29.71816448078,
    -8.163459912836));
#4257 = CARTESIAN_POINT('',(-69.42576470683,-35.66282691741,
    -7.887172827831));
#4258 = CARTESIAN_POINT('',(-63.47532663915,-35.71149301867,
    -7.814542756042));
#4259 = ORIENTED_EDGE('',*,*,#4230,.T.);
#4260 = ORIENTED_EDGE('',*,*,#2451,.F.);
#4261 = CYLINDRICAL_SURFACE('',#4262,6.);
#4262 = AXIS2_PLACEMENT_3D('',#4263,#4264,#4265);
#4263 = CARTESIAN_POINT('',(-63.41053585008,-29.76683058203,
    -9.139476509745));
#4264 = DIRECTION('',(-1.181209230586E-02,4.642962107417E-02,
    0.998851723111));
#4265 = DIRECTION('',(-0.99993008408,1.019150042136E-17,
    -1.182484464838E-02));
#4266 = ADVANCED_FACE('',(#4267),#4374,.T.);
#4267 = FACE_BOUND('',#4268,.T.);
#4268 = EDGE_LOOP('',(#4269,#4300,#4301,#4302,#4318,#4340,#4348,#4357));
#4269 = ORIENTED_EDGE('',*,*,#4270,.F.);
#4270 = EDGE_CURVE('',#2504,#4271,#4273,.T.);
#4271 = VERTEX_POINT('',#4272);
#4272 = CARTESIAN_POINT('',(65.020010086823,-35.775929322,
    -2.611311862116));
#4273 = B_SPLINE_CURVE_WITH_KNOTS('',7,(#4274,#4275,#4276,#4277,#4278,
    #4279,#4280,#4281,#4282,#4283,#4284,#4285,#4286,#4287,#4288,#4289,
    #4290,#4291,#4292,#4293,#4294,#4295,#4296,#4297,#4298,#4299),
  .UNSPECIFIED.,.F.,.F.,(8,6,6,6,8),(-3.207890054255,-2.286280579183,0.,
    3.02649843176,3.239320570552),.UNSPECIFIED.);
#4274 = CARTESIAN_POINT('',(62.797388573341,-35.93858931945,
    3.363698235371));
#4275 = CARTESIAN_POINT('',(62.843597312462,-35.93661274196,
    3.239462901876));
#4276 = CARTESIAN_POINT('',(62.889700683058,-35.9346406716,
    3.115510858815));
#4277 = CARTESIAN_POINT('',(62.935698685131,-35.93267310838,
    2.991842106186));
#4278 = CARTESIAN_POINT('',(62.98159131868,-35.93071005229,2.86845664399
    ));
#4279 = CARTESIAN_POINT('',(63.027378583705,-35.92875150333,
    2.745354472227));
#4280 = CARTESIAN_POINT('',(63.073060480206,-35.92679746152,
    2.622535590897));
#4281 = CARTESIAN_POINT('',(63.23170087482,-35.92001162317,
    2.196020115564));
#4282 = CARTESIAN_POINT('',(63.344760820687,-35.91461792549,
    1.892050772336));
#4283 = CARTESIAN_POINT('',(63.457816443526,-35.90866687314,
    1.588093051826));
#4284 = CARTESIAN_POINT('',(63.570867341066,-35.90215850549,
    1.284148035545));
#4285 = CARTESIAN_POINT('',(63.683913111054,-35.8950928619,
    0.980216805003));
#4286 = CARTESIAN_POINT('',(63.796953351221,-35.88746998172,
    0.67630044171));
#4287 = CARTESIAN_POINT('',(64.059618531069,-35.86846140335,
    -2.989273442263E-02));
#4288 = CARTESIAN_POINT('',(64.209296180075,-35.85664090503,
    -0.432377672487));
#4289 = CARTESIAN_POINT('',(64.358571948302,-35.8439427396,
    -0.833411492562));
#4290 = CARTESIAN_POINT('',(64.509216316469,-35.82995846051,
    -1.239066497873));
#4291 = CARTESIAN_POINT('',(64.656107720238,-35.81569645041,
    -1.633179900851));
#4292 = CARTESIAN_POINT('',(64.813956615494,-35.79892216342,
    -2.058412422032));
#4293 = CARTESIAN_POINT('',(64.961844713576,-35.7824794098,
    -2.455291609072));
#4294 = CARTESIAN_POINT('',(64.971554133648,-35.78139590248,
    -2.481344816058));
#4295 = CARTESIAN_POINT('',(64.981257079715,-35.78030915127,
    -2.507377134334));
#4296 = CARTESIAN_POINT('',(64.99095384992,-35.7792191369,
    -2.533389280988));
#4297 = CARTESIAN_POINT('',(65.00064474241,-35.77812584008,
    -2.559381973111));
#4298 = CARTESIAN_POINT('',(65.01033005533,-35.77702924154,
    -2.58535592779));
#4299 = CARTESIAN_POINT('',(65.020010086823,-35.775929322,
    -2.611311862116));
#4300 = ORIENTED_EDGE('',*,*,#2503,.F.);
#4301 = ORIENTED_EDGE('',*,*,#4238,.T.);
#4302 = ORIENTED_EDGE('',*,*,#4303,.F.);
#4303 = EDGE_CURVE('',#4304,#4231,#4306,.T.);
#4304 = VERTEX_POINT('',#4305);
#4305 = CARTESIAN_POINT('',(-63.45402767638,-35.76735073912,
    -9.09549789966));
#4306 = ( BOUNDED_CURVE() B_SPLINE_CURVE(10,(#4307,#4308,#4309,#4310,
    #4311,#4312,#4313,#4314,#4315,#4316,#4317),.UNSPECIFIED.,.F.,.F.) 
B_SPLINE_CURVE_WITH_KNOTS((11,11),(46.991581992722,48.282764277812),
.PIECEWISE_BEZIER_KNOTS.) CURVE() GEOMETRIC_REPRESENTATION_ITEM() 
RATIONAL_B_SPLINE_CURVE((1.,1.,1.,1.,1.,1.,1.,1.,1.,1.,1.)) 
REPRESENTATION_ITEM('') );
#4307 = CARTESIAN_POINT('',(-63.45402767638,-35.76735073912,
    -9.09549789966));
#4308 = CARTESIAN_POINT('',(-63.45615912167,-35.76213555375,
    -8.967324139621));
#4309 = CARTESIAN_POINT('',(-63.45828786822,-35.75684239108,
    -8.839276836969));
#4310 = CARTESIAN_POINT('',(-63.46042126351,-35.75145748862,
    -8.711014610143));
#4311 = CARTESIAN_POINT('',(-63.46254653686,-35.74600459002,
    -8.583127244363));
#4312 = CARTESIAN_POINT('',(-63.46467976703,-35.740454546,
    -8.454882015239));
#4313 = CARTESIAN_POINT('',(-63.46680733388,-35.7348313793,
    -8.326892902409));
#4314 = CARTESIAN_POINT('',(-63.46893807095,-35.7291196396,
    -8.198761018539));
#4315 = CARTESIAN_POINT('',(-63.4710674498,-35.72332730963,
    -8.070692882083));
#4316 = CARTESIAN_POINT('',(-63.47319708845,-35.71745157434,
    -7.942614912616));
#4317 = CARTESIAN_POINT('',(-63.47532663915,-35.71149301867,
    -7.814542756042));
#4318 = ORIENTED_EDGE('',*,*,#4319,.F.);
#4319 = EDGE_CURVE('',#4320,#4304,#4322,.T.);
#4320 = VERTEX_POINT('',#4321);
#4321 = CARTESIAN_POINT('',(-59.10010363626,-33.08020886563,
    -52.78249194485));
#4322 = ( BOUNDED_CURVE() B_SPLINE_CURVE(6,(#4323,#4324,#4325,#4326,
    #4327,#4328,#4329,#4330,#4331,#4332,#4333,#4334,#4335,#4336,#4337,
#4338,#4339),.UNSPECIFIED.,.F.,.F.) B_SPLINE_CURVE_WITH_KNOTS((7,5,5,7),
  (1.843873232777,21.527876985064,46.719213425487,46.991581992722),
.UNSPECIFIED.) CURVE() GEOMETRIC_REPRESENTATION_ITEM() 
RATIONAL_B_SPLINE_CURVE((1.,1.,1.,1.,1.,1.,1.,1.,1.,1.,1.,1.,1.,1.,1.,1.
,1.)) REPRESENTATION_ITEM('') );
#4323 = CARTESIAN_POINT('',(-59.10010363626,-33.08020886563,
    -52.78249194485));
#4324 = CARTESIAN_POINT('',(-59.66977807189,-33.60077089493,
    -49.6885389969));
#4325 = CARTESIAN_POINT('',(-60.19951641866,-34.06708110478,
    -46.56453614843));
#4326 = CARTESIAN_POINT('',(-60.68632817463,-34.47675654433,
    -43.42052915201));
#4327 = CARTESIAN_POINT('',(-61.12953555444,-34.82952734771,
    -40.25758315871));
#4328 = CARTESIAN_POINT('',(-61.52772618988,-35.12459652211,
    -37.0810891145));
#4329 = CARTESIAN_POINT('',(-62.33148491775,-35.66574628586,
    -29.81715588141));
#4330 = CARTESIAN_POINT('',(-62.707912758,-35.87498284572,
    -25.72348232098));
#4331 = CARTESIAN_POINT('',(-63.00807433421,-35.98955555195,
    -21.62341441776));
#4332 = CARTESIAN_POINT('',(-63.2312817662,-36.01006868882,
    -17.52355343521));
#4333 = CARTESIAN_POINT('',(-63.37801359667,-35.93887560547,
    -13.43732621989));
#4334 = CARTESIAN_POINT('',(-63.45018625626,-35.77641676346,
    -9.321035609326));
#4335 = CARTESIAN_POINT('',(-63.45097084551,-35.77462883123,
    -9.276006526957));
#4336 = CARTESIAN_POINT('',(-63.45175221847,-35.77281926228,
    -9.230709109393));
#4337 = CARTESIAN_POINT('',(-63.45252181029,-35.77100358347,
    -9.18553992149));
#4338 = CARTESIAN_POINT('',(-63.45327831317,-35.76918426873,
    -9.140560609217));
#4339 = CARTESIAN_POINT('',(-63.45402767638,-35.76735073912,
    -9.09549789966));
#4340 = ORIENTED_EDGE('',*,*,#4341,.F.);
#4341 = EDGE_CURVE('',#4342,#4320,#4344,.T.);
#4342 = VERTEX_POINT('',#4343);
#4343 = CARTESIAN_POINT('',(70.710009030417,-33.08020886563,
    -28.30733975068));
#4344 = LINE('',#4345,#4346);
#4345 = CARTESIAN_POINT('',(76.606122249706,-33.08020886563,
    -27.19565233718));
#4346 = VECTOR('',#4347,1.);
#4347 = DIRECTION('',(-0.982685536548,0.,-0.185281235583));
#4348 = ORIENTED_EDGE('',*,*,#4349,.F.);
#4349 = EDGE_CURVE('',#4350,#4342,#4352,.T.);
#4350 = VERTEX_POINT('',#4351);
#4351 = CARTESIAN_POINT('',(67.634821082935,-35.16343196138,
    -11.99730863148));
#4352 = CIRCLE('',#4353,213.89338386691);
#4353 = AXIS2_PLACEMENT_3D('',#4354,#4355,#4356);
#4354 = CARTESIAN_POINT('',(64.240702052047,177.94406058062,
    6.004253536883));
#4355 = DIRECTION('',(0.982685536548,-4.336808689942E-17,0.185281235583)
  );
#4356 = DIRECTION('',(1.542314830594E-02,-0.996529376619,
    -8.180053808803E-02));
#4357 = ORIENTED_EDGE('',*,*,#4358,.F.);
#4358 = EDGE_CURVE('',#4271,#4350,#4359,.T.);
#4359 = ( BOUNDED_CURVE() B_SPLINE_CURVE(7,(#4360,#4361,#4362,#4363,
    #4364,#4365,#4366,#4367,#4368,#4369,#4370,#4371,#4372,#4373),
.UNSPECIFIED.,.F.,.F.) B_SPLINE_CURVE_WITH_KNOTS((8,6,8),(3.239320570552
,13.499408523372,14.012515012661),.UNSPECIFIED.) CURVE() 
GEOMETRIC_REPRESENTATION_ITEM() RATIONAL_B_SPLINE_CURVE((1.,1.,1.,1.,1.,
1.,1.,1.,1.,1.,1.,1.,1.,1.)) REPRESENTATION_ITEM('') );
#4360 = CARTESIAN_POINT('',(65.020010086823,-35.775929322,
    -2.611311862116));
#4361 = CARTESIAN_POINT('',(65.48668134139,-35.72290254923,
    -3.862639240896));
#4362 = CARTESIAN_POINT('',(65.904627772275,-35.66192078547,
    -5.085712896251));
#4363 = CARTESIAN_POINT('',(66.302794776406,-35.5906300029,
    -6.351891277965));
#4364 = CARTESIAN_POINT('',(66.661782592487,-35.50942179571,
    -7.620206451203));
#4365 = CARTESIAN_POINT('',(66.989150004941,-35.41817275488,
    -8.905573428986));
#4366 = CARTESIAN_POINT('',(67.280272558582,-35.31776136879,
    -10.19188254623));
#4367 = CARTESIAN_POINT('',(67.551027037939,-35.20117291809,
    -11.56091933263));
#4368 = CARTESIAN_POINT('',(67.566006083753,-35.19461514363,
    -11.63766098669));
#4369 = CARTESIAN_POINT('',(67.579912499459,-35.18845815744,
    -11.7092959811));
#4370 = CARTESIAN_POINT('',(67.593585042657,-35.1823347312,
    -11.78021681966));
#4371 = CARTESIAN_POINT('',(67.60758741194,-35.17599393538,
    -11.85339642111));
#4372 = CARTESIAN_POINT('',(67.621221100658,-35.16974159026,
    -11.92517771203));
#4373 = CARTESIAN_POINT('',(67.634821082935,-35.16343196138,
    -11.99730863148));
#4374 = CYLINDRICAL_SURFACE('',#4375,213.89338386691);
#4375 = AXIS2_PLACEMENT_3D('',#4376,#4377,#4378);
#4376 = CARTESIAN_POINT('',(70.136815271336,177.94406058062,
    7.11594095038));
#4377 = DIRECTION('',(0.982685536548,0.,0.185281235583));
#4378 = DIRECTION('',(-0.185281235583,0.,0.982685536548));
#4379 = ADVANCED_FACE('',(#4380),#4421,.T.);
#4380 = FACE_BOUND('',#4381,.T.);
#4381 = EDGE_LOOP('',(#4382,#4413,#4414,#4415));
#4382 = ORIENTED_EDGE('',*,*,#4383,.F.);
#4383 = EDGE_CURVE('',#2630,#4384,#4386,.T.);
#4384 = VERTEX_POINT('',#4385);
#4385 = CARTESIAN_POINT('',(70.609547634531,-29.77864364818,
    -0.311050082519));
#4386 = B_SPLINE_CURVE_WITH_KNOTS('',7,(#4387,#4388,#4389,#4390,#4391,
    #4392,#4393,#4394,#4395,#4396,#4397,#4398,#4399,#4400,#4401,#4402,
    #4403,#4404,#4405,#4406,#4407,#4408,#4409,#4410,#4411,#4412),
  .UNSPECIFIED.,.F.,.F.,(8,6,6,6,8),(-3.207890054255,-2.286280579183,0.,
    3.02649843176,3.239320570552),.UNSPECIFIED.);
#4387 = CARTESIAN_POINT('',(68.400112036031,-29.93902785839,
    5.542993905458));
#4388 = CARTESIAN_POINT('',(68.448172852499,-29.93698162164,
    5.415653631818));
#4389 = CARTESIAN_POINT('',(68.495708199775,-29.93495775726,
    5.289705623138));
#4390 = CARTESIAN_POINT('',(68.542718077858,-29.93295626525,
    5.165149879418));
#4391 = CARTESIAN_POINT('',(68.58920248675,-29.93097714561,
    5.041986400659));
#4392 = CARTESIAN_POINT('',(68.635161426449,-29.92902039835,
    4.920215186861));
#4393 = CARTESIAN_POINT('',(68.680594896956,-29.92708602345,
    4.799836238023));
#4394 = CARTESIAN_POINT('',(68.836908318931,-29.92043082506,
    4.385673612611));
#4395 = CARTESIAN_POINT('',(68.948309610483,-29.9151458503,
    4.090508611416));
#4396 = CARTESIAN_POINT('',(69.059706417899,-29.90931913564,
    3.795355491246));
#4397 = CARTESIAN_POINT('',(69.171098386132,-29.90295072009,
    3.500215192789));
#4398 = CARTESIAN_POINT('',(69.28248516016,-29.89604064265,
    3.205088656732));
#4399 = CARTESIAN_POINT('',(69.39386638494,-29.88858894231,
    2.909976823761));
#4400 = CARTESIAN_POINT('',(69.652676467345,-29.87001442743,
    2.224242599168));
#4401 = CARTESIAN_POINT('',(69.800098016785,-29.85848412158,
    1.83363957105));
#4402 = CARTESIAN_POINT('',(69.94752530475,-29.84600598715,
    1.443021338345));
#4403 = CARTESIAN_POINT('',(70.094892253568,-29.83257106614,
    1.052562978141));
#4404 = CARTESIAN_POINT('',(70.242333459338,-29.81822176174,0.6619078693
    ));
#4405 = CARTESIAN_POINT('',(70.389653464425,-29.80278877836,
    0.271573889582));
#4406 = CARTESIAN_POINT('',(70.547365776881,-29.78554112281,
    -0.146295187566));
#4407 = CARTESIAN_POINT('',(70.55772796988,-29.78440328084,
    -0.173750495005));
#4408 = CARTESIAN_POINT('',(70.568090727782,-29.78326075394,
    -0.201207299195));
#4409 = CARTESIAN_POINT('',(70.578454061894,-29.78211353466,
    -0.228665630088));
#4410 = CARTESIAN_POINT('',(70.588817983519,-29.78096161556,
    -0.256125517638));
#4411 = CARTESIAN_POINT('',(70.599182503963,-29.77980498921,
    -0.283586991797));
#4412 = CARTESIAN_POINT('',(70.609547634531,-29.77864364818,
    -0.311050082519));
#4413 = ORIENTED_EDGE('',*,*,#2629,.F.);
#4414 = ORIENTED_EDGE('',*,*,#4270,.T.);
#4415 = ORIENTED_EDGE('',*,*,#4416,.F.);
#4416 = EDGE_CURVE('',#4384,#4271,#4417,.T.);
#4417 = ( BOUNDED_CURVE() B_SPLINE_CURVE(2,(#4418,#4419,#4420),
.UNSPECIFIED.,.F.,.F.) B_SPLINE_CURVE_WITH_KNOTS((3,3),(0.,
5.525601149735),.PIECEWISE_BEZIER_KNOTS.) CURVE() 
GEOMETRIC_REPRESENTATION_ITEM() RATIONAL_B_SPLINE_CURVE((1.,
0.704639536959,1.)) REPRESENTATION_ITEM('') );
#4418 = CARTESIAN_POINT('',(70.609547634531,-29.77864364818,
    -0.311050082519));
#4419 = CARTESIAN_POINT('',(70.684212846031,-35.81688648287,
    -0.50888043919));
#4420 = CARTESIAN_POINT('',(65.020010086823,-35.775929322,
    -2.611311862116));
#4421 = ( BOUNDED_SURFACE() B_SPLINE_SURFACE(2,7,(
    (#4422,#4423,#4424,#4425,#4426,#4427,#4428,#4429,#4430,#4431,#4432
      ,#4433,#4434,#4435,#4436,#4437,#4438,#4439,#4440,#4441,#4442,#4443
      ,#4444,#4445,#4446,#4447)
    ,(#4448,#4449,#4450,#4451,#4452,#4453,#4454,#4455,#4456,#4457,#4458
      ,#4459,#4460,#4461,#4462,#4463,#4464,#4465,#4466,#4467,#4468,#4469
      ,#4470,#4471,#4472,#4473)
    ,(#4474,#4475,#4476,#4477,#4478,#4479,#4480,#4481,#4482,#4483,#4484
      ,#4485,#4486,#4487,#4488,#4489,#4490,#4491,#4492,#4493,#4494,#4495
      ,#4496,#4497,#4498,#4499
)),.UNSPECIFIED.,.F.,.F.,.F.) B_SPLINE_SURFACE_WITH_KNOTS((3,3),(8,6,6,6
    ,8),(0.,5.525601149735),(-3.207890054255,-2.286280579183,0.,
    3.02649843176,3.239320570552),.UNSPECIFIED.) 
GEOMETRIC_REPRESENTATION_ITEM() RATIONAL_B_SPLINE_SURFACE((
    (1.,1.,1.,1.,1.,1.,1.,1.,1.,1.,1.,1.,1.,1.,1.,1.,1.,1.,1.,1.,1.,1.
      ,1.,1.,1.,1.)
    ,(0.706177420732,0.706214456124,0.706239146385,0.706251491515
      ,0.706251491515,0.706239146385,0.706214456124,0.706085545269
      ,0.705993659046,0.705901762383,0.705809855603,0.705717939026
      ,0.705626012975,0.705412377157,0.705290609596,0.705169231846
      ,0.705046151962,0.704928383252,0.704793231092,0.704682865469
      ,0.704675623901,0.704668391166,0.704661166683,0.704653949874
      ,0.704646740159,0.704639536959)
    ,(1.,1.,1.,1.,1.,1.,1.,1.,1.,1.,1.,1.,1.,1.,1.,1.,1.,1.,1.,1.,1.,1.
,1.,1.,1.,1.))) REPRESENTATION_ITEM('') SURFACE() );
#4422 = CARTESIAN_POINT('',(68.400112036031,-29.93902785839,
    5.542993905458));
#4423 = CARTESIAN_POINT('',(68.448172852499,-29.93698162164,
    5.415653631818));
#4424 = CARTESIAN_POINT('',(68.495708199775,-29.93495775726,
    5.289705623138));
#4425 = CARTESIAN_POINT('',(68.542718077858,-29.93295626525,
    5.165149879418));
#4426 = CARTESIAN_POINT('',(68.58920248675,-29.93097714561,
    5.041986400659));
#4427 = CARTESIAN_POINT('',(68.635161426449,-29.92902039835,
    4.920215186861));
#4428 = CARTESIAN_POINT('',(68.680594896956,-29.92708602345,
    4.799836238023));
#4429 = CARTESIAN_POINT('',(68.836908318931,-29.92043082506,
    4.385673612611));
#4430 = CARTESIAN_POINT('',(68.948309610483,-29.9151458503,
    4.090508611416));
#4431 = CARTESIAN_POINT('',(69.059706417899,-29.90931913564,
    3.795355491246));
#4432 = CARTESIAN_POINT('',(69.171098386132,-29.90295072009,
    3.500215192789));
#4433 = CARTESIAN_POINT('',(69.28248516016,-29.89604064265,
    3.205088656732));
#4434 = CARTESIAN_POINT('',(69.39386638494,-29.88858894231,
    2.909976823761));
#4435 = CARTESIAN_POINT('',(69.652676467345,-29.87001442743,
    2.224242599168));
#4436 = CARTESIAN_POINT('',(69.800098016785,-29.85848412158,
    1.83363957105));
#4437 = CARTESIAN_POINT('',(69.94752530475,-29.84600598715,
    1.443021338345));
#4438 = CARTESIAN_POINT('',(70.094892253568,-29.83257106614,
    1.052562978141));
#4439 = CARTESIAN_POINT('',(70.242333459338,-29.81822176174,0.6619078693
    ));
#4440 = CARTESIAN_POINT('',(70.389653464425,-29.80278877836,
    0.271573889582));
#4441 = CARTESIAN_POINT('',(70.547365776881,-29.78554112281,
    -0.146295187566));
#4442 = CARTESIAN_POINT('',(70.55772796988,-29.78440328084,
    -0.173750495005));
#4443 = CARTESIAN_POINT('',(70.568090727782,-29.78326075394,
    -0.201207299195));
#4444 = CARTESIAN_POINT('',(70.578454061894,-29.78211353466,
    -0.228665630088));
#4445 = CARTESIAN_POINT('',(70.588817983519,-29.78096161556,
    -0.256125517638));
#4446 = CARTESIAN_POINT('',(70.599182503963,-29.77980498921,
    -0.283586991797));
#4447 = CARTESIAN_POINT('',(70.609547634531,-29.77864364818,
    -0.311050082519));
#4448 = CARTESIAN_POINT('',(68.42152383854,-35.9499442585,5.486261935612
    ));
#4449 = CARTESIAN_POINT('',(68.468343709488,-35.94860700646,
    5.362209628213));
#4450 = CARTESIAN_POINT('',(68.51504864027,-35.94727303729,
    5.238461862295));
#4451 = CARTESIAN_POINT('',(68.561641092118,-35.9459422807,
    5.115012116663));
#4452 = CARTESIAN_POINT('',(68.60812351421,-35.94461466675,4.99185390206
    ));
#4453 = CARTESIAN_POINT('',(68.654498344098,-35.9432901258,
    4.868980760031));
#4454 = CARTESIAN_POINT('',(68.700768008134,-35.94196858857,
    4.746386261798));
#4455 = CARTESIAN_POINT('',(68.861484296296,-35.93737826867,
    4.320557954729));
#4456 = CARTESIAN_POINT('',(68.976026636862,-35.93354995232,
    4.017070538933));
#4457 = CARTESIAN_POINT('',(69.09056153534,-35.92916514155,
    3.713602841435));
#4458 = CARTESIAN_POINT('',(69.205088583056,-35.9242239409,
    3.410155945043));
#4459 = CARTESIAN_POINT('',(69.319607370913,-35.91872645496,
    3.106730933685));
#4460 = CARTESIAN_POINT('',(69.434117489394,-35.91267278832,
    2.803328892408));
#4461 = CARTESIAN_POINT('',(69.700236911811,-35.89731064895,
    2.098228093843));
#4462 = CARTESIAN_POINT('',(69.851836004564,-35.88758415602,
    1.69655639175));
#4463 = CARTESIAN_POINT('',(70.00343865456,-35.8768765038,1.294875264509
    ));
#4464 = CARTESIAN_POINT('',(70.154963781247,-35.86521704094,
    0.893399540341));
#4465 = CARTESIAN_POINT('',(70.306585958285,-35.8525227239,
    0.491666674927));
#4466 = CARTESIAN_POINT('',(70.458007862309,-35.83902403647,
    9.046444595029E-02));
#4467 = CARTESIAN_POINT('',(70.620237654999,-35.82322141732,
    -0.339373990259));
#4468 = CARTESIAN_POINT('',(70.630898360331,-35.82217805116,
    -0.367620225634));
#4469 = CARTESIAN_POINT('',(70.641559784217,-35.82112969928,
    -0.395868364862));
#4470 = CARTESIAN_POINT('',(70.652221935667,-35.82007636411,
    -0.424118431818));
#4471 = CARTESIAN_POINT('',(70.662884823726,-35.81901804805,
    -0.452370450468));
#4472 = CARTESIAN_POINT('',(70.673548457475,-35.8179547535,
    -0.480624444874));
#4473 = CARTESIAN_POINT('',(70.684212846031,-35.81688648287,
    -0.50888043919));
#4474 = CARTESIAN_POINT('',(62.797388573341,-35.93858931945,
    3.363698235371));
#4475 = CARTESIAN_POINT('',(62.843597312462,-35.93661274196,
    3.239462901876));
#4476 = CARTESIAN_POINT('',(62.889700683058,-35.9346406716,
    3.115510858815));
#4477 = CARTESIAN_POINT('',(62.935698685131,-35.93267310838,
    2.991842106186));
#4478 = CARTESIAN_POINT('',(62.98159131868,-35.93071005229,2.86845664399
    ));
#4479 = CARTESIAN_POINT('',(63.027378583705,-35.92875150333,
    2.745354472227));
#4480 = CARTESIAN_POINT('',(63.073060480206,-35.92679746152,
    2.622535590897));
#4481 = CARTESIAN_POINT('',(63.23170087482,-35.92001162317,
    2.196020115564));
#4482 = CARTESIAN_POINT('',(63.344760820687,-35.91461792549,
    1.892050772336));
#4483 = CARTESIAN_POINT('',(63.457816443526,-35.90866687314,
    1.588093051826));
#4484 = CARTESIAN_POINT('',(63.570867341066,-35.90215850549,
    1.284148035545));
#4485 = CARTESIAN_POINT('',(63.683913111054,-35.8950928619,
    0.980216805003));
#4486 = CARTESIAN_POINT('',(63.796953351221,-35.88746998172,
    0.67630044171));
#4487 = CARTESIAN_POINT('',(64.059618531069,-35.86846140335,
    -2.989273442263E-02));
#4488 = CARTESIAN_POINT('',(64.209296180075,-35.85664090503,
    -0.432377672487));
#4489 = CARTESIAN_POINT('',(64.358571948302,-35.8439427396,
    -0.833411492562));
#4490 = CARTESIAN_POINT('',(64.509216316469,-35.82995846051,
    -1.239066497873));
#4491 = CARTESIAN_POINT('',(64.656107720238,-35.81569645041,
    -1.633179900851));
#4492 = CARTESIAN_POINT('',(64.813956615494,-35.79892216342,
    -2.058412422032));
#4493 = CARTESIAN_POINT('',(64.961844713576,-35.7824794098,
    -2.455291609072));
#4494 = CARTESIAN_POINT('',(64.971554133648,-35.78139590248,
    -2.481344816058));
#4495 = CARTESIAN_POINT('',(64.981257079715,-35.78030915127,
    -2.507377134334));
#4496 = CARTESIAN_POINT('',(64.99095384992,-35.7792191369,
    -2.533389280988));
#4497 = CARTESIAN_POINT('',(65.00064474241,-35.77812584008,
    -2.559381973111));
#4498 = CARTESIAN_POINT('',(65.01033005533,-35.77702924154,
    -2.58535592779));
#4499 = CARTESIAN_POINT('',(65.020010086823,-35.775929322,
    -2.611311862116));
#4500 = ADVANCED_FACE('',(#4501),#4512,.T.);
#4501 = FACE_BOUND('',#4502,.T.);
#4502 = EDGE_LOOP('',(#4503,#4504,#4505,#4506));
#4503 = ORIENTED_EDGE('',*,*,#3305,.T.);
#4504 = ORIENTED_EDGE('',*,*,#2927,.F.);
#4505 = ORIENTED_EDGE('',*,*,#4383,.T.);
#4506 = ORIENTED_EDGE('',*,*,#4507,.F.);
#4507 = EDGE_CURVE('',#3298,#4384,#4508,.T.);
#4508 = LINE('',#4509,#4510);
#4509 = CARTESIAN_POINT('',(70.609547634531,35.580499310628,
    -0.311050082519));
#4510 = VECTOR('',#4511,1.);
#4511 = DIRECTION('',(0.,-1.,2.2E-16));
#4512 = PLANE('',#4513);
#4513 = AXIS2_PLACEMENT_3D('',#4514,#4515,#4516);
#4514 = CARTESIAN_POINT('',(70.999992253003,-1.752E-14,-1.345558611736)
  );
#4515 = DIRECTION('',(0.935582586251,9.E-17,0.353107949931));
#4516 = DIRECTION('',(-0.353107949931,-2.1E-16,0.935582586251));
#4517 = ADVANCED_FACE('',(#4518),#4547,.T.);
#4518 = FACE_BOUND('',#4519,.F.);
#4519 = EDGE_LOOP('',(#4520,#4521,#4522,#4530));
#4520 = ORIENTED_EDGE('',*,*,#4507,.F.);
#4521 = ORIENTED_EDGE('',*,*,#3426,.F.);
#4522 = ORIENTED_EDGE('',*,*,#4523,.T.);
#4523 = EDGE_CURVE('',#3418,#4524,#4526,.T.);
#4524 = VERTEX_POINT('',#4525);
#4525 = CARTESIAN_POINT('',(73.435724652375,-29.1854772807,
    -10.3806529434));
#4526 = LINE('',#4527,#4528);
#4527 = CARTESIAN_POINT('',(73.435724652375,35.580499310628,
    -10.3806529434));
#4528 = VECTOR('',#4529,1.);
#4529 = DIRECTION('',(0.,-1.,2.2E-16));
#4530 = ORIENTED_EDGE('',*,*,#4531,.F.);
#4531 = EDGE_CURVE('',#4384,#4524,#4532,.T.);
#4532 = ( BOUNDED_CURVE() B_SPLINE_CURVE(7,(#4533,#4534,#4535,#4536,
    #4537,#4538,#4539,#4540,#4541,#4542,#4543,#4544,#4545,#4546),
.UNSPECIFIED.,.F.,.F.) B_SPLINE_CURVE_WITH_KNOTS((8,6,8),(3.239320570552
,13.499408523372,14.012515012661),.UNSPECIFIED.) CURVE() 
GEOMETRIC_REPRESENTATION_ITEM() RATIONAL_B_SPLINE_CURVE((1.,1.,1.,1.,1.,
1.,1.,1.,1.,1.,1.,1.,1.,1.)) REPRESENTATION_ITEM('') );
#4533 = CARTESIAN_POINT('',(70.609547634531,-29.77864364818,
    -0.311050082519));
#4534 = CARTESIAN_POINT('',(71.109308510623,-29.72760603213,
    -1.635199179283));
#4535 = CARTESIAN_POINT('',(71.574036013554,-29.66757779564,
    -2.976820148942));
#4536 = CARTESIAN_POINT('',(72.003391314538,-29.59784091423,
    -4.33621054749));
#4537 = CARTESIAN_POINT('',(72.395397573266,-29.51859854185,
    -5.709477376083));
#4538 = CARTESIAN_POINT('',(72.749491726222,-29.42972830881,
    -7.094637378771));
#4539 = CARTESIAN_POINT('',(73.064851018026,-29.33133640602,
    -8.489058774311));
#4540 = CARTESIAN_POINT('',(73.354890166267,-29.21827243696,
    -9.959951917031));
#4541 = CARTESIAN_POINT('',(73.368607001045,-29.21286397831,
    -10.0300273979));
#4542 = CARTESIAN_POINT('',(73.382225849298,-29.20743279982,
    -10.10011839377));
#4543 = CARTESIAN_POINT('',(73.395747011376,-29.20197853272,
    -10.17022635473));
#4544 = CARTESIAN_POINT('',(73.409170633118,-29.19650105901,
    -10.24035196508));
#4545 = CARTESIAN_POINT('',(73.422496465208,-29.19100070383,
    -10.31049393262));
#4546 = CARTESIAN_POINT('',(73.435724652375,-29.1854772807,
    -10.3806529434));
#4547 = CYLINDRICAL_SURFACE('',#4548,60.);
#4548 = AXIS2_PLACEMENT_3D('',#4549,#4550,#4551);
#4549 = CARTESIAN_POINT('',(14.474592459487,35.580499310628,
    -21.49752707837));
#4550 = DIRECTION('',(0.,-1.,2.2E-16));
#4551 = DIRECTION('',(0.935582586251,7.768374898479E-17,0.353107949931)
  );
#4552 = ADVANCED_FACE('',(#4553),#4572,.T.);
#4553 = FACE_BOUND('',#4554,.F.);
#4554 = EDGE_LOOP('',(#4555,#4564,#4570,#4571));
#4555 = ORIENTED_EDGE('',*,*,#4556,.T.);
#4556 = EDGE_CURVE('',#3579,#4557,#4559,.T.);
#4557 = VERTEX_POINT('',#4558);
#4558 = CARTESIAN_POINT('',(76.942293861063,26.698423190996,
    -28.97862285354));
#4559 = ELLIPSE('',#4560,6.081576809004,6.);
#4560 = AXIS2_PLACEMENT_3D('',#4561,#4562,#4563);
#4561 = CARTESIAN_POINT('',(71.046180641775,26.698423190996,
    -30.09031026704));
#4562 = DIRECTION('',(0.185281235583,-3.5E-16,-0.982685536548));
#4563 = DIRECTION('',(-2.07064514829E-15,1.,-7.465782941162E-16));
#4564 = ORIENTED_EDGE('',*,*,#4565,.T.);
#4565 = EDGE_CURVE('',#4557,#3492,#4566,.T.);
#4566 = LINE('',#4567,#4568);
#4567 = CARTESIAN_POINT('',(76.760821011513,26.860482557304,
    -28.01613604818));
#4568 = VECTOR('',#4569,1.);
#4569 = DIRECTION('',(-0.182795917639,0.163240896089,0.969504029047));
#4570 = ORIENTED_EDGE('',*,*,#3491,.F.);
#4571 = ORIENTED_EDGE('',*,*,#3588,.F.);
#4572 = CYLINDRICAL_SURFACE('',#4573,6.);
#4573 = AXIS2_PLACEMENT_3D('',#4574,#4575,#4576);
#4574 = CARTESIAN_POINT('',(70.864707792225,26.860482557304,
    -29.12782346168));
#4575 = DIRECTION('',(-0.182795917639,0.163240896089,0.969504029047));
#4576 = DIRECTION('',(3.0245474925E-02,0.986586240449,-0.16041446756));
#4577 = ADVANCED_FACE('',(#4578),#4606,.T.);
#4578 = FACE_BOUND('',#4579,.T.);
#4579 = EDGE_LOOP('',(#4580,#4581,#4590,#4598,#4604,#4605));
#4580 = ORIENTED_EDGE('',*,*,#4523,.T.);
#4581 = ORIENTED_EDGE('',*,*,#4582,.T.);
#4582 = EDGE_CURVE('',#4524,#4583,#4585,.T.);
#4583 = VERTEX_POINT('',#4584);
#4584 = CARTESIAN_POINT('',(76.424649400156,-27.16069142294,
    -26.23316553182));
#4585 = CIRCLE('',#4586,207.89338386691);
#4586 = AXIS2_PLACEMENT_3D('',#4587,#4588,#4589);
#4587 = CARTESIAN_POINT('',(70.136815271336,177.94406058062,
    7.11594095038));
#4588 = DIRECTION('',(0.982685536548,-4.336808689942E-17,0.185281235583)
  );
#4589 = DIRECTION('',(1.542314830594E-02,-0.996529376619,
    -8.180053808803E-02));
#4590 = ORIENTED_EDGE('',*,*,#4591,.T.);
#4591 = EDGE_CURVE('',#4583,#4592,#4594,.T.);
#4592 = VERTEX_POINT('',#4593);
#4593 = CARTESIAN_POINT('',(76.942293861063,-26.69842319099,
    -28.97862285354));
#4594 = LINE('',#4595,#4596);
#4595 = CARTESIAN_POINT('',(76.424649400156,-27.16069142294,
    -26.23316553182));
#4596 = VECTOR('',#4597,1.);
#4597 = DIRECTION('',(0.182795917639,0.163240896089,-0.969504029047));
#4598 = ORIENTED_EDGE('',*,*,#4599,.F.);
#4599 = EDGE_CURVE('',#4557,#4592,#4600,.T.);
#4600 = LINE('',#4601,#4602);
#4601 = CARTESIAN_POINT('',(76.942293861063,-30.78,-28.97862285354));
#4602 = VECTOR('',#4603,1.);
#4603 = DIRECTION('',(0.,-1.,2.2E-16));
#4604 = ORIENTED_EDGE('',*,*,#4565,.T.);
#4605 = ORIENTED_EDGE('',*,*,#3502,.T.);
#4606 = PLANE('',#4607);
#4607 = AXIS2_PLACEMENT_3D('',#4608,#4609,#4610);
#4608 = CARTESIAN_POINT('',(74.63621556849,8.78E-15,-16.74775782756));
#4609 = DIRECTION('',(0.982685536548,-4.E-17,0.185281235583));
#4610 = DIRECTION('',(-0.185281235583,-2.2E-16,0.982685536548));
#4611 = ADVANCED_FACE('',(#4612,#4658,#4669,#4680,#4691),#4702,.T.);
#4612 = FACE_BOUND('',#4613,.T.);
#4613 = EDGE_LOOP('',(#4614,#4615,#4624,#4632,#4641,#4649,#4656,#4657));
#4614 = ORIENTED_EDGE('',*,*,#4599,.T.);
#4615 = ORIENTED_EDGE('',*,*,#4616,.T.);
#4616 = EDGE_CURVE('',#4592,#4617,#4619,.T.);
#4617 = VERTEX_POINT('',#4618);
#4618 = CARTESIAN_POINT('',(71.046180641775,-32.78,-30.09031026704));
#4619 = ELLIPSE('',#4620,6.081576809004,6.);
#4620 = AXIS2_PLACEMENT_3D('',#4621,#4622,#4623);
#4621 = CARTESIAN_POINT('',(71.046180641775,-26.69842319099,
    -30.09031026704));
#4622 = DIRECTION('',(0.185281235583,-3.5E-16,-0.982685536548));
#4623 = DIRECTION('',(2.109696882563E-15,1.,4.160765940459E-17));
#4624 = ORIENTED_EDGE('',*,*,#4625,.T.);
#4625 = EDGE_CURVE('',#4617,#4626,#4628,.T.);
#4626 = VERTEX_POINT('',#4627);
#4627 = CARTESIAN_POINT('',(-58.76626344062,-32.78,-54.56590203986));
#4628 = LINE('',#4629,#4630);
#4629 = CARTESIAN_POINT('',(76.942293861063,-32.78,-28.97862285354));
#4630 = VECTOR('',#4631,1.);
#4631 = DIRECTION('',(-0.982685536548,0.,-0.185281235583));
#4632 = ORIENTED_EDGE('',*,*,#4633,.F.);
#4633 = EDGE_CURVE('',#4634,#4626,#4636,.T.);
#4634 = VERTEX_POINT('',#4635);
#4635 = CARTESIAN_POINT('',(-64.66237665991,-26.69842319099,
    -55.67758945336));
#4636 = ELLIPSE('',#4637,6.081576809004,6.);
#4637 = AXIS2_PLACEMENT_3D('',#4638,#4639,#4640);
#4638 = CARTESIAN_POINT('',(-58.76626344062,-26.69842319099,
    -54.56590203986));
#4639 = DIRECTION('',(-0.185281235583,3.5E-16,0.982685536548));
#4640 = DIRECTION('',(7.293071613734E-16,-1.,4.936746435515E-16));
#4641 = ORIENTED_EDGE('',*,*,#4642,.T.);
#4642 = EDGE_CURVE('',#4634,#4643,#4645,.T.);
#4643 = VERTEX_POINT('',#4644);
#4644 = CARTESIAN_POINT('',(-64.66237665991,26.698423190996,
    -55.67758945336));
#4645 = LINE('',#4646,#4647);
#4646 = CARTESIAN_POINT('',(-64.66237665991,30.78,-55.67758945336));
#4647 = VECTOR('',#4648,1.);
#4648 = DIRECTION('',(0.,1.,-2.2E-16));
#4649 = ORIENTED_EDGE('',*,*,#4650,.F.);
#4650 = EDGE_CURVE('',#3581,#4643,#4651,.T.);
#4651 = ELLIPSE('',#4652,6.081576809004,6.);
#4652 = AXIS2_PLACEMENT_3D('',#4653,#4654,#4655);
#4653 = CARTESIAN_POINT('',(-58.76626344062,26.698423190996,
    -54.56590203986));
#4654 = DIRECTION('',(-0.185281235583,3.5E-16,0.982685536548));
#4655 = DIRECTION('',(9.398058700983E-16,1.,-1.789703833416E-16));
#4656 = ORIENTED_EDGE('',*,*,#3578,.F.);
#4657 = ORIENTED_EDGE('',*,*,#4556,.T.);
#4658 = FACE_BOUND('',#4659,.T.);
#4659 = EDGE_LOOP('',(#4660));
#4660 = ORIENTED_EDGE('',*,*,#4661,.F.);
#4661 = EDGE_CURVE('',#4662,#4662,#4664,.T.);
#4662 = VERTEX_POINT('',#4663);
#4663 = CARTESIAN_POINT('',(75.468265556241,-24.69842319099,
    -29.25654470691));
#4664 = CIRCLE('',#4665,6.5);
#4665 = AXIS2_PLACEMENT_3D('',#4666,#4667,#4668);
#4666 = CARTESIAN_POINT('',(69.080809568678,-24.69842319099,
    -30.4608727382));
#4667 = DIRECTION('',(0.185281235583,2.729782218414E-16,-0.982685536548)
  );
#4668 = DIRECTION('',(0.982685536548,1.942890293094E-16,0.185281235583)
  );
#4669 = FACE_BOUND('',#4670,.T.);
#4670 = EDGE_LOOP('',(#4671));
#4671 = ORIENTED_EDGE('',*,*,#4672,.F.);
#4672 = EDGE_CURVE('',#4673,#4673,#4675,.T.);
#4673 = VERTEX_POINT('',#4674);
#4674 = CARTESIAN_POINT('',(-50.41343637996,-24.69842319099,
    -52.99101153741));
#4675 = CIRCLE('',#4676,6.5);
#4676 = AXIS2_PLACEMENT_3D('',#4677,#4678,#4679);
#4677 = CARTESIAN_POINT('',(-56.80089236753,-24.69842319099,
    -54.1953395687));
#4678 = DIRECTION('',(0.185281235583,2.729782218414E-16,-0.982685536548)
  );
#4679 = DIRECTION('',(0.982685536548,1.942890293094E-16,0.185281235583)
  );
#4680 = FACE_BOUND('',#4681,.T.);
#4681 = EDGE_LOOP('',(#4682));
#4682 = ORIENTED_EDGE('',*,*,#4683,.F.);
#4683 = EDGE_CURVE('',#4684,#4684,#4686,.T.);
#4684 = VERTEX_POINT('',#4685);
#4685 = CARTESIAN_POINT('',(75.468265556241,24.698423190996,
    -29.25654470691));
#4686 = CIRCLE('',#4687,6.5);
#4687 = AXIS2_PLACEMENT_3D('',#4688,#4689,#4690);
#4688 = CARTESIAN_POINT('',(69.080809568678,24.698423190996,
    -30.4608727382));
#4689 = DIRECTION('',(0.185281235583,2.729782218414E-16,-0.982685536548)
  );
#4690 = DIRECTION('',(0.982685536548,1.942890293094E-16,0.185281235583)
  );
#4691 = FACE_BOUND('',#4692,.T.);
#4692 = EDGE_LOOP('',(#4693));
#4693 = ORIENTED_EDGE('',*,*,#4694,.F.);
#4694 = EDGE_CURVE('',#4695,#4695,#4697,.T.);
#4695 = VERTEX_POINT('',#4696);
#4696 = CARTESIAN_POINT('',(-50.41343637996,24.698423190996,
    -52.99101153741));
#4697 = CIRCLE('',#4698,6.5);
#4698 = AXIS2_PLACEMENT_3D('',#4699,#4700,#4701);
#4699 = CARTESIAN_POINT('',(-56.80089236753,24.698423190996,
    -54.1953395687));
#4700 = DIRECTION('',(0.185281235583,2.729782218414E-16,-0.982685536548)
  );
#4701 = DIRECTION('',(0.982685536548,1.942890293094E-16,0.185281235583)
  );
#4702 = PLANE('',#4703);
#4703 = AXIS2_PLACEMENT_3D('',#4704,#4705,#4706);
#4704 = CARTESIAN_POINT('',(6.139958600574,-1.121E-14,-42.32810615345));
#4705 = DIRECTION('',(0.185281235583,-3.5E-16,-0.982685536548));
#4706 = DIRECTION('',(-0.982685536548,4.E-17,-0.185281235583));
#4707 = ADVANCED_FACE('',(#4708),#4727,.T.);
#4708 = FACE_BOUND('',#4709,.T.);
#4709 = EDGE_LOOP('',(#4710,#4711,#4719,#4726));
#4710 = ORIENTED_EDGE('',*,*,#4650,.T.);
#4711 = ORIENTED_EDGE('',*,*,#4712,.T.);
#4712 = EDGE_CURVE('',#4643,#4713,#4715,.T.);
#4713 = VERTEX_POINT('',#4714);
#4714 = CARTESIAN_POINT('',(-64.97557435612,26.978115829879,
    -54.01646686221));
#4715 = LINE('',#4716,#4717);
#4716 = CARTESIAN_POINT('',(-64.84384950946,26.860482557304,
    -54.715102648));
#4717 = VECTOR('',#4718,1.);
#4718 = DIRECTION('',(-0.182795917639,0.163240896089,0.969504029047));
#4719 = ORIENTED_EDGE('',*,*,#4720,.F.);
#4720 = EDGE_CURVE('',#3596,#4713,#4721,.T.);
#4721 = CIRCLE('',#4722,6.);
#4722 = AXIS2_PLACEMENT_3D('',#4723,#4724,#4725);
#4723 = CARTESIAN_POINT('',(-59.07946113683,26.978115829879,
    -52.90477944871));
#4724 = DIRECTION('',(-0.182795917639,0.163240896089,0.969504029047));
#4725 = DIRECTION('',(3.0245474925E-02,0.986586240449,-0.16041446756));
#4726 = ORIENTED_EDGE('',*,*,#3607,.F.);
#4727 = CYLINDRICAL_SURFACE('',#4728,6.);
#4728 = AXIS2_PLACEMENT_3D('',#4729,#4730,#4731);
#4729 = CARTESIAN_POINT('',(-58.94773629017,26.860482557304,
    -53.6034152345));
#4730 = DIRECTION('',(-0.182795917639,0.163240896089,0.969504029047));
#4731 = DIRECTION('',(3.0245474925E-02,0.986586240449,-0.16041446756));
#4732 = ADVANCED_FACE('',(#4733),#4748,.T.);
#4733 = FACE_BOUND('',#4734,.T.);
#4734 = EDGE_LOOP('',(#4735,#4736,#4746,#4747));
#4735 = ORIENTED_EDGE('',*,*,#4720,.T.);
#4736 = ORIENTED_EDGE('',*,*,#4737,.T.);
#4737 = EDGE_CURVE('',#4713,#3622,#4738,.T.);
#4738 = ( BOUNDED_CURVE() B_SPLINE_CURVE(6,(#4739,#4740,#4741,#4742,
#4743,#4744,#4745),.UNSPECIFIED.,.F.,.F.) B_SPLINE_CURVE_WITH_KNOTS((7,7
),(0.72061153419,1.843873300197),.PIECEWISE_BEZIER_KNOTS.) CURVE() 
GEOMETRIC_REPRESENTATION_ITEM() RATIONAL_B_SPLINE_CURVE((1.,1.,1.,1.,1.,
1.,1.)) REPRESENTATION_ITEM('') );
#4739 = CARTESIAN_POINT('',(-64.97557435612,26.978115829879,
    -54.01646686221));
#4740 = CARTESIAN_POINT('',(-65.00967002872,27.007853184917,
    -53.8356319049));
#4741 = CARTESIAN_POINT('',(-65.04355957694,27.037546069164,
    -53.65504843192));
#4742 = CARTESIAN_POINT('',(-65.07757565414,27.067485727347,
    -53.47287821064));
#4743 = CARTESIAN_POINT('',(-65.110676602,27.096761469943,
    -53.29486349619));
#4744 = CARTESIAN_POINT('',(-65.14504953202,27.12728189396,
    -53.10900110069));
#4745 = CARTESIAN_POINT('',(-65.17781728686,27.156545678583,
    -52.93101971642));
#4746 = ORIENTED_EDGE('',*,*,#3621,.F.);
#4747 = ORIENTED_EDGE('',*,*,#3595,.F.);
#4748 = ( BOUNDED_SURFACE() B_SPLINE_SURFACE(2,6,(
    (#4749,#4750,#4751,#4752,#4753,#4754,#4755)
    ,(#4756,#4757,#4758,#4759,#4760,#4761,#4762)
    ,(#4763,#4764,#4765,#4766,#4767,#4768,#4769
)),.UNSPECIFIED.,.F.,.F.,.F.) B_SPLINE_SURFACE_WITH_KNOTS((3,3),(7,7),(
    0.,1.123261766007),(0.72061153419,1.843873300197),
.PIECEWISE_BEZIER_KNOTS.) GEOMETRIC_REPRESENTATION_ITEM() 
RATIONAL_B_SPLINE_SURFACE((
    (1.,1.,1.,1.,1.,1.,1.)
    ,(0.707106781187,0.707065455633,0.707024249722,0.706982339681
      ,0.706942372642,0.706898740614,0.706859615256)
,(1.,1.,1.,1.,1.,1.,1.))) REPRESENTATION_ITEM('') SURFACE() );
#4749 = CARTESIAN_POINT('',(-58.89798828728,32.897633272576,
    -53.86726625407));
#4750 = CARTESIAN_POINT('',(-58.93206274819,32.928062538198,
    -53.68654379831));
#4751 = CARTESIAN_POINT('',(-58.96593579251,32.95844929363,
    -53.50604481385));
#4752 = CARTESIAN_POINT('',(-58.99948467407,32.988692521033,
    -53.32636744057));
#4753 = CARTESIAN_POINT('',(-59.03352207192,33.019491380519,
    -53.1433649086));
#4754 = CARTESIAN_POINT('',(-59.0671610072,33.050106528973,
    -52.96141711372));
#4755 = CARTESIAN_POINT('',(-59.1001036358,33.080208865637,
    -52.78249194476));
#4756 = CARTESIAN_POINT('',(-64.79410150657,32.897633272573,
    -54.97895366758));
#4757 = CARTESIAN_POINT('',(-64.82886717426,32.928064316701,
    -54.79835059774));
#4758 = CARTESIAN_POINT('',(-64.86347607179,32.958494928547,
    -54.61772062817));
#4759 = CARTESIAN_POINT('',(-64.89793326208,32.988923387869,
    -54.43707529337));
#4760 = CARTESIAN_POINT('',(-64.93222253695,33.019354690899,
    -54.25638080934));
#4761 = CARTESIAN_POINT('',(-64.96637936844,33.049779701961,
    -54.07570005074));
#4762 = CARTESIAN_POINT('',(-65.00034879032,33.080208982606,
    -53.89495769792));
#4763 = CARTESIAN_POINT('',(-64.97557435612,26.978115829879,
    -54.01646686221));
#4764 = CARTESIAN_POINT('',(-65.00967002872,27.007853184917,
    -53.8356319049));
#4765 = CARTESIAN_POINT('',(-65.04355957694,27.037546069164,
    -53.65504843192));
#4766 = CARTESIAN_POINT('',(-65.07757565414,27.067485727347,
    -53.47287821064));
#4767 = CARTESIAN_POINT('',(-65.110676602,27.096761469943,
    -53.29486349619));
#4768 = CARTESIAN_POINT('',(-65.14504953202,27.12728189396,
    -53.10900110069));
#4769 = CARTESIAN_POINT('',(-65.17781728686,27.156545678583,
    -52.93101971642));
#4770 = ADVANCED_FACE('',(#4771,#4870,#4915,#4980),#5045,.T.);
#4771 = FACE_BOUND('',#4772,.T.);
#4772 = EDGE_LOOP('',(#4773,#4783,#4820,#4835));
#4773 = ORIENTED_EDGE('',*,*,#4774,.F.);
#4774 = EDGE_CURVE('',#4775,#4777,#4779,.T.);
#4775 = VERTEX_POINT('',#4776);
#4776 = CARTESIAN_POINT('',(-67.57318138732,-3.200000000027,
    -37.19862594962));
#4777 = VERTEX_POINT('',#4778);
#4778 = CARTESIAN_POINT('',(-67.57318138732,3.2,-37.19862594962));
#4779 = LINE('',#4780,#4781);
#4780 = CARTESIAN_POINT('',(-67.57318138732,-3.200000000027,
    -37.19862594962));
#4781 = VECTOR('',#4782,1.);
#4782 = DIRECTION('',(0.,1.,-2.2E-16));
#4783 = ORIENTED_EDGE('',*,*,#4784,.F.);
#4784 = EDGE_CURVE('',#4785,#4775,#4787,.T.);
#4785 = VERTEX_POINT('',#4786);
#4786 = CARTESIAN_POINT('',(-65.9548703971,-3.226758342256,
    -48.49198337446));
#4787 = B_SPLINE_CURVE_WITH_KNOTS('',7,(#4788,#4789,#4790,#4791,#4792,
    #4793,#4794,#4795,#4796,#4797,#4798,#4799,#4800,#4801,#4802,#4803,
    #4804,#4805,#4806,#4807,#4808,#4809,#4810,#4811,#4812,#4813,#4814,
    #4815,#4816,#4817,#4818,#4819),.UNSPECIFIED.,.F.,.F.,(8,6,6,6,6,8),(
    28.653241524442,32.517788273783,34.709294715365,37.086087649774,
    39.731556365811,43.603243703589),.UNSPECIFIED.);
#4788 = CARTESIAN_POINT('',(-65.9548703971,-3.226758342256,
    -48.49198337446));
#4789 = CARTESIAN_POINT('',(-65.9576431007,-3.745224833684,
    -48.47528307896));
#4790 = CARTESIAN_POINT('',(-65.96416945822,-4.341299075699,
    -48.43595089509));
#4791 = CARTESIAN_POINT('',(-65.98806835933,-4.908275300405,
    -48.29203755576));
#4792 = CARTESIAN_POINT('',(-66.02029822753,-5.461922986504,
    -48.09724776729));
#4793 = CARTESIAN_POINT('',(-66.06467189733,-6.003909638537,
    -47.82732173929));
#4794 = CARTESIAN_POINT('',(-66.1206757169,-6.520929744993,
    -47.48310474018));
#4795 = CARTESIAN_POINT('',(-66.22741381024,-7.27424775198,
    -46.81692132002));
#4796 = CARTESIAN_POINT('',(-66.2699203856,-7.535111424179,
    -46.54991731508));
#4797 = CARTESIAN_POINT('',(-66.31640714752,-7.781840418953,
    -46.25569496365));
#4798 = CARTESIAN_POINT('',(-66.36676396563,-8.010779704008,
    -45.93412491324));
#4799 = CARTESIAN_POINT('',(-66.42074650051,-8.217550040167,
    -45.58581255235));
#4800 = CARTESIAN_POINT('',(-66.4780510937,-8.397583952023,
    -45.21167569604));
#4801 = CARTESIAN_POINT('',(-66.60382969915,-8.708343602841,
    -44.37962140444));
#4802 = CARTESIAN_POINT('',(-66.67291690753,-8.833708793328,
    -43.91677447483));
#4803 = CARTESIAN_POINT('',(-66.74417542873,-8.913759919015,
    -43.43228790744));
#4804 = CARTESIAN_POINT('',(-66.81585788098,-8.94315297592,
    -42.93682797365));
#4805 = CARTESIAN_POINT('',(-66.88630856628,-8.920318146163,
    -42.44148106927));
#4806 = CARTESIAN_POINT('',(-66.95406951417,-8.84769643212,
    -41.9571611198));
#4807 = CARTESIAN_POINT('',(-67.08858539365,-8.603419672781,
    -40.98136496997));
#4808 = CARTESIAN_POINT('',(-67.15411334463,-8.421947362728,
    -40.49706069748));
#4809 = CARTESIAN_POINT('',(-67.21376635225,-8.196340029617,
    -40.0483266274));
#4810 = CARTESIAN_POINT('',(-67.26751481852,-7.93420750573,
    -39.63760541077));
#4811 = CARTESIAN_POINT('',(-67.31545018463,-7.643136876687,
    -39.26635414215));
#4812 = CARTESIAN_POINT('',(-67.35769911896,-7.330499802717,
    -38.93540366365));
#4813 = CARTESIAN_POINT('',(-67.44872358206,-6.52132098413,
    -38.21562912028));
#4814 = CARTESIAN_POINT('',(-67.49168735879,-6.00457035251,
    -37.86917442609));
#4815 = CARTESIAN_POINT('',(-67.5248796398,-5.463487098655,
    -37.5978533333));
#4816 = CARTESIAN_POINT('',(-67.54917754024,-4.907039048133,
    -37.39747942517));
#4817 = CARTESIAN_POINT('',(-67.56516821018,-4.341464471017,
    -37.26500752709));
#4818 = CARTESIAN_POINT('',(-67.57318138732,-3.771095754253,
    -37.19862594962));
#4819 = CARTESIAN_POINT('',(-67.57318138732,-3.200000000027,
    -37.19862594962));
#4820 = ORIENTED_EDGE('',*,*,#4821,.F.);
#4821 = EDGE_CURVE('',#4822,#4785,#4824,.T.);
#4822 = VERTEX_POINT('',#4823);
#4823 = CARTESIAN_POINT('',(-65.9548522871,3.223217841998,-48.4920924528
    ));
#4824 = B_SPLINE_CURVE_WITH_KNOTS('',9,(#4825,#4826,#4827,#4828,#4829,
    #4830,#4831,#4832,#4833,#4834),.UNSPECIFIED.,.F.,.F.,(10,10),(
    21.449843215466,28.653241524442),.PIECEWISE_BEZIER_KNOTS.);
#4825 = CARTESIAN_POINT('',(-65.9548522871,3.223217841998,-48.4920924528
    ));
#4826 = CARTESIAN_POINT('',(-65.95138900148,2.476769205621,
    -48.51295214347));
#4827 = CARTESIAN_POINT('',(-65.95414158104,1.770354005001,
    -48.49636561369));
#4828 = CARTESIAN_POINT('',(-65.95464949648,1.063985699229,
    -48.4933233358));
#4829 = CARTESIAN_POINT('',(-65.95482977053,0.356932930905,
    -48.49222672776));
#4830 = CARTESIAN_POINT('',(-65.95492089507,-0.356943855891,
    -48.49166792937));
#4831 = CARTESIAN_POINT('',(-65.95457005576,-1.063936515334,
    -48.49380904081));
#4832 = CARTESIAN_POINT('',(-65.95407672774,-1.769120228554,
    -48.49675285977));
#4833 = CARTESIAN_POINT('',(-65.95085065823,-2.475109335444,
    -48.51619469906));
#4834 = CARTESIAN_POINT('',(-65.9548703971,-3.226758342256,
    -48.49198337446));
#4835 = ORIENTED_EDGE('',*,*,#4836,.F.);
#4836 = EDGE_CURVE('',#4777,#4822,#4837,.T.);
#4837 = B_SPLINE_CURVE_WITH_KNOTS('',11,(#4838,#4839,#4840,#4841,#4842,
    #4843,#4844,#4845,#4846,#4847,#4848,#4849,#4850,#4851,#4852,#4853,
    #4854,#4855,#4856,#4857,#4858,#4859,#4860,#4861,#4862,#4863,#4864,
    #4865,#4866,#4867,#4868,#4869),.UNSPECIFIED.,.F.,.F.,(12,10,10,12),(
    6.400000000028,11.567513007895,15.420435413236,21.449843215466),
  .UNSPECIFIED.);
#4838 = CARTESIAN_POINT('',(-67.57318138732,3.200000000081,
    -37.19862594962));
#4839 = CARTESIAN_POINT('',(-67.57318138732,3.677071378715,
    -37.19862594962));
#4840 = CARTESIAN_POINT('',(-67.56790329316,4.153137473091,
    -37.24235235059));
#4841 = CARTESIAN_POINT('',(-67.55740306549,4.626764821287,
    -37.3293329907));
#4842 = CARTESIAN_POINT('',(-67.5415618327,5.095946039451,
    -37.46027927596));
#4843 = CARTESIAN_POINT('',(-67.5201671914,5.558290757505,
    -37.63637751302));
#4844 = CARTESIAN_POINT('',(-67.49294502689,6.010891551626,
    -37.8590003687));
#4845 = CARTESIAN_POINT('',(-67.45955417742,6.450024657402,
    -38.12971661247));
#4846 = CARTESIAN_POINT('',(-67.41955625664,6.870845247198,
    -38.45047729523));
#4847 = CARTESIAN_POINT('',(-67.37237295914,7.267237055773,
    -38.82385652102));
#4848 = CARTESIAN_POINT('',(-67.31724316425,7.631976137709,
    -39.25322496528));
#4849 = CARTESIAN_POINT('',(-67.20543542622,8.199982671924,
    -40.10771479238));
#4850 = CARTESIAN_POINT('',(-67.1522235394,8.423157609358,
    -40.50990663376));
#4851 = CARTESIAN_POINT('',(-67.09365114353,8.61724197533,
    -40.94710137649));
#4852 = CARTESIAN_POINT('',(-67.03017034354,8.773937619864,
    -41.41421756257));
#4853 = CARTESIAN_POINT('',(-66.9625308818,8.886627942821,
    -41.90418100487));
#4854 = CARTESIAN_POINT('',(-66.89172155699,8.950649640722,
    -42.40867714741));
#4855 = CARTESIAN_POINT('',(-66.81891288469,8.963507877722,
    -42.91877549709));
#4856 = CARTESIAN_POINT('',(-66.74540100155,8.925034881281,
    -43.42542613102));
#4857 = CARTESIAN_POINT('',(-66.67255281107,8.837491961951,
    -43.91982827492));
#4858 = CARTESIAN_POINT('',(-66.60175237262,8.705614957783,
    -44.39367095656));
#4859 = CARTESIAN_POINT('',(-66.42886879648,8.272117788047,
    -45.5365221729));
#4860 = CARTESIAN_POINT('',(-66.33208840122,7.917934067363,
    -46.16204119239));
#4861 = CARTESIAN_POINT('',(-66.24611860626,7.49418454678,
    -46.70688697598));
#4862 = CARTESIAN_POINT('',(-66.17076922154,7.031185105485,
    -47.17659944685));
#4863 = CARTESIAN_POINT('',(-66.10885386909,6.504295584937,
    -47.55852724012));
#4864 = CARTESIAN_POINT('',(-66.05494800136,6.006910852915,
    -47.88670039236));
#4865 = CARTESIAN_POINT('',(-66.01778930579,5.437351818857,
    -48.11284281024));
#4866 = CARTESIAN_POINT('',(-65.98541299037,4.907816766036,
    -48.30795845046));
#4867 = CARTESIAN_POINT('',(-65.9626983854,4.340807897236,
    -48.44483133513));
#4868 = CARTESIAN_POINT('',(-65.95722407235,3.73441329513,
    -48.47780697019));
#4869 = CARTESIAN_POINT('',(-65.9548522871,3.223217841998,-48.4920924528
    ));
#4870 = FACE_BOUND('',#4871,.T.);
#4871 = EDGE_LOOP('',(#4872,#4880,#4892,#4912,#4913,#4914));
#4872 = ORIENTED_EDGE('',*,*,#4873,.F.);
#4873 = EDGE_CURVE('',#4874,#4713,#4876,.T.);
#4874 = VERTEX_POINT('',#4875);
#4875 = CARTESIAN_POINT('',(-64.97557435612,-26.97811582987,
    -54.01646686221));
#4876 = LINE('',#4877,#4878);
#4877 = CARTESIAN_POINT('',(-64.97557435612,-35.58049931062,
    -54.01646686221));
#4878 = VECTOR('',#4879,1.);
#4879 = DIRECTION('',(0.,1.,-2.2E-16));
#4880 = ORIENTED_EDGE('',*,*,#4881,.T.);
#4881 = EDGE_CURVE('',#4874,#4882,#4884,.T.);
#4882 = VERTEX_POINT('',#4883);
#4883 = CARTESIAN_POINT('',(-65.17781728683,-27.1565456794,
    -52.93101971658));
#4884 = ( BOUNDED_CURVE() B_SPLINE_CURVE(6,(#4885,#4886,#4887,#4888,
#4889,#4890,#4891),.UNSPECIFIED.,.F.,.F.) B_SPLINE_CURVE_WITH_KNOTS((7,7
),(0.720611534187,1.843873232777),.PIECEWISE_BEZIER_KNOTS.) CURVE() 
GEOMETRIC_REPRESENTATION_ITEM() RATIONAL_B_SPLINE_CURVE((1.,1.,1.,1.,1.,
1.,1.)) REPRESENTATION_ITEM('') );
#4885 = CARTESIAN_POINT('',(-64.97557435612,-26.97811582987,
    -54.01646686221));
#4886 = CARTESIAN_POINT('',(-65.00967002872,-27.00785318491,
    -53.83563190493));
#4887 = CARTESIAN_POINT('',(-65.04355957453,-27.03754606709,
    -53.65504844527));
#4888 = CARTESIAN_POINT('',(-65.07757566268,-27.06748573468,
    -53.4728781635));
#4889 = CARTESIAN_POINT('',(-65.1106765855,-27.0967614557,
    -53.29486358685));
#4890 = CARTESIAN_POINT('',(-65.14504955818,-27.12728191663,
    -53.10900095826));
#4891 = CARTESIAN_POINT('',(-65.17781728683,-27.1565456794,
    -52.93101971658));
#4892 = ORIENTED_EDGE('',*,*,#4893,.T.);
#4893 = EDGE_CURVE('',#4882,#3721,#4894,.T.);
#4894 = ( BOUNDED_CURVE() B_SPLINE_CURVE(6,(#4895,#4896,#4897,#4898,
    #4899,#4900,#4901,#4902,#4903,#4904,#4905,#4906,#4907,#4908,#4909,
#4910,#4911),.UNSPECIFIED.,.F.,.F.) B_SPLINE_CURVE_WITH_KNOTS((7,5,5,7),
  (1.843873232777,21.527876985064,46.719213425487,46.991581992722),
.UNSPECIFIED.) CURVE() GEOMETRIC_REPRESENTATION_ITEM() 
RATIONAL_B_SPLINE_CURVE((1.,1.,1.,1.,1.,1.,1.,1.,1.,1.,1.,1.,1.,1.,1.,1.
,1.)) REPRESENTATION_ITEM('') );
#4895 = CARTESIAN_POINT('',(-65.17781728683,-27.1565456794,
    -52.93101971658));
#4896 = CARTESIAN_POINT('',(-65.74589080122,-27.66393818358,
    -49.84547146681));
#4897 = CARTESIAN_POINT('',(-66.2703772538,-28.11633947146,
    -46.74272429093));
#4898 = CARTESIAN_POINT('',(-66.7530338461,-28.51564901052,
    -43.60972729978));
#4899 = CARTESIAN_POINT('',(-67.18973886387,-28.85850139176,
    -40.46297113182));
#4900 = CARTESIAN_POINT('',(-67.58081945779,-29.14572421669,
    -37.30045900474));
#4901 = CARTESIAN_POINT('',(-68.36567694962,-29.67248619557,
    -30.06868681907));
#4902 = CARTESIAN_POINT('',(-68.72971259685,-29.87631267001,
    -25.99279653927));
#4903 = CARTESIAN_POINT('',(-69.01567522086,-29.98805113009,
    -21.90946147715));
#4904 = CARTESIAN_POINT('',(-69.2229843743,-30.00853859413,
    -17.82754627386));
#4905 = CARTESIAN_POINT('',(-69.35208267278,-29.93962377278,
    -13.7556487052));
#4906 = CARTESIAN_POINT('',(-69.40474265865,-29.78222548732,
    -9.657253353698));
#4907 = CARTESIAN_POINT('',(-69.4052968906,-29.78053662692,
    -9.613420037945));
#4908 = CARTESIAN_POINT('',(-69.40584200733,-29.77883933971,
    -9.569598429543));
#4909 = CARTESIAN_POINT('',(-69.40637800997,-29.77713176834,
    -9.525788955907));
#4910 = CARTESIAN_POINT('',(-69.40690497853,-29.77541335084,
    -9.481985298349));
#4911 = CARTESIAN_POINT('',(-69.40742307191,-29.77368482062,
    -9.438174392069));
#4912 = ORIENTED_EDGE('',*,*,#3720,.T.);
#4913 = ORIENTED_EDGE('',*,*,#3629,.F.);
#4914 = ORIENTED_EDGE('',*,*,#4737,.F.);
#4915 = FACE_BOUND('',#4916,.T.);
#4916 = EDGE_LOOP('',(#4917));
#4917 = ORIENTED_EDGE('',*,*,#4918,.T.);
#4918 = EDGE_CURVE('',#4919,#4919,#4921,.T.);
#4919 = VERTEX_POINT('',#4920);
#4920 = CARTESIAN_POINT('',(-67.25462378845,-20.,-39.73179126431));
#4921 = B_SPLINE_CURVE_WITH_KNOTS('',8,(#4922,#4923,#4924,#4925,#4926,
    #4927,#4928,#4929,#4930,#4931,#4932,#4933,#4934,#4935,#4936,#4937,
    #4938,#4939,#4940,#4941,#4942,#4943,#4944,#4945,#4946,#4947,#4948,
    #4949,#4950,#4951,#4952,#4953,#4954,#4955,#4956,#4957,#4958,#4959,
    #4960,#4961,#4962,#4963,#4964,#4965,#4966,#4967,#4968,#4969,#4970,
    #4971,#4972,#4973,#4974,#4975,#4976,#4977,#4978,#4979),
  .UNSPECIFIED.,.T.,.F.,(9,7,7,7,7,7,7,7,9),(0.,0.123712422618,
    0.22665062839,0.314173097774,0.427072904741,0.631516746222,
    0.732972952641,0.828702951634,1.),.UNSPECIFIED.);
#4922 = CARTESIAN_POINT('',(-67.25462378845,-20.,-39.73179126431));
#4923 = CARTESIAN_POINT('',(-67.25462378845,-20.26511037369,
    -39.73179126431));
#4924 = CARTESIAN_POINT('',(-67.25131132961,-20.53000430977,
    -39.75711514361));
#4925 = CARTESIAN_POINT('',(-67.24469546771,-20.79338530027,
    -39.80769376967));
#4926 = CARTESIAN_POINT('',(-67.23471329795,-21.05384876759,
    -39.88389821852));
#4927 = CARTESIAN_POINT('',(-67.22123960379,-21.30972058968,
    -39.98646840645));
#4928 = CARTESIAN_POINT('',(-67.20409424357,-21.55887129802,
    -40.11643336669));
#4929 = CARTESIAN_POINT('',(-67.1830503181,-21.79848736164,
    -40.27501275233));
#4930 = CARTESIAN_POINT('',(-67.13687437581,-22.2130745758,
    -40.62031593451));
#4931 = CARTESIAN_POINT('',(-67.11280908806,-22.39405819886,
    -40.79943601136));
#4932 = CARTESIAN_POINT('',(-67.0855606028,-22.56374611553,
    -41.0011018189));
#4933 = CARTESIAN_POINT('',(-67.05510849632,-22.71813116657,
    -41.22495718137));
#4934 = CARTESIAN_POINT('',(-67.02150045596,-22.85320150193,
    -41.4700684553));
#4935 = CARTESIAN_POINT('',(-66.98486031579,-22.96493794791,
    -41.73491502715));
#4936 = CARTESIAN_POINT('',(-66.94540528959,-23.04929199723,
    -42.01733915897));
#4937 = CARTESIAN_POINT('',(-66.86781926443,-23.14708181615,
    -42.56707594405));
#4938 = CARTESIAN_POINT('',(-66.83092815155,-23.16854903733,
    -42.82639794641));
#4939 = CARTESIAN_POINT('',(-66.79338087382,-23.16489758987,
    -43.08810219066));
#4940 = CARTESIAN_POINT('',(-66.75582120087,-23.13580412291,
    -43.34762911681));
#4941 = CARTESIAN_POINT('',(-66.71891805712,-23.08223578875,
    -43.60046799771));
#4942 = CARTESIAN_POINT('',(-66.68332585942,-23.0064196376,
    -43.84241609422));
#4943 = CARTESIAN_POINT('',(-66.64964199576,-22.91181604869,
    -44.06980757089));
#4944 = CARTESIAN_POINT('',(-66.5780110284,-22.6628527806,
    -44.55047908654));
#4945 = CARTESIAN_POINT('',(-66.54124349161,-22.49767299104,
    -44.7949423912));
#4946 = CARTESIAN_POINT('',(-66.50819607691,-22.31300096971,
    -45.01294889012));
#4947 = CARTESIAN_POINT('',(-66.4789015875,-22.11319393907,
    -45.20494839462));
#4948 = CARTESIAN_POINT('',(-66.45332363678,-21.90176848642,
    -45.37171421374));
#4949 = CARTESIAN_POINT('',(-66.43138642865,-21.6815723565,
    -45.51415168295));
#4950 = CARTESIAN_POINT('',(-66.41299813695,-21.45489993552,
    -45.63316917305));
#4951 = CARTESIAN_POINT('',(-66.37102891937,-20.80466667099,
    -45.90418180883));
#4952 = CARTESIAN_POINT('',(-66.35530379764,-20.37012134271,
    -46.00481861127));
#4953 = CARTESIAN_POINT('',(-66.35027696073,-19.9290177957,
    -46.03680807789));
#4954 = CARTESIAN_POINT('',(-66.35571985536,-19.48695461136,
    -46.00202621251));
#4955 = CARTESIAN_POINT('',(-66.37175518136,-19.04951963129,
    -45.89954621271));
#4956 = CARTESIAN_POINT('',(-66.39880728891,-18.62385432262,
    -45.72593368343));
#4957 = CARTESIAN_POINT('',(-66.43747897152,-18.22036958577,
    -45.47569030202));
#4958 = CARTESIAN_POINT('',(-66.51348090091,-17.67735826103,
    -44.97730182543));
#4959 = CARTESIAN_POINT('',(-66.54197427556,-17.50510370707,
    -44.78962929675));
#4960 = CARTESIAN_POINT('',(-66.57368709804,-17.34517281681,
    -44.57963094265));
#4961 = CARTESIAN_POINT('',(-66.60843075334,-17.20188017013,
    -44.34807870352));
#4962 = CARTESIAN_POINT('',(-66.64590964306,-17.07934861484,
    -44.09640938408));
#4963 = CARTESIAN_POINT('',(-66.68573446826,-16.98149475025,
    -43.82669406312));
#4964 = CARTESIAN_POINT('',(-66.72743394346,-16.91202560357,
    -43.54163508327));
#4965 = CARTESIAN_POINT('',(-66.81106726244,-16.83898836658,
    -42.96431140361));
#4966 = CARTESIAN_POINT('',(-66.85192010005,-16.83273865576,
    -42.67981651612));
#4967 = CARTESIAN_POINT('',(-66.89225849801,-16.856542072,
    -42.39625075066));
#4968 = CARTESIAN_POINT('',(-66.9313391737,-16.90973860874,
    -42.11887863068));
#4969 = CARTESIAN_POINT('',(-66.96849152912,-16.99022736765,
    -41.8527292937));
#4970 = CARTESIAN_POINT('',(-67.00315481415,-17.09452157514,
    -41.60228398594));
#4971 = CARTESIAN_POINT('',(-67.03490144198,-17.21779479573,
    -41.37120616863));
#4972 = CARTESIAN_POINT('',(-67.11452424798,-17.59749467077,
    -40.78796996227));
#4973 = CARTESIAN_POINT('',(-67.15667481818,-17.88852672933,
    -40.47452945457));
#4974 = CARTESIAN_POINT('',(-67.1904562455,-18.21051886387,
    -40.22037207412));
#4975 = CARTESIAN_POINT('',(-67.21659222122,-18.55251660077,
    -40.02214735535));
#4976 = CARTESIAN_POINT('',(-67.2357135362,-18.90687714934,
    -39.8763601733));
#4977 = CARTESIAN_POINT('',(-67.24830142712,-19.2684237656,
    -39.78012615148));
#4978 = CARTESIAN_POINT('',(-67.25462378845,-19.633743356,
    -39.73179126431));
#4979 = CARTESIAN_POINT('',(-67.25462378845,-20.,-39.73179126431));
#4980 = FACE_BOUND('',#4981,.T.);
#4981 = EDGE_LOOP('',(#4982));
#4982 = ORIENTED_EDGE('',*,*,#4983,.T.);
#4983 = EDGE_CURVE('',#4984,#4984,#4986,.T.);
#4984 = VERTEX_POINT('',#4985);
#4985 = CARTESIAN_POINT('',(-67.25462378845,20.,-39.73179126431));
#4986 = B_SPLINE_CURVE_WITH_KNOTS('',8,(#4987,#4988,#4989,#4990,#4991,
    #4992,#4993,#4994,#4995,#4996,#4997,#4998,#4999,#5000,#5001,#5002,
    #5003,#5004,#5005,#5006,#5007,#5008,#5009,#5010,#5011,#5012,#5013,
    #5014,#5015,#5016,#5017,#5018,#5019,#5020,#5021,#5022,#5023,#5024,
    #5025,#5026,#5027,#5028,#5029,#5030,#5031,#5032,#5033,#5034,#5035,
    #5036,#5037,#5038,#5039,#5040,#5041,#5042,#5043,#5044),
  .UNSPECIFIED.,.T.,.F.,(9,7,7,7,7,7,7,7,9),(0.,0.123712420638,
    0.226650625183,0.314173094685,0.427072902666,0.631516745983,
    0.732972951965,0.828702950495,1.),.UNSPECIFIED.);
#4987 = CARTESIAN_POINT('',(-67.25462378845,20.,-39.73179126431));
#4988 = CARTESIAN_POINT('',(-67.25462378845,19.734889626301,
    -39.73179126431));
#4989 = CARTESIAN_POINT('',(-67.25131132961,19.469995690221,
    -39.75711514361));
#4990 = CARTESIAN_POINT('',(-67.24469546771,19.206614699723,
    -39.80769376967));
#4991 = CARTESIAN_POINT('',(-67.23471329795,18.946151232407,
    -39.88389821852));
#4992 = CARTESIAN_POINT('',(-67.22123960379,18.690279410315,
    -39.98646840645));
#4993 = CARTESIAN_POINT('',(-67.20409424357,18.44112870197,
    -40.11643336669));
#4994 = CARTESIAN_POINT('',(-67.1830503181,18.201512638356,
    -40.27501275233));
#4995 = CARTESIAN_POINT('',(-67.13687437572,17.786925423422,
    -40.62031593515));
#4996 = CARTESIAN_POINT('',(-67.11280908825,17.605941802066,
    -40.79943600998));
#4997 = CARTESIAN_POINT('',(-67.08556060277,17.436253884723,
    -41.00110181914));
#4998 = CARTESIAN_POINT('',(-67.05510849613,17.281868832687,
    -41.22495718275));
#4999 = CARTESIAN_POINT('',(-67.021500456,17.146798497834,
    -41.47006845501));
#5000 = CARTESIAN_POINT('',(-66.98486031601,17.035062052766,
    -41.73491502551));
#5001 = CARTESIAN_POINT('',(-66.94540528942,16.95070800255,
    -42.0173391602));
#5002 = CARTESIAN_POINT('',(-66.8678192641,16.852918183434,
    -42.56707594635));
#5003 = CARTESIAN_POINT('',(-66.83092815208,16.83145096254,
    -42.82639794271));
#5004 = CARTESIAN_POINT('',(-66.79338087386,16.835102410707,
    -43.08810219036));
#5005 = CARTESIAN_POINT('',(-66.75582120039,16.864195877499,
    -43.34762912013));
#5006 = CARTESIAN_POINT('',(-66.71891805707,16.917764210696,
    -43.60046799808));
#5007 = CARTESIAN_POINT('',(-66.6833258599,16.993580361672,
    -43.84241609089));
#5008 = CARTESIAN_POINT('',(-66.64964199552,17.08818395214,
    -44.06980757249));
#5009 = CARTESIAN_POINT('',(-66.5780110284,17.337147219396,
    -44.55047908654));
#5010 = CARTESIAN_POINT('',(-66.54124349161,17.502327008957,
    -44.7949423912));
#5011 = CARTESIAN_POINT('',(-66.50819607691,17.686999030285,
    -45.01294889012));
#5012 = CARTESIAN_POINT('',(-66.4789015875,17.886806060923,
    -45.20494839462));
#5013 = CARTESIAN_POINT('',(-66.45332363678,18.09823151358,
    -45.37171421374));
#5014 = CARTESIAN_POINT('',(-66.43138642865,18.3184276435,
    -45.51415168295));
#5015 = CARTESIAN_POINT('',(-66.41299813695,18.545100064473,
    -45.63316917305));
#5016 = CARTESIAN_POINT('',(-66.37102891937,19.19533332901,
    -45.90418180883));
#5017 = CARTESIAN_POINT('',(-66.35530379764,19.629878657283,
    -46.00481861127));
#5018 = CARTESIAN_POINT('',(-66.35027696073,20.070982204296,
    -46.03680807789));
#5019 = CARTESIAN_POINT('',(-66.35571985536,20.513045388628,
    -46.00202621252));
#5020 = CARTESIAN_POINT('',(-66.37175518136,20.950480368705,
    -45.89954621271));
#5021 = CARTESIAN_POINT('',(-66.39880728891,21.376145677369,
    -45.72593368343));
#5022 = CARTESIAN_POINT('',(-66.43747897152,21.779630414227,
    -45.47569030202));
#5023 = CARTESIAN_POINT('',(-66.51348090057,22.322641736569,
    -44.97730182763));
#5024 = CARTESIAN_POINT('',(-66.54197427632,22.494896296002,
    -44.78962929163));
#5025 = CARTESIAN_POINT('',(-66.57368709792,22.654827184002,
    -44.57963094355));
#5026 = CARTESIAN_POINT('',(-66.60843075256,22.798119827376,
    -44.34807870877));
#5027 = CARTESIAN_POINT('',(-66.64590964317,22.920651384273,
    -44.09640938326));
#5028 = CARTESIAN_POINT('',(-66.68573446915,23.018505251932,
    -43.82669405709));
#5029 = CARTESIAN_POINT('',(-66.72743394288,23.087974395908,
    -43.54163508734));
#5030 = CARTESIAN_POINT('',(-66.81106726297,23.161011633887,
    -42.96431139992));
#5031 = CARTESIAN_POINT('',(-66.85192009921,23.167261344814,
    -42.67981652199));
#5032 = CARTESIAN_POINT('',(-66.89225849792,23.143457927049,
    -42.39625075121));
#5033 = CARTESIAN_POINT('',(-66.93133917443,23.090261390223,
    -42.11887862545));
#5034 = CARTESIAN_POINT('',(-66.96849152923,23.009772633236,
    -41.85272929302));
#5035 = CARTESIAN_POINT('',(-67.00315481342,22.905478426413,
    -41.60228399114));
#5036 = CARTESIAN_POINT('',(-67.03490144231,22.782205202702,
    -41.37120616623));
#5037 = CARTESIAN_POINT('',(-67.11452424798,22.402505329225,
    -40.78796996227));
#5038 = CARTESIAN_POINT('',(-67.15667481818,22.111473270661,
    -40.47452945457));
#5039 = CARTESIAN_POINT('',(-67.1904562455,21.78948113613,
    -40.22037207412));
#5040 = CARTESIAN_POINT('',(-67.21659222122,21.447483399219,
    -40.02214735535));
#5041 = CARTESIAN_POINT('',(-67.2357135362,21.093122850657,
    -39.8763601733));
#5042 = CARTESIAN_POINT('',(-67.24830142712,20.731576234399,
    -39.78012615148));
#5043 = CARTESIAN_POINT('',(-67.25462378845,20.366256643993,
    -39.73179126431));
#5044 = CARTESIAN_POINT('',(-67.25462378845,20.,-39.73179126431));
#5045 = CYLINDRICAL_SURFACE('',#5046,257.);
#5046 = AXIS2_PLACEMENT_3D('',#5047,#5048,#5049);
#5047 = CARTESIAN_POINT('',(187.57460853675,-35.58049931062,
    -6.399189317434));
#5048 = DIRECTION('',(0.,1.,-2.2E-16));
#5049 = DIRECTION('',(-0.982685536548,-4.076187182822E-17,
    -0.185281235583));
#5050 = ADVANCED_FACE('',(#5051),#5062,.T.);
#5051 = FACE_BOUND('',#5052,.T.);
#5052 = EDGE_LOOP('',(#5053,#5059,#5060,#5061));
#5053 = ORIENTED_EDGE('',*,*,#5054,.T.);
#5054 = EDGE_CURVE('',#3721,#4304,#5055,.T.);
#5055 = ( BOUNDED_CURVE() B_SPLINE_CURVE(2,(#5056,#5057,#5058),
.UNSPECIFIED.,.F.,.F.) B_SPLINE_CURVE_WITH_KNOTS((3,3),(0.,
45.147708759946),.PIECEWISE_BEZIER_KNOTS.) CURVE() 
GEOMETRIC_REPRESENTATION_ITEM() RATIONAL_B_SPLINE_CURVE((1.,
0.709634221817,1.)) REPRESENTATION_ITEM('') );
#5056 = CARTESIAN_POINT('',(-69.40742307191,-29.77368482062,
    -9.438174392069));
#5057 = CARTESIAN_POINT('',(-69.41061969675,-35.72473199322,
    -9.167862059216));
#5058 = CARTESIAN_POINT('',(-63.45402767638,-35.76735073912,
    -9.09549789966));
#5059 = ORIENTED_EDGE('',*,*,#4303,.T.);
#5060 = ORIENTED_EDGE('',*,*,#4254,.F.);
#5061 = ORIENTED_EDGE('',*,*,#3728,.F.);
#5062 = ( BOUNDED_SURFACE() B_SPLINE_SURFACE(2,10,(
    (#5063,#5064,#5065,#5066,#5067,#5068,#5069,#5070,#5071,#5072,#5073)
    ,(#5074,#5075,#5076,#5077,#5078,#5079,#5080,#5081,#5082,#5083,#5084)
    ,(#5085,#5086,#5087,#5088,#5089,#5090,#5091,#5092,#5093,#5094,#5095
)),.UNSPECIFIED.,.F.,.F.,.F.) B_SPLINE_SURFACE_WITH_KNOTS((3,3),(11,11),
  (0.,1.29118228509),(46.991581992722,48.282764277812),
.PIECEWISE_BEZIER_KNOTS.) GEOMETRIC_REPRESENTATION_ITEM() 
RATIONAL_B_SPLINE_SURFACE((
    (1.,1.,1.,1.,1.,1.,1.,1.,1.,1.,1.)
    ,(0.709634221817,0.709670370813,0.709706447094,0.709742645106
      ,0.709778624383,0.709814820461,0.709850859677,0.709886983949
      ,0.709923070656,0.709959163763,0.709995253702)
,(1.,1.,1.,1.,1.,1.,1.,1.,1.,1.,1.
  ))) REPRESENTATION_ITEM('') SURFACE() );
#5063 = CARTESIAN_POINT('',(-69.40742307191,-29.77368482062,
    -9.438174392069));
#5064 = CARTESIAN_POINT('',(-69.40889663586,-29.7686363969,
    -9.313567179649));
#5065 = CARTESIAN_POINT('',(-69.41037528915,-29.76348622402,
    -9.188529603864));
#5066 = CARTESIAN_POINT('',(-69.41182853994,-29.75836058266,
    -9.065640109248));
#5067 = CARTESIAN_POINT('',(-69.41344039316,-29.75251875368,
    -8.929338908487));
#5068 = CARTESIAN_POINT('',(-69.41491774387,-29.74712661539,
    -8.804411481325));
#5069 = CARTESIAN_POINT('',(-69.41645040022,-29.74143695912,
    -8.674807310213));
#5070 = CARTESIAN_POINT('',(-69.41795447001,-29.73577162068,
    -8.547620469081));
#5071 = CARTESIAN_POINT('',(-69.41946831215,-29.72998814152,
    -8.419607261023));
#5072 = CARTESIAN_POINT('',(-69.42098279853,-29.72411800726,
    -8.291539575055));
#5073 = CARTESIAN_POINT('',(-69.42249742653,-29.71816448078,
    -8.163459912836));
#5074 = CARTESIAN_POINT('',(-69.41061969675,-35.72473199322,
    -9.167862059216));
#5075 = CARTESIAN_POINT('',(-69.41213433996,-35.71891383119,
    -9.039781111033));
#5076 = CARTESIAN_POINT('',(-69.41364895516,-35.71301344196,
    -8.911702531985));
#5077 = CARTESIAN_POINT('',(-69.41516354627,-35.70702917797,
    -8.783625989396));
#5078 = CARTESIAN_POINT('',(-69.41667804987,-35.7009640724,
    -8.655556846689));
#5079 = CARTESIAN_POINT('',(-69.4181925684,-35.69481428516,
    -8.52748644174));
#5080 = CARTESIAN_POINT('',(-69.41970705647,-35.68858286784,
    -8.399418612878));
#5081 = CARTESIAN_POINT('',(-69.42122151037,-35.68226795361,
    -8.271353673641));
#5082 = CARTESIAN_POINT('',(-69.42273593849,-35.67587048146,
    -8.143290913601));
#5083 = CARTESIAN_POINT('',(-69.42425033675,-35.66939011499,
    -8.015230679518));
#5084 = CARTESIAN_POINT('',(-69.42576470683,-35.66282691741,
    -7.887172827831));
#5085 = CARTESIAN_POINT('',(-63.45402767638,-35.76735073912,
    -9.09549789966));
#5086 = CARTESIAN_POINT('',(-63.45615912167,-35.76213555375,
    -8.967324139621));
#5087 = CARTESIAN_POINT('',(-63.45828786822,-35.75684239108,
    -8.839276836969));
#5088 = CARTESIAN_POINT('',(-63.46042126351,-35.75145748862,
    -8.711014610143));
#5089 = CARTESIAN_POINT('',(-63.46254653686,-35.74600459002,
    -8.583127244363));
#5090 = CARTESIAN_POINT('',(-63.46467976703,-35.740454546,
    -8.454882015239));
#5091 = CARTESIAN_POINT('',(-63.46680733388,-35.7348313793,
    -8.326892902409));
#5092 = CARTESIAN_POINT('',(-63.46893807095,-35.7291196396,
    -8.198761018539));
#5093 = CARTESIAN_POINT('',(-63.4710674498,-35.72332730963,
    -8.070692882083));
#5094 = CARTESIAN_POINT('',(-63.47319708845,-35.71745157434,
    -7.942614912616));
#5095 = CARTESIAN_POINT('',(-63.47532663915,-35.71149301867,
    -7.814542756042));
#5096 = ADVANCED_FACE('',(#5097),#5108,.F.);
#5097 = FACE_BOUND('',#5098,.F.);
#5098 = EDGE_LOOP('',(#5099,#5100,#5101,#5107));
#5099 = ORIENTED_EDGE('',*,*,#4178,.T.);
#5100 = ORIENTED_EDGE('',*,*,#3768,.T.);
#5101 = ORIENTED_EDGE('',*,*,#5102,.F.);
#5102 = EDGE_CURVE('',#3853,#3760,#5103,.T.);
#5103 = LINE('',#5104,#5105);
#5104 = CARTESIAN_POINT('',(-62.03985903453,4.20000000002,
    -49.07740753885));
#5105 = VECTOR('',#5106,1.);
#5106 = DIRECTION('',(-9.4E-15,-1.,4.987E-14));
#5107 = ORIENTED_EDGE('',*,*,#3852,.F.);
#5108 = PLANE('',#5109);
#5109 = AXIS2_PLACEMENT_3D('',#5110,#5111,#5112);
#5110 = CARTESIAN_POINT('',(-62.7575229054,4.20000000002,-50.12857763377
    ));
#5111 = DIRECTION('',(-0.825877224774,3.555E-14,0.56384998856));
#5112 = DIRECTION('',(-9.124899333623E-15,-1.,4.968334491511E-14));
#5113 = ADVANCED_FACE('',(#5114),#5140,.T.);
#5114 = FACE_BOUND('',#5115,.F.);
#5115 = EDGE_LOOP('',(#5116,#5124,#5133,#5139));
#5116 = ORIENTED_EDGE('',*,*,#5117,.T.);
#5117 = EDGE_CURVE('',#3752,#5118,#5120,.T.);
#5118 = VERTEX_POINT('',#5119);
#5119 = CARTESIAN_POINT('',(-64.43725922537,-4.200000000013,
    -35.28275378007));
#5120 = LINE('',#5121,#5122);
#5121 = CARTESIAN_POINT('',(-66.40263029847,-4.200000000013,
    -35.65331625123));
#5122 = VECTOR('',#5123,1.);
#5123 = DIRECTION('',(0.982685536548,0.,0.185281235583));
#5124 = ORIENTED_EDGE('',*,*,#5125,.T.);
#5125 = EDGE_CURVE('',#5118,#5126,#5128,.T.);
#5126 = VERTEX_POINT('',#5127);
#5127 = CARTESIAN_POINT('',(-61.84332192722,-4.200000000003,
    -49.04035129173));
#5128 = CIRCLE('',#5129,6.999999999995);
#5129 = AXIS2_PLACEMENT_3D('',#5130,#5131,#5132);
#5130 = CARTESIAN_POINT('',(-63.1402905763,-4.200000000013,
    -42.1615525359));
#5131 = DIRECTION('',(0.982685536548,-2.853300763633E-16,0.185281235583)
  );
#5132 = DIRECTION('',(-0.185281235583,-1.595945597899E-16,0.982685536548
    ));
#5133 = ORIENTED_EDGE('',*,*,#5134,.F.);
#5134 = EDGE_CURVE('',#3760,#5126,#5135,.T.);
#5135 = LINE('',#5136,#5137);
#5136 = CARTESIAN_POINT('',(-63.80869300031,-4.200000000003,
    -49.4109137629));
#5137 = VECTOR('',#5138,1.);
#5138 = DIRECTION('',(0.982685536548,0.,0.185281235583));
#5139 = ORIENTED_EDGE('',*,*,#3759,.T.);
#5140 = CYLINDRICAL_SURFACE('',#5141,6.999999999995);
#5141 = AXIS2_PLACEMENT_3D('',#5142,#5143,#5144);
#5142 = CARTESIAN_POINT('',(-65.10566164939,-4.200000000013,
    -42.53211500707));
#5143 = DIRECTION('',(-0.982685536548,0.,-0.185281235583));
#5144 = DIRECTION('',(-0.185281235583,0.,0.982685536548));
#5145 = ADVANCED_FACE('',(#5146),#5164,.T.);
#5146 = FACE_BOUND('',#5147,.T.);
#5147 = EDGE_LOOP('',(#5148,#5149,#5157,#5163));
#5148 = ORIENTED_EDGE('',*,*,#5117,.T.);
#5149 = ORIENTED_EDGE('',*,*,#5150,.T.);
#5150 = EDGE_CURVE('',#5118,#5151,#5153,.T.);
#5151 = VERTEX_POINT('',#5152);
#5152 = CARTESIAN_POINT('',(-64.43725922537,4.200000000001,
    -35.28275378007));
#5153 = LINE('',#5154,#5155);
#5154 = CARTESIAN_POINT('',(-64.43725922537,-4.200000000013,
    -35.28275378007));
#5155 = VECTOR('',#5156,1.);
#5156 = DIRECTION('',(2.775557561563E-16,1.,2.2E-16));
#5157 = ORIENTED_EDGE('',*,*,#5158,.F.);
#5158 = EDGE_CURVE('',#3816,#5151,#5159,.T.);
#5159 = LINE('',#5160,#5161);
#5160 = CARTESIAN_POINT('',(-66.40263029847,4.200000000001,
    -35.65331625123));
#5161 = VECTOR('',#5162,1.);
#5162 = DIRECTION('',(0.982685536548,0.,0.185281235583));
#5163 = ORIENTED_EDGE('',*,*,#3823,.F.);
#5164 = PLANE('',#5165);
#5165 = AXIS2_PLACEMENT_3D('',#5166,#5167,#5168);
#5166 = CARTESIAN_POINT('',(-66.40263029847,-4.200000000013,
    -35.65331625123));
#5167 = DIRECTION('',(-0.185281235583,0.,0.982685536548));
#5168 = DIRECTION('',(0.,1.,0.));
#5169 = ADVANCED_FACE('',(#5170),#5189,.T.);
#5170 = FACE_BOUND('',#5171,.F.);
#5171 = EDGE_LOOP('',(#5172,#5180,#5187,#5188));
#5172 = ORIENTED_EDGE('',*,*,#5173,.T.);
#5173 = EDGE_CURVE('',#3853,#5174,#5176,.T.);
#5174 = VERTEX_POINT('',#5175);
#5175 = CARTESIAN_POINT('',(-61.84332192722,4.200000000016,
    -49.04035129173));
#5176 = LINE('',#5177,#5178);
#5177 = CARTESIAN_POINT('',(-63.80869300031,4.200000000016,
    -49.4109137629));
#5178 = VECTOR('',#5179,1.);
#5179 = DIRECTION('',(0.982685536548,0.,0.185281235583));
#5180 = ORIENTED_EDGE('',*,*,#5181,.T.);
#5181 = EDGE_CURVE('',#5174,#5151,#5182,.T.);
#5182 = CIRCLE('',#5183,6.999999999995);
#5183 = AXIS2_PLACEMENT_3D('',#5184,#5185,#5186);
#5184 = CARTESIAN_POINT('',(-63.1402905763,4.2,-42.1615525359));
#5185 = DIRECTION('',(0.982685536548,-2.853300763633E-16,0.185281235583)
  );
#5186 = DIRECTION('',(-0.185281235583,-1.595945597899E-16,0.982685536548
    ));
#5187 = ORIENTED_EDGE('',*,*,#5158,.F.);
#5188 = ORIENTED_EDGE('',*,*,#3860,.T.);
#5189 = CYLINDRICAL_SURFACE('',#5190,6.999999999995);
#5190 = AXIS2_PLACEMENT_3D('',#5191,#5192,#5193);
#5191 = CARTESIAN_POINT('',(-65.10566164939,4.2,-42.53211500707));
#5192 = DIRECTION('',(-0.982685536548,0.,-0.185281235583));
#5193 = DIRECTION('',(-0.185281235583,0.,0.982685536548));
#5194 = ADVANCED_FACE('',(#5195),#5220,.F.);
#5195 = FACE_BOUND('',#5196,.F.);
#5196 = EDGE_LOOP('',(#5197,#5205,#5213,#5219));
#5197 = ORIENTED_EDGE('',*,*,#5198,.T.);
#5198 = EDGE_CURVE('',#3901,#5199,#5201,.T.);
#5199 = VERTEX_POINT('',#5200);
#5200 = CARTESIAN_POINT('',(-65.11362888918,15.8,-46.80761924903));
#5201 = LINE('',#5202,#5203);
#5202 = CARTESIAN_POINT('',(-64.32748045994,15.8,-46.65939426057));
#5203 = VECTOR('',#5204,1.);
#5204 = DIRECTION('',(-0.982685536548,0.,-0.185281235583));
#5205 = ORIENTED_EDGE('',*,*,#5206,.T.);
#5206 = EDGE_CURVE('',#5199,#5207,#5209,.T.);
#5207 = VERTEX_POINT('',#5208);
#5208 = CARTESIAN_POINT('',(-65.11362888918,24.2,-46.80761924903));
#5209 = LINE('',#5210,#5211);
#5210 = CARTESIAN_POINT('',(-65.11362888918,15.8,-46.80761924903));
#5211 = VECTOR('',#5212,1.);
#5212 = DIRECTION('',(2.775557561563E-16,1.,2.2E-16));
#5213 = ORIENTED_EDGE('',*,*,#5214,.F.);
#5214 = EDGE_CURVE('',#3910,#5207,#5215,.T.);
#5215 = LINE('',#5216,#5217);
#5216 = CARTESIAN_POINT('',(-64.32748045994,24.2,-46.65939426057));
#5217 = VECTOR('',#5218,1.);
#5218 = DIRECTION('',(-0.982685536548,0.,-0.185281235583));
#5219 = ORIENTED_EDGE('',*,*,#3917,.F.);
#5220 = PLANE('',#5221);
#5221 = AXIS2_PLACEMENT_3D('',#5222,#5223,#5224);
#5222 = CARTESIAN_POINT('',(-64.32748045994,15.8,-46.65939426057));
#5223 = DIRECTION('',(0.185281235583,0.,-0.982685536548));
#5224 = DIRECTION('',(0.,1.,0.));
#5225 = ADVANCED_FACE('',(#5226),#5244,.F.);
#5226 = FACE_BOUND('',#5227,.F.);
#5227 = EDGE_LOOP('',(#5228,#5236,#5242,#5243));
#5228 = ORIENTED_EDGE('',*,*,#5229,.T.);
#5229 = EDGE_CURVE('',#3932,#5230,#5232,.T.);
#5230 = VERTEX_POINT('',#5231);
#5231 = CARTESIAN_POINT('',(-66.66999126808,15.8,-38.55306074203));
#5232 = LINE('',#5233,#5234);
#5233 = CARTESIAN_POINT('',(-65.88384283884,15.8,-38.40483575356));
#5234 = VECTOR('',#5235,1.);
#5235 = DIRECTION('',(-0.982685536548,0.,-0.185281235583));
#5236 = ORIENTED_EDGE('',*,*,#5237,.T.);
#5237 = EDGE_CURVE('',#5230,#5199,#5238,.T.);
#5238 = LINE('',#5239,#5240);
#5239 = CARTESIAN_POINT('',(-66.66999126808,15.8,-38.55306074203));
#5240 = VECTOR('',#5241,1.);
#5241 = DIRECTION('',(0.185281235583,1.595945597899E-16,-0.982685536548)
  );
#5242 = ORIENTED_EDGE('',*,*,#5198,.F.);
#5243 = ORIENTED_EDGE('',*,*,#3941,.F.);
#5244 = PLANE('',#5245);
#5245 = AXIS2_PLACEMENT_3D('',#5246,#5247,#5248);
#5246 = CARTESIAN_POINT('',(-65.88384283884,15.8,-38.40483575356));
#5247 = DIRECTION('',(0.,-1.,0.));
#5248 = DIRECTION('',(0.185281235583,0.,-0.982685536548));
#5249 = ADVANCED_FACE('',(#5250),#5268,.F.);
#5250 = FACE_BOUND('',#5251,.F.);
#5251 = EDGE_LOOP('',(#5252,#5253,#5261,#5267));
#5252 = ORIENTED_EDGE('',*,*,#5214,.T.);
#5253 = ORIENTED_EDGE('',*,*,#5254,.T.);
#5254 = EDGE_CURVE('',#5207,#5255,#5257,.T.);
#5255 = VERTEX_POINT('',#5256);
#5256 = CARTESIAN_POINT('',(-66.66999126808,24.2,-38.55306074203));
#5257 = LINE('',#5258,#5259);
#5258 = CARTESIAN_POINT('',(-65.11362888918,24.2,-46.80761924903));
#5259 = VECTOR('',#5260,1.);
#5260 = DIRECTION('',(-0.185281235583,-1.595945597899E-16,0.982685536548
    ));
#5261 = ORIENTED_EDGE('',*,*,#5262,.F.);
#5262 = EDGE_CURVE('',#3958,#5255,#5263,.T.);
#5263 = LINE('',#5264,#5265);
#5264 = CARTESIAN_POINT('',(-65.88384283884,24.2,-38.40483575356));
#5265 = VECTOR('',#5266,1.);
#5266 = DIRECTION('',(-0.982685536548,0.,-0.185281235583));
#5267 = ORIENTED_EDGE('',*,*,#3965,.F.);
#5268 = PLANE('',#5269);
#5269 = AXIS2_PLACEMENT_3D('',#5270,#5271,#5272);
#5270 = CARTESIAN_POINT('',(-64.32748045994,24.2,-46.65939426057));
#5271 = DIRECTION('',(0.,1.,0.));
#5272 = DIRECTION('',(-0.185281235583,0.,0.982685536548));
#5273 = ADVANCED_FACE('',(#5274),#5285,.F.);
#5274 = FACE_BOUND('',#5275,.F.);
#5275 = EDGE_LOOP('',(#5276,#5277,#5283,#5284));
#5276 = ORIENTED_EDGE('',*,*,#5262,.T.);
#5277 = ORIENTED_EDGE('',*,*,#5278,.T.);
#5278 = EDGE_CURVE('',#5255,#5230,#5279,.T.);
#5279 = LINE('',#5280,#5281);
#5280 = CARTESIAN_POINT('',(-66.66999126808,24.2,-38.55306074203));
#5281 = VECTOR('',#5282,1.);
#5282 = DIRECTION('',(-2.775557561563E-16,-1.,-2.2E-16));
#5283 = ORIENTED_EDGE('',*,*,#5229,.F.);
#5284 = ORIENTED_EDGE('',*,*,#3982,.F.);
#5285 = PLANE('',#5286);
#5286 = AXIS2_PLACEMENT_3D('',#5287,#5288,#5289);
#5287 = CARTESIAN_POINT('',(-65.88384283884,24.2,-38.40483575356));
#5288 = DIRECTION('',(-0.185281235583,0.,0.982685536548));
#5289 = DIRECTION('',(0.,-1.,0.));
#5290 = ADVANCED_FACE('',(#5291),#5316,.F.);
#5291 = FACE_BOUND('',#5292,.F.);
#5292 = EDGE_LOOP('',(#5293,#5301,#5309,#5315));
#5293 = ORIENTED_EDGE('',*,*,#5294,.T.);
#5294 = EDGE_CURVE('',#3997,#5295,#5297,.T.);
#5295 = VERTEX_POINT('',#5296);
#5296 = CARTESIAN_POINT('',(-65.11362888918,-24.2,-46.80761924903));
#5297 = LINE('',#5298,#5299);
#5298 = CARTESIAN_POINT('',(-64.32748045994,-24.2,-46.65939426057));
#5299 = VECTOR('',#5300,1.);
#5300 = DIRECTION('',(-0.982685536548,0.,-0.185281235583));
#5301 = ORIENTED_EDGE('',*,*,#5302,.T.);
#5302 = EDGE_CURVE('',#5295,#5303,#5305,.T.);
#5303 = VERTEX_POINT('',#5304);
#5304 = CARTESIAN_POINT('',(-65.11362888918,-15.8,-46.80761924903));
#5305 = LINE('',#5306,#5307);
#5306 = CARTESIAN_POINT('',(-65.11362888918,-24.2,-46.80761924903));
#5307 = VECTOR('',#5308,1.);
#5308 = DIRECTION('',(2.775557561563E-16,1.,2.2E-16));
#5309 = ORIENTED_EDGE('',*,*,#5310,.F.);
#5310 = EDGE_CURVE('',#4006,#5303,#5311,.T.);
#5311 = LINE('',#5312,#5313);
#5312 = CARTESIAN_POINT('',(-64.32748045994,-15.8,-46.65939426057));
#5313 = VECTOR('',#5314,1.);
#5314 = DIRECTION('',(-0.982685536548,0.,-0.185281235583));
#5315 = ORIENTED_EDGE('',*,*,#4013,.F.);
#5316 = PLANE('',#5317);
#5317 = AXIS2_PLACEMENT_3D('',#5318,#5319,#5320);
#5318 = CARTESIAN_POINT('',(-64.32748045994,-24.2,-46.65939426057));
#5319 = DIRECTION('',(0.185281235583,0.,-0.982685536548));
#5320 = DIRECTION('',(0.,1.,0.));
#5321 = ADVANCED_FACE('',(#5322),#5340,.F.);
#5322 = FACE_BOUND('',#5323,.F.);
#5323 = EDGE_LOOP('',(#5324,#5332,#5338,#5339));
#5324 = ORIENTED_EDGE('',*,*,#5325,.T.);
#5325 = EDGE_CURVE('',#4028,#5326,#5328,.T.);
#5326 = VERTEX_POINT('',#5327);
#5327 = CARTESIAN_POINT('',(-66.66999126808,-24.2,-38.55306074203));
#5328 = LINE('',#5329,#5330);
#5329 = CARTESIAN_POINT('',(-65.88384283884,-24.2,-38.40483575356));
#5330 = VECTOR('',#5331,1.);
#5331 = DIRECTION('',(-0.982685536548,0.,-0.185281235583));
#5332 = ORIENTED_EDGE('',*,*,#5333,.T.);
#5333 = EDGE_CURVE('',#5326,#5295,#5334,.T.);
#5334 = LINE('',#5335,#5336);
#5335 = CARTESIAN_POINT('',(-66.66999126808,-24.2,-38.55306074203));
#5336 = VECTOR('',#5337,1.);
#5337 = DIRECTION('',(0.185281235583,1.595945597899E-16,-0.982685536548)
  );
#5338 = ORIENTED_EDGE('',*,*,#5294,.F.);
#5339 = ORIENTED_EDGE('',*,*,#4037,.F.);
#5340 = PLANE('',#5341);
#5341 = AXIS2_PLACEMENT_3D('',#5342,#5343,#5344);
#5342 = CARTESIAN_POINT('',(-65.88384283884,-24.2,-38.40483575356));
#5343 = DIRECTION('',(0.,-1.,0.));
#5344 = DIRECTION('',(0.185281235583,0.,-0.982685536548));
#5345 = ADVANCED_FACE('',(#5346),#5364,.F.);
#5346 = FACE_BOUND('',#5347,.F.);
#5347 = EDGE_LOOP('',(#5348,#5349,#5357,#5363));
#5348 = ORIENTED_EDGE('',*,*,#5310,.T.);
#5349 = ORIENTED_EDGE('',*,*,#5350,.T.);
#5350 = EDGE_CURVE('',#5303,#5351,#5353,.T.);
#5351 = VERTEX_POINT('',#5352);
#5352 = CARTESIAN_POINT('',(-66.66999126808,-15.8,-38.55306074203));
#5353 = LINE('',#5354,#5355);
#5354 = CARTESIAN_POINT('',(-65.11362888918,-15.8,-46.80761924903));
#5355 = VECTOR('',#5356,1.);
#5356 = DIRECTION('',(-0.185281235583,-1.595945597899E-16,0.982685536548
    ));
#5357 = ORIENTED_EDGE('',*,*,#5358,.F.);
#5358 = EDGE_CURVE('',#4054,#5351,#5359,.T.);
#5359 = LINE('',#5360,#5361);
#5360 = CARTESIAN_POINT('',(-65.88384283884,-15.8,-38.40483575356));
#5361 = VECTOR('',#5362,1.);
#5362 = DIRECTION('',(-0.982685536548,0.,-0.185281235583));
#5363 = ORIENTED_EDGE('',*,*,#4061,.F.);
#5364 = PLANE('',#5365);
#5365 = AXIS2_PLACEMENT_3D('',#5366,#5367,#5368);
#5366 = CARTESIAN_POINT('',(-64.32748045994,-15.8,-46.65939426057));
#5367 = DIRECTION('',(0.,1.,0.));
#5368 = DIRECTION('',(-0.185281235583,0.,0.982685536548));
#5369 = ADVANCED_FACE('',(#5370),#5381,.F.);
#5370 = FACE_BOUND('',#5371,.F.);
#5371 = EDGE_LOOP('',(#5372,#5373,#5379,#5380));
#5372 = ORIENTED_EDGE('',*,*,#5358,.T.);
#5373 = ORIENTED_EDGE('',*,*,#5374,.T.);
#5374 = EDGE_CURVE('',#5351,#5326,#5375,.T.);
#5375 = LINE('',#5376,#5377);
#5376 = CARTESIAN_POINT('',(-66.66999126808,-15.8,-38.55306074203));
#5377 = VECTOR('',#5378,1.);
#5378 = DIRECTION('',(-2.775557561563E-16,-1.,-2.2E-16));
#5379 = ORIENTED_EDGE('',*,*,#5325,.F.);
#5380 = ORIENTED_EDGE('',*,*,#4078,.F.);
#5381 = PLANE('',#5382);
#5382 = AXIS2_PLACEMENT_3D('',#5383,#5384,#5385);
#5383 = CARTESIAN_POINT('',(-65.88384283884,-15.8,-38.40483575356));
#5384 = DIRECTION('',(-0.185281235583,0.,0.982685536548));
#5385 = DIRECTION('',(0.,-1.,0.));
#5386 = ADVANCED_FACE('',(#5387),#5398,.T.);
#5387 = FACE_BOUND('',#5388,.T.);
#5388 = EDGE_LOOP('',(#5389,#5390,#5391,#5397));
#5389 = ORIENTED_EDGE('',*,*,#4416,.T.);
#5390 = ORIENTED_EDGE('',*,*,#4358,.T.);
#5391 = ORIENTED_EDGE('',*,*,#5392,.F.);
#5392 = EDGE_CURVE('',#4524,#4350,#5393,.T.);
#5393 = ( BOUNDED_CURVE() B_SPLINE_CURVE(2,(#5394,#5395,#5396),
.UNSPECIFIED.,.F.,.F.) B_SPLINE_CURVE_WITH_KNOTS((3,3),(0.,
10.773194442109),.PIECEWISE_BEZIER_KNOTS.) CURVE() 
GEOMETRIC_REPRESENTATION_ITEM() RATIONAL_B_SPLINE_CURVE((1.,
0.707106781187,1.)) REPRESENTATION_ITEM('') );
#5394 = CARTESIAN_POINT('',(73.435724652375,-29.1854772807,
    -10.3806529434));
#5395 = CARTESIAN_POINT('',(73.530934302243,-35.16343196137,
    -10.88562121809));
#5396 = CARTESIAN_POINT('',(67.634821082935,-35.16343196138,
    -11.99730863148));
#5397 = ORIENTED_EDGE('',*,*,#4531,.F.);
#5398 = ( BOUNDED_SURFACE() B_SPLINE_SURFACE(2,7,(
    (#5399,#5400,#5401,#5402,#5403,#5404,#5405,#5406,#5407,#5408,#5409
      ,#5410,#5411,#5412)
    ,(#5413,#5414,#5415,#5416,#5417,#5418,#5419,#5420,#5421,#5422,#5423
      ,#5424,#5425,#5426)
    ,(#5427,#5428,#5429,#5430,#5431,#5432,#5433,#5434,#5435,#5436,#5437
      ,#5438,#5439,#5440
)),.UNSPECIFIED.,.F.,.F.,.F.) B_SPLINE_SURFACE_WITH_KNOTS((3,3),(8,6,8),
  (0.,10.773194442109),(3.239320570552,13.499408523372,14.012515012661),
.UNSPECIFIED.) GEOMETRIC_REPRESENTATION_ITEM() RATIONAL_B_SPLINE_SURFACE
((
    (1.,1.,1.,1.,1.,1.,1.,1.,1.,1.,1.,1.,1.,1.)
    ,(0.704639536959,0.704585163944,0.704676326708,0.704862806134
      ,0.705182959208,0.705621033057,0.706180968589,0.706895612126
      ,0.70692995735,0.706964663292,0.706999697298,0.707035050379
      ,0.707070750633,0.707106781187)
,(1.,1.,1.,1.,1.,1.,1.,1.,1.,1.,1.,1.,1.,1.
))) REPRESENTATION_ITEM('') SURFACE() );
#5399 = CARTESIAN_POINT('',(70.609547634531,-29.77864364818,
    -0.311050082519));
#5400 = CARTESIAN_POINT('',(71.109308510623,-29.72760603213,
    -1.635199179283));
#5401 = CARTESIAN_POINT('',(71.574036013554,-29.66757779564,
    -2.976820148942));
#5402 = CARTESIAN_POINT('',(72.003391314538,-29.59784091423,
    -4.33621054749));
#5403 = CARTESIAN_POINT('',(72.395397573266,-29.51859854185,
    -5.709477376083));
#5404 = CARTESIAN_POINT('',(72.749491726222,-29.42972830881,
    -7.094637378771));
#5405 = CARTESIAN_POINT('',(73.064851018026,-29.33133640602,
    -8.489058774311));
#5406 = CARTESIAN_POINT('',(73.354890166267,-29.21827243696,
    -9.959951917031));
#5407 = CARTESIAN_POINT('',(73.368607001045,-29.21286397831,
    -10.0300273979));
#5408 = CARTESIAN_POINT('',(73.382225849298,-29.20743279982,
    -10.10011839377));
#5409 = CARTESIAN_POINT('',(73.395747011376,-29.20197853272,
    -10.17022635473));
#5410 = CARTESIAN_POINT('',(73.409170633118,-29.19650105901,
    -10.24035196508));
#5411 = CARTESIAN_POINT('',(73.422496465208,-29.19100070383,
    -10.31049393262));
#5412 = CARTESIAN_POINT('',(73.435724652375,-29.1854772807,
    -10.3806529434));
#5413 = CARTESIAN_POINT('',(70.684212846031,-35.81688648287,
    -0.50888043919));
#5414 = CARTESIAN_POINT('',(71.19370801558,-35.7653471774,
    -1.872947869781));
#5415 = CARTESIAN_POINT('',(71.666119692411,-35.70200823637,
    -3.255424345778));
#5416 = CARTESIAN_POINT('',(72.100890491645,-35.62700513811,
    -4.656181612876));
#5417 = CARTESIAN_POINT('',(72.496099804144,-35.53989101403,
    -6.071353031926));
#5418 = CARTESIAN_POINT('',(72.851143216843,-35.44078487714,
    -7.4989901414));
#5419 = CARTESIAN_POINT('',(73.165164594229,-35.32973412117,
    -8.93624577374));
#5420 = CARTESIAN_POINT('',(73.451389356089,-35.20084729662,
    -10.45240858503));
#5421 = CARTESIAN_POINT('',(73.464904142168,-35.19468578406,
    -10.52456276067));
#5422 = CARTESIAN_POINT('',(73.478316490754,-35.18849412133,
    -10.59673849164));
#5423 = CARTESIAN_POINT('',(73.491625762814,-35.18227288047,
    -10.6689326342));
#5424 = CARTESIAN_POINT('',(73.504831598965,-35.17602230434,
    -10.74114339037));
#5425 = CARTESIAN_POINT('',(73.517934529118,-35.16974191183,
    -10.81337332474));
#5426 = CARTESIAN_POINT('',(73.530934302243,-35.16343196137,
    -10.88562121809));
#5427 = CARTESIAN_POINT('',(65.020010086823,-35.775929322,
    -2.611311862116));
#5428 = CARTESIAN_POINT('',(65.48668134139,-35.72290254923,
    -3.862639240896));
#5429 = CARTESIAN_POINT('',(65.904627772275,-35.66192078547,
    -5.085712896251));
#5430 = CARTESIAN_POINT('',(66.302794776406,-35.5906300029,
    -6.351891277965));
#5431 = CARTESIAN_POINT('',(66.661782592487,-35.50942179571,
    -7.620206451203));
#5432 = CARTESIAN_POINT('',(66.989150004941,-35.41817275488,
    -8.905573428986));
#5433 = CARTESIAN_POINT('',(67.280272558582,-35.31776136879,
    -10.19188254623));
#5434 = CARTESIAN_POINT('',(67.551027037939,-35.20117291809,
    -11.56091933263));
#5435 = CARTESIAN_POINT('',(67.566006083753,-35.19461514363,
    -11.63766098669));
#5436 = CARTESIAN_POINT('',(67.579912499459,-35.18845815744,
    -11.7092959811));
#5437 = CARTESIAN_POINT('',(67.593585042657,-35.1823347312,
    -11.78021681966));
#5438 = CARTESIAN_POINT('',(67.60758741194,-35.17599393538,
    -11.85339642111));
#5439 = CARTESIAN_POINT('',(67.621221100658,-35.16974159026,
    -11.92517771203));
#5440 = CARTESIAN_POINT('',(67.634821082935,-35.16343196138,
    -11.99730863148));
#5441 = ADVANCED_FACE('',(#5442),#5454,.T.);
#5442 = FACE_BOUND('',#5443,.F.);
#5443 = EDGE_LOOP('',(#5444,#5445,#5446,#5453));
#5444 = ORIENTED_EDGE('',*,*,#5392,.F.);
#5445 = ORIENTED_EDGE('',*,*,#4582,.T.);
#5446 = ORIENTED_EDGE('',*,*,#5447,.T.);
#5447 = EDGE_CURVE('',#4583,#4342,#5448,.T.);
#5448 = CIRCLE('',#5449,6.);
#5449 = AXIS2_PLACEMENT_3D('',#5450,#5451,#5452);
#5450 = CARTESIAN_POINT('',(70.528536180867,-27.16069142294,
    -27.34485294532));
#5451 = DIRECTION('',(0.182795917639,0.163240896089,-0.969504029047));
#5452 = DIRECTION('',(3.0245474925E-02,-0.986586240449,-0.16041446756));
#5453 = ORIENTED_EDGE('',*,*,#4349,.F.);
#5454 = TOROIDAL_SURFACE('',#5455,207.89338386691,6.);
#5455 = AXIS2_PLACEMENT_3D('',#5456,#5457,#5458);
#5456 = CARTESIAN_POINT('',(64.240702052047,177.94406058062,
    6.004253536883));
#5457 = DIRECTION('',(-0.982685536548,4.E-17,-0.185281235583));
#5458 = DIRECTION('',(1.542314830594E-02,-0.996529376619,
    -8.180053808803E-02));
#5459 = ADVANCED_FACE('',(#5460),#5488,.T.);
#5460 = FACE_BOUND('',#5461,.T.);
#5461 = EDGE_LOOP('',(#5462,#5463,#5469,#5470,#5482));
#5462 = ORIENTED_EDGE('',*,*,#4625,.F.);
#5463 = ORIENTED_EDGE('',*,*,#5464,.F.);
#5464 = EDGE_CURVE('',#4342,#4617,#5465,.T.);
#5465 = LINE('',#5466,#5467);
#5466 = CARTESIAN_POINT('',(70.710009030417,-33.08020886563,
    -28.30733975068));
#5467 = VECTOR('',#5468,1.);
#5468 = DIRECTION('',(0.182795917639,0.163240896089,-0.969504029047));
#5469 = ORIENTED_EDGE('',*,*,#4341,.T.);
#5470 = ORIENTED_EDGE('',*,*,#5471,.F.);
#5471 = EDGE_CURVE('',#5472,#4320,#5474,.T.);
#5472 = VERTEX_POINT('',#5473);
#5473 = CARTESIAN_POINT('',(-58.89798828728,-32.89763327257,
    -53.86726625407));
#5474 = ( BOUNDED_CURVE() B_SPLINE_CURVE(6,(#5475,#5476,#5477,#5478,
#5479,#5480,#5481),.UNSPECIFIED.,.F.,.F.) B_SPLINE_CURVE_WITH_KNOTS((7,7
),(0.720611534187,1.843873232777),.PIECEWISE_BEZIER_KNOTS.) CURVE() 
GEOMETRIC_REPRESENTATION_ITEM() RATIONAL_B_SPLINE_CURVE((1.,1.,1.,1.,1.,
1.,1.)) REPRESENTATION_ITEM('') );
#5475 = CARTESIAN_POINT('',(-58.89798828728,-32.89763327258,
    -53.86726625405));
#5476 = CARTESIAN_POINT('',(-58.93206274816,-32.92806253816,
    -53.68654379849));
#5477 = CARTESIAN_POINT('',(-58.96593579352,-32.95844929449,
    -53.50604480873));
#5478 = CARTESIAN_POINT('',(-58.99948467112,-32.98869251855,
    -53.32636745524));
#5479 = CARTESIAN_POINT('',(-59.03352207727,-33.01949138496,
    -53.14336488228));
#5480 = CARTESIAN_POINT('',(-59.06716099874,-33.05010652191,
    -52.96141715555));
#5481 = CARTESIAN_POINT('',(-59.10010363626,-33.08020886563,
    -52.78249194485));
#5482 = ORIENTED_EDGE('',*,*,#5483,.F.);
#5483 = EDGE_CURVE('',#4626,#5472,#5484,.T.);
#5484 = LINE('',#5485,#5486);
#5485 = CARTESIAN_POINT('',(-58.76626344062,-32.78,-54.56590203986));
#5486 = VECTOR('',#5487,1.);
#5487 = DIRECTION('',(-0.182795917639,-0.163240896089,0.969504029047));
#5488 = PLANE('',#5489);
#5489 = AXIS2_PLACEMENT_3D('',#5490,#5491,#5492);
#5490 = CARTESIAN_POINT('',(76.606122249706,-33.08020886563,
    -27.19565233718));
#5491 = DIRECTION('',(3.0245474925E-02,-0.986586240449,-0.16041446756));
#5492 = DIRECTION('',(0.182795917639,0.163240896089,-0.969504029047));
#5493 = ADVANCED_FACE('',(#5494),#5505,.T.);
#5494 = FACE_BOUND('',#5495,.T.);
#5495 = EDGE_LOOP('',(#5496,#5502,#5503,#5504));
#5496 = ORIENTED_EDGE('',*,*,#5497,.T.);
#5497 = EDGE_CURVE('',#4882,#4320,#5498,.T.);
#5498 = ( BOUNDED_CURVE() B_SPLINE_CURVE(2,(#5499,#5500,#5501),
.UNSPECIFIED.,.F.,.F.) B_SPLINE_CURVE_WITH_KNOTS((3,3),(0.,1.12326169859
),.PIECEWISE_BEZIER_KNOTS.) CURVE() GEOMETRIC_REPRESENTATION_ITEM() 
RATIONAL_B_SPLINE_CURVE((1.,0.706859615296,1.)) REPRESENTATION_ITEM('') 
  );
#5499 = CARTESIAN_POINT('',(-65.17781728683,-27.1565456794,
    -52.93101971658));
#5500 = CARTESIAN_POINT('',(-65.00034878999,-33.0802089826,
    -53.89495769787));
#5501 = CARTESIAN_POINT('',(-59.10010363626,-33.08020886563,
    -52.78249194485));
#5502 = ORIENTED_EDGE('',*,*,#4319,.T.);
#5503 = ORIENTED_EDGE('',*,*,#5054,.F.);
#5504 = ORIENTED_EDGE('',*,*,#4893,.F.);
#5505 = ( BOUNDED_SURFACE() B_SPLINE_SURFACE(2,6,(
    (#5506,#5507,#5508,#5509,#5510,#5511,#5512,#5513,#5514,#5515,#5516
      ,#5517,#5518,#5519,#5520,#5521,#5522)
    ,(#5523,#5524,#5525,#5526,#5527,#5528,#5529,#5530,#5531,#5532,#5533
      ,#5534,#5535,#5536,#5537,#5538,#5539)
    ,(#5540,#5541,#5542,#5543,#5544,#5545,#5546,#5547,#5548,#5549,#5550
      ,#5551,#5552,#5553,#5554,#5555,#5556
)),.UNSPECIFIED.,.F.,.F.,.F.) B_SPLINE_SURFACE_WITH_KNOTS((3,3),(7,5,5,7
    ),(0.,45.147708759946),(1.843873232777,21.527876985064,
    46.719213425487,46.991581992722),.UNSPECIFIED.) 
GEOMETRIC_REPRESENTATION_ITEM() RATIONAL_B_SPLINE_SURFACE((
    (1.,1.,1.,1.,1.,1.,1.,1.,1.,1.,1.,1.,1.,1.,1.,1.,1.)
    ,(0.706859613826,0.706175967656,0.705645074799,0.70526213838
      ,0.705037498444,0.704969135532,0.705172348106,0.705544158022
      ,0.706173107893,0.707056448585,0.70818196717,0.709557211001
      ,0.709572512652,0.709587993279,0.70960342954,0.709618787336
      ,0.709634221817)
    ,(1.,1.,1.,1.,1.,1.,1.,1.,1.,1.,1.,1.,1.,1.,1.,1.,1.
))) REPRESENTATION_ITEM('') SURFACE() );
#5506 = CARTESIAN_POINT('',(-65.17781728683,-27.1565456794,
    -52.93101971658));
#5507 = CARTESIAN_POINT('',(-65.74589080122,-27.66393818358,
    -49.84547146681));
#5508 = CARTESIAN_POINT('',(-66.2703772538,-28.11633947146,
    -46.74272429093));
#5509 = CARTESIAN_POINT('',(-66.7530338461,-28.51564901052,
    -43.60972729978));
#5510 = CARTESIAN_POINT('',(-67.18973886387,-28.85850139176,
    -40.46297113182));
#5511 = CARTESIAN_POINT('',(-67.58081945779,-29.14572421669,
    -37.30045900474));
#5512 = CARTESIAN_POINT('',(-68.36567694962,-29.67248619557,
    -30.06868681907));
#5513 = CARTESIAN_POINT('',(-68.72971259685,-29.87631267001,
    -25.99279653927));
#5514 = CARTESIAN_POINT('',(-69.01567522086,-29.98805113009,
    -21.90946147715));
#5515 = CARTESIAN_POINT('',(-69.2229843743,-30.00853859413,
    -17.82754627386));
#5516 = CARTESIAN_POINT('',(-69.35208267278,-29.93962377278,
    -13.7556487052));
#5517 = CARTESIAN_POINT('',(-69.40474265865,-29.78222548732,
    -9.657253353698));
#5518 = CARTESIAN_POINT('',(-69.4052968906,-29.78053662692,
    -9.613420037945));
#5519 = CARTESIAN_POINT('',(-69.40584200733,-29.77883933971,
    -9.569598429543));
#5520 = CARTESIAN_POINT('',(-69.40637800997,-29.77713176834,
    -9.525788955907));
#5521 = CARTESIAN_POINT('',(-69.40690497853,-29.77541335084,
    -9.481985298349));
#5522 = CARTESIAN_POINT('',(-69.40742307191,-29.77368482062,
    -9.438174392069));
#5523 = CARTESIAN_POINT('',(-65.00034878963,-33.08020899491,
    -53.89495769987));
#5524 = CARTESIAN_POINT('',(-65.59623711311,-33.61399735335,
    -50.72439257571));
#5525 = CARTESIAN_POINT('',(-66.14733116069,-34.08967767048,
    -47.52909851769));
#5526 = CARTESIAN_POINT('',(-66.65236308217,-34.50638923802,
    -44.31119751814));
#5527 = CARTESIAN_POINT('',(-67.10980907199,-34.8632300411,
    -41.07469192362));
#5528 = CARTESIAN_POINT('',(-67.51875182818,-35.15983874625,
    -37.82256081904));
#5529 = CARTESIAN_POINT('',(-68.33854180723,-35.69829510058,
    -30.38242433158));
#5530 = CARTESIAN_POINT('',(-68.71741754204,-35.90131163259,
    -26.19220922005));
#5531 = CARTESIAN_POINT('',(-69.0137774727,-36.00525349263,
    -21.99541797444));
#5532 = CARTESIAN_POINT('',(-69.22719599746,-36.01111976207,
    -17.79936850848));
#5533 = CARTESIAN_POINT('',(-69.35809380011,-35.92083172919,
    -13.61147243808));
#5534 = CARTESIAN_POINT('',(-69.40809276268,-35.73484982419,
    -9.393030541687));
#5535 = CARTESIAN_POINT('',(-69.40861705862,-35.73284862154,
    -9.347997012861));
#5536 = CARTESIAN_POINT('',(-69.40913189746,-35.73083515934,
    -9.30296382135));
#5537 = CARTESIAN_POINT('',(-69.40963729039,-35.72881129865,
    -9.257930154967));
#5538 = CARTESIAN_POINT('',(-69.41013323143,-35.7267773334,
    -9.212895971608));
#5539 = CARTESIAN_POINT('',(-69.41061969675,-35.72473199322,
    -9.167862059216));
#5540 = CARTESIAN_POINT('',(-59.10010363626,-33.08020886563,
    -52.78249194485));
#5541 = CARTESIAN_POINT('',(-59.66977807189,-33.60077089493,
    -49.6885389969));
#5542 = CARTESIAN_POINT('',(-60.19951641866,-34.06708110478,
    -46.56453614843));
#5543 = CARTESIAN_POINT('',(-60.68632817463,-34.47675654433,
    -43.42052915201));
#5544 = CARTESIAN_POINT('',(-61.12953555444,-34.82952734771,
    -40.25758315871));
#5545 = CARTESIAN_POINT('',(-61.52772618988,-35.12459652211,
    -37.0810891145));
#5546 = CARTESIAN_POINT('',(-62.33148491775,-35.66574628586,
    -29.81715588141));
#5547 = CARTESIAN_POINT('',(-62.707912758,-35.87498284572,
    -25.72348232098));
#5548 = CARTESIAN_POINT('',(-63.00807433421,-35.98955555195,
    -21.62341441776));
#5549 = CARTESIAN_POINT('',(-63.2312817662,-36.01006868882,
    -17.52355343521));
#5550 = CARTESIAN_POINT('',(-63.37801359667,-35.93887560547,
    -13.43732621989));
#5551 = CARTESIAN_POINT('',(-63.45018625626,-35.77641676346,
    -9.321035609326));
#5552 = CARTESIAN_POINT('',(-63.45097084551,-35.77462883123,
    -9.276006526957));
#5553 = CARTESIAN_POINT('',(-63.45175221847,-35.77281926228,
    -9.230709109393));
#5554 = CARTESIAN_POINT('',(-63.45252181029,-35.77100358347,
    -9.18553992149));
#5555 = CARTESIAN_POINT('',(-63.45327831317,-35.76918426873,
    -9.140560609217));
#5556 = CARTESIAN_POINT('',(-63.45402767638,-35.76735073912,
    -9.09549789966));
#5557 = ADVANCED_FACE('',(#5558),#5564,.T.);
#5558 = FACE_BOUND('',#5559,.T.);
#5559 = EDGE_LOOP('',(#5560,#5561,#5562,#5563));
#5560 = ORIENTED_EDGE('',*,*,#5447,.T.);
#5561 = ORIENTED_EDGE('',*,*,#5464,.T.);
#5562 = ORIENTED_EDGE('',*,*,#4616,.F.);
#5563 = ORIENTED_EDGE('',*,*,#4591,.F.);
#5564 = CYLINDRICAL_SURFACE('',#5565,6.);
#5565 = AXIS2_PLACEMENT_3D('',#5566,#5567,#5568);
#5566 = CARTESIAN_POINT('',(70.528536180867,-27.16069142294,
    -27.34485294532));
#5567 = DIRECTION('',(0.182795917639,0.163240896089,-0.969504029047));
#5568 = DIRECTION('',(0.982685536548,-2.428612866368E-17,0.185281235583)
  );
#5569 = ADVANCED_FACE('',(#5570),#5587,.T.);
#5570 = FACE_BOUND('',#5571,.T.);
#5571 = EDGE_LOOP('',(#5572,#5573,#5574,#5581));
#5572 = ORIENTED_EDGE('',*,*,#4633,.T.);
#5573 = ORIENTED_EDGE('',*,*,#5483,.T.);
#5574 = ORIENTED_EDGE('',*,*,#5575,.F.);
#5575 = EDGE_CURVE('',#4874,#5472,#5576,.T.);
#5576 = CIRCLE('',#5577,6.);
#5577 = AXIS2_PLACEMENT_3D('',#5578,#5579,#5580);
#5578 = CARTESIAN_POINT('',(-59.07946113683,-26.97811582987,
    -52.90477944871));
#5579 = DIRECTION('',(-0.182795917639,-0.163240896089,0.969504029047));
#5580 = DIRECTION('',(-0.982685536548,2.428612866368E-17,-0.185281235583
    ));
#5581 = ORIENTED_EDGE('',*,*,#5582,.F.);
#5582 = EDGE_CURVE('',#4634,#4874,#5583,.T.);
#5583 = LINE('',#5584,#5585);
#5584 = CARTESIAN_POINT('',(-64.84384950946,-26.8604825573,-54.715102648
    ));
#5585 = VECTOR('',#5586,1.);
#5586 = DIRECTION('',(-0.182795917639,-0.163240896089,0.969504029047));
#5587 = CYLINDRICAL_SURFACE('',#5588,6.);
#5588 = AXIS2_PLACEMENT_3D('',#5589,#5590,#5591);
#5589 = CARTESIAN_POINT('',(-58.94773629017,-26.8604825573,
    -53.6034152345));
#5590 = DIRECTION('',(-0.182795917639,-0.163240896089,0.969504029047));
#5591 = DIRECTION('',(-0.982685536548,1.734723475977E-17,-0.185281235583
    ));
#5592 = ADVANCED_FACE('',(#5593),#5599,.T.);
#5593 = FACE_BOUND('',#5594,.T.);
#5594 = EDGE_LOOP('',(#5595,#5596,#5597,#5598));
#5595 = ORIENTED_EDGE('',*,*,#4873,.T.);
#5596 = ORIENTED_EDGE('',*,*,#4712,.F.);
#5597 = ORIENTED_EDGE('',*,*,#4642,.F.);
#5598 = ORIENTED_EDGE('',*,*,#5582,.T.);
#5599 = PLANE('',#5600);
#5600 = AXIS2_PLACEMENT_3D('',#5601,#5602,#5603);
#5601 = CARTESIAN_POINT('',(-66.96845495248,3.E-17,-43.44672442738));
#5602 = DIRECTION('',(-0.982685536548,4.E-17,-0.185281235583));
#5603 = DIRECTION('',(0.185281235583,2.2E-16,-0.982685536548));
#5604 = ADVANCED_FACE('',(#5605),#5624,.F.);
#5605 = FACE_BOUND('',#5606,.F.);
#5606 = EDGE_LOOP('',(#5607,#5615,#5622,#5623));
#5607 = ORIENTED_EDGE('',*,*,#5608,.T.);
#5608 = EDGE_CURVE('',#4662,#5609,#5611,.T.);
#5609 = VERTEX_POINT('',#5610);
#5610 = CARTESIAN_POINT('',(75.394153062008,-24.69842319099,
    -28.8634704923));
#5611 = LINE('',#5612,#5613);
#5612 = CARTESIAN_POINT('',(75.468265556241,-24.69842319099,
    -29.25654470691));
#5613 = VECTOR('',#5614,1.);
#5614 = DIRECTION('',(-0.185281235583,0.,0.982685536548));
#5615 = ORIENTED_EDGE('',*,*,#5616,.T.);
#5616 = EDGE_CURVE('',#5609,#5609,#5617,.T.);
#5617 = CIRCLE('',#5618,6.5);
#5618 = AXIS2_PLACEMENT_3D('',#5619,#5620,#5621);
#5619 = CARTESIAN_POINT('',(69.006697074445,-24.69842319099,
    -30.06779852358));
#5620 = DIRECTION('',(0.185281235583,2.729782218414E-16,-0.982685536548)
  );
#5621 = DIRECTION('',(0.982685536548,1.942890293094E-16,0.185281235583)
  );
#5622 = ORIENTED_EDGE('',*,*,#5608,.F.);
#5623 = ORIENTED_EDGE('',*,*,#4661,.F.);
#5624 = CYLINDRICAL_SURFACE('',#5625,6.5);
#5625 = AXIS2_PLACEMENT_3D('',#5626,#5627,#5628);
#5626 = CARTESIAN_POINT('',(69.080809568678,-24.69842319099,
    -30.4608727382));
#5627 = DIRECTION('',(0.185281235583,0.,-0.982685536548));
#5628 = DIRECTION('',(0.982685536548,0.,0.185281235583));
#5629 = ADVANCED_FACE('',(#5630),#5649,.F.);
#5630 = FACE_BOUND('',#5631,.F.);
#5631 = EDGE_LOOP('',(#5632,#5640,#5647,#5648));
#5632 = ORIENTED_EDGE('',*,*,#5633,.T.);
#5633 = EDGE_CURVE('',#4673,#5634,#5636,.T.);
#5634 = VERTEX_POINT('',#5635);
#5635 = CARTESIAN_POINT('',(-50.4875488742,-24.69842319099,
    -52.59793732279));
#5636 = LINE('',#5637,#5638);
#5637 = CARTESIAN_POINT('',(-50.41343637996,-24.69842319099,
    -52.99101153741));
#5638 = VECTOR('',#5639,1.);
#5639 = DIRECTION('',(-0.185281235583,0.,0.982685536548));
#5640 = ORIENTED_EDGE('',*,*,#5641,.T.);
#5641 = EDGE_CURVE('',#5634,#5634,#5642,.T.);
#5642 = CIRCLE('',#5643,6.5);
#5643 = AXIS2_PLACEMENT_3D('',#5644,#5645,#5646);
#5644 = CARTESIAN_POINT('',(-56.87500486176,-24.69842319099,
    -53.80226535408));
#5645 = DIRECTION('',(0.185281235583,2.729782218414E-16,-0.982685536548)
  );
#5646 = DIRECTION('',(0.982685536548,1.942890293094E-16,0.185281235583)
  );
#5647 = ORIENTED_EDGE('',*,*,#5633,.F.);
#5648 = ORIENTED_EDGE('',*,*,#4672,.F.);
#5649 = CYLINDRICAL_SURFACE('',#5650,6.5);
#5650 = AXIS2_PLACEMENT_3D('',#5651,#5652,#5653);
#5651 = CARTESIAN_POINT('',(-56.80089236753,-24.69842319099,
    -54.1953395687));
#5652 = DIRECTION('',(0.185281235583,0.,-0.982685536548));
#5653 = DIRECTION('',(0.982685536548,0.,0.185281235583));
#5654 = ADVANCED_FACE('',(#5655),#5674,.F.);
#5655 = FACE_BOUND('',#5656,.F.);
#5656 = EDGE_LOOP('',(#5657,#5665,#5672,#5673));
#5657 = ORIENTED_EDGE('',*,*,#5658,.T.);
#5658 = EDGE_CURVE('',#4684,#5659,#5661,.T.);
#5659 = VERTEX_POINT('',#5660);
#5660 = CARTESIAN_POINT('',(75.394153062008,24.698423190996,
    -28.8634704923));
#5661 = LINE('',#5662,#5663);
#5662 = CARTESIAN_POINT('',(75.468265556241,24.698423190996,
    -29.25654470691));
#5663 = VECTOR('',#5664,1.);
#5664 = DIRECTION('',(-0.185281235583,0.,0.982685536548));
#5665 = ORIENTED_EDGE('',*,*,#5666,.T.);
#5666 = EDGE_CURVE('',#5659,#5659,#5667,.T.);
#5667 = CIRCLE('',#5668,6.5);
#5668 = AXIS2_PLACEMENT_3D('',#5669,#5670,#5671);
#5669 = CARTESIAN_POINT('',(69.006697074445,24.698423190996,
    -30.06779852358));
#5670 = DIRECTION('',(0.185281235583,2.729782218414E-16,-0.982685536548)
  );
#5671 = DIRECTION('',(0.982685536548,1.942890293094E-16,0.185281235583)
  );
#5672 = ORIENTED_EDGE('',*,*,#5658,.F.);
#5673 = ORIENTED_EDGE('',*,*,#4683,.F.);
#5674 = CYLINDRICAL_SURFACE('',#5675,6.5);
#5675 = AXIS2_PLACEMENT_3D('',#5676,#5677,#5678);
#5676 = CARTESIAN_POINT('',(69.080809568678,24.698423190996,
    -30.4608727382));
#5677 = DIRECTION('',(0.185281235583,0.,-0.982685536548));
#5678 = DIRECTION('',(0.982685536548,0.,0.185281235583));
#5679 = ADVANCED_FACE('',(#5680),#5699,.F.);
#5680 = FACE_BOUND('',#5681,.F.);
#5681 = EDGE_LOOP('',(#5682,#5690,#5697,#5698));
#5682 = ORIENTED_EDGE('',*,*,#5683,.T.);
#5683 = EDGE_CURVE('',#4695,#5684,#5686,.T.);
#5684 = VERTEX_POINT('',#5685);
#5685 = CARTESIAN_POINT('',(-50.4875488742,24.698423190996,
    -52.59793732279));
#5686 = LINE('',#5687,#5688);
#5687 = CARTESIAN_POINT('',(-50.41343637996,24.698423190996,
    -52.99101153741));
#5688 = VECTOR('',#5689,1.);
#5689 = DIRECTION('',(-0.185281235583,0.,0.982685536548));
#5690 = ORIENTED_EDGE('',*,*,#5691,.T.);
#5691 = EDGE_CURVE('',#5684,#5684,#5692,.T.);
#5692 = CIRCLE('',#5693,6.5);
#5693 = AXIS2_PLACEMENT_3D('',#5694,#5695,#5696);
#5694 = CARTESIAN_POINT('',(-56.87500486176,24.698423190996,
    -53.80226535408));
#5695 = DIRECTION('',(0.185281235583,2.729782218414E-16,-0.982685536548)
  );
#5696 = DIRECTION('',(0.982685536548,1.942890293094E-16,0.185281235583)
  );
#5697 = ORIENTED_EDGE('',*,*,#5683,.F.);
#5698 = ORIENTED_EDGE('',*,*,#4694,.F.);
#5699 = CYLINDRICAL_SURFACE('',#5700,6.5);
#5700 = AXIS2_PLACEMENT_3D('',#5701,#5702,#5703);
#5701 = CARTESIAN_POINT('',(-56.80089236753,24.698423190996,
    -54.1953395687));
#5702 = DIRECTION('',(0.185281235583,0.,-0.982685536548));
#5703 = DIRECTION('',(0.982685536548,0.,0.185281235583));
#5704 = ADVANCED_FACE('',(#5705),#5730,.T.);
#5705 = FACE_BOUND('',#5706,.T.);
#5706 = EDGE_LOOP('',(#5707,#5715,#5716,#5724));
#5707 = ORIENTED_EDGE('',*,*,#5708,.F.);
#5708 = EDGE_CURVE('',#4775,#5709,#5711,.T.);
#5709 = VERTEX_POINT('',#5710);
#5710 = CARTESIAN_POINT('',(-66.68992317906,-3.200000000027,
    -37.84448514486));
#5711 = LINE('',#5712,#5713);
#5712 = CARTESIAN_POINT('',(-66.68992317906,-3.200000000027,
    -37.84448514486));
#5713 = VECTOR('',#5714,1.);
#5714 = DIRECTION('',(0.807216387506,-1.3E-16,-0.59025562576));
#5715 = ORIENTED_EDGE('',*,*,#4774,.T.);
#5716 = ORIENTED_EDGE('',*,*,#5717,.T.);
#5717 = EDGE_CURVE('',#4777,#5718,#5720,.T.);
#5718 = VERTEX_POINT('',#5719);
#5719 = CARTESIAN_POINT('',(-66.68992317906,3.2,-37.84448514486));
#5720 = LINE('',#5721,#5722);
#5721 = CARTESIAN_POINT('',(-66.68992317906,3.2,-37.84448514486));
#5722 = VECTOR('',#5723,1.);
#5723 = DIRECTION('',(0.807216387506,-1.3E-16,-0.59025562576));
#5724 = ORIENTED_EDGE('',*,*,#5725,.F.);
#5725 = EDGE_CURVE('',#5709,#5718,#5726,.T.);
#5726 = LINE('',#5727,#5728);
#5727 = CARTESIAN_POINT('',(-66.68992317906,-3.200000000027,
    -37.84448514486));
#5728 = VECTOR('',#5729,1.);
#5729 = DIRECTION('',(0.,1.,-2.2E-16));
#5730 = PLANE('',#5731);
#5731 = AXIS2_PLACEMENT_3D('',#5732,#5733,#5734);
#5732 = CARTESIAN_POINT('',(-66.68992317906,-3.200000000027,
    -37.84448514486));
#5733 = DIRECTION('',(-0.59025562576,-1.8E-16,-0.807216387506));
#5734 = DIRECTION('',(-1.423929571904E-18,1.,-2.219473245742E-16));
#5735 = ADVANCED_FACE('',(#5736),#5782,.F.);
#5736 = FACE_BOUND('',#5737,.F.);
#5737 = EDGE_LOOP('',(#5738,#5745,#5780,#5781));
#5738 = ORIENTED_EDGE('',*,*,#5739,.T.);
#5739 = EDGE_CURVE('',#4785,#5740,#5742,.T.);
#5740 = VERTEX_POINT('',#5741);
#5741 = CARTESIAN_POINT('',(-65.29844948416,-3.199999999999,
    -47.55480007229));
#5742 = B_SPLINE_CURVE_WITH_KNOTS('',1,(#5743,#5744),.UNSPECIFIED.,.F.,
  .F.,(2,2),(0.,7.203398308977),.PIECEWISE_BEZIER_KNOTS.);
#5743 = CARTESIAN_POINT('',(-65.9548703971,-3.226758342256,
    -48.49198337446));
#5744 = CARTESIAN_POINT('',(-65.29844948416,-3.199999999999,
    -47.55480007229));
#5745 = ORIENTED_EDGE('',*,*,#5746,.T.);
#5746 = EDGE_CURVE('',#5740,#5709,#5747,.T.);
#5747 = B_SPLINE_CURVE_WITH_KNOTS('',7,(#5748,#5749,#5750,#5751,#5752,
    #5753,#5754,#5755,#5756,#5757,#5758,#5759,#5760,#5761,#5762,#5763,
    #5764,#5765,#5766,#5767,#5768,#5769,#5770,#5771,#5772,#5773,#5774,
    #5775,#5776,#5777,#5778,#5779),.UNSPECIFIED.,.F.,.F.,(8,6,6,6,6,8),(
    28.653241524442,32.517788273783,34.709294715365,37.086087649774,
    39.731556365811,43.603243703589),.UNSPECIFIED.);
#5748 = CARTESIAN_POINT('',(-65.29844948417,-3.199999999999,
    -47.55480007227));
#5749 = CARTESIAN_POINT('',(-65.29805758497,-3.690241896862,
    -47.55472618132));
#5750 = CARTESIAN_POINT('',(-65.30791665838,-4.179211568971,
    -47.498226847));
#5751 = CARTESIAN_POINT('',(-65.32561961955,-4.660053554252,
    -47.3863084022));
#5752 = CARTESIAN_POINT('',(-65.3534538618,-5.137812279273,
    -47.21724381675));
#5753 = CARTESIAN_POINT('',(-65.39033542195,-5.600438353398,
    -46.98739261522));
#5754 = CARTESIAN_POINT('',(-65.43727486438,-6.043655425458,
    -46.69403632447));
#5755 = CARTESIAN_POINT('',(-65.52684673641,-6.689896677315,
    -46.12615509631));
#5756 = CARTESIAN_POINT('',(-65.56254586374,-6.913901518662,
    -45.89855103741));
#5757 = CARTESIAN_POINT('',(-65.60165003927,-7.125957244684,
    -45.64760238201));
#5758 = CARTESIAN_POINT('',(-65.64406836919,-7.32295034258,
    -45.37327872056));
#5759 = CARTESIAN_POINT('',(-65.68959413119,-7.501190412966,
    -45.07620141454));
#5760 = CARTESIAN_POINT('',(-65.73799917059,-7.656848425163,
    -44.75708582757));
#5761 = CARTESIAN_POINT('',(-65.84458026451,-7.926894362551,
    -44.04645883487));
#5762 = CARTESIAN_POINT('',(-65.90323131992,-8.036623131345,
    -43.65114156428));
#5763 = CARTESIAN_POINT('',(-65.96396266655,-8.107903778386,
    -43.23659318249));
#5764 = CARTESIAN_POINT('',(-66.02524288921,-8.136254023028,
    -42.81241140376));
#5765 = CARTESIAN_POINT('',(-66.08570591421,-8.120006405994,
    -42.38778866375));
#5766 = CARTESIAN_POINT('',(-66.14419831942,-8.060745798921,
    -41.97129361553));
#5767 = CARTESIAN_POINT('',(-66.26062198185,-7.857511421605,
    -41.13195570297));
#5768 = CARTESIAN_POINT('',(-66.31772901011,-7.70470972865,
    -40.7138142831));
#5769 = CARTESIAN_POINT('',(-66.36989037775,-7.513667767655,
    -40.32628967476));
#5770 = CARTESIAN_POINT('',(-66.4171418481,-7.290348697182,
    -39.97066027792));
#5771 = CARTESIAN_POINT('',(-66.45951461181,-7.041377899717,
    -39.64824119031));
#5772 = CARTESIAN_POINT('',(-66.49693948313,-6.773613872728,
    -39.36086017749));
#5773 = CARTESIAN_POINT('',(-66.57794692006,-6.077594187375,
    -38.73402547856));
#5774 = CARTESIAN_POINT('',(-66.61634806651,-5.632219862906,
    -38.43211019414));
#5775 = CARTESIAN_POINT('',(-66.64627161263,-5.164154509938,
    -38.19440232436));
#5776 = CARTESIAN_POINT('',(-66.66823862295,-4.681811511511,
    -38.01865903032));
#5777 = CARTESIAN_POINT('',(-66.68266132008,-4.191124565199,
    -37.9027830649));
#5778 = CARTESIAN_POINT('',(-66.68992317906,-3.695868583417,
    -37.84448514486));
#5779 = CARTESIAN_POINT('',(-66.68992317906,-3.200000000027,
    -37.84448514486));
#5780 = ORIENTED_EDGE('',*,*,#5708,.F.);
#5781 = ORIENTED_EDGE('',*,*,#4784,.F.);
#5782 = B_SPLINE_SURFACE_WITH_KNOTS('',1,7,(
    (#5783,#5784,#5785,#5786,#5787,#5788,#5789,#5790,#5791,#5792,#5793
      ,#5794,#5795,#5796,#5797,#5798,#5799,#5800,#5801,#5802,#5803,#5804
      ,#5805,#5806,#5807,#5808,#5809,#5810,#5811,#5812,#5813,#5814)
    ,(#5815,#5816,#5817,#5818,#5819,#5820,#5821,#5822,#5823,#5824,#5825
      ,#5826,#5827,#5828,#5829,#5830,#5831,#5832,#5833,#5834,#5835,#5836
      ,#5837,#5838,#5839,#5840,#5841,#5842,#5843,#5844,#5845,#5846
  )),.UNSPECIFIED.,.F.,.F.,.F.,(2,2),(8,6,6,6,6,8),(0.,14.950002179146),
  (28.653241524442,32.517788273783,34.709294715365,37.086087649774,
    39.731556365811,43.603243703589),.UNSPECIFIED.);
#5783 = CARTESIAN_POINT('',(-65.9548703971,-3.226758342256,
    -48.49198337446));
#5784 = CARTESIAN_POINT('',(-65.9576431007,-3.745224833684,
    -48.47528307896));
#5785 = CARTESIAN_POINT('',(-65.96416945822,-4.341299075699,
    -48.43595089509));
#5786 = CARTESIAN_POINT('',(-65.98806835933,-4.908275300405,
    -48.29203755576));
#5787 = CARTESIAN_POINT('',(-66.02029822753,-5.461922986504,
    -48.09724776729));
#5788 = CARTESIAN_POINT('',(-66.06467189733,-6.003909638537,
    -47.82732173929));
#5789 = CARTESIAN_POINT('',(-66.1206757169,-6.520929744993,
    -47.48310474018));
#5790 = CARTESIAN_POINT('',(-66.22741381024,-7.27424775198,
    -46.81692132002));
#5791 = CARTESIAN_POINT('',(-66.2699203856,-7.535111424179,
    -46.54991731508));
#5792 = CARTESIAN_POINT('',(-66.31640714752,-7.781840418953,
    -46.25569496365));
#5793 = CARTESIAN_POINT('',(-66.36676396563,-8.010779704008,
    -45.93412491324));
#5794 = CARTESIAN_POINT('',(-66.42074650051,-8.217550040167,
    -45.58581255235));
#5795 = CARTESIAN_POINT('',(-66.4780510937,-8.397583952023,
    -45.21167569604));
#5796 = CARTESIAN_POINT('',(-66.60382969915,-8.708343602841,
    -44.37962140444));
#5797 = CARTESIAN_POINT('',(-66.67291690753,-8.833708793328,
    -43.91677447483));
#5798 = CARTESIAN_POINT('',(-66.74417542873,-8.913759919015,
    -43.43228790744));
#5799 = CARTESIAN_POINT('',(-66.81585788098,-8.94315297592,
    -42.93682797365));
#5800 = CARTESIAN_POINT('',(-66.88630856628,-8.920318146163,
    -42.44148106927));
#5801 = CARTESIAN_POINT('',(-66.95406951417,-8.84769643212,
    -41.9571611198));
#5802 = CARTESIAN_POINT('',(-67.08858539365,-8.603419672781,
    -40.98136496997));
#5803 = CARTESIAN_POINT('',(-67.15411334463,-8.421947362728,
    -40.49706069748));
#5804 = CARTESIAN_POINT('',(-67.21376635225,-8.196340029617,
    -40.0483266274));
#5805 = CARTESIAN_POINT('',(-67.26751481852,-7.93420750573,
    -39.63760541077));
#5806 = CARTESIAN_POINT('',(-67.31545018463,-7.643136876687,
    -39.26635414215));
#5807 = CARTESIAN_POINT('',(-67.35769911896,-7.330499802717,
    -38.93540366365));
#5808 = CARTESIAN_POINT('',(-67.44872358206,-6.52132098413,
    -38.21562912028));
#5809 = CARTESIAN_POINT('',(-67.49168735879,-6.00457035251,
    -37.86917442609));
#5810 = CARTESIAN_POINT('',(-67.5248796398,-5.463487098655,
    -37.5978533333));
#5811 = CARTESIAN_POINT('',(-67.54917754024,-4.907039048133,
    -37.39747942517));
#5812 = CARTESIAN_POINT('',(-67.56516821018,-4.341464471017,
    -37.26500752709));
#5813 = CARTESIAN_POINT('',(-67.57318138732,-3.771095754253,
    -37.19862594962));
#5814 = CARTESIAN_POINT('',(-67.57318138732,-3.200000000027,
    -37.19862594962));
#5815 = CARTESIAN_POINT('',(-65.29844948417,-3.199999999999,
    -47.55480007227));
#5816 = CARTESIAN_POINT('',(-65.29805758497,-3.690241896862,
    -47.55472618132));
#5817 = CARTESIAN_POINT('',(-65.30791665838,-4.179211568971,
    -47.498226847));
#5818 = CARTESIAN_POINT('',(-65.32561961955,-4.660053554252,
    -47.3863084022));
#5819 = CARTESIAN_POINT('',(-65.3534538618,-5.137812279273,
    -47.21724381675));
#5820 = CARTESIAN_POINT('',(-65.39033542195,-5.600438353398,
    -46.98739261522));
#5821 = CARTESIAN_POINT('',(-65.43727486438,-6.043655425458,
    -46.69403632447));
#5822 = CARTESIAN_POINT('',(-65.52684673641,-6.689896677315,
    -46.12615509631));
#5823 = CARTESIAN_POINT('',(-65.56254586374,-6.913901518662,
    -45.89855103741));
#5824 = CARTESIAN_POINT('',(-65.60165003927,-7.125957244684,
    -45.64760238201));
#5825 = CARTESIAN_POINT('',(-65.64406836919,-7.32295034258,
    -45.37327872056));
#5826 = CARTESIAN_POINT('',(-65.68959413119,-7.501190412966,
    -45.07620141454));
#5827 = CARTESIAN_POINT('',(-65.73799917059,-7.656848425163,
    -44.75708582757));
#5828 = CARTESIAN_POINT('',(-65.84458026451,-7.926894362551,
    -44.04645883487));
#5829 = CARTESIAN_POINT('',(-65.90323131992,-8.036623131345,
    -43.65114156428));
#5830 = CARTESIAN_POINT('',(-65.96396266655,-8.107903778386,
    -43.23659318249));
#5831 = CARTESIAN_POINT('',(-66.02524288921,-8.136254023028,
    -42.81241140376));
#5832 = CARTESIAN_POINT('',(-66.08570591421,-8.120006405994,
    -42.38778866375));
#5833 = CARTESIAN_POINT('',(-66.14419831942,-8.060745798921,
    -41.97129361553));
#5834 = CARTESIAN_POINT('',(-66.26062198185,-7.857511421605,
    -41.13195570297));
#5835 = CARTESIAN_POINT('',(-66.31772901011,-7.70470972865,
    -40.7138142831));
#5836 = CARTESIAN_POINT('',(-66.36989037775,-7.513667767655,
    -40.32628967476));
#5837 = CARTESIAN_POINT('',(-66.4171418481,-7.290348697182,
    -39.97066027792));
#5838 = CARTESIAN_POINT('',(-66.45951461181,-7.041377899717,
    -39.64824119031));
#5839 = CARTESIAN_POINT('',(-66.49693948313,-6.773613872728,
    -39.36086017749));
#5840 = CARTESIAN_POINT('',(-66.57794692006,-6.077594187375,
    -38.73402547856));
#5841 = CARTESIAN_POINT('',(-66.61634806651,-5.632219862906,
    -38.43211019414));
#5842 = CARTESIAN_POINT('',(-66.64627161263,-5.164154509938,
    -38.19440232436));
#5843 = CARTESIAN_POINT('',(-66.66823862295,-4.681811511511,
    -38.01865903032));
#5844 = CARTESIAN_POINT('',(-66.68266132008,-4.191124565199,
    -37.9027830649));
#5845 = CARTESIAN_POINT('',(-66.68992317906,-3.695868583417,
    -37.84448514486));
#5846 = CARTESIAN_POINT('',(-66.68992317906,-3.200000000027,
    -37.84448514486));
#5847 = ADVANCED_FACE('',(#5848),#5894,.F.);
#5848 = FACE_BOUND('',#5849,.F.);
#5849 = EDGE_LOOP('',(#5850,#5851,#5888,#5893));
#5850 = ORIENTED_EDGE('',*,*,#5717,.T.);
#5851 = ORIENTED_EDGE('',*,*,#5852,.T.);
#5852 = EDGE_CURVE('',#5718,#5853,#5855,.T.);
#5853 = VERTEX_POINT('',#5854);
#5854 = CARTESIAN_POINT('',(-65.2984495484,3.200000000081,
    -47.55480008439));
#5855 = B_SPLINE_CURVE_WITH_KNOTS('',11,(#5856,#5857,#5858,#5859,#5860,
    #5861,#5862,#5863,#5864,#5865,#5866,#5867,#5868,#5869,#5870,#5871,
    #5872,#5873,#5874,#5875,#5876,#5877,#5878,#5879,#5880,#5881,#5882,
    #5883,#5884,#5885,#5886,#5887),.UNSPECIFIED.,.F.,.F.,(12,10,10,12),(
    6.400000000028,11.567513007895,15.420435413236,21.449843215466),
  .UNSPECIFIED.);
#5856 = CARTESIAN_POINT('',(-66.68992317906,3.2,-37.84448514486));
#5857 = CARTESIAN_POINT('',(-66.68992317906,3.614230115905,
    -37.84448514486));
#5858 = CARTESIAN_POINT('',(-66.68516451766,4.027726270119,
    -37.88271754246));
#5859 = CARTESIAN_POINT('',(-66.67563460931,4.438584507134,
    -37.95920735045));
#5860 = CARTESIAN_POINT('',(-66.66131941977,4.845405293829,
    -38.07397378591));
#5861 = CARTESIAN_POINT('',(-66.64205358151,5.246226169036,
    -38.22794781624));
#5862 = CARTESIAN_POINT('',(-66.6175476333,5.638129271182,
    -38.42273538328));
#5863 = CARTESIAN_POINT('',(-66.58749084845,6.017288006259,
    -38.65989599307));
#5864 = CARTESIAN_POINT('',(-66.55162811995,6.379217117997,
    -38.94040636068));
#5865 = CARTESIAN_POINT('',(-66.50970936633,6.718990422526,
    -39.26497879701));
#5866 = CARTESIAN_POINT('',(-66.46120992652,7.031190469441,
    -39.63590402734));
#5867 = CARTESIAN_POINT('',(-66.3626015532,7.516754741676,
    -40.37810742748));
#5868 = CARTESIAN_POINT('',(-66.31604316098,7.705499772803,
    -40.72534007548));
#5869 = CARTESIAN_POINT('',(-66.26498032231,7.869005054339,
    -41.10228406579));
#5870 = CARTESIAN_POINT('',(-66.2098121415,8.000589002157,-41.5047843035
    ));
#5871 = CARTESIAN_POINT('',(-66.15125622435,8.094434570283,
    -41.92646348452));
#5872 = CARTESIAN_POINT('',(-66.09023190894,8.146306638745,
    -42.35984183249));
#5873 = CARTESIAN_POINT('',(-66.02777223383,8.154025097544,
    -42.79714569101));
#5874 = CARTESIAN_POINT('',(-65.96496465093,8.117693626684,
    -43.23080497476));
#5875 = CARTESIAN_POINT('',(-65.90292047514,8.039684172347,
    -43.65363947561));
#5876 = CARTESIAN_POINT('',(-65.84277307778,7.924377119112,
    -44.05873402726));
#5877 = CARTESIAN_POINT('',(-65.69639915139,7.548056251969,
    -45.03408169194));
#5878 = CARTESIAN_POINT('',(-65.61462926426,7.24290537857,
    -45.56832388233));
#5879 = CARTESIAN_POINT('',(-65.54222924541,6.874642631757,
    -46.03431539462));
#5880 = CARTESIAN_POINT('',(-65.48033196852,6.489425439915,
    -46.42375871258));
#5881 = CARTESIAN_POINT('',(-65.42481870167,6.017427419268,
    -46.77738540226));
#5882 = CARTESIAN_POINT('',(-65.38559444498,5.609065756643,
    -47.01315304028));
#5883 = CARTESIAN_POINT('',(-65.34875757028,5.123055783381,
    -47.24909258454));
#5884 = CARTESIAN_POINT('',(-65.32384406749,4.650936153331,
    -47.39594339181));
#5885 = CARTESIAN_POINT('',(-65.30732563252,4.171701486415,
    -47.50260006608));
#5886 = CARTESIAN_POINT('',(-65.29811186845,3.686789361554,
    -47.55473641624));
#5887 = CARTESIAN_POINT('',(-65.2984495484,3.200000000081,
    -47.55480008439));
#5888 = ORIENTED_EDGE('',*,*,#5889,.F.);
#5889 = EDGE_CURVE('',#4822,#5853,#5890,.T.);
#5890 = B_SPLINE_CURVE_WITH_KNOTS('',1,(#5891,#5892),.UNSPECIFIED.,.F.,
  .F.,(2,2),(0.,15.049843215438),.PIECEWISE_BEZIER_KNOTS.);
#5891 = CARTESIAN_POINT('',(-65.9548522871,3.223217841998,-48.4920924528
    ));
#5892 = CARTESIAN_POINT('',(-65.2984495484,3.200000000081,
    -47.55480008439));
#5893 = ORIENTED_EDGE('',*,*,#4836,.F.);
#5894 = B_SPLINE_SURFACE_WITH_KNOTS('',1,11,(
    (#5895,#5896,#5897,#5898,#5899,#5900,#5901,#5902,#5903,#5904,#5905
      ,#5906,#5907,#5908,#5909,#5910,#5911,#5912,#5913,#5914,#5915,#5916
      ,#5917,#5918,#5919,#5920,#5921,#5922,#5923,#5924,#5925,#5926)
    ,(#5927,#5928,#5929,#5930,#5931,#5932,#5933,#5934,#5935,#5936,#5937
      ,#5938,#5939,#5940,#5941,#5942,#5943,#5944,#5945,#5946,#5947,#5948
      ,#5949,#5950,#5951,#5952,#5953,#5954,#5955,#5956,#5957,#5958
  )),.UNSPECIFIED.,.F.,.F.,.F.,(2,2),(12,10,10,12),(0.,15.049843215438),
  (6.400000000028,11.567513007895,15.420435413236,21.449843215466),
  .UNSPECIFIED.);
#5895 = CARTESIAN_POINT('',(-67.57318138732,3.200000000081,
    -37.19862594962));
#5896 = CARTESIAN_POINT('',(-67.57318138732,3.677071378715,
    -37.19862594962));
#5897 = CARTESIAN_POINT('',(-67.56790329316,4.153137473091,
    -37.24235235059));
#5898 = CARTESIAN_POINT('',(-67.55740306549,4.626764821287,
    -37.3293329907));
#5899 = CARTESIAN_POINT('',(-67.5415618327,5.095946039451,
    -37.46027927596));
#5900 = CARTESIAN_POINT('',(-67.5201671914,5.558290757505,
    -37.63637751302));
#5901 = CARTESIAN_POINT('',(-67.49294502689,6.010891551626,
    -37.8590003687));
#5902 = CARTESIAN_POINT('',(-67.45955417742,6.450024657402,
    -38.12971661247));
#5903 = CARTESIAN_POINT('',(-67.41955625664,6.870845247198,
    -38.45047729523));
#5904 = CARTESIAN_POINT('',(-67.37237295914,7.267237055773,
    -38.82385652102));
#5905 = CARTESIAN_POINT('',(-67.31724316425,7.631976137709,
    -39.25322496528));
#5906 = CARTESIAN_POINT('',(-67.20543542622,8.199982671924,
    -40.10771479238));
#5907 = CARTESIAN_POINT('',(-67.1522235394,8.423157609358,
    -40.50990663376));
#5908 = CARTESIAN_POINT('',(-67.09365114353,8.61724197533,
    -40.94710137649));
#5909 = CARTESIAN_POINT('',(-67.03017034354,8.773937619864,
    -41.41421756257));
#5910 = CARTESIAN_POINT('',(-66.9625308818,8.886627942821,
    -41.90418100487));
#5911 = CARTESIAN_POINT('',(-66.89172155699,8.950649640722,
    -42.40867714741));
#5912 = CARTESIAN_POINT('',(-66.81891288469,8.963507877722,
    -42.91877549709));
#5913 = CARTESIAN_POINT('',(-66.74540100155,8.925034881281,
    -43.42542613102));
#5914 = CARTESIAN_POINT('',(-66.67255281107,8.837491961951,
    -43.91982827492));
#5915 = CARTESIAN_POINT('',(-66.60175237262,8.705614957783,
    -44.39367095656));
#5916 = CARTESIAN_POINT('',(-66.42886879648,8.272117788047,
    -45.5365221729));
#5917 = CARTESIAN_POINT('',(-66.33208840122,7.917934067363,
    -46.16204119239));
#5918 = CARTESIAN_POINT('',(-66.24611860626,7.49418454678,
    -46.70688697598));
#5919 = CARTESIAN_POINT('',(-66.17076922154,7.031185105485,
    -47.17659944685));
#5920 = CARTESIAN_POINT('',(-66.10885386909,6.504295584937,
    -47.55852724012));
#5921 = CARTESIAN_POINT('',(-66.05494800136,6.006910852915,
    -47.88670039236));
#5922 = CARTESIAN_POINT('',(-66.01778930579,5.437351818857,
    -48.11284281024));
#5923 = CARTESIAN_POINT('',(-65.98541299037,4.907816766036,
    -48.30795845046));
#5924 = CARTESIAN_POINT('',(-65.9626983854,4.340807897236,
    -48.44483133513));
#5925 = CARTESIAN_POINT('',(-65.95722407235,3.73441329513,
    -48.47780697019));
#5926 = CARTESIAN_POINT('',(-65.9548522871,3.223217841998,-48.4920924528
    ));
#5927 = CARTESIAN_POINT('',(-66.68992317906,3.2,-37.84448514486));
#5928 = CARTESIAN_POINT('',(-66.68992317906,3.614230115905,
    -37.84448514486));
#5929 = CARTESIAN_POINT('',(-66.68516451766,4.027726270119,
    -37.88271754246));
#5930 = CARTESIAN_POINT('',(-66.67563460931,4.438584507134,
    -37.95920735045));
#5931 = CARTESIAN_POINT('',(-66.66131941977,4.845405293829,
    -38.07397378591));
#5932 = CARTESIAN_POINT('',(-66.64205358151,5.246226169036,
    -38.22794781624));
#5933 = CARTESIAN_POINT('',(-66.6175476333,5.638129271182,
    -38.42273538328));
#5934 = CARTESIAN_POINT('',(-66.58749084845,6.017288006259,
    -38.65989599307));
#5935 = CARTESIAN_POINT('',(-66.55162811995,6.379217117997,
    -38.94040636068));
#5936 = CARTESIAN_POINT('',(-66.50970936633,6.718990422526,
    -39.26497879701));
#5937 = CARTESIAN_POINT('',(-66.46120992652,7.031190469441,
    -39.63590402734));
#5938 = CARTESIAN_POINT('',(-66.3626015532,7.516754741676,
    -40.37810742748));
#5939 = CARTESIAN_POINT('',(-66.31604316098,7.705499772803,
    -40.72534007548));
#5940 = CARTESIAN_POINT('',(-66.26498032231,7.869005054339,
    -41.10228406579));
#5941 = CARTESIAN_POINT('',(-66.2098121415,8.000589002157,-41.5047843035
    ));
#5942 = CARTESIAN_POINT('',(-66.15125622435,8.094434570283,
    -41.92646348452));
#5943 = CARTESIAN_POINT('',(-66.09023190894,8.146306638745,
    -42.35984183249));
#5944 = CARTESIAN_POINT('',(-66.02777223383,8.154025097544,
    -42.79714569101));
#5945 = CARTESIAN_POINT('',(-65.96496465093,8.117693626684,
    -43.23080497476));
#5946 = CARTESIAN_POINT('',(-65.90292047514,8.039684172347,
    -43.65363947561));
#5947 = CARTESIAN_POINT('',(-65.84277307778,7.924377119112,
    -44.05873402726));
#5948 = CARTESIAN_POINT('',(-65.69639915139,7.548056251969,
    -45.03408169194));
#5949 = CARTESIAN_POINT('',(-65.61462926426,7.24290537857,
    -45.56832388233));
#5950 = CARTESIAN_POINT('',(-65.54222924541,6.874642631757,
    -46.03431539462));
#5951 = CARTESIAN_POINT('',(-65.48033196852,6.489425439915,
    -46.42375871258));
#5952 = CARTESIAN_POINT('',(-65.42481870167,6.017427419268,
    -46.77738540226));
#5953 = CARTESIAN_POINT('',(-65.38559444498,5.609065756643,
    -47.01315304028));
#5954 = CARTESIAN_POINT('',(-65.34875757028,5.123055783381,
    -47.24909258454));
#5955 = CARTESIAN_POINT('',(-65.32384406749,4.650936153331,
    -47.39594339181));
#5956 = CARTESIAN_POINT('',(-65.30732563252,4.171701486415,
    -47.50260006608));
#5957 = CARTESIAN_POINT('',(-65.29811186845,3.686789361554,
    -47.55473641624));
#5958 = CARTESIAN_POINT('',(-65.2984495484,3.200000000081,
    -47.55480008439));
#5959 = ADVANCED_FACE('',(#5960),#5978,.F.);
#5960 = FACE_BOUND('',#5961,.F.);
#5961 = EDGE_LOOP('',(#5962,#5963,#5976,#5977));
#5962 = ORIENTED_EDGE('',*,*,#5889,.T.);
#5963 = ORIENTED_EDGE('',*,*,#5964,.T.);
#5964 = EDGE_CURVE('',#5853,#5740,#5965,.T.);
#5965 = B_SPLINE_CURVE_WITH_KNOTS('',9,(#5966,#5967,#5968,#5969,#5970,
    #5971,#5972,#5973,#5974,#5975),.UNSPECIFIED.,.F.,.F.,(10,10),(
    21.449843215466,28.653241524442),.PIECEWISE_BEZIER_KNOTS.);
#5966 = CARTESIAN_POINT('',(-65.2984495484,3.200000000081,
    -47.55480008439));
#5967 = CARTESIAN_POINT('',(-65.29894262935,2.489189188193,
    -47.55489305273));
#5968 = CARTESIAN_POINT('',(-65.29893565048,1.780044625344,
    -47.55489173689));
#5969 = CARTESIAN_POINT('',(-65.29798371764,1.063941973034,
    -47.55471225396));
#5970 = CARTESIAN_POINT('',(-65.29852795909,0.359450958427,
    -47.55481486839));
#5971 = CARTESIAN_POINT('',(-65.29898152351,-0.359782834707,
    -47.55490038608));
#5972 = CARTESIAN_POINT('',(-65.29765161258,-1.063484623309,
    -47.55464963694));
#5973 = CARTESIAN_POINT('',(-65.29911004577,-1.780686434619,
    -47.55492461841));
#5974 = CARTESIAN_POINT('',(-65.29901764169,-2.489269719513,
    -47.55490719601));
#5975 = CARTESIAN_POINT('',(-65.29844948416,-3.199999999999,
    -47.55480007229));
#5976 = ORIENTED_EDGE('',*,*,#5739,.F.);
#5977 = ORIENTED_EDGE('',*,*,#4821,.F.);
#5978 = B_SPLINE_SURFACE_WITH_KNOTS('',1,9,(
    (#5979,#5980,#5981,#5982,#5983,#5984,#5985,#5986,#5987,#5988)
    ,(#5989,#5990,#5991,#5992,#5993,#5994,#5995,#5996,#5997,#5998
  )),.UNSPECIFIED.,.F.,.F.,.F.,(2,2),(10,10),(0.,7.203398308977),(
    21.449843215466,28.653241524442),.PIECEWISE_BEZIER_KNOTS.);
#5979 = CARTESIAN_POINT('',(-65.9548522871,3.223217841998,-48.4920924528
    ));
#5980 = CARTESIAN_POINT('',(-65.95138900148,2.476769205621,
    -48.51295214347));
#5981 = CARTESIAN_POINT('',(-65.95414158104,1.770354005001,
    -48.49636561369));
#5982 = CARTESIAN_POINT('',(-65.95464949648,1.063985699229,
    -48.4933233358));
#5983 = CARTESIAN_POINT('',(-65.95482977053,0.356932930905,
    -48.49222672776));
#5984 = CARTESIAN_POINT('',(-65.95492089507,-0.356943855891,
    -48.49166792937));
#5985 = CARTESIAN_POINT('',(-65.95457005576,-1.063936515334,
    -48.49380904081));
#5986 = CARTESIAN_POINT('',(-65.95407672774,-1.769120228554,
    -48.49675285977));
#5987 = CARTESIAN_POINT('',(-65.95085065823,-2.475109335444,
    -48.51619469906));
#5988 = CARTESIAN_POINT('',(-65.9548703971,-3.226758342256,
    -48.49198337446));
#5989 = CARTESIAN_POINT('',(-65.2984495484,3.200000000081,
    -47.55480008439));
#5990 = CARTESIAN_POINT('',(-65.29894262935,2.489189188193,
    -47.55489305273));
#5991 = CARTESIAN_POINT('',(-65.29893565048,1.780044625344,
    -47.55489173689));
#5992 = CARTESIAN_POINT('',(-65.29798371764,1.063941973034,
    -47.55471225396));
#5993 = CARTESIAN_POINT('',(-65.29852795909,0.359450958427,
    -47.55481486839));
#5994 = CARTESIAN_POINT('',(-65.29898152351,-0.359782834707,
    -47.55490038608));
#5995 = CARTESIAN_POINT('',(-65.29765161258,-1.063484623309,
    -47.55464963694));
#5996 = CARTESIAN_POINT('',(-65.29911004577,-1.780686434619,
    -47.55492461841));
#5997 = CARTESIAN_POINT('',(-65.29901764169,-2.489269719513,
    -47.55490719601));
#5998 = CARTESIAN_POINT('',(-65.29844948416,-3.199999999999,
    -47.55480007229));
#5999 = ADVANCED_FACE('',(#6000),#6006,.T.);
#6000 = FACE_BOUND('',#6001,.T.);
#6001 = EDGE_LOOP('',(#6002,#6003,#6004,#6005));
#6002 = ORIENTED_EDGE('',*,*,#5575,.T.);
#6003 = ORIENTED_EDGE('',*,*,#5471,.T.);
#6004 = ORIENTED_EDGE('',*,*,#5497,.F.);
#6005 = ORIENTED_EDGE('',*,*,#4881,.F.);
#6006 = ( BOUNDED_SURFACE() B_SPLINE_SURFACE(2,6,(
    (#6007,#6008,#6009,#6010,#6011,#6012,#6013)
    ,(#6014,#6015,#6016,#6017,#6018,#6019,#6020)
    ,(#6021,#6022,#6023,#6024,#6025,#6026,#6027
)),.UNSPECIFIED.,.F.,.F.,.F.) B_SPLINE_SURFACE_WITH_KNOTS((3,3),(7,7),(
    0.,1.12326169859),(0.720611534187,1.843873232777),
.PIECEWISE_BEZIER_KNOTS.) GEOMETRIC_REPRESENTATION_ITEM() 
RATIONAL_B_SPLINE_SURFACE((
    (1.,1.,1.,1.,1.,1.,1.)
    ,(0.707106781187,0.707065455633,0.707024249729,0.706982339656
      ,0.706942372688,0.706898740547,0.706859615296)
,(1.,1.,1.,1.,1.,1.,1.))) REPRESENTATION_ITEM('') SURFACE() );
#6007 = CARTESIAN_POINT('',(-64.97557435612,-26.97811582987,
    -54.01646686221));
#6008 = CARTESIAN_POINT('',(-65.00967002872,-27.00785318491,
    -53.83563190493));
#6009 = CARTESIAN_POINT('',(-65.04355957453,-27.03754606709,
    -53.65504844527));
#6010 = CARTESIAN_POINT('',(-65.07757566268,-27.06748573468,
    -53.4728781635));
#6011 = CARTESIAN_POINT('',(-65.1106765855,-27.0967614557,
    -53.29486358685));
#6012 = CARTESIAN_POINT('',(-65.14504955818,-27.12728191663,
    -53.10900095826));
#6013 = CARTESIAN_POINT('',(-65.17781728683,-27.1565456794,
    -52.93101971658));
#6014 = CARTESIAN_POINT('',(-64.79410150657,-32.89763327257,
    -54.97895366759));
#6015 = CARTESIAN_POINT('',(-64.82886717426,-32.9280643167,
    -54.79835059774));
#6016 = CARTESIAN_POINT('',(-64.86347607174,-32.95849492855,
    -54.61772062813));
#6017 = CARTESIAN_POINT('',(-64.89793326218,-32.98892338779,
    -54.43707529383));
#6018 = CARTESIAN_POINT('',(-64.93222253673,-33.01935469101,
    -54.2563808086));
#6019 = CARTESIAN_POINT('',(-64.96637936886,-33.04977970185,
    -54.07570005146));
#6020 = CARTESIAN_POINT('',(-65.00034878999,-33.0802089826,
    -53.89495769787));
#6021 = CARTESIAN_POINT('',(-58.89798828728,-32.89763327258,
    -53.86726625405));
#6022 = CARTESIAN_POINT('',(-58.93206274816,-32.92806253816,
    -53.68654379849));
#6023 = CARTESIAN_POINT('',(-58.96593579352,-32.95844929449,
    -53.50604480873));
#6024 = CARTESIAN_POINT('',(-58.99948467112,-32.98869251855,
    -53.32636745524));
#6025 = CARTESIAN_POINT('',(-59.03352207727,-33.01949138496,
    -53.14336488228));
#6026 = CARTESIAN_POINT('',(-59.06716099874,-33.05010652191,
    -52.96141715555));
#6027 = CARTESIAN_POINT('',(-59.10010363626,-33.08020886563,
    -52.78249194485));
#6028 = ADVANCED_FACE('',(#6029),#6048,.F.);
#6029 = FACE_BOUND('',#6030,.F.);
#6030 = EDGE_LOOP('',(#6031,#6040,#6046,#6047));
#6031 = ORIENTED_EDGE('',*,*,#6032,.F.);
#6032 = EDGE_CURVE('',#6033,#6033,#6035,.T.);
#6033 = VERTEX_POINT('',#6034);
#6034 = CARTESIAN_POINT('',(-66.47544597072,-20.,-39.58488055541));
#6035 = CIRCLE('',#6036,3.15);
#6036 = AXIS2_PLACEMENT_3D('',#6037,#6038,#6039);
#6037 = CARTESIAN_POINT('',(-65.89181007863,-20.,-42.68033999553));
#6038 = DIRECTION('',(0.982685536548,0.,0.185281235583));
#6039 = DIRECTION('',(-0.185281235583,0.,0.982685536548));
#6040 = ORIENTED_EDGE('',*,*,#6041,.T.);
#6041 = EDGE_CURVE('',#6033,#4919,#6042,.T.);
#6042 = LINE('',#6043,#6044);
#6043 = CARTESIAN_POINT('',(-65.68929754148,-20.,-39.43665556694));
#6044 = VECTOR('',#6045,1.);
#6045 = DIRECTION('',(-0.982685536548,0.,-0.185281235583));
#6046 = ORIENTED_EDGE('',*,*,#4918,.T.);
#6047 = ORIENTED_EDGE('',*,*,#6041,.F.);
#6048 = CYLINDRICAL_SURFACE('',#6049,3.15);
#6049 = AXIS2_PLACEMENT_3D('',#6050,#6051,#6052);
#6050 = CARTESIAN_POINT('',(-65.10566164939,-20.,-42.53211500707));
#6051 = DIRECTION('',(0.982685536548,0.,0.185281235583));
#6052 = DIRECTION('',(-0.185281235583,0.,0.982685536548));
#6053 = ADVANCED_FACE('',(#6054),#6073,.F.);
#6054 = FACE_BOUND('',#6055,.F.);
#6055 = EDGE_LOOP('',(#6056,#6065,#6071,#6072));
#6056 = ORIENTED_EDGE('',*,*,#6057,.F.);
#6057 = EDGE_CURVE('',#6058,#6058,#6060,.T.);
#6058 = VERTEX_POINT('',#6059);
#6059 = CARTESIAN_POINT('',(-66.47544597072,20.,-39.58488055541));
#6060 = CIRCLE('',#6061,3.15);
#6061 = AXIS2_PLACEMENT_3D('',#6062,#6063,#6064);
#6062 = CARTESIAN_POINT('',(-65.89181007863,20.,-42.68033999553));
#6063 = DIRECTION('',(0.982685536548,0.,0.185281235583));
#6064 = DIRECTION('',(-0.185281235583,0.,0.982685536548));
#6065 = ORIENTED_EDGE('',*,*,#6066,.T.);
#6066 = EDGE_CURVE('',#6058,#4984,#6067,.T.);
#6067 = LINE('',#6068,#6069);
#6068 = CARTESIAN_POINT('',(-65.68929754148,20.,-39.43665556694));
#6069 = VECTOR('',#6070,1.);
#6070 = DIRECTION('',(-0.982685536548,0.,-0.185281235583));
#6071 = ORIENTED_EDGE('',*,*,#4983,.T.);
#6072 = ORIENTED_EDGE('',*,*,#6066,.F.);
#6073 = CYLINDRICAL_SURFACE('',#6074,3.15);
#6074 = AXIS2_PLACEMENT_3D('',#6075,#6076,#6077);
#6075 = CARTESIAN_POINT('',(-65.10566164939,20.,-42.53211500707));
#6076 = DIRECTION('',(0.982685536548,0.,0.185281235583));
#6077 = DIRECTION('',(-0.185281235583,0.,0.982685536548));
#6078 = ADVANCED_FACE('',(#6079),#6090,.F.);
#6079 = FACE_BOUND('',#6080,.F.);
#6080 = EDGE_LOOP('',(#6081,#6082,#6088,#6089));
#6081 = ORIENTED_EDGE('',*,*,#5134,.T.);
#6082 = ORIENTED_EDGE('',*,*,#6083,.T.);
#6083 = EDGE_CURVE('',#5126,#5174,#6084,.T.);
#6084 = LINE('',#6085,#6086);
#6085 = CARTESIAN_POINT('',(-61.84332192722,-4.2,-49.04035129173));
#6086 = VECTOR('',#6087,1.);
#6087 = DIRECTION('',(9.686695889854E-15,1.,-4.965E-14));
#6088 = ORIENTED_EDGE('',*,*,#5173,.F.);
#6089 = ORIENTED_EDGE('',*,*,#5102,.T.);
#6090 = PLANE('',#6091);
#6091 = AXIS2_PLACEMENT_3D('',#6092,#6093,#6094);
#6092 = CARTESIAN_POINT('',(-63.80869300031,-4.2,-49.4109137629));
#6093 = DIRECTION('',(-0.185281235583,5.075E-14,0.982685536548));
#6094 = DIRECTION('',(9.400338819694E-15,1.,-4.987179701529E-14));
#6095 = ADVANCED_FACE('',(#6096,#6166),#6172,.T.);
#6096 = FACE_BOUND('',#6097,.T.);
#6097 = EDGE_LOOP('',(#6098,#6108,#6117,#6125,#6134,#6142,#6151,#6159));
#6098 = ORIENTED_EDGE('',*,*,#6099,.F.);
#6099 = EDGE_CURVE('',#6100,#6102,#6104,.T.);
#6100 = VERTEX_POINT('',#6101);
#6101 = CARTESIAN_POINT('',(-62.4732781282,-6.4,-45.69922046747));
#6102 = VERTEX_POINT('',#6103);
#6103 = CARTESIAN_POINT('',(-62.4732781282,6.4,-45.69922046747));
#6104 = LINE('',#6105,#6106);
#6105 = CARTESIAN_POINT('',(-62.4732781282,-6.4,-45.69922046747));
#6106 = VECTOR('',#6107,1.);
#6107 = DIRECTION('',(-3.6E-16,1.,-7.E-17));
#6108 = ORIENTED_EDGE('',*,*,#6109,.F.);
#6109 = EDGE_CURVE('',#6110,#6100,#6112,.T.);
#6110 = VERTEX_POINT('',#6111);
#6111 = CARTESIAN_POINT('',(-62.73267185801,-7.8,-44.32346071631));
#6112 = CIRCLE('',#6113,1.4);
#6113 = AXIS2_PLACEMENT_3D('',#6114,#6115,#6116);
#6114 = CARTESIAN_POINT('',(-62.73267185801,-6.4,-44.32346071631));
#6115 = DIRECTION('',(0.982685536548,3.6E-16,0.185281235583));
#6116 = DIRECTION('',(1.737171584463E-15,-1.,-7.270533285884E-15));
#6117 = ORIENTED_EDGE('',*,*,#6118,.F.);
#6118 = EDGE_CURVE('',#6119,#6110,#6121,.T.);
#6119 = VERTEX_POINT('',#6120);
#6120 = CARTESIAN_POINT('',(-63.54790929458,-7.8,-39.99964435549));
#6121 = LINE('',#6122,#6123);
#6122 = CARTESIAN_POINT('',(-63.54790929458,-7.8,-39.99964435549));
#6123 = VECTOR('',#6124,1.);
#6124 = DIRECTION('',(0.185281235583,0.,-0.982685536548));
#6125 = ORIENTED_EDGE('',*,*,#6126,.F.);
#6126 = EDGE_CURVE('',#6127,#6119,#6129,.T.);
#6127 = VERTEX_POINT('',#6128);
#6128 = CARTESIAN_POINT('',(-63.80730302439,-6.4,-38.62388460433));
#6129 = CIRCLE('',#6130,1.4);
#6130 = AXIS2_PLACEMENT_3D('',#6131,#6132,#6133);
#6131 = CARTESIAN_POINT('',(-63.54790929458,-6.4,-39.99964435549));
#6132 = DIRECTION('',(0.982685536548,3.6E-16,0.185281235583));
#6133 = DIRECTION('',(-0.185281235583,2.74E-15,0.982685536548));
#6134 = ORIENTED_EDGE('',*,*,#6135,.F.);
#6135 = EDGE_CURVE('',#6136,#6127,#6138,.T.);
#6136 = VERTEX_POINT('',#6137);
#6137 = CARTESIAN_POINT('',(-63.80730302439,6.4,-38.62388460433));
#6138 = LINE('',#6139,#6140);
#6139 = CARTESIAN_POINT('',(-63.80730302439,6.4,-38.62388460433));
#6140 = VECTOR('',#6141,1.);
#6141 = DIRECTION('',(3.6E-16,-1.,7.E-17));
#6142 = ORIENTED_EDGE('',*,*,#6143,.F.);
#6143 = EDGE_CURVE('',#6144,#6136,#6146,.T.);
#6144 = VERTEX_POINT('',#6145);
#6145 = CARTESIAN_POINT('',(-63.54790929458,7.8,-39.99964435549));
#6146 = CIRCLE('',#6147,1.4);
#6147 = AXIS2_PLACEMENT_3D('',#6148,#6149,#6150);
#6148 = CARTESIAN_POINT('',(-63.54790929458,6.4,-39.99964435549));
#6149 = DIRECTION('',(0.982685536548,3.6E-16,0.185281235583));
#6150 = DIRECTION('',(-1.207351477219E-15,1.,4.46049936786E-15));
#6151 = ORIENTED_EDGE('',*,*,#6152,.F.);
#6152 = EDGE_CURVE('',#6153,#6144,#6155,.T.);
#6153 = VERTEX_POINT('',#6154);
#6154 = CARTESIAN_POINT('',(-62.73267185801,7.8,-44.32346071631));
#6155 = LINE('',#6156,#6157);
#6156 = CARTESIAN_POINT('',(-62.73267185801,7.8,-44.32346071631));
#6157 = VECTOR('',#6158,1.);
#6158 = DIRECTION('',(-0.185281235583,0.,0.982685536548));
#6159 = ORIENTED_EDGE('',*,*,#6160,.F.);
#6160 = EDGE_CURVE('',#6102,#6153,#6161,.T.);
#6161 = CIRCLE('',#6162,1.4);
#6162 = AXIS2_PLACEMENT_3D('',#6163,#6164,#6165);
#6163 = CARTESIAN_POINT('',(-62.73267185801,6.4,-44.32346071631));
#6164 = DIRECTION('',(0.982685536548,3.6E-16,0.185281235583));
#6165 = DIRECTION('',(0.185281235583,1.7E-15,-0.982685536548));
#6166 = FACE_BOUND('',#6167,.T.);
#6167 = EDGE_LOOP('',(#6168,#6169,#6170,#6171));
#6168 = ORIENTED_EDGE('',*,*,#5125,.T.);
#6169 = ORIENTED_EDGE('',*,*,#6083,.T.);
#6170 = ORIENTED_EDGE('',*,*,#5181,.T.);
#6171 = ORIENTED_EDGE('',*,*,#5150,.F.);
#6172 = PLANE('',#6173);
#6173 = AXIS2_PLACEMENT_3D('',#6174,#6175,#6176);
#6174 = CARTESIAN_POINT('',(-63.1402905763,-4.980293955015E-12,
    -42.1615525359));
#6175 = DIRECTION('',(0.982685536548,3.2E-16,0.185281235583));
#6176 = DIRECTION('',(-0.185281235583,-2.2E-16,0.982685536548));
#6177 = ADVANCED_FACE('',(#6178,#6184),#6187,.T.);
#6178 = FACE_BOUND('',#6179,.T.);
#6179 = EDGE_LOOP('',(#6180,#6181,#6182,#6183));
#6180 = ORIENTED_EDGE('',*,*,#5237,.T.);
#6181 = ORIENTED_EDGE('',*,*,#5206,.T.);
#6182 = ORIENTED_EDGE('',*,*,#5254,.T.);
#6183 = ORIENTED_EDGE('',*,*,#5278,.T.);
#6184 = FACE_BOUND('',#6185,.T.);
#6185 = EDGE_LOOP('',(#6186));
#6186 = ORIENTED_EDGE('',*,*,#6057,.F.);
#6187 = PLANE('',#6188);
#6188 = AXIS2_PLACEMENT_3D('',#6189,#6190,#6191);
#6189 = CARTESIAN_POINT('',(-65.89181007863,6.522560269673E-15,
    -42.68033999553));
#6190 = DIRECTION('',(0.982685536548,-1.6E-16,0.185281235583));
#6191 = DIRECTION('',(-0.185281235583,-2.2E-16,0.982685536548));
#6192 = ADVANCED_FACE('',(#6193,#6199),#6202,.T.);
#6193 = FACE_BOUND('',#6194,.T.);
#6194 = EDGE_LOOP('',(#6195,#6196,#6197,#6198));
#6195 = ORIENTED_EDGE('',*,*,#5333,.T.);
#6196 = ORIENTED_EDGE('',*,*,#5302,.T.);
#6197 = ORIENTED_EDGE('',*,*,#5350,.T.);
#6198 = ORIENTED_EDGE('',*,*,#5374,.T.);
#6199 = FACE_BOUND('',#6200,.T.);
#6200 = EDGE_LOOP('',(#6201));
#6201 = ORIENTED_EDGE('',*,*,#6032,.F.);
#6202 = PLANE('',#6203);
#6203 = AXIS2_PLACEMENT_3D('',#6204,#6205,#6206);
#6204 = CARTESIAN_POINT('',(-65.89181007863,6.522560269673E-15,
    -42.68033999553));
#6205 = DIRECTION('',(0.982685536548,-1.6E-16,0.185281235583));
#6206 = DIRECTION('',(-0.185281235583,-2.2E-16,0.982685536548));
#6207 = ADVANCED_FACE('',(#6208),#6211,.F.);
#6208 = FACE_BOUND('',#6209,.T.);
#6209 = EDGE_LOOP('',(#6210));
#6210 = ORIENTED_EDGE('',*,*,#5616,.T.);
#6211 = PLANE('',#6212);
#6212 = AXIS2_PLACEMENT_3D('',#6213,#6214,#6215);
#6213 = CARTESIAN_POINT('',(6.06584610634,-6.16173778667E-15,
    -41.93503193883));
#6214 = DIRECTION('',(-0.185281235583,-2.2E-16,0.982685536548));
#6215 = DIRECTION('',(0.982685536548,-4.E-17,0.185281235583));
#6216 = ADVANCED_FACE('',(#6217),#6220,.F.);
#6217 = FACE_BOUND('',#6218,.T.);
#6218 = EDGE_LOOP('',(#6219));
#6219 = ORIENTED_EDGE('',*,*,#5641,.T.);
#6220 = PLANE('',#6221);
#6221 = AXIS2_PLACEMENT_3D('',#6222,#6223,#6224);
#6222 = CARTESIAN_POINT('',(6.06584610634,-6.16173778667E-15,
    -41.93503193883));
#6223 = DIRECTION('',(-0.185281235583,-2.2E-16,0.982685536548));
#6224 = DIRECTION('',(0.982685536548,-4.E-17,0.185281235583));
#6225 = ADVANCED_FACE('',(#6226),#6229,.F.);
#6226 = FACE_BOUND('',#6227,.T.);
#6227 = EDGE_LOOP('',(#6228));
#6228 = ORIENTED_EDGE('',*,*,#5666,.T.);
#6229 = PLANE('',#6230);
#6230 = AXIS2_PLACEMENT_3D('',#6231,#6232,#6233);
#6231 = CARTESIAN_POINT('',(6.06584610634,-6.16173778667E-15,
    -41.93503193883));
#6232 = DIRECTION('',(-0.185281235583,-2.2E-16,0.982685536548));
#6233 = DIRECTION('',(0.982685536548,-4.E-17,0.185281235583));
#6234 = ADVANCED_FACE('',(#6235),#6238,.F.);
#6235 = FACE_BOUND('',#6236,.T.);
#6236 = EDGE_LOOP('',(#6237));
#6237 = ORIENTED_EDGE('',*,*,#5691,.T.);
#6238 = PLANE('',#6239);
#6239 = AXIS2_PLACEMENT_3D('',#6240,#6241,#6242);
#6240 = CARTESIAN_POINT('',(6.06584610634,-6.16173778667E-15,
    -41.93503193883));
#6241 = DIRECTION('',(-0.185281235583,-2.2E-16,0.982685536548));
#6242 = DIRECTION('',(0.982685536548,-4.E-17,0.185281235583));
#6243 = ADVANCED_FACE('',(#6244),#6269,.T.);
#6244 = FACE_BOUND('',#6245,.T.);
#6245 = EDGE_LOOP('',(#6246,#6254,#6262,#6268));
#6246 = ORIENTED_EDGE('',*,*,#6247,.F.);
#6247 = EDGE_CURVE('',#6248,#5718,#6250,.T.);
#6248 = VERTEX_POINT('',#6249);
#6249 = CARTESIAN_POINT('',(-66.01353970374,3.2,-37.716955878));
#6250 = LINE('',#6251,#6252);
#6251 = CARTESIAN_POINT('',(-66.01353970374,3.2,-37.716955878));
#6252 = VECTOR('',#6253,1.);
#6253 = DIRECTION('',(-0.982685536548,0.,-0.185281235583));
#6254 = ORIENTED_EDGE('',*,*,#6255,.F.);
#6255 = EDGE_CURVE('',#6256,#6248,#6258,.T.);
#6256 = VERTEX_POINT('',#6257);
#6257 = CARTESIAN_POINT('',(-66.01353970374,-3.200000000027,
    -37.71695587799));
#6258 = LINE('',#6259,#6260);
#6259 = CARTESIAN_POINT('',(-66.01353970374,-3.200000000027,
    -37.71695587799));
#6260 = VECTOR('',#6261,1.);
#6261 = DIRECTION('',(2.775557561563E-16,1.,2.2E-16));
#6262 = ORIENTED_EDGE('',*,*,#6263,.T.);
#6263 = EDGE_CURVE('',#6256,#5709,#6264,.T.);
#6264 = LINE('',#6265,#6266);
#6265 = CARTESIAN_POINT('',(-66.01353970374,-3.200000000027,
    -37.71695587799));
#6266 = VECTOR('',#6267,1.);
#6267 = DIRECTION('',(-0.982685536548,0.,-0.185281235583));
#6268 = ORIENTED_EDGE('',*,*,#5725,.T.);
#6269 = PLANE('',#6270);
#6270 = AXIS2_PLACEMENT_3D('',#6271,#6272,#6273);
#6271 = CARTESIAN_POINT('',(-66.01353970374,-3.200000000027,
    -37.71695587799));
#6272 = DIRECTION('',(0.185281235583,0.,-0.982685536548));
#6273 = DIRECTION('',(0.,1.,0.));
#6274 = ADVANCED_FACE('',(#6275),#6294,.F.);
#6275 = FACE_BOUND('',#6276,.F.);
#6276 = EDGE_LOOP('',(#6277,#6285,#6292,#6293));
#6277 = ORIENTED_EDGE('',*,*,#6278,.F.);
#6278 = EDGE_CURVE('',#6279,#5740,#6281,.T.);
#6279 = VERTEX_POINT('',#6280);
#6280 = CARTESIAN_POINT('',(-64.19778359504,-3.199999999999,
    -47.34727413614));
#6281 = LINE('',#6282,#6283);
#6282 = CARTESIAN_POINT('',(-64.19778359504,-3.199999999999,
    -47.34727413614));
#6283 = VECTOR('',#6284,1.);
#6284 = DIRECTION('',(-0.982685536548,0.,-0.185281235583));
#6285 = ORIENTED_EDGE('',*,*,#6286,.F.);
#6286 = EDGE_CURVE('',#6256,#6279,#6287,.T.);
#6287 = CIRCLE('',#6288,4.899999999983);
#6288 = AXIS2_PLACEMENT_3D('',#6289,#6290,#6291);
#6289 = CARTESIAN_POINT('',(-65.10566164939,-3.200000000027,
    -42.53211500706));
#6290 = DIRECTION('',(0.982685536548,-2.853300763633E-16,0.185281235583)
  );
#6291 = DIRECTION('',(-0.185281235583,-1.595945597899E-16,0.982685536548
    ));
#6292 = ORIENTED_EDGE('',*,*,#6263,.T.);
#6293 = ORIENTED_EDGE('',*,*,#5746,.F.);
#6294 = CYLINDRICAL_SURFACE('',#6295,4.899999999983);
#6295 = AXIS2_PLACEMENT_3D('',#6296,#6297,#6298);
#6296 = CARTESIAN_POINT('',(-65.10566164939,-3.200000000027,
    -42.53211500706));
#6297 = DIRECTION('',(0.982685536548,0.,0.185281235583));
#6298 = DIRECTION('',(-0.185281235583,0.,0.982685536548));
#6299 = ADVANCED_FACE('',(#6300),#6319,.F.);
#6300 = FACE_BOUND('',#6301,.F.);
#6301 = EDGE_LOOP('',(#6302,#6303,#6312,#6318));
#6302 = ORIENTED_EDGE('',*,*,#6247,.F.);
#6303 = ORIENTED_EDGE('',*,*,#6304,.F.);
#6304 = EDGE_CURVE('',#6305,#6248,#6307,.T.);
#6305 = VERTEX_POINT('',#6306);
#6306 = CARTESIAN_POINT('',(-64.19778359504,3.200000000081,
    -47.34727413614));
#6307 = CIRCLE('',#6308,4.899999999983);
#6308 = AXIS2_PLACEMENT_3D('',#6309,#6310,#6311);
#6309 = CARTESIAN_POINT('',(-65.10566164939,3.2,-42.53211500707));
#6310 = DIRECTION('',(0.982685536548,-2.853300763633E-16,0.185281235583)
  );
#6311 = DIRECTION('',(-0.185281235583,-1.595945597899E-16,0.982685536548
    ));
#6312 = ORIENTED_EDGE('',*,*,#6313,.T.);
#6313 = EDGE_CURVE('',#6305,#5853,#6314,.T.);
#6314 = LINE('',#6315,#6316);
#6315 = CARTESIAN_POINT('',(-64.19778359504,3.200000000081,
    -47.34727413614));
#6316 = VECTOR('',#6317,1.);
#6317 = DIRECTION('',(-0.982685536548,0.,-0.185281235583));
#6318 = ORIENTED_EDGE('',*,*,#5852,.F.);
#6319 = CYLINDRICAL_SURFACE('',#6320,4.899999999983);
#6320 = AXIS2_PLACEMENT_3D('',#6321,#6322,#6323);
#6321 = CARTESIAN_POINT('',(-65.10566164939,3.2,-42.53211500707));
#6322 = DIRECTION('',(0.982685536548,0.,0.185281235583));
#6323 = DIRECTION('',(-0.185281235583,0.,0.982685536548));
#6324 = ADVANCED_FACE('',(#6325),#6336,.F.);
#6325 = FACE_BOUND('',#6326,.F.);
#6326 = EDGE_LOOP('',(#6327,#6328,#6334,#6335));
#6327 = ORIENTED_EDGE('',*,*,#6313,.F.);
#6328 = ORIENTED_EDGE('',*,*,#6329,.F.);
#6329 = EDGE_CURVE('',#6279,#6305,#6330,.T.);
#6330 = LINE('',#6331,#6332);
#6331 = CARTESIAN_POINT('',(-64.19778359504,-3.2,-47.34727413615));
#6332 = VECTOR('',#6333,1.);
#6333 = DIRECTION('',(-4.862221736346E-13,1.,2.58044E-12));
#6334 = ORIENTED_EDGE('',*,*,#6278,.T.);
#6335 = ORIENTED_EDGE('',*,*,#5964,.F.);
#6336 = PLANE('',#6337);
#6337 = AXIS2_PLACEMENT_3D('',#6338,#6339,#6340);
#6338 = CARTESIAN_POINT('',(-64.19778359504,-3.2,-47.34727413615));
#6339 = DIRECTION('',(0.185281235583,2.62568E-12,-0.982685536548));
#6340 = DIRECTION('',(-4.864895658099E-13,1.,2.580217697164E-12));
#6341 = ADVANCED_FACE('',(#6342),#6367,.F.);
#6342 = FACE_BOUND('',#6343,.T.);
#6343 = EDGE_LOOP('',(#6344,#6352,#6353,#6361));
#6344 = ORIENTED_EDGE('',*,*,#6345,.F.);
#6345 = EDGE_CURVE('',#6100,#6346,#6348,.T.);
#6346 = VERTEX_POINT('',#6347);
#6347 = CARTESIAN_POINT('',(-63.4076515459,-6.4,-45.0612970267));
#6348 = LINE('',#6349,#6350);
#6349 = CARTESIAN_POINT('',(-62.94046483705,-6.4,-45.38025874709));
#6350 = VECTOR('',#6351,1.);
#6351 = DIRECTION('',(-0.825877224774,-2.6E-16,0.56384998856));
#6352 = ORIENTED_EDGE('',*,*,#6099,.T.);
#6353 = ORIENTED_EDGE('',*,*,#6354,.T.);
#6354 = EDGE_CURVE('',#6102,#6355,#6357,.T.);
#6355 = VERTEX_POINT('',#6356);
#6356 = CARTESIAN_POINT('',(-63.4076515459,6.4,-45.0612970267));
#6357 = LINE('',#6358,#6359);
#6358 = CARTESIAN_POINT('',(-62.94046483705,6.4,-45.38025874709));
#6359 = VECTOR('',#6360,1.);
#6360 = DIRECTION('',(-0.825877224774,-2.6E-16,0.56384998856));
#6361 = ORIENTED_EDGE('',*,*,#6362,.F.);
#6362 = EDGE_CURVE('',#6346,#6355,#6363,.T.);
#6363 = LINE('',#6364,#6365);
#6364 = CARTESIAN_POINT('',(-63.4076515459,-6.4,-45.0612970267));
#6365 = VECTOR('',#6366,1.);
#6366 = DIRECTION('',(-3.6E-16,1.,-7.E-17));
#6367 = PLANE('',#6368);
#6368 = AXIS2_PLACEMENT_3D('',#6369,#6370,#6371);
#6369 = CARTESIAN_POINT('',(-62.94046483705,-6.4,-45.38025874709));
#6370 = DIRECTION('',(-0.56384998856,1.8E-16,-0.825877224774));
#6371 = DIRECTION('',(1.132363121256E-16,-1.,-2.952597383506E-16));
#6372 = ADVANCED_FACE('',(#6373),#6392,.F.);
#6373 = FACE_BOUND('',#6374,.T.);
#6374 = EDGE_LOOP('',(#6375,#6383,#6384,#6385));
#6375 = ORIENTED_EDGE('',*,*,#6376,.F.);
#6376 = EDGE_CURVE('',#6110,#6377,#6379,.T.);
#6377 = VERTEX_POINT('',#6378);
#6378 = CARTESIAN_POINT('',(-63.51882028725,-7.,-44.47168570477));
#6379 = LINE('',#6380,#6381);
#6380 = CARTESIAN_POINT('',(-63.12574607263,-7.4,-44.39757321054));
#6381 = VECTOR('',#6382,1.);
#6382 = DIRECTION('',(-0.694863606667,0.707106781187,-0.131013618107));
#6383 = ORIENTED_EDGE('',*,*,#6109,.T.);
#6384 = ORIENTED_EDGE('',*,*,#6345,.T.);
#6385 = ORIENTED_EDGE('',*,*,#6386,.F.);
#6386 = EDGE_CURVE('',#6377,#6346,#6387,.T.);
#6387 = CIRCLE('',#6388,0.6);
#6388 = AXIS2_PLACEMENT_3D('',#6389,#6390,#6391);
#6389 = CARTESIAN_POINT('',(-63.51882028725,-6.4,-44.47168570477));
#6390 = DIRECTION('',(0.982685536548,3.6E-16,0.185281235583));
#6391 = DIRECTION('',(1.737171584463E-15,-1.,-7.270533285884E-15));
#6392 = CONICAL_SURFACE('',#6393,0.6,0.785398163397);
#6393 = AXIS2_PLACEMENT_3D('',#6394,#6395,#6396);
#6394 = CARTESIAN_POINT('',(-63.51882028725,-6.4,-44.47168570477));
#6395 = DIRECTION('',(0.982685536548,3.6E-16,0.185281235583));
#6396 = DIRECTION('',(1.737171584463E-15,-1.,-7.270533285884E-15));
#6397 = ADVANCED_FACE('',(#6398),#6417,.F.);
#6398 = FACE_BOUND('',#6399,.T.);
#6399 = EDGE_LOOP('',(#6400,#6401,#6402,#6410));
#6400 = ORIENTED_EDGE('',*,*,#6354,.F.);
#6401 = ORIENTED_EDGE('',*,*,#6160,.T.);
#6402 = ORIENTED_EDGE('',*,*,#6403,.T.);
#6403 = EDGE_CURVE('',#6153,#6404,#6406,.T.);
#6404 = VERTEX_POINT('',#6405);
#6405 = CARTESIAN_POINT('',(-63.51882028725,7.,-44.47168570477));
#6406 = LINE('',#6407,#6408);
#6407 = CARTESIAN_POINT('',(-63.51882028725,7.,-44.47168570477));
#6408 = VECTOR('',#6409,1.);
#6409 = DIRECTION('',(-0.694863606667,-0.707106781187,-0.131013618107));
#6410 = ORIENTED_EDGE('',*,*,#6411,.F.);
#6411 = EDGE_CURVE('',#6355,#6404,#6412,.T.);
#6412 = CIRCLE('',#6413,0.6);
#6413 = AXIS2_PLACEMENT_3D('',#6414,#6415,#6416);
#6414 = CARTESIAN_POINT('',(-63.51882028725,6.4,-44.47168570477));
#6415 = DIRECTION('',(0.982685536548,3.6E-16,0.185281235583));
#6416 = DIRECTION('',(0.185281235583,1.7E-15,-0.982685536548));
#6417 = CONICAL_SURFACE('',#6418,0.6,0.785398163397);
#6418 = AXIS2_PLACEMENT_3D('',#6419,#6420,#6421);
#6419 = CARTESIAN_POINT('',(-63.51882028725,6.4,-44.47168570477));
#6420 = DIRECTION('',(0.982685536548,3.6E-16,0.185281235583));
#6421 = DIRECTION('',(0.185281235583,1.7E-15,-0.982685536548));
#6422 = ADVANCED_FACE('',(#6423),#6441,.F.);
#6423 = FACE_BOUND('',#6424,.T.);
#6424 = EDGE_LOOP('',(#6425,#6433,#6434,#6435));
#6425 = ORIENTED_EDGE('',*,*,#6426,.F.);
#6426 = EDGE_CURVE('',#6119,#6427,#6429,.T.);
#6427 = VERTEX_POINT('',#6428);
#6428 = CARTESIAN_POINT('',(-64.33405772382,-7.,-40.14786934396));
#6429 = LINE('',#6430,#6431);
#6430 = CARTESIAN_POINT('',(-64.33405772382,-7.,-40.14786934396));
#6431 = VECTOR('',#6432,1.);
#6432 = DIRECTION('',(-0.694863606667,0.707106781187,-0.131013618107));
#6433 = ORIENTED_EDGE('',*,*,#6118,.T.);
#6434 = ORIENTED_EDGE('',*,*,#6376,.T.);
#6435 = ORIENTED_EDGE('',*,*,#6436,.F.);
#6436 = EDGE_CURVE('',#6427,#6377,#6437,.T.);
#6437 = LINE('',#6438,#6439);
#6438 = CARTESIAN_POINT('',(-64.33405772382,-7.,-40.14786934396));
#6439 = VECTOR('',#6440,1.);
#6440 = DIRECTION('',(0.185281235583,0.,-0.982685536548));
#6441 = PLANE('',#6442);
#6442 = AXIS2_PLACEMENT_3D('',#6443,#6444,#6445);
#6443 = CARTESIAN_POINT('',(-63.9409835092,-7.4,-40.07375684973));
#6444 = DIRECTION('',(-0.694863606667,-0.707106781187,-0.131013618107));
#6445 = DIRECTION('',(-0.185281235583,2.775557561563E-16,0.982685536548)
  );
#6446 = ADVANCED_FACE('',(#6447),#6465,.F.);
#6447 = FACE_BOUND('',#6448,.T.);
#6448 = EDGE_LOOP('',(#6449,#6450,#6451,#6459));
#6449 = ORIENTED_EDGE('',*,*,#6403,.F.);
#6450 = ORIENTED_EDGE('',*,*,#6152,.T.);
#6451 = ORIENTED_EDGE('',*,*,#6452,.T.);
#6452 = EDGE_CURVE('',#6144,#6453,#6455,.T.);
#6453 = VERTEX_POINT('',#6454);
#6454 = CARTESIAN_POINT('',(-64.33405772382,7.,-40.14786934396));
#6455 = LINE('',#6456,#6457);
#6456 = CARTESIAN_POINT('',(-63.9409835092,7.4,-40.07375684973));
#6457 = VECTOR('',#6458,1.);
#6458 = DIRECTION('',(-0.694863606667,-0.707106781187,-0.131013618107));
#6459 = ORIENTED_EDGE('',*,*,#6460,.F.);
#6460 = EDGE_CURVE('',#6404,#6453,#6461,.T.);
#6461 = LINE('',#6462,#6463);
#6462 = CARTESIAN_POINT('',(-63.51882028725,7.,-44.47168570477));
#6463 = VECTOR('',#6464,1.);
#6464 = DIRECTION('',(-0.185281235583,0.,0.982685536548));
#6465 = PLANE('',#6466);
#6466 = AXIS2_PLACEMENT_3D('',#6467,#6468,#6469);
#6467 = CARTESIAN_POINT('',(-63.12574607263,7.4,-44.39757321054));
#6468 = DIRECTION('',(-0.694863606667,0.707106781187,-0.131013618107));
#6469 = DIRECTION('',(0.185281235583,8.465450562767E-16,-0.982685536548)
  );
#6470 = ADVANCED_FACE('',(#6471),#6490,.F.);
#6471 = FACE_BOUND('',#6472,.T.);
#6472 = EDGE_LOOP('',(#6473,#6481,#6482,#6483));
#6473 = ORIENTED_EDGE('',*,*,#6474,.F.);
#6474 = EDGE_CURVE('',#6127,#6475,#6477,.T.);
#6475 = VERTEX_POINT('',#6476);
#6476 = CARTESIAN_POINT('',(-64.44522646517,-6.4,-39.55825802203));
#6477 = LINE('',#6478,#6479);
#6478 = CARTESIAN_POINT('',(-64.12626474478,-6.4,-39.09107131318));
#6479 = VECTOR('',#6480,1.);
#6480 = DIRECTION('',(-0.56384998856,-2.6E-16,-0.825877224774));
#6481 = ORIENTED_EDGE('',*,*,#6126,.T.);
#6482 = ORIENTED_EDGE('',*,*,#6426,.T.);
#6483 = ORIENTED_EDGE('',*,*,#6484,.F.);
#6484 = EDGE_CURVE('',#6475,#6427,#6485,.T.);
#6485 = CIRCLE('',#6486,0.6);
#6486 = AXIS2_PLACEMENT_3D('',#6487,#6488,#6489);
#6487 = CARTESIAN_POINT('',(-64.33405772382,-6.4,-40.14786934396));
#6488 = DIRECTION('',(0.982685536548,3.6E-16,0.185281235583));
#6489 = DIRECTION('',(-0.185281235583,2.74E-15,0.982685536548));
#6490 = CONICAL_SURFACE('',#6491,0.6,0.785398163397);
#6491 = AXIS2_PLACEMENT_3D('',#6492,#6493,#6494);
#6492 = CARTESIAN_POINT('',(-64.33405772382,-6.4,-40.14786934396));
#6493 = DIRECTION('',(0.982685536548,3.6E-16,0.185281235583));
#6494 = DIRECTION('',(-0.185281235583,2.74E-15,0.982685536548));
#6495 = ADVANCED_FACE('',(#6496),#6515,.F.);
#6496 = FACE_BOUND('',#6497,.T.);
#6497 = EDGE_LOOP('',(#6498,#6499,#6500,#6508));
#6498 = ORIENTED_EDGE('',*,*,#6452,.F.);
#6499 = ORIENTED_EDGE('',*,*,#6143,.T.);
#6500 = ORIENTED_EDGE('',*,*,#6501,.T.);
#6501 = EDGE_CURVE('',#6136,#6502,#6504,.T.);
#6502 = VERTEX_POINT('',#6503);
#6503 = CARTESIAN_POINT('',(-64.44522646517,6.4,-39.55825802203));
#6504 = LINE('',#6505,#6506);
#6505 = CARTESIAN_POINT('',(-64.44522646517,6.4,-39.55825802203));
#6506 = VECTOR('',#6507,1.);
#6507 = DIRECTION('',(-0.56384998856,3.58E-15,-0.825877224774));
#6508 = ORIENTED_EDGE('',*,*,#6509,.F.);
#6509 = EDGE_CURVE('',#6453,#6502,#6510,.T.);
#6510 = CIRCLE('',#6511,0.6);
#6511 = AXIS2_PLACEMENT_3D('',#6512,#6513,#6514);
#6512 = CARTESIAN_POINT('',(-64.33405772382,6.4,-40.14786934396));
#6513 = DIRECTION('',(0.982685536548,3.6E-16,0.185281235583));
#6514 = DIRECTION('',(-1.207351477219E-15,1.,4.46049936786E-15));
#6515 = CONICAL_SURFACE('',#6516,0.6,0.785398163397);
#6516 = AXIS2_PLACEMENT_3D('',#6517,#6518,#6519);
#6517 = CARTESIAN_POINT('',(-64.33405772382,6.4,-40.14786934396));
#6518 = DIRECTION('',(0.982685536548,3.6E-16,0.185281235583));
#6519 = DIRECTION('',(-1.207351477219E-15,1.,4.46049936786E-15));
#6520 = ADVANCED_FACE('',(#6521),#6532,.F.);
#6521 = FACE_BOUND('',#6522,.T.);
#6522 = EDGE_LOOP('',(#6523,#6524,#6525,#6526));
#6523 = ORIENTED_EDGE('',*,*,#6501,.F.);
#6524 = ORIENTED_EDGE('',*,*,#6135,.T.);
#6525 = ORIENTED_EDGE('',*,*,#6474,.T.);
#6526 = ORIENTED_EDGE('',*,*,#6527,.F.);
#6527 = EDGE_CURVE('',#6502,#6475,#6528,.T.);
#6528 = LINE('',#6529,#6530);
#6529 = CARTESIAN_POINT('',(-64.44522646517,6.4,-39.55825802203));
#6530 = VECTOR('',#6531,1.);
#6531 = DIRECTION('',(3.6E-16,-1.,7.E-17));
#6532 = PLANE('',#6533);
#6533 = AXIS2_PLACEMENT_3D('',#6534,#6535,#6536);
#6534 = CARTESIAN_POINT('',(-64.12626474478,6.4,-39.09107131318));
#6535 = DIRECTION('',(-0.825877224774,-1.3E-16,0.56384998856));
#6536 = DIRECTION('',(-2.520396625441E-16,1.,-1.386074640786E-16));
#6537 = ADVANCED_FACE('',(#6538,#6544),#6614,.F.);
#6538 = FACE_BOUND('',#6539,.F.);
#6539 = EDGE_LOOP('',(#6540,#6541,#6542,#6543));
#6540 = ORIENTED_EDGE('',*,*,#6286,.T.);
#6541 = ORIENTED_EDGE('',*,*,#6329,.T.);
#6542 = ORIENTED_EDGE('',*,*,#6304,.T.);
#6543 = ORIENTED_EDGE('',*,*,#6255,.F.);
#6544 = FACE_BOUND('',#6545,.F.);
#6545 = EDGE_LOOP('',(#6546,#6557,#6565,#6574,#6582,#6591,#6599,#6608));
#6546 = ORIENTED_EDGE('',*,*,#6547,.F.);
#6547 = EDGE_CURVE('',#6548,#6550,#6552,.T.);
#6548 = VERTEX_POINT('',#6549);
#6549 = CARTESIAN_POINT('',(-64.69804293111,-7.,-44.69402318747));
#6550 = VERTEX_POINT('',#6551);
#6551 = CARTESIAN_POINT('',(-64.58687418976,-6.4,-45.2836345094));
#6552 = CIRCLE('',#6553,0.6);
#6553 = AXIS2_PLACEMENT_3D('',#6554,#6555,#6556);
#6554 = CARTESIAN_POINT('',(-64.69804293111,-6.4,-44.69402318747));
#6555 = DIRECTION('',(0.982685536548,0.,0.185281235583));
#6556 = DIRECTION('',(-0.185281235583,0.,0.982685536548));
#6557 = ORIENTED_EDGE('',*,*,#6558,.T.);
#6558 = EDGE_CURVE('',#6548,#6559,#6561,.T.);
#6559 = VERTEX_POINT('',#6560);
#6560 = CARTESIAN_POINT('',(-65.51328036767,-7.,-40.37020682666));
#6561 = LINE('',#6562,#6563);
#6562 = CARTESIAN_POINT('',(-65.30947100853,-7.,-41.45116091686));
#6563 = VECTOR('',#6564,1.);
#6564 = DIRECTION('',(-0.185281235583,0.,0.982685536548));
#6565 = ORIENTED_EDGE('',*,*,#6566,.F.);
#6566 = EDGE_CURVE('',#6567,#6559,#6569,.T.);
#6567 = VERTEX_POINT('',#6568);
#6568 = CARTESIAN_POINT('',(-65.62444910902,-6.4,-39.78059550473));
#6569 = CIRCLE('',#6570,0.6);
#6570 = AXIS2_PLACEMENT_3D('',#6571,#6572,#6573);
#6571 = CARTESIAN_POINT('',(-65.51328036767,-6.4,-40.37020682666));
#6572 = DIRECTION('',(0.982685536548,0.,0.185281235583));
#6573 = DIRECTION('',(-0.185281235583,0.,0.982685536548));
#6574 = ORIENTED_EDGE('',*,*,#6575,.T.);
#6575 = EDGE_CURVE('',#6567,#6576,#6578,.T.);
#6576 = VERTEX_POINT('',#6577);
#6577 = CARTESIAN_POINT('',(-65.62444910902,6.4,-39.78059550473));
#6578 = LINE('',#6579,#6580);
#6579 = CARTESIAN_POINT('',(-65.62444910902,3.199999999995,
    -39.78059550473));
#6580 = VECTOR('',#6581,1.);
#6581 = DIRECTION('',(-1.4E-16,1.,-3.E-17));
#6582 = ORIENTED_EDGE('',*,*,#6583,.F.);
#6583 = EDGE_CURVE('',#6584,#6576,#6586,.T.);
#6584 = VERTEX_POINT('',#6585);
#6585 = CARTESIAN_POINT('',(-65.51328036767,7.,-40.37020682666));
#6586 = CIRCLE('',#6587,0.6);
#6587 = AXIS2_PLACEMENT_3D('',#6588,#6589,#6590);
#6588 = CARTESIAN_POINT('',(-65.51328036767,6.4,-40.37020682666));
#6589 = DIRECTION('',(0.982685536548,0.,0.185281235583));
#6590 = DIRECTION('',(-0.185281235583,0.,0.982685536548));
#6591 = ORIENTED_EDGE('',*,*,#6592,.T.);
#6592 = EDGE_CURVE('',#6584,#6593,#6595,.T.);
#6593 = VERTEX_POINT('',#6594);
#6594 = CARTESIAN_POINT('',(-64.69804293111,7.,-44.69402318747));
#6595 = LINE('',#6596,#6597);
#6596 = CARTESIAN_POINT('',(-64.90185229025,7.,-43.61306909727));
#6597 = VECTOR('',#6598,1.);
#6598 = DIRECTION('',(0.185281235583,0.,-0.982685536548));
#6599 = ORIENTED_EDGE('',*,*,#6600,.F.);
#6600 = EDGE_CURVE('',#6601,#6593,#6603,.T.);
#6601 = VERTEX_POINT('',#6602);
#6602 = CARTESIAN_POINT('',(-64.58687418976,6.4,-45.2836345094));
#6603 = CIRCLE('',#6604,0.6);
#6604 = AXIS2_PLACEMENT_3D('',#6605,#6606,#6607);
#6605 = CARTESIAN_POINT('',(-64.69804293111,6.4,-44.69402318747));
#6606 = DIRECTION('',(0.982685536548,0.,0.185281235583));
#6607 = DIRECTION('',(-0.185281235583,0.,0.982685536548));
#6608 = ORIENTED_EDGE('',*,*,#6609,.T.);
#6609 = EDGE_CURVE('',#6601,#6550,#6610,.T.);
#6610 = LINE('',#6611,#6612);
#6611 = CARTESIAN_POINT('',(-64.58687418976,-3.200000000005,
    -45.2836345094));
#6612 = VECTOR('',#6613,1.);
#6613 = DIRECTION('',(1.4E-16,-1.,3.E-17));
#6614 = PLANE('',#6615);
#6615 = AXIS2_PLACEMENT_3D('',#6616,#6617,#6618);
#6616 = CARTESIAN_POINT('',(-65.10566164939,-1.047397E-11,
    -42.53211500707));
#6617 = DIRECTION('',(0.982685536548,1.E-16,0.185281235583));
#6618 = DIRECTION('',(-0.185281235583,-2.2E-16,0.982685536548));
#6619 = ADVANCED_FACE('',(#6620),#6636,.F.);
#6620 = FACE_BOUND('',#6621,.F.);
#6621 = EDGE_LOOP('',(#6622,#6628,#6629,#6635));
#6622 = ORIENTED_EDGE('',*,*,#6623,.F.);
#6623 = EDGE_CURVE('',#6355,#6601,#6624,.T.);
#6624 = LINE('',#6625,#6626);
#6625 = CARTESIAN_POINT('',(-59.67344650702,6.4,-44.35722833149));
#6626 = VECTOR('',#6627,1.);
#6627 = DIRECTION('',(-0.982685536548,0.,-0.185281235583));
#6628 = ORIENTED_EDGE('',*,*,#6362,.F.);
#6629 = ORIENTED_EDGE('',*,*,#6630,.T.);
#6630 = EDGE_CURVE('',#6346,#6550,#6631,.T.);
#6631 = LINE('',#6632,#6633);
#6632 = CARTESIAN_POINT('',(-59.67344650702,-6.4,-44.35722833149));
#6633 = VECTOR('',#6634,1.);
#6634 = DIRECTION('',(-0.982685536548,0.,-0.185281235583));
#6635 = ORIENTED_EDGE('',*,*,#6609,.F.);
#6636 = PLANE('',#6637);
#6637 = AXIS2_PLACEMENT_3D('',#6638,#6639,#6640);
#6638 = CARTESIAN_POINT('',(-59.67344650702,-6.4,-44.35722833149));
#6639 = DIRECTION('',(0.185281235583,0.,-0.982685536548));
#6640 = DIRECTION('',(0.,1.,0.));
#6641 = ADVANCED_FACE('',(#6642),#6653,.F.);
#6642 = FACE_BOUND('',#6643,.F.);
#6643 = EDGE_LOOP('',(#6644,#6645,#6646,#6652));
#6644 = ORIENTED_EDGE('',*,*,#6630,.F.);
#6645 = ORIENTED_EDGE('',*,*,#6386,.F.);
#6646 = ORIENTED_EDGE('',*,*,#6647,.T.);
#6647 = EDGE_CURVE('',#6377,#6548,#6648,.T.);
#6648 = LINE('',#6649,#6650);
#6649 = CARTESIAN_POINT('',(-59.78461524837,-7.,-43.76761700956));
#6650 = VECTOR('',#6651,1.);
#6651 = DIRECTION('',(-0.982685536548,0.,-0.185281235583));
#6652 = ORIENTED_EDGE('',*,*,#6547,.T.);
#6653 = CYLINDRICAL_SURFACE('',#6654,0.6);
#6654 = AXIS2_PLACEMENT_3D('',#6655,#6656,#6657);
#6655 = CARTESIAN_POINT('',(-59.78461524837,-6.4,-43.76761700956));
#6656 = DIRECTION('',(0.982685536548,0.,0.185281235583));
#6657 = DIRECTION('',(-0.185281235583,0.,0.982685536548));
#6658 = ADVANCED_FACE('',(#6659),#6670,.F.);
#6659 = FACE_BOUND('',#6660,.F.);
#6660 = EDGE_LOOP('',(#6661,#6667,#6668,#6669));
#6661 = ORIENTED_EDGE('',*,*,#6662,.F.);
#6662 = EDGE_CURVE('',#6404,#6593,#6663,.T.);
#6663 = LINE('',#6664,#6665);
#6664 = CARTESIAN_POINT('',(-59.78461524837,7.,-43.76761700956));
#6665 = VECTOR('',#6666,1.);
#6666 = DIRECTION('',(-0.982685536548,0.,-0.185281235583));
#6667 = ORIENTED_EDGE('',*,*,#6411,.F.);
#6668 = ORIENTED_EDGE('',*,*,#6623,.T.);
#6669 = ORIENTED_EDGE('',*,*,#6600,.T.);
#6670 = CYLINDRICAL_SURFACE('',#6671,0.6);
#6671 = AXIS2_PLACEMENT_3D('',#6672,#6673,#6674);
#6672 = CARTESIAN_POINT('',(-59.78461524837,6.4,-43.76761700956));
#6673 = DIRECTION('',(0.982685536548,0.,0.185281235583));
#6674 = DIRECTION('',(-0.185281235583,0.,0.982685536548));
#6675 = ADVANCED_FACE('',(#6676),#6687,.F.);
#6676 = FACE_BOUND('',#6677,.F.);
#6677 = EDGE_LOOP('',(#6678,#6679,#6680,#6686));
#6678 = ORIENTED_EDGE('',*,*,#6647,.F.);
#6679 = ORIENTED_EDGE('',*,*,#6436,.F.);
#6680 = ORIENTED_EDGE('',*,*,#6681,.T.);
#6681 = EDGE_CURVE('',#6427,#6559,#6682,.T.);
#6682 = LINE('',#6683,#6684);
#6683 = CARTESIAN_POINT('',(-60.59985268493,-7.,-39.44380064875));
#6684 = VECTOR('',#6685,1.);
#6685 = DIRECTION('',(-0.982685536548,0.,-0.185281235583));
#6686 = ORIENTED_EDGE('',*,*,#6558,.F.);
#6687 = PLANE('',#6688);
#6688 = AXIS2_PLACEMENT_3D('',#6689,#6690,#6691);
#6689 = CARTESIAN_POINT('',(-60.59985268493,-7.,-39.44380064875));
#6690 = DIRECTION('',(0.,-1.,0.));
#6691 = DIRECTION('',(0.185281235583,0.,-0.982685536548));
#6692 = ADVANCED_FACE('',(#6693),#6704,.F.);
#6693 = FACE_BOUND('',#6694,.F.);
#6694 = EDGE_LOOP('',(#6695,#6701,#6702,#6703));
#6695 = ORIENTED_EDGE('',*,*,#6696,.F.);
#6696 = EDGE_CURVE('',#6453,#6584,#6697,.T.);
#6697 = LINE('',#6698,#6699);
#6698 = CARTESIAN_POINT('',(-60.59985268493,7.,-39.44380064875));
#6699 = VECTOR('',#6700,1.);
#6700 = DIRECTION('',(-0.982685536548,0.,-0.185281235583));
#6701 = ORIENTED_EDGE('',*,*,#6460,.F.);
#6702 = ORIENTED_EDGE('',*,*,#6662,.T.);
#6703 = ORIENTED_EDGE('',*,*,#6592,.F.);
#6704 = PLANE('',#6705);
#6705 = AXIS2_PLACEMENT_3D('',#6706,#6707,#6708);
#6706 = CARTESIAN_POINT('',(-59.78461524837,7.,-43.76761700956));
#6707 = DIRECTION('',(0.,1.,0.));
#6708 = DIRECTION('',(-0.185281235583,0.,0.982685536548));
#6709 = ADVANCED_FACE('',(#6710),#6721,.F.);
#6710 = FACE_BOUND('',#6711,.F.);
#6711 = EDGE_LOOP('',(#6712,#6713,#6714,#6720));
#6712 = ORIENTED_EDGE('',*,*,#6681,.F.);
#6713 = ORIENTED_EDGE('',*,*,#6484,.F.);
#6714 = ORIENTED_EDGE('',*,*,#6715,.T.);
#6715 = EDGE_CURVE('',#6475,#6567,#6716,.T.);
#6716 = LINE('',#6717,#6718);
#6717 = CARTESIAN_POINT('',(-60.71102142628,-6.4,-38.85418932682));
#6718 = VECTOR('',#6719,1.);
#6719 = DIRECTION('',(-0.982685536548,0.,-0.185281235583));
#6720 = ORIENTED_EDGE('',*,*,#6566,.T.);
#6721 = CYLINDRICAL_SURFACE('',#6722,0.6);
#6722 = AXIS2_PLACEMENT_3D('',#6723,#6724,#6725);
#6723 = CARTESIAN_POINT('',(-60.59985268493,-6.4,-39.44380064875));
#6724 = DIRECTION('',(0.982685536548,0.,0.185281235583));
#6725 = DIRECTION('',(-0.185281235583,0.,0.982685536548));
#6726 = ADVANCED_FACE('',(#6727),#6738,.F.);
#6727 = FACE_BOUND('',#6728,.F.);
#6728 = EDGE_LOOP('',(#6729,#6735,#6736,#6737));
#6729 = ORIENTED_EDGE('',*,*,#6730,.F.);
#6730 = EDGE_CURVE('',#6502,#6576,#6731,.T.);
#6731 = LINE('',#6732,#6733);
#6732 = CARTESIAN_POINT('',(-60.71102142628,6.4,-38.85418932682));
#6733 = VECTOR('',#6734,1.);
#6734 = DIRECTION('',(-0.982685536548,0.,-0.185281235583));
#6735 = ORIENTED_EDGE('',*,*,#6509,.F.);
#6736 = ORIENTED_EDGE('',*,*,#6696,.T.);
#6737 = ORIENTED_EDGE('',*,*,#6583,.T.);
#6738 = CYLINDRICAL_SURFACE('',#6739,0.6);
#6739 = AXIS2_PLACEMENT_3D('',#6740,#6741,#6742);
#6740 = CARTESIAN_POINT('',(-60.59985268493,6.4,-39.44380064875));
#6741 = DIRECTION('',(0.982685536548,0.,0.185281235583));
#6742 = DIRECTION('',(-0.185281235583,0.,0.982685536548));
#6743 = ADVANCED_FACE('',(#6744),#6750,.F.);
#6744 = FACE_BOUND('',#6745,.F.);
#6745 = EDGE_LOOP('',(#6746,#6747,#6748,#6749));
#6746 = ORIENTED_EDGE('',*,*,#6715,.F.);
#6747 = ORIENTED_EDGE('',*,*,#6527,.F.);
#6748 = ORIENTED_EDGE('',*,*,#6730,.T.);
#6749 = ORIENTED_EDGE('',*,*,#6575,.F.);
#6750 = PLANE('',#6751);
#6751 = AXIS2_PLACEMENT_3D('',#6752,#6753,#6754);
#6752 = CARTESIAN_POINT('',(-60.71102142628,6.4,-38.85418932682));
#6753 = DIRECTION('',(-0.185281235583,0.,0.982685536548));
#6754 = DIRECTION('',(0.,-1.,0.));
#6755 = ( GEOMETRIC_REPRESENTATION_CONTEXT(3) 
GLOBAL_UNCERTAINTY_ASSIGNED_CONTEXT((#6759)) 
GLOBAL_UNIT_ASSIGNED_CONTEXT((#6756,#6757,#6758)) REPRESENTATION_CONTEXT
('Context #1','3D Context with UNIT and UNCERTAINTY') );
#6756 = ( LENGTH_UNIT() NAMED_UNIT(*) SI_UNIT(.MILLI.,.METRE.) );
#6757 = ( NAMED_UNIT(*) PLANE_ANGLE_UNIT() SI_UNIT($,.RADIAN.) );
#6758 = ( NAMED_UNIT(*) SI_UNIT($,.STERADIAN.) SOLID_ANGLE_UNIT() );
#6759 = UNCERTAINTY_MEASURE_WITH_UNIT(LENGTH_MEASURE(5.E-05),#6756,
  'distance_accuracy_value','confusion accuracy');
#6760 = CONTEXT_DEPENDENT_SHAPE_REPRESENTATION(#6761,#6763);
#6761 = ( REPRESENTATION_RELATIONSHIP('','',#48,#10) 
REPRESENTATION_RELATIONSHIP_WITH_TRANSFORMATION(#6762) 
SHAPE_REPRESENTATION_RELATIONSHIP() );
#6762 = ITEM_DEFINED_TRANSFORMATION('','',#11,#15);
#6763 = PRODUCT_DEFINITION_SHAPE('Placement','Placement of an item',
  #6764);
#6764 = NEXT_ASSEMBLY_USAGE_OCCURRENCE('11','Body','',#5,#43,$);
#6765 = PRODUCT_RELATED_PRODUCT_CATEGORY('part',$,(#45));
#6766 = SHAPE_DEFINITION_REPRESENTATION(#6767,#6773);
#6767 = PRODUCT_DEFINITION_SHAPE('','',#6768);
#6768 = PRODUCT_DEFINITION('design','',#6769,#6772);
#6769 = PRODUCT_DEFINITION_FORMATION('','',#6770);
#6770 = PRODUCT('Sup','Sup','',(#6771));
#6771 = PRODUCT_CONTEXT('',#2,'mechanical');
#6772 = PRODUCT_DEFINITION_CONTEXT('part definition',#2,'design');
#6773 = ADVANCED_BREP_SHAPE_REPRESENTATION('',(#11,#6774),#7116);
#6774 = MANIFOLD_SOLID_BREP('',#6775);
#6775 = CLOSED_SHELL('',(#6776,#6816,#6847,#6878,#6909,#6940,#6964,#6988
    ,#7010,#7034,#7051,#7075,#7092,#7104));
#6776 = ADVANCED_FACE('',(#6777),#6811,.F.);
#6777 = FACE_BOUND('',#6778,.F.);
#6778 = EDGE_LOOP('',(#6779,#6789,#6797,#6805));
#6779 = ORIENTED_EDGE('',*,*,#6780,.F.);
#6780 = EDGE_CURVE('',#6781,#6783,#6785,.T.);
#6781 = VERTEX_POINT('',#6782);
#6782 = CARTESIAN_POINT('',(-63.5486,35.48,-2.2042));
#6783 = VERTEX_POINT('',#6784);
#6784 = CARTESIAN_POINT('',(-63.5486,35.48,-4.0958));
#6785 = LINE('',#6786,#6787);
#6786 = CARTESIAN_POINT('',(-63.5486,35.48,-1.9042));
#6787 = VECTOR('',#6788,1.);
#6788 = DIRECTION('',(0.,2.2E-16,-1.));
#6789 = ORIENTED_EDGE('',*,*,#6790,.T.);
#6790 = EDGE_CURVE('',#6781,#6791,#6793,.T.);
#6791 = VERTEX_POINT('',#6792);
#6792 = CARTESIAN_POINT('',(-63.5486,-30.48,-2.2042));
#6793 = LINE('',#6794,#6795);
#6794 = CARTESIAN_POINT('',(-63.5486,35.48,-2.2042));
#6795 = VECTOR('',#6796,1.);
#6796 = DIRECTION('',(0.,-1.,2.2E-16));
#6797 = ORIENTED_EDGE('',*,*,#6798,.T.);
#6798 = EDGE_CURVE('',#6791,#6799,#6801,.T.);
#6799 = VERTEX_POINT('',#6800);
#6800 = CARTESIAN_POINT('',(-63.5486,-30.48,-4.0958));
#6801 = LINE('',#6802,#6803);
#6802 = CARTESIAN_POINT('',(-63.5486,-30.48,-1.9042));
#6803 = VECTOR('',#6804,1.);
#6804 = DIRECTION('',(0.,2.2E-16,-1.));
#6805 = ORIENTED_EDGE('',*,*,#6806,.F.);
#6806 = EDGE_CURVE('',#6783,#6799,#6807,.T.);
#6807 = LINE('',#6808,#6809);
#6808 = CARTESIAN_POINT('',(-63.5486,35.48,-4.0958));
#6809 = VECTOR('',#6810,1.);
#6810 = DIRECTION('',(0.,-1.,2.2E-16));
#6811 = PLANE('',#6812);
#6812 = AXIS2_PLACEMENT_3D('',#6813,#6814,#6815);
#6813 = CARTESIAN_POINT('',(-63.5486,35.48,-1.9042));
#6814 = DIRECTION('',(1.,0.,0.));
#6815 = DIRECTION('',(0.,-2.2E-16,-1.));
#6816 = ADVANCED_FACE('',(#6817),#6842,.T.);
#6817 = FACE_BOUND('',#6818,.T.);
#6818 = EDGE_LOOP('',(#6819,#6820,#6828,#6836));
#6819 = ORIENTED_EDGE('',*,*,#6780,.F.);
#6820 = ORIENTED_EDGE('',*,*,#6821,.F.);
#6821 = EDGE_CURVE('',#6822,#6781,#6824,.T.);
#6822 = VERTEX_POINT('',#6823);
#6823 = CARTESIAN_POINT('',(-62.7486,35.48,-2.2042));
#6824 = LINE('',#6825,#6826);
#6825 = CARTESIAN_POINT('',(-62.7486,35.48,-2.2042));
#6826 = VECTOR('',#6827,1.);
#6827 = DIRECTION('',(-1.,-0.,0.));
#6828 = ORIENTED_EDGE('',*,*,#6829,.F.);
#6829 = EDGE_CURVE('',#6830,#6822,#6832,.T.);
#6830 = VERTEX_POINT('',#6831);
#6831 = CARTESIAN_POINT('',(-62.7486,35.48,-4.0958));
#6832 = LINE('',#6833,#6834);
#6833 = CARTESIAN_POINT('',(-62.7486,35.48,-4.3958));
#6834 = VECTOR('',#6835,1.);
#6835 = DIRECTION('',(0.,-2.2E-16,1.));
#6836 = ORIENTED_EDGE('',*,*,#6837,.F.);
#6837 = EDGE_CURVE('',#6783,#6830,#6838,.T.);
#6838 = LINE('',#6839,#6840);
#6839 = CARTESIAN_POINT('',(-63.5486,35.48,-4.0958));
#6840 = VECTOR('',#6841,1.);
#6841 = DIRECTION('',(1.,0.,0.));
#6842 = PLANE('',#6843);
#6843 = AXIS2_PLACEMENT_3D('',#6844,#6845,#6846);
#6844 = CARTESIAN_POINT('',(-63.1486,35.48,-3.15));
#6845 = DIRECTION('',(0.,1.,2.2E-16));
#6846 = DIRECTION('',(0.,-2.2E-16,1.));
#6847 = ADVANCED_FACE('',(#6848),#6873,.T.);
#6848 = FACE_BOUND('',#6849,.T.);
#6849 = EDGE_LOOP('',(#6850,#6858,#6859,#6867));
#6850 = ORIENTED_EDGE('',*,*,#6851,.F.);
#6851 = EDGE_CURVE('',#6781,#6852,#6854,.T.);
#6852 = VERTEX_POINT('',#6853);
#6853 = CARTESIAN_POINT('',(-63.2486,35.18,-1.9042));
#6854 = LINE('',#6855,#6856);
#6855 = CARTESIAN_POINT('',(-63.31526666666,35.246666666667,
    -1.970866666667));
#6856 = VECTOR('',#6857,1.);
#6857 = DIRECTION('',(0.57735026919,-0.57735026919,0.57735026919));
#6858 = ORIENTED_EDGE('',*,*,#6790,.T.);
#6859 = ORIENTED_EDGE('',*,*,#6860,.T.);
#6860 = EDGE_CURVE('',#6791,#6861,#6863,.T.);
#6861 = VERTEX_POINT('',#6862);
#6862 = CARTESIAN_POINT('',(-63.2486,-30.18,-1.9042));
#6863 = LINE('',#6864,#6865);
#6864 = CARTESIAN_POINT('',(-52.32193333333,-19.25333333333,
    9.022466666667));
#6865 = VECTOR('',#6866,1.);
#6866 = DIRECTION('',(0.57735026919,0.57735026919,0.57735026919));
#6867 = ORIENTED_EDGE('',*,*,#6868,.F.);
#6868 = EDGE_CURVE('',#6852,#6861,#6869,.T.);
#6869 = LINE('',#6870,#6871);
#6870 = CARTESIAN_POINT('',(-63.2486,35.48,-1.9042));
#6871 = VECTOR('',#6872,1.);
#6872 = DIRECTION('',(0.,-1.,2.2E-16));
#6873 = PLANE('',#6874);
#6874 = AXIS2_PLACEMENT_3D('',#6875,#6876,#6877);
#6875 = CARTESIAN_POINT('',(-63.3986,35.48,-2.0542));
#6876 = DIRECTION('',(-0.707106781187,1.6E-16,0.707106781187));
#6877 = DIRECTION('',(-3.137084989848E-18,-1.,2.231370849898E-16));
#6878 = ADVANCED_FACE('',(#6879),#6904,.T.);
#6879 = FACE_BOUND('',#6880,.F.);
#6880 = EDGE_LOOP('',(#6881,#6889,#6890,#6898));
#6881 = ORIENTED_EDGE('',*,*,#6882,.F.);
#6882 = EDGE_CURVE('',#6783,#6883,#6885,.T.);
#6883 = VERTEX_POINT('',#6884);
#6884 = CARTESIAN_POINT('',(-63.2486,35.18,-4.3958));
#6885 = LINE('',#6886,#6887);
#6886 = CARTESIAN_POINT('',(-63.4486,35.38,-4.1958));
#6887 = VECTOR('',#6888,1.);
#6888 = DIRECTION('',(0.57735026919,-0.57735026919,-0.57735026919));
#6889 = ORIENTED_EDGE('',*,*,#6806,.T.);
#6890 = ORIENTED_EDGE('',*,*,#6891,.T.);
#6891 = EDGE_CURVE('',#6799,#6892,#6894,.T.);
#6892 = VERTEX_POINT('',#6893);
#6893 = CARTESIAN_POINT('',(-63.2486,-30.18,-4.3958));
#6894 = LINE('',#6895,#6896);
#6895 = CARTESIAN_POINT('',(-52.45526666666,-19.38666666666,
    -15.18913333333));
#6896 = VECTOR('',#6897,1.);
#6897 = DIRECTION('',(0.57735026919,0.57735026919,-0.57735026919));
#6898 = ORIENTED_EDGE('',*,*,#6899,.F.);
#6899 = EDGE_CURVE('',#6883,#6892,#6900,.T.);
#6900 = LINE('',#6901,#6902);
#6901 = CARTESIAN_POINT('',(-63.2486,35.48,-4.3958));
#6902 = VECTOR('',#6903,1.);
#6903 = DIRECTION('',(0.,-1.,2.2E-16));
#6904 = PLANE('',#6905);
#6905 = AXIS2_PLACEMENT_3D('',#6906,#6907,#6908);
#6906 = CARTESIAN_POINT('',(-63.3986,35.48,-4.2458));
#6907 = DIRECTION('',(-0.707106781187,-1.6E-16,-0.707106781187));
#6908 = DIRECTION('',(-3.137084989848E-18,1.,-2.231370849898E-16));
#6909 = ADVANCED_FACE('',(#6910),#6935,.F.);
#6910 = FACE_BOUND('',#6911,.F.);
#6911 = EDGE_LOOP('',(#6912,#6913,#6921,#6929));
#6912 = ORIENTED_EDGE('',*,*,#6798,.F.);
#6913 = ORIENTED_EDGE('',*,*,#6914,.F.);
#6914 = EDGE_CURVE('',#6915,#6791,#6917,.T.);
#6915 = VERTEX_POINT('',#6916);
#6916 = CARTESIAN_POINT('',(-62.7486,-30.48,-2.2042));
#6917 = LINE('',#6918,#6919);
#6918 = CARTESIAN_POINT('',(-62.7486,-30.48,-2.2042));
#6919 = VECTOR('',#6920,1.);
#6920 = DIRECTION('',(-1.,-0.,0.));
#6921 = ORIENTED_EDGE('',*,*,#6922,.F.);
#6922 = EDGE_CURVE('',#6923,#6915,#6925,.T.);
#6923 = VERTEX_POINT('',#6924);
#6924 = CARTESIAN_POINT('',(-62.7486,-30.48,-4.0958));
#6925 = LINE('',#6926,#6927);
#6926 = CARTESIAN_POINT('',(-62.7486,-30.48,-4.3958));
#6927 = VECTOR('',#6928,1.);
#6928 = DIRECTION('',(0.,-2.2E-16,1.));
#6929 = ORIENTED_EDGE('',*,*,#6930,.F.);
#6930 = EDGE_CURVE('',#6799,#6923,#6931,.T.);
#6931 = LINE('',#6932,#6933);
#6932 = CARTESIAN_POINT('',(-63.5486,-30.48,-4.0958));
#6933 = VECTOR('',#6934,1.);
#6934 = DIRECTION('',(1.,0.,0.));
#6935 = PLANE('',#6936);
#6936 = AXIS2_PLACEMENT_3D('',#6937,#6938,#6939);
#6937 = CARTESIAN_POINT('',(-63.1486,-30.48,-3.15));
#6938 = DIRECTION('',(0.,1.,2.2E-16));
#6939 = DIRECTION('',(0.,-2.2E-16,1.));
#6940 = ADVANCED_FACE('',(#6941),#6959,.F.);
#6941 = FACE_BOUND('',#6942,.F.);
#6942 = EDGE_LOOP('',(#6943,#6951,#6957,#6958));
#6943 = ORIENTED_EDGE('',*,*,#6944,.T.);
#6944 = EDGE_CURVE('',#6822,#6945,#6947,.T.);
#6945 = VERTEX_POINT('',#6946);
#6946 = CARTESIAN_POINT('',(-63.0486,35.18,-1.9042));
#6947 = LINE('',#6948,#6949);
#6948 = CARTESIAN_POINT('',(-62.8486,35.38,-2.1042));
#6949 = VECTOR('',#6950,1.);
#6950 = DIRECTION('',(-0.57735026919,-0.57735026919,0.57735026919));
#6951 = ORIENTED_EDGE('',*,*,#6952,.T.);
#6952 = EDGE_CURVE('',#6945,#6852,#6953,.T.);
#6953 = LINE('',#6954,#6955);
#6954 = CARTESIAN_POINT('',(-62.7486,35.18,-1.9042));
#6955 = VECTOR('',#6956,1.);
#6956 = DIRECTION('',(-1.,-0.,0.));
#6957 = ORIENTED_EDGE('',*,*,#6851,.F.);
#6958 = ORIENTED_EDGE('',*,*,#6821,.F.);
#6959 = PLANE('',#6960);
#6960 = AXIS2_PLACEMENT_3D('',#6961,#6962,#6963);
#6961 = CARTESIAN_POINT('',(-62.7486,35.33,-2.0542));
#6962 = DIRECTION('',(0.,-0.707106781187,-0.707106781187));
#6963 = DIRECTION('',(-1.,-0.,0.));
#6964 = ADVANCED_FACE('',(#6965),#6983,.F.);
#6965 = FACE_BOUND('',#6966,.F.);
#6966 = EDGE_LOOP('',(#6967,#6968,#6976,#6982));
#6967 = ORIENTED_EDGE('',*,*,#6882,.T.);
#6968 = ORIENTED_EDGE('',*,*,#6969,.T.);
#6969 = EDGE_CURVE('',#6883,#6970,#6972,.T.);
#6970 = VERTEX_POINT('',#6971);
#6971 = CARTESIAN_POINT('',(-63.0486,35.18,-4.3958));
#6972 = LINE('',#6973,#6974);
#6973 = CARTESIAN_POINT('',(-63.5486,35.18,-4.3958));
#6974 = VECTOR('',#6975,1.);
#6975 = DIRECTION('',(1.,0.,0.));
#6976 = ORIENTED_EDGE('',*,*,#6977,.T.);
#6977 = EDGE_CURVE('',#6970,#6830,#6978,.T.);
#6978 = LINE('',#6979,#6980);
#6979 = CARTESIAN_POINT('',(-62.98193333333,35.246666666667,
    -4.329133333333));
#6980 = VECTOR('',#6981,1.);
#6981 = DIRECTION('',(0.57735026919,0.57735026919,0.57735026919));
#6982 = ORIENTED_EDGE('',*,*,#6837,.F.);
#6983 = PLANE('',#6984);
#6984 = AXIS2_PLACEMENT_3D('',#6985,#6986,#6987);
#6985 = CARTESIAN_POINT('',(-63.5486,35.33,-4.2458));
#6986 = DIRECTION('',(-0.,-0.707106781187,0.707106781187));
#6987 = DIRECTION('',(1.,0.,0.));
#6988 = ADVANCED_FACE('',(#6989),#7005,.F.);
#6989 = FACE_BOUND('',#6990,.F.);
#6990 = EDGE_LOOP('',(#6991,#6992,#6998,#6999));
#6991 = ORIENTED_EDGE('',*,*,#6829,.F.);
#6992 = ORIENTED_EDGE('',*,*,#6993,.T.);
#6993 = EDGE_CURVE('',#6830,#6923,#6994,.T.);
#6994 = LINE('',#6995,#6996);
#6995 = CARTESIAN_POINT('',(-62.7486,35.48,-4.0958));
#6996 = VECTOR('',#6997,1.);
#6997 = DIRECTION('',(0.,-1.,2.2E-16));
#6998 = ORIENTED_EDGE('',*,*,#6922,.T.);
#6999 = ORIENTED_EDGE('',*,*,#7000,.F.);
#7000 = EDGE_CURVE('',#6822,#6915,#7001,.T.);
#7001 = LINE('',#7002,#7003);
#7002 = CARTESIAN_POINT('',(-62.7486,35.48,-2.2042));
#7003 = VECTOR('',#7004,1.);
#7004 = DIRECTION('',(0.,-1.,2.2E-16));
#7005 = PLANE('',#7006);
#7006 = AXIS2_PLACEMENT_3D('',#7007,#7008,#7009);
#7007 = CARTESIAN_POINT('',(-62.7486,35.48,-4.3958));
#7008 = DIRECTION('',(-1.,0.,0.));
#7009 = DIRECTION('',(0.,2.2E-16,1.));
#7010 = ADVANCED_FACE('',(#7011),#7029,.F.);
#7011 = FACE_BOUND('',#7012,.F.);
#7012 = EDGE_LOOP('',(#7013,#7021,#7027,#7028));
#7013 = ORIENTED_EDGE('',*,*,#7014,.T.);
#7014 = EDGE_CURVE('',#6945,#7015,#7017,.T.);
#7015 = VERTEX_POINT('',#7016);
#7016 = CARTESIAN_POINT('',(-63.0486,-30.18,-1.9042));
#7017 = LINE('',#7018,#7019);
#7018 = CARTESIAN_POINT('',(-63.0486,35.48,-1.9042));
#7019 = VECTOR('',#7020,1.);
#7020 = DIRECTION('',(0.,-1.,2.2E-16));
#7021 = ORIENTED_EDGE('',*,*,#7022,.T.);
#7022 = EDGE_CURVE('',#7015,#6861,#7023,.T.);
#7023 = LINE('',#7024,#7025);
#7024 = CARTESIAN_POINT('',(-62.7486,-30.18,-1.9042));
#7025 = VECTOR('',#7026,1.);
#7026 = DIRECTION('',(-1.,-0.,0.));
#7027 = ORIENTED_EDGE('',*,*,#6868,.F.);
#7028 = ORIENTED_EDGE('',*,*,#6952,.F.);
#7029 = PLANE('',#7030);
#7030 = AXIS2_PLACEMENT_3D('',#7031,#7032,#7033);
#7031 = CARTESIAN_POINT('',(-62.7486,35.48,-1.9042));
#7032 = DIRECTION('',(0.,-2.2E-16,-1.));
#7033 = DIRECTION('',(-1.,0.,0.));
#7034 = ADVANCED_FACE('',(#7035),#7046,.T.);
#7035 = FACE_BOUND('',#7036,.T.);
#7036 = EDGE_LOOP('',(#7037,#7043,#7044,#7045));
#7037 = ORIENTED_EDGE('',*,*,#7038,.T.);
#7038 = EDGE_CURVE('',#6915,#7015,#7039,.T.);
#7039 = LINE('',#7040,#7041);
#7040 = CARTESIAN_POINT('',(-73.84193333333,-19.38666666666,
    8.889133333333));
#7041 = VECTOR('',#7042,1.);
#7042 = DIRECTION('',(-0.57735026919,0.57735026919,0.57735026919));
#7043 = ORIENTED_EDGE('',*,*,#7022,.T.);
#7044 = ORIENTED_EDGE('',*,*,#6860,.F.);
#7045 = ORIENTED_EDGE('',*,*,#6914,.F.);
#7046 = PLANE('',#7047);
#7047 = AXIS2_PLACEMENT_3D('',#7048,#7049,#7050);
#7048 = CARTESIAN_POINT('',(-62.7486,-30.33,-2.0542));
#7049 = DIRECTION('',(-0.,-0.707106781187,0.707106781187));
#7050 = DIRECTION('',(-1.,0.,0.));
#7051 = ADVANCED_FACE('',(#7052),#7070,.F.);
#7052 = FACE_BOUND('',#7053,.F.);
#7053 = EDGE_LOOP('',(#7054,#7055,#7063,#7069));
#7054 = ORIENTED_EDGE('',*,*,#6899,.T.);
#7055 = ORIENTED_EDGE('',*,*,#7056,.T.);
#7056 = EDGE_CURVE('',#6892,#7057,#7059,.T.);
#7057 = VERTEX_POINT('',#7058);
#7058 = CARTESIAN_POINT('',(-63.0486,-30.18,-4.3958));
#7059 = LINE('',#7060,#7061);
#7060 = CARTESIAN_POINT('',(-63.5486,-30.18,-4.3958));
#7061 = VECTOR('',#7062,1.);
#7062 = DIRECTION('',(1.,0.,0.));
#7063 = ORIENTED_EDGE('',*,*,#7064,.F.);
#7064 = EDGE_CURVE('',#6970,#7057,#7065,.T.);
#7065 = LINE('',#7066,#7067);
#7066 = CARTESIAN_POINT('',(-63.0486,35.48,-4.3958));
#7067 = VECTOR('',#7068,1.);
#7068 = DIRECTION('',(0.,-1.,2.2E-16));
#7069 = ORIENTED_EDGE('',*,*,#6969,.F.);
#7070 = PLANE('',#7071);
#7071 = AXIS2_PLACEMENT_3D('',#7072,#7073,#7074);
#7072 = CARTESIAN_POINT('',(-63.5486,35.48,-4.3958));
#7073 = DIRECTION('',(0.,2.2E-16,1.));
#7074 = DIRECTION('',(1.,0.,0.));
#7075 = ADVANCED_FACE('',(#7076),#7087,.T.);
#7076 = FACE_BOUND('',#7077,.T.);
#7077 = EDGE_LOOP('',(#7078,#7079,#7080,#7086));
#7078 = ORIENTED_EDGE('',*,*,#6891,.T.);
#7079 = ORIENTED_EDGE('',*,*,#7056,.T.);
#7080 = ORIENTED_EDGE('',*,*,#7081,.T.);
#7081 = EDGE_CURVE('',#7057,#6923,#7082,.T.);
#7082 = LINE('',#7083,#7084);
#7083 = CARTESIAN_POINT('',(-73.97526666666,-19.25333333333,
    -15.32246666666));
#7084 = VECTOR('',#7085,1.);
#7085 = DIRECTION('',(0.57735026919,-0.57735026919,0.57735026919));
#7086 = ORIENTED_EDGE('',*,*,#6930,.F.);
#7087 = PLANE('',#7088);
#7088 = AXIS2_PLACEMENT_3D('',#7089,#7090,#7091);
#7089 = CARTESIAN_POINT('',(-63.5486,-30.33,-4.2458));
#7090 = DIRECTION('',(0.,-0.707106781187,-0.707106781187));
#7091 = DIRECTION('',(1.,0.,0.));
#7092 = ADVANCED_FACE('',(#7093),#7099,.T.);
#7093 = FACE_BOUND('',#7094,.F.);
#7094 = EDGE_LOOP('',(#7095,#7096,#7097,#7098));
#7095 = ORIENTED_EDGE('',*,*,#6944,.F.);
#7096 = ORIENTED_EDGE('',*,*,#7000,.T.);
#7097 = ORIENTED_EDGE('',*,*,#7038,.T.);
#7098 = ORIENTED_EDGE('',*,*,#7014,.F.);
#7099 = PLANE('',#7100);
#7100 = AXIS2_PLACEMENT_3D('',#7101,#7102,#7103);
#7101 = CARTESIAN_POINT('',(-62.8986,35.48,-2.0542));
#7102 = DIRECTION('',(0.707106781187,1.5E-16,0.707106781187));
#7103 = DIRECTION('',(3.933982822017E-18,1.,-2.16066017178E-16));
#7104 = ADVANCED_FACE('',(#7105),#7111,.T.);
#7105 = FACE_BOUND('',#7106,.F.);
#7106 = EDGE_LOOP('',(#7107,#7108,#7109,#7110));
#7107 = ORIENTED_EDGE('',*,*,#6977,.F.);
#7108 = ORIENTED_EDGE('',*,*,#7064,.T.);
#7109 = ORIENTED_EDGE('',*,*,#7081,.T.);
#7110 = ORIENTED_EDGE('',*,*,#6993,.F.);
#7111 = PLANE('',#7112);
#7112 = AXIS2_PLACEMENT_3D('',#7113,#7114,#7115);
#7113 = CARTESIAN_POINT('',(-62.8986,35.48,-4.2458));
#7114 = DIRECTION('',(0.707106781187,-1.5E-16,-0.707106781187));
#7115 = DIRECTION('',(-3.933982822017E-18,1.,-2.16066017178E-16));
#7116 = ( GEOMETRIC_REPRESENTATION_CONTEXT(3) 
GLOBAL_UNCERTAINTY_ASSIGNED_CONTEXT((#7120)) 
GLOBAL_UNIT_ASSIGNED_CONTEXT((#7117,#7118,#7119)) REPRESENTATION_CONTEXT
('Context #1','3D Context with UNIT and UNCERTAINTY') );
#7117 = ( LENGTH_UNIT() NAMED_UNIT(*) SI_UNIT(.MILLI.,.METRE.) );
#7118 = ( NAMED_UNIT(*) PLANE_ANGLE_UNIT() SI_UNIT($,.RADIAN.) );
#7119 = ( NAMED_UNIT(*) SI_UNIT($,.STERADIAN.) SOLID_ANGLE_UNIT() );
#7120 = UNCERTAINTY_MEASURE_WITH_UNIT(LENGTH_MEASURE(1.E-07),#7117,
  'distance_accuracy_value','confusion accuracy');
#7121 = CONTEXT_DEPENDENT_SHAPE_REPRESENTATION(#7122,#7124);
#7122 = ( REPRESENTATION_RELATIONSHIP('','',#6773,#10) 
REPRESENTATION_RELATIONSHIP_WITH_TRANSFORMATION(#7123) 
SHAPE_REPRESENTATION_RELATIONSHIP() );
#7123 = ITEM_DEFINED_TRANSFORMATION('','',#11,#19);
#7124 = PRODUCT_DEFINITION_SHAPE('Placement','Placement of an item',
  #7125);
#7125 = NEXT_ASSEMBLY_USAGE_OCCURRENCE('12','Sup','',#5,#6768,$);
#7126 = PRODUCT_RELATED_PRODUCT_CATEGORY('part',$,(#6770));
#7127 = SHAPE_DEFINITION_REPRESENTATION(#7128,#7134);
#7128 = PRODUCT_DEFINITION_SHAPE('','',#7129);
#7129 = PRODUCT_DEFINITION('design','',#7130,#7133);
#7130 = PRODUCT_DEFINITION_FORMATION('','',#7131);
#7131 = PRODUCT('Body002','Body002','',(#7132));
#7132 = PRODUCT_CONTEXT('',#2,'mechanical');
#7133 = PRODUCT_DEFINITION_CONTEXT('part definition',#2,'design');
#7134 = ADVANCED_BREP_SHAPE_REPRESENTATION('',(#11,#7135),#7477);
#7135 = MANIFOLD_SOLID_BREP('',#7136);
#7136 = CLOSED_SHELL('',(#7137,#7177,#7208,#7239,#7270,#7301,#7325,#7349
    ,#7371,#7395,#7412,#7436,#7453,#7465));
#7137 = ADVANCED_FACE('',(#7138),#7172,.F.);
#7138 = FACE_BOUND('',#7139,.F.);
#7139 = EDGE_LOOP('',(#7140,#7150,#7158,#7166));
#7140 = ORIENTED_EDGE('',*,*,#7141,.F.);
#7141 = EDGE_CURVE('',#7142,#7144,#7146,.T.);
#7142 = VERTEX_POINT('',#7143);
#7143 = CARTESIAN_POINT('',(-63.5486,35.48,-2.2042));
#7144 = VERTEX_POINT('',#7145);
#7145 = CARTESIAN_POINT('',(-63.5486,35.48,-4.0958));
#7146 = LINE('',#7147,#7148);
#7147 = CARTESIAN_POINT('',(-63.5486,35.48,-1.9042));
#7148 = VECTOR('',#7149,1.);
#7149 = DIRECTION('',(0.,2.2E-16,-1.));
#7150 = ORIENTED_EDGE('',*,*,#7151,.T.);
#7151 = EDGE_CURVE('',#7142,#7152,#7154,.T.);
#7152 = VERTEX_POINT('',#7153);
#7153 = CARTESIAN_POINT('',(-63.5486,-30.48,-2.2042));
#7154 = LINE('',#7155,#7156);
#7155 = CARTESIAN_POINT('',(-63.5486,35.48,-2.2042));
#7156 = VECTOR('',#7157,1.);
#7157 = DIRECTION('',(0.,-1.,2.2E-16));
#7158 = ORIENTED_EDGE('',*,*,#7159,.T.);
#7159 = EDGE_CURVE('',#7152,#7160,#7162,.T.);
#7160 = VERTEX_POINT('',#7161);
#7161 = CARTESIAN_POINT('',(-63.5486,-30.48,-4.0958));
#7162 = LINE('',#7163,#7164);
#7163 = CARTESIAN_POINT('',(-63.5486,-30.48,-1.9042));
#7164 = VECTOR('',#7165,1.);
#7165 = DIRECTION('',(0.,2.2E-16,-1.));
#7166 = ORIENTED_EDGE('',*,*,#7167,.F.);
#7167 = EDGE_CURVE('',#7144,#7160,#7168,.T.);
#7168 = LINE('',#7169,#7170);
#7169 = CARTESIAN_POINT('',(-63.5486,35.48,-4.0958));
#7170 = VECTOR('',#7171,1.);
#7171 = DIRECTION('',(0.,-1.,2.2E-16));
#7172 = PLANE('',#7173);
#7173 = AXIS2_PLACEMENT_3D('',#7174,#7175,#7176);
#7174 = CARTESIAN_POINT('',(-63.5486,35.48,-1.9042));
#7175 = DIRECTION('',(1.,0.,0.));
#7176 = DIRECTION('',(0.,-2.2E-16,-1.));
#7177 = ADVANCED_FACE('',(#7178),#7203,.T.);
#7178 = FACE_BOUND('',#7179,.T.);
#7179 = EDGE_LOOP('',(#7180,#7181,#7189,#7197));
#7180 = ORIENTED_EDGE('',*,*,#7141,.F.);
#7181 = ORIENTED_EDGE('',*,*,#7182,.F.);
#7182 = EDGE_CURVE('',#7183,#7142,#7185,.T.);
#7183 = VERTEX_POINT('',#7184);
#7184 = CARTESIAN_POINT('',(-62.7486,35.48,-2.2042));
#7185 = LINE('',#7186,#7187);
#7186 = CARTESIAN_POINT('',(-62.7486,35.48,-2.2042));
#7187 = VECTOR('',#7188,1.);
#7188 = DIRECTION('',(-1.,0.,0.));
#7189 = ORIENTED_EDGE('',*,*,#7190,.F.);
#7190 = EDGE_CURVE('',#7191,#7183,#7193,.T.);
#7191 = VERTEX_POINT('',#7192);
#7192 = CARTESIAN_POINT('',(-62.7486,35.48,-4.0958));
#7193 = LINE('',#7194,#7195);
#7194 = CARTESIAN_POINT('',(-62.7486,35.48,-4.3958));
#7195 = VECTOR('',#7196,1.);
#7196 = DIRECTION('',(0.,-2.2E-16,1.));
#7197 = ORIENTED_EDGE('',*,*,#7198,.F.);
#7198 = EDGE_CURVE('',#7144,#7191,#7199,.T.);
#7199 = LINE('',#7200,#7201);
#7200 = CARTESIAN_POINT('',(-63.5486,35.48,-4.0958));
#7201 = VECTOR('',#7202,1.);
#7202 = DIRECTION('',(1.,0.,0.));
#7203 = PLANE('',#7204);
#7204 = AXIS2_PLACEMENT_3D('',#7205,#7206,#7207);
#7205 = CARTESIAN_POINT('',(-63.1486,35.48,-3.15));
#7206 = DIRECTION('',(0.,1.,2.2E-16));
#7207 = DIRECTION('',(0.,-2.2E-16,1.));
#7208 = ADVANCED_FACE('',(#7209),#7234,.T.);
#7209 = FACE_BOUND('',#7210,.T.);
#7210 = EDGE_LOOP('',(#7211,#7219,#7220,#7228));
#7211 = ORIENTED_EDGE('',*,*,#7212,.F.);
#7212 = EDGE_CURVE('',#7142,#7213,#7215,.T.);
#7213 = VERTEX_POINT('',#7214);
#7214 = CARTESIAN_POINT('',(-63.2486,35.18,-1.9042));
#7215 = LINE('',#7216,#7217);
#7216 = CARTESIAN_POINT('',(-63.31526666666,35.246666666667,
    -1.970866666667));
#7217 = VECTOR('',#7218,1.);
#7218 = DIRECTION('',(0.57735026919,-0.57735026919,0.57735026919));
#7219 = ORIENTED_EDGE('',*,*,#7151,.T.);
#7220 = ORIENTED_EDGE('',*,*,#7221,.T.);
#7221 = EDGE_CURVE('',#7152,#7222,#7224,.T.);
#7222 = VERTEX_POINT('',#7223);
#7223 = CARTESIAN_POINT('',(-63.2486,-30.18,-1.9042));
#7224 = LINE('',#7225,#7226);
#7225 = CARTESIAN_POINT('',(-52.32193333333,-19.25333333333,
    9.022466666667));
#7226 = VECTOR('',#7227,1.);
#7227 = DIRECTION('',(0.57735026919,0.57735026919,0.57735026919));
#7228 = ORIENTED_EDGE('',*,*,#7229,.F.);
#7229 = EDGE_CURVE('',#7213,#7222,#7230,.T.);
#7230 = LINE('',#7231,#7232);
#7231 = CARTESIAN_POINT('',(-63.2486,35.48,-1.9042));
#7232 = VECTOR('',#7233,1.);
#7233 = DIRECTION('',(0.,-1.,2.2E-16));
#7234 = PLANE('',#7235);
#7235 = AXIS2_PLACEMENT_3D('',#7236,#7237,#7238);
#7236 = CARTESIAN_POINT('',(-63.3986,35.48,-2.0542));
#7237 = DIRECTION('',(-0.707106781187,1.6E-16,0.707106781187));
#7238 = DIRECTION('',(-3.137084989848E-18,-1.,2.231370849898E-16));
#7239 = ADVANCED_FACE('',(#7240),#7265,.T.);
#7240 = FACE_BOUND('',#7241,.F.);
#7241 = EDGE_LOOP('',(#7242,#7250,#7251,#7259));
#7242 = ORIENTED_EDGE('',*,*,#7243,.F.);
#7243 = EDGE_CURVE('',#7144,#7244,#7246,.T.);
#7244 = VERTEX_POINT('',#7245);
#7245 = CARTESIAN_POINT('',(-63.2486,35.18,-4.3958));
#7246 = LINE('',#7247,#7248);
#7247 = CARTESIAN_POINT('',(-63.4486,35.38,-4.1958));
#7248 = VECTOR('',#7249,1.);
#7249 = DIRECTION('',(0.57735026919,-0.57735026919,-0.57735026919));
#7250 = ORIENTED_EDGE('',*,*,#7167,.T.);
#7251 = ORIENTED_EDGE('',*,*,#7252,.T.);
#7252 = EDGE_CURVE('',#7160,#7253,#7255,.T.);
#7253 = VERTEX_POINT('',#7254);
#7254 = CARTESIAN_POINT('',(-63.2486,-30.18,-4.3958));
#7255 = LINE('',#7256,#7257);
#7256 = CARTESIAN_POINT('',(-52.45526666666,-19.38666666666,
    -15.18913333333));
#7257 = VECTOR('',#7258,1.);
#7258 = DIRECTION('',(0.57735026919,0.57735026919,-0.57735026919));
#7259 = ORIENTED_EDGE('',*,*,#7260,.F.);
#7260 = EDGE_CURVE('',#7244,#7253,#7261,.T.);
#7261 = LINE('',#7262,#7263);
#7262 = CARTESIAN_POINT('',(-63.2486,35.48,-4.3958));
#7263 = VECTOR('',#7264,1.);
#7264 = DIRECTION('',(0.,-1.,2.2E-16));
#7265 = PLANE('',#7266);
#7266 = AXIS2_PLACEMENT_3D('',#7267,#7268,#7269);
#7267 = CARTESIAN_POINT('',(-63.3986,35.48,-4.2458));
#7268 = DIRECTION('',(-0.707106781187,-1.6E-16,-0.707106781187));
#7269 = DIRECTION('',(-3.137084989848E-18,1.,-2.231370849898E-16));
#7270 = ADVANCED_FACE('',(#7271),#7296,.F.);
#7271 = FACE_BOUND('',#7272,.F.);
#7272 = EDGE_LOOP('',(#7273,#7274,#7282,#7290));
#7273 = ORIENTED_EDGE('',*,*,#7159,.F.);
#7274 = ORIENTED_EDGE('',*,*,#7275,.F.);
#7275 = EDGE_CURVE('',#7276,#7152,#7278,.T.);
#7276 = VERTEX_POINT('',#7277);
#7277 = CARTESIAN_POINT('',(-62.7486,-30.48,-2.2042));
#7278 = LINE('',#7279,#7280);
#7279 = CARTESIAN_POINT('',(-62.7486,-30.48,-2.2042));
#7280 = VECTOR('',#7281,1.);
#7281 = DIRECTION('',(-1.,0.,0.));
#7282 = ORIENTED_EDGE('',*,*,#7283,.F.);
#7283 = EDGE_CURVE('',#7284,#7276,#7286,.T.);
#7284 = VERTEX_POINT('',#7285);
#7285 = CARTESIAN_POINT('',(-62.7486,-30.48,-4.0958));
#7286 = LINE('',#7287,#7288);
#7287 = CARTESIAN_POINT('',(-62.7486,-30.48,-4.3958));
#7288 = VECTOR('',#7289,1.);
#7289 = DIRECTION('',(0.,-2.2E-16,1.));
#7290 = ORIENTED_EDGE('',*,*,#7291,.F.);
#7291 = EDGE_CURVE('',#7160,#7284,#7292,.T.);
#7292 = LINE('',#7293,#7294);
#7293 = CARTESIAN_POINT('',(-63.5486,-30.48,-4.0958));
#7294 = VECTOR('',#7295,1.);
#7295 = DIRECTION('',(1.,0.,0.));
#7296 = PLANE('',#7297);
#7297 = AXIS2_PLACEMENT_3D('',#7298,#7299,#7300);
#7298 = CARTESIAN_POINT('',(-63.1486,-30.48,-3.15));
#7299 = DIRECTION('',(0.,1.,2.2E-16));
#7300 = DIRECTION('',(0.,-2.2E-16,1.));
#7301 = ADVANCED_FACE('',(#7302),#7320,.F.);
#7302 = FACE_BOUND('',#7303,.F.);
#7303 = EDGE_LOOP('',(#7304,#7312,#7318,#7319));
#7304 = ORIENTED_EDGE('',*,*,#7305,.T.);
#7305 = EDGE_CURVE('',#7183,#7306,#7308,.T.);
#7306 = VERTEX_POINT('',#7307);
#7307 = CARTESIAN_POINT('',(-63.0486,35.18,-1.9042));
#7308 = LINE('',#7309,#7310);
#7309 = CARTESIAN_POINT('',(-62.8486,35.38,-2.1042));
#7310 = VECTOR('',#7311,1.);
#7311 = DIRECTION('',(-0.57735026919,-0.57735026919,0.57735026919));
#7312 = ORIENTED_EDGE('',*,*,#7313,.T.);
#7313 = EDGE_CURVE('',#7306,#7213,#7314,.T.);
#7314 = LINE('',#7315,#7316);
#7315 = CARTESIAN_POINT('',(-62.7486,35.18,-1.9042));
#7316 = VECTOR('',#7317,1.);
#7317 = DIRECTION('',(-1.,0.,0.));
#7318 = ORIENTED_EDGE('',*,*,#7212,.F.);
#7319 = ORIENTED_EDGE('',*,*,#7182,.F.);
#7320 = PLANE('',#7321);
#7321 = AXIS2_PLACEMENT_3D('',#7322,#7323,#7324);
#7322 = CARTESIAN_POINT('',(-62.7486,35.33,-2.0542));
#7323 = DIRECTION('',(0.,-0.707106781187,-0.707106781187));
#7324 = DIRECTION('',(-1.,-0.,0.));
#7325 = ADVANCED_FACE('',(#7326),#7344,.F.);
#7326 = FACE_BOUND('',#7327,.F.);
#7327 = EDGE_LOOP('',(#7328,#7329,#7337,#7343));
#7328 = ORIENTED_EDGE('',*,*,#7243,.T.);
#7329 = ORIENTED_EDGE('',*,*,#7330,.T.);
#7330 = EDGE_CURVE('',#7244,#7331,#7333,.T.);
#7331 = VERTEX_POINT('',#7332);
#7332 = CARTESIAN_POINT('',(-63.0486,35.18,-4.3958));
#7333 = LINE('',#7334,#7335);
#7334 = CARTESIAN_POINT('',(-63.5486,35.18,-4.3958));
#7335 = VECTOR('',#7336,1.);
#7336 = DIRECTION('',(1.,0.,0.));
#7337 = ORIENTED_EDGE('',*,*,#7338,.T.);
#7338 = EDGE_CURVE('',#7331,#7191,#7339,.T.);
#7339 = LINE('',#7340,#7341);
#7340 = CARTESIAN_POINT('',(-62.98193333333,35.246666666667,
    -4.329133333333));
#7341 = VECTOR('',#7342,1.);
#7342 = DIRECTION('',(0.57735026919,0.57735026919,0.57735026919));
#7343 = ORIENTED_EDGE('',*,*,#7198,.F.);
#7344 = PLANE('',#7345);
#7345 = AXIS2_PLACEMENT_3D('',#7346,#7347,#7348);
#7346 = CARTESIAN_POINT('',(-63.5486,35.33,-4.2458));
#7347 = DIRECTION('',(-0.,-0.707106781187,0.707106781187));
#7348 = DIRECTION('',(1.,0.,0.));
#7349 = ADVANCED_FACE('',(#7350),#7366,.F.);
#7350 = FACE_BOUND('',#7351,.F.);
#7351 = EDGE_LOOP('',(#7352,#7353,#7359,#7360));
#7352 = ORIENTED_EDGE('',*,*,#7190,.F.);
#7353 = ORIENTED_EDGE('',*,*,#7354,.T.);
#7354 = EDGE_CURVE('',#7191,#7284,#7355,.T.);
#7355 = LINE('',#7356,#7357);
#7356 = CARTESIAN_POINT('',(-62.7486,35.48,-4.0958));
#7357 = VECTOR('',#7358,1.);
#7358 = DIRECTION('',(0.,-1.,2.2E-16));
#7359 = ORIENTED_EDGE('',*,*,#7283,.T.);
#7360 = ORIENTED_EDGE('',*,*,#7361,.F.);
#7361 = EDGE_CURVE('',#7183,#7276,#7362,.T.);
#7362 = LINE('',#7363,#7364);
#7363 = CARTESIAN_POINT('',(-62.7486,35.48,-2.2042));
#7364 = VECTOR('',#7365,1.);
#7365 = DIRECTION('',(0.,-1.,2.2E-16));
#7366 = PLANE('',#7367);
#7367 = AXIS2_PLACEMENT_3D('',#7368,#7369,#7370);
#7368 = CARTESIAN_POINT('',(-62.7486,35.48,-4.3958));
#7369 = DIRECTION('',(-1.,0.,0.));
#7370 = DIRECTION('',(0.,2.2E-16,1.));
#7371 = ADVANCED_FACE('',(#7372),#7390,.F.);
#7372 = FACE_BOUND('',#7373,.F.);
#7373 = EDGE_LOOP('',(#7374,#7382,#7388,#7389));
#7374 = ORIENTED_EDGE('',*,*,#7375,.T.);
#7375 = EDGE_CURVE('',#7306,#7376,#7378,.T.);
#7376 = VERTEX_POINT('',#7377);
#7377 = CARTESIAN_POINT('',(-63.0486,-30.18,-1.9042));
#7378 = LINE('',#7379,#7380);
#7379 = CARTESIAN_POINT('',(-63.0486,35.48,-1.9042));
#7380 = VECTOR('',#7381,1.);
#7381 = DIRECTION('',(0.,-1.,2.2E-16));
#7382 = ORIENTED_EDGE('',*,*,#7383,.T.);
#7383 = EDGE_CURVE('',#7376,#7222,#7384,.T.);
#7384 = LINE('',#7385,#7386);
#7385 = CARTESIAN_POINT('',(-62.7486,-30.18,-1.9042));
#7386 = VECTOR('',#7387,1.);
#7387 = DIRECTION('',(-1.,0.,0.));
#7388 = ORIENTED_EDGE('',*,*,#7229,.F.);
#7389 = ORIENTED_EDGE('',*,*,#7313,.F.);
#7390 = PLANE('',#7391);
#7391 = AXIS2_PLACEMENT_3D('',#7392,#7393,#7394);
#7392 = CARTESIAN_POINT('',(-62.7486,35.48,-1.9042));
#7393 = DIRECTION('',(0.,-2.2E-16,-1.));
#7394 = DIRECTION('',(-1.,0.,0.));
#7395 = ADVANCED_FACE('',(#7396),#7407,.T.);
#7396 = FACE_BOUND('',#7397,.T.);
#7397 = EDGE_LOOP('',(#7398,#7404,#7405,#7406));
#7398 = ORIENTED_EDGE('',*,*,#7399,.T.);
#7399 = EDGE_CURVE('',#7276,#7376,#7400,.T.);
#7400 = LINE('',#7401,#7402);
#7401 = CARTESIAN_POINT('',(-73.84193333333,-19.38666666666,
    8.889133333333));
#7402 = VECTOR('',#7403,1.);
#7403 = DIRECTION('',(-0.57735026919,0.57735026919,0.57735026919));
#7404 = ORIENTED_EDGE('',*,*,#7383,.T.);
#7405 = ORIENTED_EDGE('',*,*,#7221,.F.);
#7406 = ORIENTED_EDGE('',*,*,#7275,.F.);
#7407 = PLANE('',#7408);
#7408 = AXIS2_PLACEMENT_3D('',#7409,#7410,#7411);
#7409 = CARTESIAN_POINT('',(-62.7486,-30.33,-2.0542));
#7410 = DIRECTION('',(-0.,-0.707106781187,0.707106781187));
#7411 = DIRECTION('',(-1.,0.,0.));
#7412 = ADVANCED_FACE('',(#7413),#7431,.F.);
#7413 = FACE_BOUND('',#7414,.F.);
#7414 = EDGE_LOOP('',(#7415,#7416,#7424,#7430));
#7415 = ORIENTED_EDGE('',*,*,#7260,.T.);
#7416 = ORIENTED_EDGE('',*,*,#7417,.T.);
#7417 = EDGE_CURVE('',#7253,#7418,#7420,.T.);
#7418 = VERTEX_POINT('',#7419);
#7419 = CARTESIAN_POINT('',(-63.0486,-30.18,-4.3958));
#7420 = LINE('',#7421,#7422);
#7421 = CARTESIAN_POINT('',(-63.5486,-30.18,-4.3958));
#7422 = VECTOR('',#7423,1.);
#7423 = DIRECTION('',(1.,0.,0.));
#7424 = ORIENTED_EDGE('',*,*,#7425,.F.);
#7425 = EDGE_CURVE('',#7331,#7418,#7426,.T.);
#7426 = LINE('',#7427,#7428);
#7427 = CARTESIAN_POINT('',(-63.0486,35.48,-4.3958));
#7428 = VECTOR('',#7429,1.);
#7429 = DIRECTION('',(0.,-1.,2.2E-16));
#7430 = ORIENTED_EDGE('',*,*,#7330,.F.);
#7431 = PLANE('',#7432);
#7432 = AXIS2_PLACEMENT_3D('',#7433,#7434,#7435);
#7433 = CARTESIAN_POINT('',(-63.5486,35.48,-4.3958));
#7434 = DIRECTION('',(0.,2.2E-16,1.));
#7435 = DIRECTION('',(1.,0.,0.));
#7436 = ADVANCED_FACE('',(#7437),#7448,.T.);
#7437 = FACE_BOUND('',#7438,.T.);
#7438 = EDGE_LOOP('',(#7439,#7440,#7441,#7447));
#7439 = ORIENTED_EDGE('',*,*,#7252,.T.);
#7440 = ORIENTED_EDGE('',*,*,#7417,.T.);
#7441 = ORIENTED_EDGE('',*,*,#7442,.T.);
#7442 = EDGE_CURVE('',#7418,#7284,#7443,.T.);
#7443 = LINE('',#7444,#7445);
#7444 = CARTESIAN_POINT('',(-73.97526666666,-19.25333333333,
    -15.32246666666));
#7445 = VECTOR('',#7446,1.);
#7446 = DIRECTION('',(0.57735026919,-0.57735026919,0.57735026919));
#7447 = ORIENTED_EDGE('',*,*,#7291,.F.);
#7448 = PLANE('',#7449);
#7449 = AXIS2_PLACEMENT_3D('',#7450,#7451,#7452);
#7450 = CARTESIAN_POINT('',(-63.5486,-30.33,-4.2458));
#7451 = DIRECTION('',(0.,-0.707106781187,-0.707106781187));
#7452 = DIRECTION('',(1.,0.,0.));
#7453 = ADVANCED_FACE('',(#7454),#7460,.T.);
#7454 = FACE_BOUND('',#7455,.F.);
#7455 = EDGE_LOOP('',(#7456,#7457,#7458,#7459));
#7456 = ORIENTED_EDGE('',*,*,#7305,.F.);
#7457 = ORIENTED_EDGE('',*,*,#7361,.T.);
#7458 = ORIENTED_EDGE('',*,*,#7399,.T.);
#7459 = ORIENTED_EDGE('',*,*,#7375,.F.);
#7460 = PLANE('',#7461);
#7461 = AXIS2_PLACEMENT_3D('',#7462,#7463,#7464);
#7462 = CARTESIAN_POINT('',(-62.8986,35.48,-2.0542));
#7463 = DIRECTION('',(0.707106781187,1.5E-16,0.707106781187));
#7464 = DIRECTION('',(3.933982822017E-18,1.,-2.16066017178E-16));
#7465 = ADVANCED_FACE('',(#7466),#7472,.T.);
#7466 = FACE_BOUND('',#7467,.F.);
#7467 = EDGE_LOOP('',(#7468,#7469,#7470,#7471));
#7468 = ORIENTED_EDGE('',*,*,#7338,.F.);
#7469 = ORIENTED_EDGE('',*,*,#7425,.T.);
#7470 = ORIENTED_EDGE('',*,*,#7442,.T.);
#7471 = ORIENTED_EDGE('',*,*,#7354,.F.);
#7472 = PLANE('',#7473);
#7473 = AXIS2_PLACEMENT_3D('',#7474,#7475,#7476);
#7474 = CARTESIAN_POINT('',(-62.8986,35.48,-4.2458));
#7475 = DIRECTION('',(0.707106781187,-1.5E-16,-0.707106781187));
#7476 = DIRECTION('',(-3.933982822017E-18,1.,-2.16066017178E-16));
#7477 = ( GEOMETRIC_REPRESENTATION_CONTEXT(3) 
GLOBAL_UNCERTAINTY_ASSIGNED_CONTEXT((#7481)) 
GLOBAL_UNIT_ASSIGNED_CONTEXT((#7478,#7479,#7480)) REPRESENTATION_CONTEXT
('Context #1','3D Context with UNIT and UNCERTAINTY') );
#7478 = ( LENGTH_UNIT() NAMED_UNIT(*) SI_UNIT(.MILLI.,.METRE.) );
#7479 = ( NAMED_UNIT(*) PLANE_ANGLE_UNIT() SI_UNIT($,.RADIAN.) );
#7480 = ( NAMED_UNIT(*) SI_UNIT($,.STERADIAN.) SOLID_ANGLE_UNIT() );
#7481 = UNCERTAINTY_MEASURE_WITH_UNIT(LENGTH_MEASURE(1.E-07),#7478,
  'distance_accuracy_value','confusion accuracy');
#7482 = CONTEXT_DEPENDENT_SHAPE_REPRESENTATION(#7483,#7485);
#7483 = ( REPRESENTATION_RELATIONSHIP('','',#7134,#10) 
REPRESENTATION_RELATIONSHIP_WITH_TRANSFORMATION(#7484) 
SHAPE_REPRESENTATION_RELATIONSHIP() );
#7484 = ITEM_DEFINED_TRANSFORMATION('','',#11,#23);
#7485 = PRODUCT_DEFINITION_SHAPE('Placement','Placement of an item',
  #7486);
#7486 = NEXT_ASSEMBLY_USAGE_OCCURRENCE('13','Body002','',#5,#7129,$);
#7487 = PRODUCT_RELATED_PRODUCT_CATEGORY('part',$,(#7131));
#7488 = SHAPE_DEFINITION_REPRESENTATION(#7489,#7495);
#7489 = PRODUCT_DEFINITION_SHAPE('','',#7490);
#7490 = PRODUCT_DEFINITION('design','',#7491,#7494);
#7491 = PRODUCT_DEFINITION_FORMATION('','',#7492);
#7492 = PRODUCT('Body003','Body003','',(#7493));
#7493 = PRODUCT_CONTEXT('',#2,'mechanical');
#7494 = PRODUCT_DEFINITION_CONTEXT('part definition',#2,'design');
#7495 = ADVANCED_BREP_SHAPE_REPRESENTATION('',(#11,#7496),#7838);
#7496 = MANIFOLD_SOLID_BREP('',#7497);
#7497 = CLOSED_SHELL('',(#7498,#7538,#7569,#7600,#7631,#7662,#7686,#7710
    ,#7732,#7756,#7773,#7797,#7814,#7826));
#7498 = ADVANCED_FACE('',(#7499),#7533,.F.);
#7499 = FACE_BOUND('',#7500,.F.);
#7500 = EDGE_LOOP('',(#7501,#7511,#7519,#7527));
#7501 = ORIENTED_EDGE('',*,*,#7502,.F.);
#7502 = EDGE_CURVE('',#7503,#7505,#7507,.T.);
#7503 = VERTEX_POINT('',#7504);
#7504 = CARTESIAN_POINT('',(-63.5486,35.48,-2.2042));
#7505 = VERTEX_POINT('',#7506);
#7506 = CARTESIAN_POINT('',(-63.5486,35.48,-4.0958));
#7507 = LINE('',#7508,#7509);
#7508 = CARTESIAN_POINT('',(-63.5486,35.48,-1.9042));
#7509 = VECTOR('',#7510,1.);
#7510 = DIRECTION('',(0.,2.2E-16,-1.));
#7511 = ORIENTED_EDGE('',*,*,#7512,.T.);
#7512 = EDGE_CURVE('',#7503,#7513,#7515,.T.);
#7513 = VERTEX_POINT('',#7514);
#7514 = CARTESIAN_POINT('',(-63.5486,-30.48,-2.2042));
#7515 = LINE('',#7516,#7517);
#7516 = CARTESIAN_POINT('',(-63.5486,35.48,-2.2042));
#7517 = VECTOR('',#7518,1.);
#7518 = DIRECTION('',(0.,-1.,2.2E-16));
#7519 = ORIENTED_EDGE('',*,*,#7520,.T.);
#7520 = EDGE_CURVE('',#7513,#7521,#7523,.T.);
#7521 = VERTEX_POINT('',#7522);
#7522 = CARTESIAN_POINT('',(-63.5486,-30.48,-4.0958));
#7523 = LINE('',#7524,#7525);
#7524 = CARTESIAN_POINT('',(-63.5486,-30.48,-1.9042));
#7525 = VECTOR('',#7526,1.);
#7526 = DIRECTION('',(0.,2.2E-16,-1.));
#7527 = ORIENTED_EDGE('',*,*,#7528,.F.);
#7528 = EDGE_CURVE('',#7505,#7521,#7529,.T.);
#7529 = LINE('',#7530,#7531);
#7530 = CARTESIAN_POINT('',(-63.5486,35.48,-4.0958));
#7531 = VECTOR('',#7532,1.);
#7532 = DIRECTION('',(0.,-1.,2.2E-16));
#7533 = PLANE('',#7534);
#7534 = AXIS2_PLACEMENT_3D('',#7535,#7536,#7537);
#7535 = CARTESIAN_POINT('',(-63.5486,35.48,-1.9042));
#7536 = DIRECTION('',(1.,0.,0.));
#7537 = DIRECTION('',(0.,-2.2E-16,-1.));
#7538 = ADVANCED_FACE('',(#7539),#7564,.T.);
#7539 = FACE_BOUND('',#7540,.T.);
#7540 = EDGE_LOOP('',(#7541,#7542,#7550,#7558));
#7541 = ORIENTED_EDGE('',*,*,#7502,.F.);
#7542 = ORIENTED_EDGE('',*,*,#7543,.F.);
#7543 = EDGE_CURVE('',#7544,#7503,#7546,.T.);
#7544 = VERTEX_POINT('',#7545);
#7545 = CARTESIAN_POINT('',(-62.7486,35.48,-2.2042));
#7546 = LINE('',#7547,#7548);
#7547 = CARTESIAN_POINT('',(-62.7486,35.48,-2.2042));
#7548 = VECTOR('',#7549,1.);
#7549 = DIRECTION('',(-1.,0.,0.));
#7550 = ORIENTED_EDGE('',*,*,#7551,.F.);
#7551 = EDGE_CURVE('',#7552,#7544,#7554,.T.);
#7552 = VERTEX_POINT('',#7553);
#7553 = CARTESIAN_POINT('',(-62.7486,35.48,-4.0958));
#7554 = LINE('',#7555,#7556);
#7555 = CARTESIAN_POINT('',(-62.7486,35.48,-4.3958));
#7556 = VECTOR('',#7557,1.);
#7557 = DIRECTION('',(0.,-2.2E-16,1.));
#7558 = ORIENTED_EDGE('',*,*,#7559,.F.);
#7559 = EDGE_CURVE('',#7505,#7552,#7560,.T.);
#7560 = LINE('',#7561,#7562);
#7561 = CARTESIAN_POINT('',(-63.5486,35.48,-4.0958));
#7562 = VECTOR('',#7563,1.);
#7563 = DIRECTION('',(1.,0.,0.));
#7564 = PLANE('',#7565);
#7565 = AXIS2_PLACEMENT_3D('',#7566,#7567,#7568);
#7566 = CARTESIAN_POINT('',(-63.1486,35.48,-3.15));
#7567 = DIRECTION('',(0.,1.,2.2E-16));
#7568 = DIRECTION('',(0.,-2.2E-16,1.));
#7569 = ADVANCED_FACE('',(#7570),#7595,.T.);
#7570 = FACE_BOUND('',#7571,.T.);
#7571 = EDGE_LOOP('',(#7572,#7580,#7581,#7589));
#7572 = ORIENTED_EDGE('',*,*,#7573,.F.);
#7573 = EDGE_CURVE('',#7503,#7574,#7576,.T.);
#7574 = VERTEX_POINT('',#7575);
#7575 = CARTESIAN_POINT('',(-63.2486,35.18,-1.9042));
#7576 = LINE('',#7577,#7578);
#7577 = CARTESIAN_POINT('',(-63.31526666666,35.246666666667,
    -1.970866666667));
#7578 = VECTOR('',#7579,1.);
#7579 = DIRECTION('',(0.57735026919,-0.57735026919,0.57735026919));
#7580 = ORIENTED_EDGE('',*,*,#7512,.T.);
#7581 = ORIENTED_EDGE('',*,*,#7582,.T.);
#7582 = EDGE_CURVE('',#7513,#7583,#7585,.T.);
#7583 = VERTEX_POINT('',#7584);
#7584 = CARTESIAN_POINT('',(-63.2486,-30.18,-1.9042));
#7585 = LINE('',#7586,#7587);
#7586 = CARTESIAN_POINT('',(-52.32193333333,-19.25333333333,
    9.022466666667));
#7587 = VECTOR('',#7588,1.);
#7588 = DIRECTION('',(0.57735026919,0.57735026919,0.57735026919));
#7589 = ORIENTED_EDGE('',*,*,#7590,.F.);
#7590 = EDGE_CURVE('',#7574,#7583,#7591,.T.);
#7591 = LINE('',#7592,#7593);
#7592 = CARTESIAN_POINT('',(-63.2486,35.48,-1.9042));
#7593 = VECTOR('',#7594,1.);
#7594 = DIRECTION('',(0.,-1.,2.2E-16));
#7595 = PLANE('',#7596);
#7596 = AXIS2_PLACEMENT_3D('',#7597,#7598,#7599);
#7597 = CARTESIAN_POINT('',(-63.3986,35.48,-2.0542));
#7598 = DIRECTION('',(-0.707106781187,1.6E-16,0.707106781187));
#7599 = DIRECTION('',(-3.137084989848E-18,-1.,2.231370849898E-16));
#7600 = ADVANCED_FACE('',(#7601),#7626,.T.);
#7601 = FACE_BOUND('',#7602,.F.);
#7602 = EDGE_LOOP('',(#7603,#7611,#7612,#7620));
#7603 = ORIENTED_EDGE('',*,*,#7604,.F.);
#7604 = EDGE_CURVE('',#7505,#7605,#7607,.T.);
#7605 = VERTEX_POINT('',#7606);
#7606 = CARTESIAN_POINT('',(-63.2486,35.18,-4.3958));
#7607 = LINE('',#7608,#7609);
#7608 = CARTESIAN_POINT('',(-63.4486,35.38,-4.1958));
#7609 = VECTOR('',#7610,1.);
#7610 = DIRECTION('',(0.57735026919,-0.57735026919,-0.57735026919));
#7611 = ORIENTED_EDGE('',*,*,#7528,.T.);
#7612 = ORIENTED_EDGE('',*,*,#7613,.T.);
#7613 = EDGE_CURVE('',#7521,#7614,#7616,.T.);
#7614 = VERTEX_POINT('',#7615);
#7615 = CARTESIAN_POINT('',(-63.2486,-30.18,-4.3958));
#7616 = LINE('',#7617,#7618);
#7617 = CARTESIAN_POINT('',(-52.45526666666,-19.38666666666,
    -15.18913333333));
#7618 = VECTOR('',#7619,1.);
#7619 = DIRECTION('',(0.57735026919,0.57735026919,-0.57735026919));
#7620 = ORIENTED_EDGE('',*,*,#7621,.F.);
#7621 = EDGE_CURVE('',#7605,#7614,#7622,.T.);
#7622 = LINE('',#7623,#7624);
#7623 = CARTESIAN_POINT('',(-63.2486,35.48,-4.3958));
#7624 = VECTOR('',#7625,1.);
#7625 = DIRECTION('',(0.,-1.,2.2E-16));
#7626 = PLANE('',#7627);
#7627 = AXIS2_PLACEMENT_3D('',#7628,#7629,#7630);
#7628 = CARTESIAN_POINT('',(-63.3986,35.48,-4.2458));
#7629 = DIRECTION('',(-0.707106781187,-1.6E-16,-0.707106781187));
#7630 = DIRECTION('',(-3.137084989848E-18,1.,-2.231370849898E-16));
#7631 = ADVANCED_FACE('',(#7632),#7657,.F.);
#7632 = FACE_BOUND('',#7633,.F.);
#7633 = EDGE_LOOP('',(#7634,#7635,#7643,#7651));
#7634 = ORIENTED_EDGE('',*,*,#7520,.F.);
#7635 = ORIENTED_EDGE('',*,*,#7636,.F.);
#7636 = EDGE_CURVE('',#7637,#7513,#7639,.T.);
#7637 = VERTEX_POINT('',#7638);
#7638 = CARTESIAN_POINT('',(-62.7486,-30.48,-2.2042));
#7639 = LINE('',#7640,#7641);
#7640 = CARTESIAN_POINT('',(-62.7486,-30.48,-2.2042));
#7641 = VECTOR('',#7642,1.);
#7642 = DIRECTION('',(-1.,0.,0.));
#7643 = ORIENTED_EDGE('',*,*,#7644,.F.);
#7644 = EDGE_CURVE('',#7645,#7637,#7647,.T.);
#7645 = VERTEX_POINT('',#7646);
#7646 = CARTESIAN_POINT('',(-62.7486,-30.48,-4.0958));
#7647 = LINE('',#7648,#7649);
#7648 = CARTESIAN_POINT('',(-62.7486,-30.48,-4.3958));
#7649 = VECTOR('',#7650,1.);
#7650 = DIRECTION('',(0.,-2.2E-16,1.));
#7651 = ORIENTED_EDGE('',*,*,#7652,.F.);
#7652 = EDGE_CURVE('',#7521,#7645,#7653,.T.);
#7653 = LINE('',#7654,#7655);
#7654 = CARTESIAN_POINT('',(-63.5486,-30.48,-4.0958));
#7655 = VECTOR('',#7656,1.);
#7656 = DIRECTION('',(1.,0.,0.));
#7657 = PLANE('',#7658);
#7658 = AXIS2_PLACEMENT_3D('',#7659,#7660,#7661);
#7659 = CARTESIAN_POINT('',(-63.1486,-30.48,-3.15));
#7660 = DIRECTION('',(0.,1.,2.2E-16));
#7661 = DIRECTION('',(0.,-2.2E-16,1.));
#7662 = ADVANCED_FACE('',(#7663),#7681,.F.);
#7663 = FACE_BOUND('',#7664,.F.);
#7664 = EDGE_LOOP('',(#7665,#7673,#7679,#7680));
#7665 = ORIENTED_EDGE('',*,*,#7666,.T.);
#7666 = EDGE_CURVE('',#7544,#7667,#7669,.T.);
#7667 = VERTEX_POINT('',#7668);
#7668 = CARTESIAN_POINT('',(-63.0486,35.18,-1.9042));
#7669 = LINE('',#7670,#7671);
#7670 = CARTESIAN_POINT('',(-62.8486,35.38,-2.1042));
#7671 = VECTOR('',#7672,1.);
#7672 = DIRECTION('',(-0.57735026919,-0.57735026919,0.57735026919));
#7673 = ORIENTED_EDGE('',*,*,#7674,.T.);
#7674 = EDGE_CURVE('',#7667,#7574,#7675,.T.);
#7675 = LINE('',#7676,#7677);
#7676 = CARTESIAN_POINT('',(-62.7486,35.18,-1.9042));
#7677 = VECTOR('',#7678,1.);
#7678 = DIRECTION('',(-1.,0.,0.));
#7679 = ORIENTED_EDGE('',*,*,#7573,.F.);
#7680 = ORIENTED_EDGE('',*,*,#7543,.F.);
#7681 = PLANE('',#7682);
#7682 = AXIS2_PLACEMENT_3D('',#7683,#7684,#7685);
#7683 = CARTESIAN_POINT('',(-62.7486,35.33,-2.0542));
#7684 = DIRECTION('',(0.,-0.707106781187,-0.707106781187));
#7685 = DIRECTION('',(-1.,-0.,0.));
#7686 = ADVANCED_FACE('',(#7687),#7705,.F.);
#7687 = FACE_BOUND('',#7688,.F.);
#7688 = EDGE_LOOP('',(#7689,#7690,#7698,#7704));
#7689 = ORIENTED_EDGE('',*,*,#7604,.T.);
#7690 = ORIENTED_EDGE('',*,*,#7691,.T.);
#7691 = EDGE_CURVE('',#7605,#7692,#7694,.T.);
#7692 = VERTEX_POINT('',#7693);
#7693 = CARTESIAN_POINT('',(-63.0486,35.18,-4.3958));
#7694 = LINE('',#7695,#7696);
#7695 = CARTESIAN_POINT('',(-63.5486,35.18,-4.3958));
#7696 = VECTOR('',#7697,1.);
#7697 = DIRECTION('',(1.,0.,0.));
#7698 = ORIENTED_EDGE('',*,*,#7699,.T.);
#7699 = EDGE_CURVE('',#7692,#7552,#7700,.T.);
#7700 = LINE('',#7701,#7702);
#7701 = CARTESIAN_POINT('',(-62.98193333333,35.246666666667,
    -4.329133333333));
#7702 = VECTOR('',#7703,1.);
#7703 = DIRECTION('',(0.57735026919,0.57735026919,0.57735026919));
#7704 = ORIENTED_EDGE('',*,*,#7559,.F.);
#7705 = PLANE('',#7706);
#7706 = AXIS2_PLACEMENT_3D('',#7707,#7708,#7709);
#7707 = CARTESIAN_POINT('',(-63.5486,35.33,-4.2458));
#7708 = DIRECTION('',(-0.,-0.707106781187,0.707106781187));
#7709 = DIRECTION('',(1.,0.,0.));
#7710 = ADVANCED_FACE('',(#7711),#7727,.F.);
#7711 = FACE_BOUND('',#7712,.F.);
#7712 = EDGE_LOOP('',(#7713,#7714,#7720,#7721));
#7713 = ORIENTED_EDGE('',*,*,#7551,.F.);
#7714 = ORIENTED_EDGE('',*,*,#7715,.T.);
#7715 = EDGE_CURVE('',#7552,#7645,#7716,.T.);
#7716 = LINE('',#7717,#7718);
#7717 = CARTESIAN_POINT('',(-62.7486,35.48,-4.0958));
#7718 = VECTOR('',#7719,1.);
#7719 = DIRECTION('',(0.,-1.,2.2E-16));
#7720 = ORIENTED_EDGE('',*,*,#7644,.T.);
#7721 = ORIENTED_EDGE('',*,*,#7722,.F.);
#7722 = EDGE_CURVE('',#7544,#7637,#7723,.T.);
#7723 = LINE('',#7724,#7725);
#7724 = CARTESIAN_POINT('',(-62.7486,35.48,-2.2042));
#7725 = VECTOR('',#7726,1.);
#7726 = DIRECTION('',(0.,-1.,2.2E-16));
#7727 = PLANE('',#7728);
#7728 = AXIS2_PLACEMENT_3D('',#7729,#7730,#7731);
#7729 = CARTESIAN_POINT('',(-62.7486,35.48,-4.3958));
#7730 = DIRECTION('',(-1.,0.,0.));
#7731 = DIRECTION('',(0.,2.2E-16,1.));
#7732 = ADVANCED_FACE('',(#7733),#7751,.F.);
#7733 = FACE_BOUND('',#7734,.F.);
#7734 = EDGE_LOOP('',(#7735,#7743,#7749,#7750));
#7735 = ORIENTED_EDGE('',*,*,#7736,.T.);
#7736 = EDGE_CURVE('',#7667,#7737,#7739,.T.);
#7737 = VERTEX_POINT('',#7738);
#7738 = CARTESIAN_POINT('',(-63.0486,-30.18,-1.9042));
#7739 = LINE('',#7740,#7741);
#7740 = CARTESIAN_POINT('',(-63.0486,35.48,-1.9042));
#7741 = VECTOR('',#7742,1.);
#7742 = DIRECTION('',(0.,-1.,2.2E-16));
#7743 = ORIENTED_EDGE('',*,*,#7744,.T.);
#7744 = EDGE_CURVE('',#7737,#7583,#7745,.T.);
#7745 = LINE('',#7746,#7747);
#7746 = CARTESIAN_POINT('',(-62.7486,-30.18,-1.9042));
#7747 = VECTOR('',#7748,1.);
#7748 = DIRECTION('',(-1.,0.,0.));
#7749 = ORIENTED_EDGE('',*,*,#7590,.F.);
#7750 = ORIENTED_EDGE('',*,*,#7674,.F.);
#7751 = PLANE('',#7752);
#7752 = AXIS2_PLACEMENT_3D('',#7753,#7754,#7755);
#7753 = CARTESIAN_POINT('',(-62.7486,35.48,-1.9042));
#7754 = DIRECTION('',(0.,-2.2E-16,-1.));
#7755 = DIRECTION('',(-1.,0.,0.));
#7756 = ADVANCED_FACE('',(#7757),#7768,.T.);
#7757 = FACE_BOUND('',#7758,.T.);
#7758 = EDGE_LOOP('',(#7759,#7765,#7766,#7767));
#7759 = ORIENTED_EDGE('',*,*,#7760,.T.);
#7760 = EDGE_CURVE('',#7637,#7737,#7761,.T.);
#7761 = LINE('',#7762,#7763);
#7762 = CARTESIAN_POINT('',(-73.84193333333,-19.38666666666,
    8.889133333333));
#7763 = VECTOR('',#7764,1.);
#7764 = DIRECTION('',(-0.57735026919,0.57735026919,0.57735026919));
#7765 = ORIENTED_EDGE('',*,*,#7744,.T.);
#7766 = ORIENTED_EDGE('',*,*,#7582,.F.);
#7767 = ORIENTED_EDGE('',*,*,#7636,.F.);
#7768 = PLANE('',#7769);
#7769 = AXIS2_PLACEMENT_3D('',#7770,#7771,#7772);
#7770 = CARTESIAN_POINT('',(-62.7486,-30.33,-2.0542));
#7771 = DIRECTION('',(-0.,-0.707106781187,0.707106781187));
#7772 = DIRECTION('',(-1.,0.,0.));
#7773 = ADVANCED_FACE('',(#7774),#7792,.F.);
#7774 = FACE_BOUND('',#7775,.F.);
#7775 = EDGE_LOOP('',(#7776,#7777,#7785,#7791));
#7776 = ORIENTED_EDGE('',*,*,#7621,.T.);
#7777 = ORIENTED_EDGE('',*,*,#7778,.T.);
#7778 = EDGE_CURVE('',#7614,#7779,#7781,.T.);
#7779 = VERTEX_POINT('',#7780);
#7780 = CARTESIAN_POINT('',(-63.0486,-30.18,-4.3958));
#7781 = LINE('',#7782,#7783);
#7782 = CARTESIAN_POINT('',(-63.5486,-30.18,-4.3958));
#7783 = VECTOR('',#7784,1.);
#7784 = DIRECTION('',(1.,0.,0.));
#7785 = ORIENTED_EDGE('',*,*,#7786,.F.);
#7786 = EDGE_CURVE('',#7692,#7779,#7787,.T.);
#7787 = LINE('',#7788,#7789);
#7788 = CARTESIAN_POINT('',(-63.0486,35.48,-4.3958));
#7789 = VECTOR('',#7790,1.);
#7790 = DIRECTION('',(0.,-1.,2.2E-16));
#7791 = ORIENTED_EDGE('',*,*,#7691,.F.);
#7792 = PLANE('',#7793);
#7793 = AXIS2_PLACEMENT_3D('',#7794,#7795,#7796);
#7794 = CARTESIAN_POINT('',(-63.5486,35.48,-4.3958));
#7795 = DIRECTION('',(0.,2.2E-16,1.));
#7796 = DIRECTION('',(1.,0.,0.));
#7797 = ADVANCED_FACE('',(#7798),#7809,.T.);
#7798 = FACE_BOUND('',#7799,.T.);
#7799 = EDGE_LOOP('',(#7800,#7801,#7802,#7808));
#7800 = ORIENTED_EDGE('',*,*,#7613,.T.);
#7801 = ORIENTED_EDGE('',*,*,#7778,.T.);
#7802 = ORIENTED_EDGE('',*,*,#7803,.T.);
#7803 = EDGE_CURVE('',#7779,#7645,#7804,.T.);
#7804 = LINE('',#7805,#7806);
#7805 = CARTESIAN_POINT('',(-73.97526666666,-19.25333333333,
    -15.32246666666));
#7806 = VECTOR('',#7807,1.);
#7807 = DIRECTION('',(0.57735026919,-0.57735026919,0.57735026919));
#7808 = ORIENTED_EDGE('',*,*,#7652,.F.);
#7809 = PLANE('',#7810);
#7810 = AXIS2_PLACEMENT_3D('',#7811,#7812,#7813);
#7811 = CARTESIAN_POINT('',(-63.5486,-30.33,-4.2458));
#7812 = DIRECTION('',(0.,-0.707106781187,-0.707106781187));
#7813 = DIRECTION('',(1.,0.,0.));
#7814 = ADVANCED_FACE('',(#7815),#7821,.T.);
#7815 = FACE_BOUND('',#7816,.F.);
#7816 = EDGE_LOOP('',(#7817,#7818,#7819,#7820));
#7817 = ORIENTED_EDGE('',*,*,#7666,.F.);
#7818 = ORIENTED_EDGE('',*,*,#7722,.T.);
#7819 = ORIENTED_EDGE('',*,*,#7760,.T.);
#7820 = ORIENTED_EDGE('',*,*,#7736,.F.);
#7821 = PLANE('',#7822);
#7822 = AXIS2_PLACEMENT_3D('',#7823,#7824,#7825);
#7823 = CARTESIAN_POINT('',(-62.8986,35.48,-2.0542));
#7824 = DIRECTION('',(0.707106781187,1.5E-16,0.707106781187));
#7825 = DIRECTION('',(3.933982822017E-18,1.,-2.16066017178E-16));
#7826 = ADVANCED_FACE('',(#7827),#7833,.T.);
#7827 = FACE_BOUND('',#7828,.F.);
#7828 = EDGE_LOOP('',(#7829,#7830,#7831,#7832));
#7829 = ORIENTED_EDGE('',*,*,#7699,.F.);
#7830 = ORIENTED_EDGE('',*,*,#7786,.T.);
#7831 = ORIENTED_EDGE('',*,*,#7803,.T.);
#7832 = ORIENTED_EDGE('',*,*,#7715,.F.);
#7833 = PLANE('',#7834);
#7834 = AXIS2_PLACEMENT_3D('',#7835,#7836,#7837);
#7835 = CARTESIAN_POINT('',(-62.8986,35.48,-4.2458));
#7836 = DIRECTION('',(0.707106781187,-1.5E-16,-0.707106781187));
#7837 = DIRECTION('',(-3.933982822017E-18,1.,-2.16066017178E-16));
#7838 = ( GEOMETRIC_REPRESENTATION_CONTEXT(3) 
GLOBAL_UNCERTAINTY_ASSIGNED_CONTEXT((#7842)) 
GLOBAL_UNIT_ASSIGNED_CONTEXT((#7839,#7840,#7841)) REPRESENTATION_CONTEXT
('Context #1','3D Context with UNIT and UNCERTAINTY') );
#7839 = ( LENGTH_UNIT() NAMED_UNIT(*) SI_UNIT(.MILLI.,.METRE.) );
#7840 = ( NAMED_UNIT(*) PLANE_ANGLE_UNIT() SI_UNIT($,.RADIAN.) );
#7841 = ( NAMED_UNIT(*) SI_UNIT($,.STERADIAN.) SOLID_ANGLE_UNIT() );
#7842 = UNCERTAINTY_MEASURE_WITH_UNIT(LENGTH_MEASURE(1.E-07),#7839,
  'distance_accuracy_value','confusion accuracy');
#7843 = CONTEXT_DEPENDENT_SHAPE_REPRESENTATION(#7844,#7846);
#7844 = ( REPRESENTATION_RELATIONSHIP('','',#7495,#10) 
REPRESENTATION_RELATIONSHIP_WITH_TRANSFORMATION(#7845) 
SHAPE_REPRESENTATION_RELATIONSHIP() );
#7845 = ITEM_DEFINED_TRANSFORMATION('','',#11,#27);
#7846 = PRODUCT_DEFINITION_SHAPE('Placement','Placement of an item',
  #7847);
#7847 = NEXT_ASSEMBLY_USAGE_OCCURRENCE('14','Body003','',#5,#7490,$);
#7848 = PRODUCT_RELATED_PRODUCT_CATEGORY('part',$,(#7492));
#7849 = SHAPE_DEFINITION_REPRESENTATION(#7850,#7856);
#7850 = PRODUCT_DEFINITION_SHAPE('','',#7851);
#7851 = PRODUCT_DEFINITION('design','',#7852,#7855);
#7852 = PRODUCT_DEFINITION_FORMATION('','',#7853);
#7853 = PRODUCT('Body004','Body004','',(#7854));
#7854 = PRODUCT_CONTEXT('',#2,'mechanical');
#7855 = PRODUCT_DEFINITION_CONTEXT('part definition',#2,'design');
#7856 = ADVANCED_BREP_SHAPE_REPRESENTATION('',(#11,#7857),#8199);
#7857 = MANIFOLD_SOLID_BREP('',#7858);
#7858 = CLOSED_SHELL('',(#7859,#7899,#7930,#7961,#7992,#8023,#8047,#8071
    ,#8093,#8117,#8134,#8158,#8175,#8187));
#7859 = ADVANCED_FACE('',(#7860),#7894,.F.);
#7860 = FACE_BOUND('',#7861,.F.);
#7861 = EDGE_LOOP('',(#7862,#7872,#7880,#7888));
#7862 = ORIENTED_EDGE('',*,*,#7863,.F.);
#7863 = EDGE_CURVE('',#7864,#7866,#7868,.T.);
#7864 = VERTEX_POINT('',#7865);
#7865 = CARTESIAN_POINT('',(-29.7486,35.48,-2.2042));
#7866 = VERTEX_POINT('',#7867);
#7867 = CARTESIAN_POINT('',(-29.7486,35.48,-4.0958));
#7868 = LINE('',#7869,#7870);
#7869 = CARTESIAN_POINT('',(-29.7486,35.48,-1.9042));
#7870 = VECTOR('',#7871,1.);
#7871 = DIRECTION('',(0.,2.2E-16,-1.));
#7872 = ORIENTED_EDGE('',*,*,#7873,.T.);
#7873 = EDGE_CURVE('',#7864,#7874,#7876,.T.);
#7874 = VERTEX_POINT('',#7875);
#7875 = CARTESIAN_POINT('',(-29.7486,-30.48,-2.2042));
#7876 = LINE('',#7877,#7878);
#7877 = CARTESIAN_POINT('',(-29.7486,35.48,-2.2042));
#7878 = VECTOR('',#7879,1.);
#7879 = DIRECTION('',(0.,-1.,2.2E-16));
#7880 = ORIENTED_EDGE('',*,*,#7881,.T.);
#7881 = EDGE_CURVE('',#7874,#7882,#7884,.T.);
#7882 = VERTEX_POINT('',#7883);
#7883 = CARTESIAN_POINT('',(-29.7486,-30.48,-4.0958));
#7884 = LINE('',#7885,#7886);
#7885 = CARTESIAN_POINT('',(-29.7486,-30.48,-1.9042));
#7886 = VECTOR('',#7887,1.);
#7887 = DIRECTION('',(0.,2.2E-16,-1.));
#7888 = ORIENTED_EDGE('',*,*,#7889,.F.);
#7889 = EDGE_CURVE('',#7866,#7882,#7890,.T.);
#7890 = LINE('',#7891,#7892);
#7891 = CARTESIAN_POINT('',(-29.7486,35.48,-4.0958));
#7892 = VECTOR('',#7893,1.);
#7893 = DIRECTION('',(0.,-1.,2.2E-16));
#7894 = PLANE('',#7895);
#7895 = AXIS2_PLACEMENT_3D('',#7896,#7897,#7898);
#7896 = CARTESIAN_POINT('',(-29.7486,35.48,-1.9042));
#7897 = DIRECTION('',(1.,0.,0.));
#7898 = DIRECTION('',(0.,-2.2E-16,-1.));
#7899 = ADVANCED_FACE('',(#7900),#7925,.T.);
#7900 = FACE_BOUND('',#7901,.T.);
#7901 = EDGE_LOOP('',(#7902,#7903,#7911,#7919));
#7902 = ORIENTED_EDGE('',*,*,#7863,.F.);
#7903 = ORIENTED_EDGE('',*,*,#7904,.F.);
#7904 = EDGE_CURVE('',#7905,#7864,#7907,.T.);
#7905 = VERTEX_POINT('',#7906);
#7906 = CARTESIAN_POINT('',(-28.9486,35.48,-2.2042));
#7907 = LINE('',#7908,#7909);
#7908 = CARTESIAN_POINT('',(-28.9486,35.48,-2.2042));
#7909 = VECTOR('',#7910,1.);
#7910 = DIRECTION('',(-1.,0.,0.));
#7911 = ORIENTED_EDGE('',*,*,#7912,.F.);
#7912 = EDGE_CURVE('',#7913,#7905,#7915,.T.);
#7913 = VERTEX_POINT('',#7914);
#7914 = CARTESIAN_POINT('',(-28.9486,35.48,-4.0958));
#7915 = LINE('',#7916,#7917);
#7916 = CARTESIAN_POINT('',(-28.9486,35.48,-4.3958));
#7917 = VECTOR('',#7918,1.);
#7918 = DIRECTION('',(0.,-2.2E-16,1.));
#7919 = ORIENTED_EDGE('',*,*,#7920,.F.);
#7920 = EDGE_CURVE('',#7866,#7913,#7921,.T.);
#7921 = LINE('',#7922,#7923);
#7922 = CARTESIAN_POINT('',(-29.7486,35.48,-4.0958));
#7923 = VECTOR('',#7924,1.);
#7924 = DIRECTION('',(1.,0.,0.));
#7925 = PLANE('',#7926);
#7926 = AXIS2_PLACEMENT_3D('',#7927,#7928,#7929);
#7927 = CARTESIAN_POINT('',(-29.3486,35.48,-3.15));
#7928 = DIRECTION('',(0.,1.,2.2E-16));
#7929 = DIRECTION('',(0.,-2.2E-16,1.));
#7930 = ADVANCED_FACE('',(#7931),#7956,.T.);
#7931 = FACE_BOUND('',#7932,.T.);
#7932 = EDGE_LOOP('',(#7933,#7941,#7942,#7950));
#7933 = ORIENTED_EDGE('',*,*,#7934,.F.);
#7934 = EDGE_CURVE('',#7864,#7935,#7937,.T.);
#7935 = VERTEX_POINT('',#7936);
#7936 = CARTESIAN_POINT('',(-29.4486,35.18,-1.9042));
#7937 = LINE('',#7938,#7939);
#7938 = CARTESIAN_POINT('',(-29.51526666666,35.246666666667,
    -1.970866666667));
#7939 = VECTOR('',#7940,1.);
#7940 = DIRECTION('',(0.57735026919,-0.57735026919,0.57735026919));
#7941 = ORIENTED_EDGE('',*,*,#7873,.T.);
#7942 = ORIENTED_EDGE('',*,*,#7943,.T.);
#7943 = EDGE_CURVE('',#7874,#7944,#7946,.T.);
#7944 = VERTEX_POINT('',#7945);
#7945 = CARTESIAN_POINT('',(-29.4486,-30.18,-1.9042));
#7946 = LINE('',#7947,#7948);
#7947 = CARTESIAN_POINT('',(-18.52193333333,-19.25333333333,
    9.022466666667));
#7948 = VECTOR('',#7949,1.);
#7949 = DIRECTION('',(0.57735026919,0.57735026919,0.57735026919));
#7950 = ORIENTED_EDGE('',*,*,#7951,.F.);
#7951 = EDGE_CURVE('',#7935,#7944,#7952,.T.);
#7952 = LINE('',#7953,#7954);
#7953 = CARTESIAN_POINT('',(-29.4486,35.48,-1.9042));
#7954 = VECTOR('',#7955,1.);
#7955 = DIRECTION('',(0.,-1.,2.2E-16));
#7956 = PLANE('',#7957);
#7957 = AXIS2_PLACEMENT_3D('',#7958,#7959,#7960);
#7958 = CARTESIAN_POINT('',(-29.5986,35.48,-2.0542));
#7959 = DIRECTION('',(-0.707106781187,1.6E-16,0.707106781187));
#7960 = DIRECTION('',(-3.137084989848E-18,-1.,2.231370849898E-16));
#7961 = ADVANCED_FACE('',(#7962),#7987,.T.);
#7962 = FACE_BOUND('',#7963,.F.);
#7963 = EDGE_LOOP('',(#7964,#7972,#7973,#7981));
#7964 = ORIENTED_EDGE('',*,*,#7965,.F.);
#7965 = EDGE_CURVE('',#7866,#7966,#7968,.T.);
#7966 = VERTEX_POINT('',#7967);
#7967 = CARTESIAN_POINT('',(-29.4486,35.18,-4.3958));
#7968 = LINE('',#7969,#7970);
#7969 = CARTESIAN_POINT('',(-29.6486,35.38,-4.1958));
#7970 = VECTOR('',#7971,1.);
#7971 = DIRECTION('',(0.57735026919,-0.57735026919,-0.57735026919));
#7972 = ORIENTED_EDGE('',*,*,#7889,.T.);
#7973 = ORIENTED_EDGE('',*,*,#7974,.T.);
#7974 = EDGE_CURVE('',#7882,#7975,#7977,.T.);
#7975 = VERTEX_POINT('',#7976);
#7976 = CARTESIAN_POINT('',(-29.4486,-30.18,-4.3958));
#7977 = LINE('',#7978,#7979);
#7978 = CARTESIAN_POINT('',(-18.65526666666,-19.38666666666,
    -15.18913333333));
#7979 = VECTOR('',#7980,1.);
#7980 = DIRECTION('',(0.57735026919,0.57735026919,-0.57735026919));
#7981 = ORIENTED_EDGE('',*,*,#7982,.F.);
#7982 = EDGE_CURVE('',#7966,#7975,#7983,.T.);
#7983 = LINE('',#7984,#7985);
#7984 = CARTESIAN_POINT('',(-29.4486,35.48,-4.3958));
#7985 = VECTOR('',#7986,1.);
#7986 = DIRECTION('',(0.,-1.,2.2E-16));
#7987 = PLANE('',#7988);
#7988 = AXIS2_PLACEMENT_3D('',#7989,#7990,#7991);
#7989 = CARTESIAN_POINT('',(-29.5986,35.48,-4.2458));
#7990 = DIRECTION('',(-0.707106781187,-1.6E-16,-0.707106781187));
#7991 = DIRECTION('',(-3.137084989848E-18,1.,-2.231370849898E-16));
#7992 = ADVANCED_FACE('',(#7993),#8018,.F.);
#7993 = FACE_BOUND('',#7994,.F.);
#7994 = EDGE_LOOP('',(#7995,#7996,#8004,#8012));
#7995 = ORIENTED_EDGE('',*,*,#7881,.F.);
#7996 = ORIENTED_EDGE('',*,*,#7997,.F.);
#7997 = EDGE_CURVE('',#7998,#7874,#8000,.T.);
#7998 = VERTEX_POINT('',#7999);
#7999 = CARTESIAN_POINT('',(-28.9486,-30.48,-2.2042));
#8000 = LINE('',#8001,#8002);
#8001 = CARTESIAN_POINT('',(-28.9486,-30.48,-2.2042));
#8002 = VECTOR('',#8003,1.);
#8003 = DIRECTION('',(-1.,0.,0.));
#8004 = ORIENTED_EDGE('',*,*,#8005,.F.);
#8005 = EDGE_CURVE('',#8006,#7998,#8008,.T.);
#8006 = VERTEX_POINT('',#8007);
#8007 = CARTESIAN_POINT('',(-28.9486,-30.48,-4.0958));
#8008 = LINE('',#8009,#8010);
#8009 = CARTESIAN_POINT('',(-28.9486,-30.48,-4.3958));
#8010 = VECTOR('',#8011,1.);
#8011 = DIRECTION('',(0.,-2.2E-16,1.));
#8012 = ORIENTED_EDGE('',*,*,#8013,.F.);
#8013 = EDGE_CURVE('',#7882,#8006,#8014,.T.);
#8014 = LINE('',#8015,#8016);
#8015 = CARTESIAN_POINT('',(-29.7486,-30.48,-4.0958));
#8016 = VECTOR('',#8017,1.);
#8017 = DIRECTION('',(1.,0.,0.));
#8018 = PLANE('',#8019);
#8019 = AXIS2_PLACEMENT_3D('',#8020,#8021,#8022);
#8020 = CARTESIAN_POINT('',(-29.3486,-30.48,-3.15));
#8021 = DIRECTION('',(0.,1.,2.2E-16));
#8022 = DIRECTION('',(0.,-2.2E-16,1.));
#8023 = ADVANCED_FACE('',(#8024),#8042,.F.);
#8024 = FACE_BOUND('',#8025,.F.);
#8025 = EDGE_LOOP('',(#8026,#8034,#8040,#8041));
#8026 = ORIENTED_EDGE('',*,*,#8027,.T.);
#8027 = EDGE_CURVE('',#7905,#8028,#8030,.T.);
#8028 = VERTEX_POINT('',#8029);
#8029 = CARTESIAN_POINT('',(-29.2486,35.18,-1.9042));
#8030 = LINE('',#8031,#8032);
#8031 = CARTESIAN_POINT('',(-29.0486,35.38,-2.1042));
#8032 = VECTOR('',#8033,1.);
#8033 = DIRECTION('',(-0.57735026919,-0.57735026919,0.57735026919));
#8034 = ORIENTED_EDGE('',*,*,#8035,.T.);
#8035 = EDGE_CURVE('',#8028,#7935,#8036,.T.);
#8036 = LINE('',#8037,#8038);
#8037 = CARTESIAN_POINT('',(-28.9486,35.18,-1.9042));
#8038 = VECTOR('',#8039,1.);
#8039 = DIRECTION('',(-1.,0.,0.));
#8040 = ORIENTED_EDGE('',*,*,#7934,.F.);
#8041 = ORIENTED_EDGE('',*,*,#7904,.F.);
#8042 = PLANE('',#8043);
#8043 = AXIS2_PLACEMENT_3D('',#8044,#8045,#8046);
#8044 = CARTESIAN_POINT('',(-28.9486,35.33,-2.0542));
#8045 = DIRECTION('',(0.,-0.707106781187,-0.707106781187));
#8046 = DIRECTION('',(-1.,-0.,0.));
#8047 = ADVANCED_FACE('',(#8048),#8066,.F.);
#8048 = FACE_BOUND('',#8049,.F.);
#8049 = EDGE_LOOP('',(#8050,#8051,#8059,#8065));
#8050 = ORIENTED_EDGE('',*,*,#7965,.T.);
#8051 = ORIENTED_EDGE('',*,*,#8052,.T.);
#8052 = EDGE_CURVE('',#7966,#8053,#8055,.T.);
#8053 = VERTEX_POINT('',#8054);
#8054 = CARTESIAN_POINT('',(-29.2486,35.18,-4.3958));
#8055 = LINE('',#8056,#8057);
#8056 = CARTESIAN_POINT('',(-29.7486,35.18,-4.3958));
#8057 = VECTOR('',#8058,1.);
#8058 = DIRECTION('',(1.,0.,0.));
#8059 = ORIENTED_EDGE('',*,*,#8060,.T.);
#8060 = EDGE_CURVE('',#8053,#7913,#8061,.T.);
#8061 = LINE('',#8062,#8063);
#8062 = CARTESIAN_POINT('',(-29.18193333333,35.246666666667,
    -4.329133333333));
#8063 = VECTOR('',#8064,1.);
#8064 = DIRECTION('',(0.57735026919,0.57735026919,0.57735026919));
#8065 = ORIENTED_EDGE('',*,*,#7920,.F.);
#8066 = PLANE('',#8067);
#8067 = AXIS2_PLACEMENT_3D('',#8068,#8069,#8070);
#8068 = CARTESIAN_POINT('',(-29.7486,35.33,-4.2458));
#8069 = DIRECTION('',(-0.,-0.707106781187,0.707106781187));
#8070 = DIRECTION('',(1.,0.,0.));
#8071 = ADVANCED_FACE('',(#8072),#8088,.F.);
#8072 = FACE_BOUND('',#8073,.F.);
#8073 = EDGE_LOOP('',(#8074,#8075,#8081,#8082));
#8074 = ORIENTED_EDGE('',*,*,#7912,.F.);
#8075 = ORIENTED_EDGE('',*,*,#8076,.T.);
#8076 = EDGE_CURVE('',#7913,#8006,#8077,.T.);
#8077 = LINE('',#8078,#8079);
#8078 = CARTESIAN_POINT('',(-28.9486,35.48,-4.0958));
#8079 = VECTOR('',#8080,1.);
#8080 = DIRECTION('',(0.,-1.,2.2E-16));
#8081 = ORIENTED_EDGE('',*,*,#8005,.T.);
#8082 = ORIENTED_EDGE('',*,*,#8083,.F.);
#8083 = EDGE_CURVE('',#7905,#7998,#8084,.T.);
#8084 = LINE('',#8085,#8086);
#8085 = CARTESIAN_POINT('',(-28.9486,35.48,-2.2042));
#8086 = VECTOR('',#8087,1.);
#8087 = DIRECTION('',(0.,-1.,2.2E-16));
#8088 = PLANE('',#8089);
#8089 = AXIS2_PLACEMENT_3D('',#8090,#8091,#8092);
#8090 = CARTESIAN_POINT('',(-28.9486,35.48,-4.3958));
#8091 = DIRECTION('',(-1.,0.,0.));
#8092 = DIRECTION('',(0.,2.2E-16,1.));
#8093 = ADVANCED_FACE('',(#8094),#8112,.F.);
#8094 = FACE_BOUND('',#8095,.F.);
#8095 = EDGE_LOOP('',(#8096,#8104,#8110,#8111));
#8096 = ORIENTED_EDGE('',*,*,#8097,.T.);
#8097 = EDGE_CURVE('',#8028,#8098,#8100,.T.);
#8098 = VERTEX_POINT('',#8099);
#8099 = CARTESIAN_POINT('',(-29.2486,-30.18,-1.9042));
#8100 = LINE('',#8101,#8102);
#8101 = CARTESIAN_POINT('',(-29.2486,35.48,-1.9042));
#8102 = VECTOR('',#8103,1.);
#8103 = DIRECTION('',(0.,-1.,2.2E-16));
#8104 = ORIENTED_EDGE('',*,*,#8105,.T.);
#8105 = EDGE_CURVE('',#8098,#7944,#8106,.T.);
#8106 = LINE('',#8107,#8108);
#8107 = CARTESIAN_POINT('',(-28.9486,-30.18,-1.9042));
#8108 = VECTOR('',#8109,1.);
#8109 = DIRECTION('',(-1.,0.,0.));
#8110 = ORIENTED_EDGE('',*,*,#7951,.F.);
#8111 = ORIENTED_EDGE('',*,*,#8035,.F.);
#8112 = PLANE('',#8113);
#8113 = AXIS2_PLACEMENT_3D('',#8114,#8115,#8116);
#8114 = CARTESIAN_POINT('',(-28.9486,35.48,-1.9042));
#8115 = DIRECTION('',(0.,-2.2E-16,-1.));
#8116 = DIRECTION('',(-1.,0.,0.));
#8117 = ADVANCED_FACE('',(#8118),#8129,.T.);
#8118 = FACE_BOUND('',#8119,.T.);
#8119 = EDGE_LOOP('',(#8120,#8126,#8127,#8128));
#8120 = ORIENTED_EDGE('',*,*,#8121,.T.);
#8121 = EDGE_CURVE('',#7998,#8098,#8122,.T.);
#8122 = LINE('',#8123,#8124);
#8123 = CARTESIAN_POINT('',(-40.04193333333,-19.38666666666,
    8.889133333333));
#8124 = VECTOR('',#8125,1.);
#8125 = DIRECTION('',(-0.57735026919,0.57735026919,0.57735026919));
#8126 = ORIENTED_EDGE('',*,*,#8105,.T.);
#8127 = ORIENTED_EDGE('',*,*,#7943,.F.);
#8128 = ORIENTED_EDGE('',*,*,#7997,.F.);
#8129 = PLANE('',#8130);
#8130 = AXIS2_PLACEMENT_3D('',#8131,#8132,#8133);
#8131 = CARTESIAN_POINT('',(-28.9486,-30.33,-2.0542));
#8132 = DIRECTION('',(-0.,-0.707106781187,0.707106781187));
#8133 = DIRECTION('',(-1.,0.,0.));
#8134 = ADVANCED_FACE('',(#8135),#8153,.F.);
#8135 = FACE_BOUND('',#8136,.F.);
#8136 = EDGE_LOOP('',(#8137,#8138,#8146,#8152));
#8137 = ORIENTED_EDGE('',*,*,#7982,.T.);
#8138 = ORIENTED_EDGE('',*,*,#8139,.T.);
#8139 = EDGE_CURVE('',#7975,#8140,#8142,.T.);
#8140 = VERTEX_POINT('',#8141);
#8141 = CARTESIAN_POINT('',(-29.2486,-30.18,-4.3958));
#8142 = LINE('',#8143,#8144);
#8143 = CARTESIAN_POINT('',(-29.7486,-30.18,-4.3958));
#8144 = VECTOR('',#8145,1.);
#8145 = DIRECTION('',(1.,0.,0.));
#8146 = ORIENTED_EDGE('',*,*,#8147,.F.);
#8147 = EDGE_CURVE('',#8053,#8140,#8148,.T.);
#8148 = LINE('',#8149,#8150);
#8149 = CARTESIAN_POINT('',(-29.2486,35.48,-4.3958));
#8150 = VECTOR('',#8151,1.);
#8151 = DIRECTION('',(0.,-1.,2.2E-16));
#8152 = ORIENTED_EDGE('',*,*,#8052,.F.);
#8153 = PLANE('',#8154);
#8154 = AXIS2_PLACEMENT_3D('',#8155,#8156,#8157);
#8155 = CARTESIAN_POINT('',(-29.7486,35.48,-4.3958));
#8156 = DIRECTION('',(0.,2.2E-16,1.));
#8157 = DIRECTION('',(1.,0.,0.));
#8158 = ADVANCED_FACE('',(#8159),#8170,.T.);
#8159 = FACE_BOUND('',#8160,.T.);
#8160 = EDGE_LOOP('',(#8161,#8162,#8163,#8169));
#8161 = ORIENTED_EDGE('',*,*,#7974,.T.);
#8162 = ORIENTED_EDGE('',*,*,#8139,.T.);
#8163 = ORIENTED_EDGE('',*,*,#8164,.T.);
#8164 = EDGE_CURVE('',#8140,#8006,#8165,.T.);
#8165 = LINE('',#8166,#8167);
#8166 = CARTESIAN_POINT('',(-40.17526666666,-19.25333333333,
    -15.32246666666));
#8167 = VECTOR('',#8168,1.);
#8168 = DIRECTION('',(0.57735026919,-0.57735026919,0.57735026919));
#8169 = ORIENTED_EDGE('',*,*,#8013,.F.);
#8170 = PLANE('',#8171);
#8171 = AXIS2_PLACEMENT_3D('',#8172,#8173,#8174);
#8172 = CARTESIAN_POINT('',(-29.7486,-30.33,-4.2458));
#8173 = DIRECTION('',(0.,-0.707106781187,-0.707106781187));
#8174 = DIRECTION('',(1.,0.,0.));
#8175 = ADVANCED_FACE('',(#8176),#8182,.T.);
#8176 = FACE_BOUND('',#8177,.F.);
#8177 = EDGE_LOOP('',(#8178,#8179,#8180,#8181));
#8178 = ORIENTED_EDGE('',*,*,#8027,.F.);
#8179 = ORIENTED_EDGE('',*,*,#8083,.T.);
#8180 = ORIENTED_EDGE('',*,*,#8121,.T.);
#8181 = ORIENTED_EDGE('',*,*,#8097,.F.);
#8182 = PLANE('',#8183);
#8183 = AXIS2_PLACEMENT_3D('',#8184,#8185,#8186);
#8184 = CARTESIAN_POINT('',(-29.0986,35.48,-2.0542));
#8185 = DIRECTION('',(0.707106781187,1.5E-16,0.707106781187));
#8186 = DIRECTION('',(3.933982822017E-18,1.,-2.16066017178E-16));
#8187 = ADVANCED_FACE('',(#8188),#8194,.T.);
#8188 = FACE_BOUND('',#8189,.F.);
#8189 = EDGE_LOOP('',(#8190,#8191,#8192,#8193));
#8190 = ORIENTED_EDGE('',*,*,#8060,.F.);
#8191 = ORIENTED_EDGE('',*,*,#8147,.T.);
#8192 = ORIENTED_EDGE('',*,*,#8164,.T.);
#8193 = ORIENTED_EDGE('',*,*,#8076,.F.);
#8194 = PLANE('',#8195);
#8195 = AXIS2_PLACEMENT_3D('',#8196,#8197,#8198);
#8196 = CARTESIAN_POINT('',(-29.0986,35.48,-4.2458));
#8197 = DIRECTION('',(0.707106781187,-1.5E-16,-0.707106781187));
#8198 = DIRECTION('',(-3.933982822017E-18,1.,-2.16066017178E-16));
#8199 = ( GEOMETRIC_REPRESENTATION_CONTEXT(3) 
GLOBAL_UNCERTAINTY_ASSIGNED_CONTEXT((#8203)) 
GLOBAL_UNIT_ASSIGNED_CONTEXT((#8200,#8201,#8202)) REPRESENTATION_CONTEXT
('Context #1','3D Context with UNIT and UNCERTAINTY') );
#8200 = ( LENGTH_UNIT() NAMED_UNIT(*) SI_UNIT(.MILLI.,.METRE.) );
#8201 = ( NAMED_UNIT(*) PLANE_ANGLE_UNIT() SI_UNIT($,.RADIAN.) );
#8202 = ( NAMED_UNIT(*) SI_UNIT($,.STERADIAN.) SOLID_ANGLE_UNIT() );
#8203 = UNCERTAINTY_MEASURE_WITH_UNIT(LENGTH_MEASURE(1.E-07),#8200,
  'distance_accuracy_value','confusion accuracy');
#8204 = CONTEXT_DEPENDENT_SHAPE_REPRESENTATION(#8205,#8207);
#8205 = ( REPRESENTATION_RELATIONSHIP('','',#7856,#10) 
REPRESENTATION_RELATIONSHIP_WITH_TRANSFORMATION(#8206) 
SHAPE_REPRESENTATION_RELATIONSHIP() );
#8206 = ITEM_DEFINED_TRANSFORMATION('','',#11,#31);
#8207 = PRODUCT_DEFINITION_SHAPE('Placement','Placement of an item',
  #8208);
#8208 = NEXT_ASSEMBLY_USAGE_OCCURRENCE('15','Body004','',#5,#7851,$);
#8209 = PRODUCT_RELATED_PRODUCT_CATEGORY('part',$,(#7853));
#8210 = MECHANICAL_DESIGN_GEOMETRIC_PRESENTATION_REPRESENTATION('',(
    #8211),#8199);
#8211 = STYLED_ITEM('color',(#8212),#7857);
#8212 = PRESENTATION_STYLE_ASSIGNMENT((#8213,#8219));
#8213 = SURFACE_STYLE_USAGE(.BOTH.,#8214);
#8214 = SURFACE_SIDE_STYLE('',(#8215));
#8215 = SURFACE_STYLE_FILL_AREA(#8216);
#8216 = FILL_AREA_STYLE('',(#8217));
#8217 = FILL_AREA_STYLE_COLOUR('',#8218);
#8218 = COLOUR_RGB('',0.800000010877,0.800000010877,0.800000010877);
#8219 = CURVE_STYLE('',#8220,POSITIVE_LENGTH_MEASURE(0.1),#8221);
#8220 = DRAUGHTING_PRE_DEFINED_CURVE_FONT('continuous');
#8221 = COLOUR_RGB('',9.803921802644E-02,9.803921802644E-02,
  9.803921802644E-02);
#8222 = MECHANICAL_DESIGN_GEOMETRIC_PRESENTATION_REPRESENTATION('',(
    #8223),#7838);
#8223 = STYLED_ITEM('color',(#8224),#7496);
#8224 = PRESENTATION_STYLE_ASSIGNMENT((#8225,#8230));
#8225 = SURFACE_STYLE_USAGE(.BOTH.,#8226);
#8226 = SURFACE_SIDE_STYLE('',(#8227));
#8227 = SURFACE_STYLE_FILL_AREA(#8228);
#8228 = FILL_AREA_STYLE('',(#8229));
#8229 = FILL_AREA_STYLE_COLOUR('',#8218);
#8230 = CURVE_STYLE('',#8231,POSITIVE_LENGTH_MEASURE(0.1),#8221);
#8231 = DRAUGHTING_PRE_DEFINED_CURVE_FONT('continuous');
#8232 = MECHANICAL_DESIGN_GEOMETRIC_PRESENTATION_REPRESENTATION('',(
    #8233),#6755);
#8233 = STYLED_ITEM('color',(#8234),#49);
#8234 = PRESENTATION_STYLE_ASSIGNMENT((#8235,#8240));
#8235 = SURFACE_STYLE_USAGE(.BOTH.,#8236);
#8236 = SURFACE_SIDE_STYLE('',(#8237));
#8237 = SURFACE_STYLE_FILL_AREA(#8238);
#8238 = FILL_AREA_STYLE('',(#8239));
#8239 = FILL_AREA_STYLE_COLOUR('',#8218);
#8240 = CURVE_STYLE('',#8241,POSITIVE_LENGTH_MEASURE(0.1),#8221);
#8241 = DRAUGHTING_PRE_DEFINED_CURVE_FONT('continuous');
#8242 = MECHANICAL_DESIGN_GEOMETRIC_PRESENTATION_REPRESENTATION('',(
    #8243),#7477);
#8243 = STYLED_ITEM('color',(#8244),#7135);
#8244 = PRESENTATION_STYLE_ASSIGNMENT((#8245,#8250));
#8245 = SURFACE_STYLE_USAGE(.BOTH.,#8246);
#8246 = SURFACE_SIDE_STYLE('',(#8247));
#8247 = SURFACE_STYLE_FILL_AREA(#8248);
#8248 = FILL_AREA_STYLE('',(#8249));
#8249 = FILL_AREA_STYLE_COLOUR('',#8218);
#8250 = CURVE_STYLE('',#8251,POSITIVE_LENGTH_MEASURE(0.1),#8221);
#8251 = DRAUGHTING_PRE_DEFINED_CURVE_FONT('continuous');
#8252 = MECHANICAL_DESIGN_GEOMETRIC_PRESENTATION_REPRESENTATION('',(
    #8253),#7116);
#8253 = STYLED_ITEM('color',(#8254),#6774);
#8254 = PRESENTATION_STYLE_ASSIGNMENT((#8255,#8260));
#8255 = SURFACE_STYLE_USAGE(.BOTH.,#8256);
#8256 = SURFACE_SIDE_STYLE('',(#8257));
#8257 = SURFACE_STYLE_FILL_AREA(#8258);
#8258 = FILL_AREA_STYLE('',(#8259));
#8259 = FILL_AREA_STYLE_COLOUR('',#8218);
#8260 = CURVE_STYLE('',#8261,POSITIVE_LENGTH_MEASURE(0.1),#8221);
#8261 = DRAUGHTING_PRE_DEFINED_CURVE_FONT('continuous');
ENDSEC;
END-ISO-10303-21;
