ISO-10303-21;
HEADER;
FILE_DESCRIPTION(('FreeCAD Model'),'2;1');
FILE_NAME('Open CASCADE Shape Model','2025-05-21T17:30:35',(''),(''),
  'Open CASCADE STEP processor 7.8','FreeCAD','Unknown');
FILE_SCHEMA(('AUTOMOTIVE_DESIGN { 1 0 10303 214 1 1 1 1 }'));
ENDSEC;
DATA;
#1 = APPLICATION_PROTOCOL_DEFINITION('international standard',
  'automotive_design',2000,#2);
#2 = APPLICATION_CONTEXT(
  'core data for automotive mechanical design processes');
#3 = SHAPE_DEFINITION_REPRESENTATION(#4,#10);
#4 = PRODUCT_DEFINITION_SHAPE('','',#5);
#5 = PRODUCT_DEFINITION('design','',#6,#9);
#6 = PRODUCT_DEFINITION_FORMATION('','',#7);
#7 = PRODUCT('Part','Part','',(#8));
#8 = PRODUCT_CONTEXT('',#2,'mechanical');
#9 = PRODUCT_DEFINITION_CONTEXT('part definition',#2,'design');
#10 = SHAPE_REPRESENTATION('',(#11,#15,#19,#23,#27,#31),#35);
#11 = AXIS2_PLACEMENT_3D('',#12,#13,#14);
#12 = CARTESIAN_POINT('',(0.,0.,0.));
#13 = DIRECTION('',(0.,0.,1.));
#14 = DIRECTION('',(1.,0.,-0.));
#15 = AXIS2_PLACEMENT_3D('',#16,#17,#18);
#16 = CARTESIAN_POINT('',(0.,0.,0.));
#17 = DIRECTION('',(0.,0.,1.));
#18 = DIRECTION('',(1.,0.,0.));
#19 = AXIS2_PLACEMENT_3D('',#20,#21,#22);
#20 = CARTESIAN_POINT('',(0.,0.,0.));
#21 = DIRECTION('',(0.,0.,1.));
#22 = DIRECTION('',(1.,0.,0.));
#23 = AXIS2_PLACEMENT_3D('',#24,#25,#26);
#24 = CARTESIAN_POINT('',(3.9,0.,0.));
#25 = DIRECTION('',(0.,0.,1.));
#26 = DIRECTION('',(1.,0.,0.));
#27 = AXIS2_PLACEMENT_3D('',#28,#29,#30);
#28 = CARTESIAN_POINT('',(122.25,0.,0.));
#29 = DIRECTION('',(0.,0.,1.));
#30 = DIRECTION('',(1.,0.,0.));
#31 = AXIS2_PLACEMENT_3D('',#32,#33,#34);
#32 = CARTESIAN_POINT('',(92.6,0.,0.));
#33 = DIRECTION('',(0.,0.,1.));
#34 = DIRECTION('',(1.,0.,0.));
#35 = ( GEOMETRIC_REPRESENTATION_CONTEXT(3) 
GLOBAL_UNCERTAINTY_ASSIGNED_CONTEXT((#39)) GLOBAL_UNIT_ASSIGNED_CONTEXT(
(#36,#37,#38)) REPRESENTATION_CONTEXT('Context #1',
  '3D Context with UNIT and UNCERTAINTY') );
#36 = ( LENGTH_UNIT() NAMED_UNIT(*) SI_UNIT(.MILLI.,.METRE.) );
#37 = ( NAMED_UNIT(*) PLANE_ANGLE_UNIT() SI_UNIT($,.RADIAN.) );
#38 = ( NAMED_UNIT(*) SI_UNIT($,.STERADIAN.) SOLID_ANGLE_UNIT() );
#39 = UNCERTAINTY_MEASURE_WITH_UNIT(LENGTH_MEASURE(5.E-05),#36,
  'distance_accuracy_value','confusion accuracy');
#40 = PRODUCT_RELATED_PRODUCT_CATEGORY('part',$,(#7));
#41 = SHAPE_DEFINITION_REPRESENTATION(#42,#48);
#42 = PRODUCT_DEFINITION_SHAPE('','',#43);
#43 = PRODUCT_DEFINITION('design','',#44,#47);
#44 = PRODUCT_DEFINITION_FORMATION('','',#45);
#45 = PRODUCT('Body','Body','',(#46));
#46 = PRODUCT_CONTEXT('',#2,'mechanical');
#47 = PRODUCT_DEFINITION_CONTEXT('part definition',#2,'design');
#48 = ADVANCED_BREP_SHAPE_REPRESENTATION('',(#11,#49),#7937);
#49 = MANIFOLD_SOLID_BREP('',#50);
#50 = CLOSED_SHELL('',(#51,#120,#335,#359,#383,#408,#433,#450,#475,#552,
    #905,#986,#1010,#1063,#1152,#1216,#1276,#1306,#1330,#1360,#1413,
    #1450,#1474,#1531,#1584,#1609,#1634,#1651,#1675,#1694,#1768,#1785,
    #1797,#1943,#1968,#2130,#2147,#2220,#2262,#2293,#2342,#2408,#2439,
    #2537,#2667,#2684,#2737,#2761,#2807,#2887,#2920,#2952,#3026,#3038,
    #3082,#3106,#3123,#3167,#3264,#3289,#3306,#3331,#3508,#3719,#3736,
    #3756,#3773,#3790,#3815,#3840,#3865,#3953,#3971,#4002,#4027,#4052,
    #4069,#4287,#4312,#4525,#4642,#4715,#4741,#4753,#4778,#4795,#4826,
    #4842,#4873,#4897,#4921,#4938,#4970,#4994,#5034,#5058,#5098,#5122,
    #5146,#5179,#5203,#5227,#5259,#5283,#5307,#5331,#5363,#5380,#5404,
    #5444,#5468,#5501,#5536,#5576,#5609,#5718,#5742,#5816,#5840,#5866,
    #5890,#5925,#5959,#5985,#6002,#6019,#6043,#6055,#6080,#6105,#6130,
    #6155,#6237,#6301,#6320,#6332,#6344,#6444,#6468,#6492,#6613,#6625,
    #6642,#6654,#6666,#6683,#6695,#6707,#6716,#6725,#6734,#6743,#6775,
    #6799,#6824,#6848,#6873,#6897,#6922,#6939,#7004,#7022,#7040,#7052,
    #7085,#7118,#7150,#7162,#7195,#7220,#7252,#7276,#7301,#7325,#7350,
    #7374,#7399,#7416,#7460,#7490,#7514,#7551,#7582,#7593,#7604,#7651,
    #7668,#7685,#7702,#7754,#7788,#7809,#7831,#7848,#7882,#7899,#7911,
    #7925));
#51 = ADVANCED_FACE('',(#52,#104),#115,.T.);
#52 = FACE_BOUND('',#53,.T.);
#53 = EDGE_LOOP('',(#54,#64,#72,#81,#89,#98));
#54 = ORIENTED_EDGE('',*,*,#55,.T.);
#55 = EDGE_CURVE('',#56,#58,#60,.T.);
#56 = VERTEX_POINT('',#57);
#57 = CARTESIAN_POINT('',(-70.35529685971,-88.,-5.));
#58 = VERTEX_POINT('',#59);
#59 = CARTESIAN_POINT('',(-70.35529685971,-77.,-5.));
#60 = LINE('',#61,#62);
#61 = CARTESIAN_POINT('',(-70.35529685971,3.046E-14,-5.));
#62 = VECTOR('',#63,1.);
#63 = DIRECTION('',(-2.E-17,1.,0.));
#64 = ORIENTED_EDGE('',*,*,#65,.T.);
#65 = EDGE_CURVE('',#58,#66,#68,.T.);
#66 = VERTEX_POINT('',#67);
#67 = CARTESIAN_POINT('',(-108.5,-77.,-5.));
#68 = LINE('',#69,#70);
#69 = CARTESIAN_POINT('',(-70.35529685971,-77.,-5.));
#70 = VECTOR('',#71,1.);
#71 = DIRECTION('',(-1.,0.,0.));
#72 = ORIENTED_EDGE('',*,*,#73,.T.);
#73 = EDGE_CURVE('',#66,#74,#76,.T.);
#74 = VERTEX_POINT('',#75);
#75 = CARTESIAN_POINT('',(-110.5,-79.,-5.));
#76 = CIRCLE('',#77,2.);
#77 = AXIS2_PLACEMENT_3D('',#78,#79,#80);
#78 = CARTESIAN_POINT('',(-108.5,-79.,-5.));
#79 = DIRECTION('',(0.,-0.,1.));
#80 = DIRECTION('',(0.,1.,0.));
#81 = ORIENTED_EDGE('',*,*,#82,.T.);
#82 = EDGE_CURVE('',#74,#83,#85,.T.);
#83 = VERTEX_POINT('',#84);
#84 = CARTESIAN_POINT('',(-110.5,-86.,-5.));
#85 = LINE('',#86,#87);
#86 = CARTESIAN_POINT('',(-110.5,-79.,-5.));
#87 = VECTOR('',#88,1.);
#88 = DIRECTION('',(0.,-1.,0.));
#89 = ORIENTED_EDGE('',*,*,#90,.T.);
#90 = EDGE_CURVE('',#83,#91,#93,.T.);
#91 = VERTEX_POINT('',#92);
#92 = CARTESIAN_POINT('',(-108.5,-88.,-5.));
#93 = CIRCLE('',#94,2.);
#94 = AXIS2_PLACEMENT_3D('',#95,#96,#97);
#95 = CARTESIAN_POINT('',(-108.5,-86.,-5.));
#96 = DIRECTION('',(0.,0.,1.));
#97 = DIRECTION('',(-1.,-0.,0.));
#98 = ORIENTED_EDGE('',*,*,#99,.T.);
#99 = EDGE_CURVE('',#91,#56,#100,.T.);
#100 = LINE('',#101,#102);
#101 = CARTESIAN_POINT('',(-108.5,-88.,-5.));
#102 = VECTOR('',#103,1.);
#103 = DIRECTION('',(1.,0.,0.));
#104 = FACE_BOUND('',#105,.T.);
#105 = EDGE_LOOP('',(#106));
#106 = ORIENTED_EDGE('',*,*,#107,.F.);
#107 = EDGE_CURVE('',#108,#108,#110,.T.);
#108 = VERTEX_POINT('',#109);
#109 = CARTESIAN_POINT('',(-104.275,-82.5,-5.));
#110 = CIRCLE('',#111,3.775);
#111 = AXIS2_PLACEMENT_3D('',#112,#113,#114);
#112 = CARTESIAN_POINT('',(-100.5,-82.5,-5.));
#113 = DIRECTION('',(0.,0.,1.));
#114 = DIRECTION('',(-1.,0.,0.));
#115 = PLANE('',#116);
#116 = AXIS2_PLACEMENT_3D('',#117,#118,#119);
#117 = CARTESIAN_POINT('',(-90.5,2.695E-14,-5.));
#118 = DIRECTION('',(0.,-2.2E-16,1.));
#119 = DIRECTION('',(1.,0.,0.));
#120 = ADVANCED_FACE('',(#121),#330,.T.);
#121 = FACE_BOUND('',#122,.T.);
#122 = EDGE_LOOP('',(#123,#133,#139,#140,#148,#156,#164,#179,#187,#195,
    #203,#218,#226,#234,#242,#250,#258,#266,#274,#297,#305,#324));
#123 = ORIENTED_EDGE('',*,*,#124,.F.);
#124 = EDGE_CURVE('',#125,#127,#129,.T.);
#125 = VERTEX_POINT('',#126);
#126 = CARTESIAN_POINT('',(-70.46285644101,-76.,-6.));
#127 = VERTEX_POINT('',#128);
#128 = CARTESIAN_POINT('',(-70.92124170731,-76.,-10.26168697183));
#129 = LINE('',#130,#131);
#130 = CARTESIAN_POINT('',(-70.89283437302,-76.,-9.997579079709));
#131 = VECTOR('',#132,1.);
#132 = DIRECTION('',(-0.106942746501,0.,-0.994265180407));
#133 = ORIENTED_EDGE('',*,*,#134,.F.);
#134 = EDGE_CURVE('',#58,#125,#135,.T.);
#135 = LINE('',#136,#137);
#136 = CARTESIAN_POINT('',(-72.71341996238,-55.07612232897,
    -26.92387767103));
#137 = VECTOR('',#138,1.);
#138 = DIRECTION('',(-7.583708458552E-02,0.70507047045,-0.70507047045));
#139 = ORIENTED_EDGE('',*,*,#55,.F.);
#140 = ORIENTED_EDGE('',*,*,#141,.T.);
#141 = EDGE_CURVE('',#56,#142,#144,.T.);
#142 = VERTEX_POINT('',#143);
#143 = CARTESIAN_POINT('',(-70.46285644101,-89.,-6.));
#144 = LINE('',#145,#146);
#145 = CARTESIAN_POINT('',(-68.41179474512,-69.93092524926,
    13.069074750736));
#146 = VECTOR('',#147,1.);
#147 = DIRECTION('',(-7.583708458552E-02,-0.70507047045,-0.70507047045)
  );
#148 = ORIENTED_EDGE('',*,*,#149,.F.);
#149 = EDGE_CURVE('',#150,#142,#152,.T.);
#150 = VERTEX_POINT('',#151);
#151 = CARTESIAN_POINT('',(-70.92124170731,-89.,-10.26168697183));
#152 = LINE('',#153,#154);
#153 = CARTESIAN_POINT('',(-71.13300614463,-89.,-12.23049751172));
#154 = VECTOR('',#155,1.);
#155 = DIRECTION('',(0.106942746501,0.,0.994265180407));
#156 = ORIENTED_EDGE('',*,*,#157,.F.);
#157 = EDGE_CURVE('',#158,#150,#160,.T.);
#158 = VERTEX_POINT('',#159);
#159 = CARTESIAN_POINT('',(-70.92124170731,-106.9930557935,
    -10.26168697183));
#160 = LINE('',#161,#162);
#161 = CARTESIAN_POINT('',(-70.92124170731,-111.78729271,-10.26168697183
    ));
#162 = VECTOR('',#163,1.);
#163 = DIRECTION('',(0.,1.,-2.2E-16));
#164 = ORIENTED_EDGE('',*,*,#165,.T.);
#165 = EDGE_CURVE('',#158,#166,#168,.T.);
#166 = VERTEX_POINT('',#167);
#167 = CARTESIAN_POINT('',(-70.79793187151,-106.9438603081,
    -9.115254136047));
#168 = ( BOUNDED_CURVE() B_SPLINE_CURVE(9,(#169,#170,#171,#172,#173,#174
    ,#175,#176,#177,#178),.UNSPECIFIED.,.F.,.F.) 
B_SPLINE_CURVE_WITH_KNOTS((10,10),(46.941141977974,48.109583137261),
.PIECEWISE_BEZIER_KNOTS.) CURVE() GEOMETRIC_REPRESENTATION_ITEM() 
RATIONAL_B_SPLINE_CURVE((1.,1.,1.,1.,1.,1.,1.,1.,1.,1.)) 
REPRESENTATION_ITEM('') );
#169 = CARTESIAN_POINT('',(-70.92124170731,-106.9930557935,
    -10.26168697183));
#170 = CARTESIAN_POINT('',(-70.90778431423,-106.9880279151,
    -10.13657126465));
#171 = CARTESIAN_POINT('',(-70.89431199009,-106.9829121135,
    -10.01131674077));
#172 = CARTESIAN_POINT('',(-70.88082786029,-106.9777046919,
    -9.88595245771));
#173 = CARTESIAN_POINT('',(-70.86711839152,-106.9723287985,
    -9.758493159285));
#174 = CARTESIAN_POINT('',(-70.85300342725,-106.9666756586,
    -9.627263899147));
#175 = CARTESIAN_POINT('',(-70.83912406011,-106.9610584348,
    -9.498225026286));
#176 = CARTESIAN_POINT('',(-70.82530907345,-106.955372139,
    -9.369784709774));
#177 = CARTESIAN_POINT('',(-70.811706209,-106.9496950296,-9.243316530193
    ));
#178 = CARTESIAN_POINT('',(-70.79793187151,-106.9438603081,
    -9.115254136047));
#179 = ORIENTED_EDGE('',*,*,#180,.T.);
#180 = EDGE_CURVE('',#166,#181,#183,.T.);
#181 = VERTEX_POINT('',#182);
#182 = CARTESIAN_POINT('',(-69.762485493,-106.5052518285,0.511469639185)
  );
#183 = LINE('',#184,#185);
#184 = CARTESIAN_POINT('',(-70.89127246736,-106.983398789,
    -9.983057773148));
#185 = VECTOR('',#186,1.);
#186 = DIRECTION('',(0.106833185741,4.525385586769E-02,0.993246575103));
#187 = ORIENTED_EDGE('',*,*,#188,.F.);
#188 = EDGE_CURVE('',#189,#181,#191,.T.);
#189 = VERTEX_POINT('',#190);
#190 = CARTESIAN_POINT('',(-69.762485493,106.50525182851,0.511469639185)
  );
#191 = LINE('',#192,#193);
#192 = CARTESIAN_POINT('',(-69.762485493,106.4146512983,0.511469639185)
  );
#193 = VECTOR('',#194,1.);
#194 = DIRECTION('',(0.,-1.,2.2E-16));
#195 = ORIENTED_EDGE('',*,*,#196,.F.);
#196 = EDGE_CURVE('',#197,#189,#199,.T.);
#197 = VERTEX_POINT('',#198);
#198 = CARTESIAN_POINT('',(-70.79793187151,106.94386030814,
    -9.115254136048));
#199 = LINE('',#200,#201);
#200 = CARTESIAN_POINT('',(-70.89127246736,106.98339878902,
    -9.983057773149));
#201 = VECTOR('',#202,1.);
#202 = DIRECTION('',(0.106833185741,-4.525385586769E-02,0.993246575103)
  );
#203 = ORIENTED_EDGE('',*,*,#204,.F.);
#204 = EDGE_CURVE('',#205,#197,#207,.T.);
#205 = VERTEX_POINT('',#206);
#206 = CARTESIAN_POINT('',(-70.92124170731,106.99305579358,
    -10.26168697183));
#207 = ( BOUNDED_CURVE() B_SPLINE_CURVE(9,(#208,#209,#210,#211,#212,#213
    ,#214,#215,#216,#217),.UNSPECIFIED.,.F.,.F.) 
B_SPLINE_CURVE_WITH_KNOTS((10,10),(46.941142312295,48.109583137199),
.PIECEWISE_BEZIER_KNOTS.) CURVE() GEOMETRIC_REPRESENTATION_ITEM() 
RATIONAL_B_SPLINE_CURVE((1.,1.,1.,1.,1.,1.,1.,1.,1.,1.)) 
REPRESENTATION_ITEM('') );
#208 = CARTESIAN_POINT('',(-70.92124170731,106.99305579358,
    -10.26168697183));
#209 = CARTESIAN_POINT('',(-70.90778431421,106.98802791509,
    -10.13657126447));
#210 = CARTESIAN_POINT('',(-70.89431199006,106.9829121135,
    -10.01131674053));
#211 = CARTESIAN_POINT('',(-70.88082786031,106.97770469198,
    -9.885952457876));
#212 = CARTESIAN_POINT('',(-70.86711839153,106.9723287985,
    -9.758493159358));
#213 = CARTESIAN_POINT('',(-70.85300342725,106.96667565864,
    -9.627263899126));
#214 = CARTESIAN_POINT('',(-70.83912406009,106.96105843484,
    -9.498225026093));
#215 = CARTESIAN_POINT('',(-70.82530907343,106.95537213908,
    -9.369784709599));
#216 = CARTESIAN_POINT('',(-70.811706209,106.94969502962,-9.24331653018)
  );
#217 = CARTESIAN_POINT('',(-70.79793187151,106.94386030814,
    -9.115254136048));
#218 = ORIENTED_EDGE('',*,*,#219,.F.);
#219 = EDGE_CURVE('',#220,#205,#222,.T.);
#220 = VERTEX_POINT('',#221);
#221 = CARTESIAN_POINT('',(-70.92124170731,89.,-10.26168697183));
#222 = LINE('',#223,#224);
#223 = CARTESIAN_POINT('',(-70.92124170731,-111.78729271,-10.26168697183
    ));
#224 = VECTOR('',#225,1.);
#225 = DIRECTION('',(0.,1.,-2.2E-16));
#226 = ORIENTED_EDGE('',*,*,#227,.F.);
#227 = EDGE_CURVE('',#228,#220,#230,.T.);
#228 = VERTEX_POINT('',#229);
#229 = CARTESIAN_POINT('',(-70.46285644101,89.,-6.));
#230 = LINE('',#231,#232);
#231 = CARTESIAN_POINT('',(-70.89283437302,89.,-9.997579079709));
#232 = VECTOR('',#233,1.);
#233 = DIRECTION('',(-0.106942746501,0.,-0.994265180407));
#234 = ORIENTED_EDGE('',*,*,#235,.F.);
#235 = EDGE_CURVE('',#236,#228,#238,.T.);
#236 = VERTEX_POINT('',#237);
#237 = CARTESIAN_POINT('',(-70.35529685971,88.,-5.));
#238 = LINE('',#239,#240);
#239 = CARTESIAN_POINT('',(-68.30210462762,68.911117286216,
    14.088882713784));
#240 = VECTOR('',#241,1.);
#241 = DIRECTION('',(-7.583708458552E-02,0.70507047045,-0.70507047045));
#242 = ORIENTED_EDGE('',*,*,#243,.F.);
#243 = EDGE_CURVE('',#244,#236,#246,.T.);
#244 = VERTEX_POINT('',#245);
#245 = CARTESIAN_POINT('',(-70.35529685971,77.,-5.));
#246 = LINE('',#247,#248);
#247 = CARTESIAN_POINT('',(-70.35529685971,3.046E-14,-5.));
#248 = VECTOR('',#249,1.);
#249 = DIRECTION('',(-2.E-17,1.,0.));
#250 = ORIENTED_EDGE('',*,*,#251,.T.);
#251 = EDGE_CURVE('',#244,#252,#254,.T.);
#252 = VERTEX_POINT('',#253);
#253 = CARTESIAN_POINT('',(-70.46285644101,76.,-6.));
#254 = LINE('',#255,#256);
#255 = CARTESIAN_POINT('',(-72.82311007989,54.056314365922,
    -27.94368563407));
#256 = VECTOR('',#257,1.);
#257 = DIRECTION('',(-7.583708458552E-02,-0.70507047045,-0.70507047045)
  );
#258 = ORIENTED_EDGE('',*,*,#259,.F.);
#259 = EDGE_CURVE('',#260,#252,#262,.T.);
#260 = VERTEX_POINT('',#261);
#261 = CARTESIAN_POINT('',(-70.92124170731,76.,-10.26168697183));
#262 = LINE('',#263,#264);
#263 = CARTESIAN_POINT('',(-71.13300614463,76.,-12.23049751172));
#264 = VECTOR('',#265,1.);
#265 = DIRECTION('',(0.106942746501,0.,0.994265180407));
#266 = ORIENTED_EDGE('',*,*,#267,.F.);
#267 = EDGE_CURVE('',#268,#260,#270,.T.);
#268 = VERTEX_POINT('',#269);
#269 = CARTESIAN_POINT('',(-70.92124170731,5.854537598274,
    -10.26168697183));
#270 = LINE('',#271,#272);
#271 = CARTESIAN_POINT('',(-70.92124170731,-111.78729271,-10.26168697183
    ));
#272 = VECTOR('',#273,1.);
#273 = DIRECTION('',(0.,1.,-2.2E-16));
#274 = ORIENTED_EDGE('',*,*,#275,.T.);
#275 = EDGE_CURVE('',#268,#276,#278,.T.);
#276 = VERTEX_POINT('',#277);
#277 = CARTESIAN_POINT('',(-70.65497016953,1.000000000012,
    -7.786114506997));
#278 = ( BOUNDED_CURVE() B_SPLINE_CURVE(9,(#279,#280,#281,#282,#283,#284
    ,#285,#286,#287,#288,#289,#290,#291,#292,#293,#294,#295,#296),
.UNSPECIFIED.,.F.,.F.) B_SPLINE_CURVE_WITH_KNOTS((10,8,10),(
10.644549686728,12.6190621018,14.593574516872),.UNSPECIFIED.) CURVE() 
GEOMETRIC_REPRESENTATION_ITEM() RATIONAL_B_SPLINE_CURVE((1.,1.,1.,1.,1.,
1.,1.,1.,1.,1.,1.,1.,1.,1.,1.,1.,1.,1.)) REPRESENTATION_ITEM('') );
#279 = CARTESIAN_POINT('',(-70.92124170731,5.854537598274,
    -10.26168697183));
#280 = CARTESIAN_POINT('',(-70.89116211367,5.651536396255,
    -9.982031795763));
#281 = CARTESIAN_POINT('',(-70.86307942112,5.43435105968,-9.720942154025
    ));
#282 = CARTESIAN_POINT('',(-70.8369839246,5.204790221838,-9.478327816885
    ));
#283 = CARTESIAN_POINT('',(-70.81286049292,4.964378539117,
    -9.254048107044));
#284 = CARTESIAN_POINT('',(-70.79069203439,4.714523466418,
    -9.047944120238));
#285 = CARTESIAN_POINT('',(-70.77046029816,4.456577919357,
    -8.859846174967));
#286 = CARTESIAN_POINT('',(-70.75214401109,4.191798823256,
    -8.689556491336));
#287 = CARTESIAN_POINT('',(-70.73571435041,3.921201548929,
    -8.536807099035));
#288 = CARTESIAN_POINT('',(-70.70654115349,3.369418921578,
    -8.265578849826));
#289 = CARTESIAN_POINT('',(-70.69379859226,3.088343429145,
    -8.147109057797));
#290 = CARTESIAN_POINT('',(-70.68286110037,2.801659188129,
    -8.045421307097));
#291 = CARTESIAN_POINT('',(-70.67373374987,2.513947579501,
    -7.960562753401));
#292 = CARTESIAN_POINT('',(-70.66611571827,2.21201169626,-7.889736598196
    ));
#293 = CARTESIAN_POINT('',(-70.66061027233,1.912585483744,
    -7.838551516692));
#294 = CARTESIAN_POINT('',(-70.65683643285,1.608940567182,
    -7.803465479402));
#295 = CARTESIAN_POINT('',(-70.65497016953,1.304491224595,
    -7.786114506998));
#296 = CARTESIAN_POINT('',(-70.65497016953,1.000000000012,
    -7.786114506997));
#297 = ORIENTED_EDGE('',*,*,#298,.T.);
#298 = EDGE_CURVE('',#276,#299,#301,.T.);
#299 = VERTEX_POINT('',#300);
#300 = CARTESIAN_POINT('',(-70.65497016953,-1.,-7.786114506997));
#301 = LINE('',#302,#303);
#302 = CARTESIAN_POINT('',(-70.65497016953,1.,-7.786114506997));
#303 = VECTOR('',#304,1.);
#304 = DIRECTION('',(2.E-17,-1.,0.));
#305 = ORIENTED_EDGE('',*,*,#306,.T.);
#306 = EDGE_CURVE('',#299,#307,#309,.T.);
#307 = VERTEX_POINT('',#308);
#308 = CARTESIAN_POINT('',(-70.92124170731,-5.854539450435,
    -10.26168697183));
#309 = ( BOUNDED_CURVE() B_SPLINE_CURVE(7,(#310,#311,#312,#313,#314,#315
    ,#316,#317,#318,#319,#320,#321,#322,#323),.UNSPECIFIED.,.F.,.F.) 
B_SPLINE_CURVE_WITH_KNOTS((8,6,8),(16.59357451694,18.232165151025,
20.551009892997),.UNSPECIFIED.) CURVE() GEOMETRIC_REPRESENTATION_ITEM() 
RATIONAL_B_SPLINE_CURVE((1.,1.,1.,1.,1.,1.,1.,1.,1.,1.,1.,1.,1.,1.)) 
REPRESENTATION_ITEM('') );
#310 = CARTESIAN_POINT('',(-70.65497016953,-1.000000000067,
    -7.786114506997));
#311 = CARTESIAN_POINT('',(-70.65497016953,-1.324208413665,
    -7.786114507001));
#312 = CARTESIAN_POINT('',(-70.65717287174,-1.648489628025,
    -7.806593409794));
#313 = CARTESIAN_POINT('',(-70.6615605321,-1.970737671701,
    -7.847386245831));
#314 = CARTESIAN_POINT('',(-70.66816510385,-2.290768115574,
    -7.908790089841));
#315 = CARTESIAN_POINT('',(-70.67686706607,-2.604505019073,
    -7.989693735175));
#316 = CARTESIAN_POINT('',(-70.68768004343,-2.912790151234,
    -8.090223852784));
#317 = CARTESIAN_POINT('',(-70.71867798509,-3.638397150039,
    -8.378417068897));
#318 = CARTESIAN_POINT('',(-70.74115204515,-4.054193347015,
    -8.587362285973));
#319 = CARTESIAN_POINT('',(-70.76795425719,-4.456238947767,
    -8.836547079335));
#320 = CARTESIAN_POINT('',(-70.79934529048,-4.84391670524,
    -9.128394936292));
#321 = CARTESIAN_POINT('',(-70.83530414635,-5.209410029527,
    -9.462710628426));
#322 = CARTESIAN_POINT('',(-70.87592238608,-5.548684629268,
    -9.840345416892));
#323 = CARTESIAN_POINT('',(-70.92124170731,-5.854539450435,
    -10.26168697183));
#324 = ORIENTED_EDGE('',*,*,#325,.F.);
#325 = EDGE_CURVE('',#127,#307,#326,.T.);
#326 = LINE('',#327,#328);
#327 = CARTESIAN_POINT('',(-70.92124170731,-111.78729271,-10.26168697183
    ));
#328 = VECTOR('',#329,1.);
#329 = DIRECTION('',(0.,1.,-2.2E-16));
#330 = PLANE('',#331);
#331 = AXIS2_PLACEMENT_3D('',#332,#333,#334);
#332 = CARTESIAN_POINT('',(-71.44015370356,3.457E-14,-15.08610140336));
#333 = DIRECTION('',(-0.994265180407,-2.E-17,0.106942746501));
#334 = DIRECTION('',(-0.106942746501,2.2E-16,-0.994265180407));
#335 = ADVANCED_FACE('',(#336),#354,.T.);
#336 = FACE_BOUND('',#337,.F.);
#337 = EDGE_LOOP('',(#338,#346,#347,#348));
#338 = ORIENTED_EDGE('',*,*,#339,.F.);
#339 = EDGE_CURVE('',#91,#340,#342,.T.);
#340 = VERTEX_POINT('',#341);
#341 = CARTESIAN_POINT('',(-108.5,-89.,-6.));
#342 = LINE('',#343,#344);
#343 = CARTESIAN_POINT('',(-108.5,-89.,-6.));
#344 = VECTOR('',#345,1.);
#345 = DIRECTION('',(-4.E-17,-0.707106781187,-0.707106781187));
#346 = ORIENTED_EDGE('',*,*,#99,.T.);
#347 = ORIENTED_EDGE('',*,*,#141,.T.);
#348 = ORIENTED_EDGE('',*,*,#349,.F.);
#349 = EDGE_CURVE('',#340,#142,#350,.T.);
#350 = LINE('',#351,#352);
#351 = CARTESIAN_POINT('',(-108.5,-89.,-6.));
#352 = VECTOR('',#353,1.);
#353 = DIRECTION('',(1.,0.,0.));
#354 = PLANE('',#355);
#355 = AXIS2_PLACEMENT_3D('',#356,#357,#358);
#356 = CARTESIAN_POINT('',(-108.5,-88.5,-5.5));
#357 = DIRECTION('',(0.,-0.707106781187,0.707106781187));
#358 = DIRECTION('',(-1.,-0.,-0.));
#359 = ADVANCED_FACE('',(#360),#378,.T.);
#360 = FACE_BOUND('',#361,.F.);
#361 = EDGE_LOOP('',(#362,#363,#364,#372));
#362 = ORIENTED_EDGE('',*,*,#134,.F.);
#363 = ORIENTED_EDGE('',*,*,#65,.T.);
#364 = ORIENTED_EDGE('',*,*,#365,.T.);
#365 = EDGE_CURVE('',#66,#366,#368,.T.);
#366 = VERTEX_POINT('',#367);
#367 = CARTESIAN_POINT('',(-108.5,-76.,-6.));
#368 = LINE('',#369,#370);
#369 = CARTESIAN_POINT('',(-108.5,-76.5,-5.5));
#370 = VECTOR('',#371,1.);
#371 = DIRECTION('',(-0.,0.707106781187,-0.707106781187));
#372 = ORIENTED_EDGE('',*,*,#373,.F.);
#373 = EDGE_CURVE('',#125,#366,#374,.T.);
#374 = LINE('',#375,#376);
#375 = CARTESIAN_POINT('',(-70.35529685971,-76.,-6.));
#376 = VECTOR('',#377,1.);
#377 = DIRECTION('',(-1.,0.,0.));
#378 = PLANE('',#379);
#379 = AXIS2_PLACEMENT_3D('',#380,#381,#382);
#380 = CARTESIAN_POINT('',(-70.35529685971,-76.5,-5.5));
#381 = DIRECTION('',(0.,0.707106781187,0.707106781187));
#382 = DIRECTION('',(1.,-0.,-0.));
#383 = ADVANCED_FACE('',(#384),#403,.T.);
#384 = FACE_BOUND('',#385,.F.);
#385 = EDGE_LOOP('',(#386,#394,#395,#396));
#386 = ORIENTED_EDGE('',*,*,#387,.F.);
#387 = EDGE_CURVE('',#83,#388,#390,.T.);
#388 = VERTEX_POINT('',#389);
#389 = CARTESIAN_POINT('',(-111.5,-86.,-6.));
#390 = LINE('',#391,#392);
#391 = CARTESIAN_POINT('',(-111.,-86.,-5.5));
#392 = VECTOR('',#393,1.);
#393 = DIRECTION('',(-0.707106781187,0.,-0.707106781187));
#394 = ORIENTED_EDGE('',*,*,#90,.T.);
#395 = ORIENTED_EDGE('',*,*,#339,.T.);
#396 = ORIENTED_EDGE('',*,*,#397,.F.);
#397 = EDGE_CURVE('',#388,#340,#398,.T.);
#398 = CIRCLE('',#399,3.);
#399 = AXIS2_PLACEMENT_3D('',#400,#401,#402);
#400 = CARTESIAN_POINT('',(-108.5,-86.,-6.));
#401 = DIRECTION('',(0.,0.,1.));
#402 = DIRECTION('',(-1.,-0.,0.));
#403 = CONICAL_SURFACE('',#404,3.,0.785398163397);
#404 = AXIS2_PLACEMENT_3D('',#405,#406,#407);
#405 = CARTESIAN_POINT('',(-108.5,-86.,-6.));
#406 = DIRECTION('',(0.,0.,-1.));
#407 = DIRECTION('',(-1.,-0.,-0.));
#408 = ADVANCED_FACE('',(#409),#428,.T.);
#409 = FACE_BOUND('',#410,.F.);
#410 = EDGE_LOOP('',(#411,#412,#413,#421));
#411 = ORIENTED_EDGE('',*,*,#365,.F.);
#412 = ORIENTED_EDGE('',*,*,#73,.T.);
#413 = ORIENTED_EDGE('',*,*,#414,.T.);
#414 = EDGE_CURVE('',#74,#415,#417,.T.);
#415 = VERTEX_POINT('',#416);
#416 = CARTESIAN_POINT('',(-111.5,-79.,-6.));
#417 = LINE('',#418,#419);
#418 = CARTESIAN_POINT('',(-111.5,-79.,-6.));
#419 = VECTOR('',#420,1.);
#420 = DIRECTION('',(-0.707106781187,4.E-17,-0.707106781187));
#421 = ORIENTED_EDGE('',*,*,#422,.F.);
#422 = EDGE_CURVE('',#366,#415,#423,.T.);
#423 = CIRCLE('',#424,3.);
#424 = AXIS2_PLACEMENT_3D('',#425,#426,#427);
#425 = CARTESIAN_POINT('',(-108.5,-79.,-6.));
#426 = DIRECTION('',(0.,-0.,1.));
#427 = DIRECTION('',(0.,1.,0.));
#428 = CONICAL_SURFACE('',#429,3.,0.785398163397);
#429 = AXIS2_PLACEMENT_3D('',#430,#431,#432);
#430 = CARTESIAN_POINT('',(-108.5,-79.,-6.));
#431 = DIRECTION('',(0.,0.,-1.));
#432 = DIRECTION('',(0.,1.,0.));
#433 = ADVANCED_FACE('',(#434),#445,.T.);
#434 = FACE_BOUND('',#435,.F.);
#435 = EDGE_LOOP('',(#436,#437,#438,#439));
#436 = ORIENTED_EDGE('',*,*,#414,.F.);
#437 = ORIENTED_EDGE('',*,*,#82,.T.);
#438 = ORIENTED_EDGE('',*,*,#387,.T.);
#439 = ORIENTED_EDGE('',*,*,#440,.F.);
#440 = EDGE_CURVE('',#415,#388,#441,.T.);
#441 = LINE('',#442,#443);
#442 = CARTESIAN_POINT('',(-111.5,-79.,-6.));
#443 = VECTOR('',#444,1.);
#444 = DIRECTION('',(0.,-1.,0.));
#445 = PLANE('',#446);
#446 = AXIS2_PLACEMENT_3D('',#447,#448,#449);
#447 = CARTESIAN_POINT('',(-111.,-79.,-5.5));
#448 = DIRECTION('',(-0.707106781187,4.E-17,0.707106781187));
#449 = DIRECTION('',(2.828427124746E-17,1.,-2.828427124746E-17));
#450 = ADVANCED_FACE('',(#451),#470,.F.);
#451 = FACE_BOUND('',#452,.T.);
#452 = EDGE_LOOP('',(#453,#461,#462,#463));
#453 = ORIENTED_EDGE('',*,*,#454,.F.);
#454 = EDGE_CURVE('',#108,#455,#457,.T.);
#455 = VERTEX_POINT('',#456);
#456 = CARTESIAN_POINT('',(-103.6645285561,-82.5,-5.599908617094));
#457 = LINE('',#458,#459);
#458 = CARTESIAN_POINT('',(-104.275,-82.5,-5.));
#459 = VECTOR('',#460,1.);
#460 = DIRECTION('',(0.713250449154,0.,-0.7009092643));
#461 = ORIENTED_EDGE('',*,*,#107,.T.);
#462 = ORIENTED_EDGE('',*,*,#454,.T.);
#463 = ORIENTED_EDGE('',*,*,#464,.F.);
#464 = EDGE_CURVE('',#455,#455,#465,.T.);
#465 = CIRCLE('',#466,3.164528556138);
#466 = AXIS2_PLACEMENT_3D('',#467,#468,#469);
#467 = CARTESIAN_POINT('',(-100.5,-82.5,-5.599908617094));
#468 = DIRECTION('',(0.,0.,1.));
#469 = DIRECTION('',(-1.,0.,0.));
#470 = CONICAL_SURFACE('',#471,3.775,0.794124809657);
#471 = AXIS2_PLACEMENT_3D('',#472,#473,#474);
#472 = CARTESIAN_POINT('',(-100.5,-82.5,-5.));
#473 = DIRECTION('',(0.,0.,1.));
#474 = DIRECTION('',(-1.,-0.,-0.));
#475 = ADVANCED_FACE('',(#476),#547,.T.);
#476 = FACE_BOUND('',#477,.T.);
#477 = EDGE_LOOP('',(#478,#486,#487,#488,#497,#506,#515,#524,#532,#541)
  );
#478 = ORIENTED_EDGE('',*,*,#479,.F.);
#479 = EDGE_CURVE('',#366,#480,#482,.T.);
#480 = VERTEX_POINT('',#481);
#481 = CARTESIAN_POINT('',(-108.5,-76.,-20.));
#482 = LINE('',#483,#484);
#483 = CARTESIAN_POINT('',(-108.5,-76.,-5.));
#484 = VECTOR('',#485,1.);
#485 = DIRECTION('',(0.,0.,-1.));
#486 = ORIENTED_EDGE('',*,*,#373,.F.);
#487 = ORIENTED_EDGE('',*,*,#124,.T.);
#488 = ORIENTED_EDGE('',*,*,#489,.F.);
#489 = EDGE_CURVE('',#490,#127,#492,.T.);
#490 = VERTEX_POINT('',#491);
#491 = CARTESIAN_POINT('',(-71.78167432969,-76.,-20.));
#492 = CIRCLE('',#493,257.);
#493 = AXIS2_PLACEMENT_3D('',#494,#495,#496);
#494 = CARTESIAN_POINT('',(184.6049096574,-76.,-37.7459728227));
#495 = DIRECTION('',(0.,1.,-2.2E-16));
#496 = DIRECTION('',(-0.99773047126,-1.481354397873E-17,
    -6.733429081241E-02));
#497 = ORIENTED_EDGE('',*,*,#498,.T.);
#498 = EDGE_CURVE('',#490,#499,#501,.T.);
#499 = VERTEX_POINT('',#500);
#500 = CARTESIAN_POINT('',(-72.29284215691,-76.,-44.99477360274));
#501 = CIRCLE('',#502,257.);
#502 = AXIS2_PLACEMENT_3D('',#503,#504,#505);
#503 = CARTESIAN_POINT('',(184.6049096574,-76.,-37.7459728227));
#504 = DIRECTION('',(0.,-1.,2.2E-16));
#505 = DIRECTION('',(0.,2.2E-16,1.));
#506 = ORIENTED_EDGE('',*,*,#507,.T.);
#507 = EDGE_CURVE('',#499,#508,#510,.T.);
#508 = VERTEX_POINT('',#509);
#509 = CARTESIAN_POINT('',(-71.85322164289,-76.,-54.42610741325));
#510 = CIRCLE('',#511,257.);
#511 = AXIS2_PLACEMENT_3D('',#512,#513,#514);
#512 = CARTESIAN_POINT('',(184.6049096574,-76.,-37.7459728227));
#513 = DIRECTION('',(0.,-1.,2.2E-16));
#514 = DIRECTION('',(0.,2.2E-16,1.));
#515 = ORIENTED_EDGE('',*,*,#516,.T.);
#516 = EDGE_CURVE('',#508,#517,#519,.T.);
#517 = VERTEX_POINT('',#518);
#518 = CARTESIAN_POINT('',(-79.22662286985,-76.,-37.91774036945));
#519 = CIRCLE('',#520,26.);
#520 = AXIS2_PLACEMENT_3D('',#521,#522,#523);
#521 = CARTESIAN_POINT('',(-97.79840224136,-76.,-56.11359184654));
#522 = DIRECTION('',(0.,-1.,2.2E-16));
#523 = DIRECTION('',(0.,2.2E-16,1.));
#524 = ORIENTED_EDGE('',*,*,#525,.T.);
#525 = EDGE_CURVE('',#517,#526,#528,.T.);
#526 = VERTEX_POINT('',#527);
#527 = CARTESIAN_POINT('',(-89.13549651401,-76.,-27.80414852291));
#528 = LINE('',#529,#530);
#529 = CARTESIAN_POINT('',(-93.84992692958,-76.,-22.99231755966));
#530 = VECTOR('',#531,1.);
#531 = DIRECTION('',(-0.699840441426,0.,0.714299206596));
#532 = ORIENTED_EDGE('',*,*,#533,.T.);
#533 = EDGE_CURVE('',#526,#534,#536,.T.);
#534 = VERTEX_POINT('',#535);
#535 = CARTESIAN_POINT('',(-107.7072758855,-76.,-20.));
#536 = CIRCLE('',#537,26.);
#537 = AXIS2_PLACEMENT_3D('',#538,#539,#540);
#538 = CARTESIAN_POINT('',(-107.7072758855,-76.,-46.));
#539 = DIRECTION('',(0.,-1.,2.2E-16));
#540 = DIRECTION('',(0.,2.2E-16,1.));
#541 = ORIENTED_EDGE('',*,*,#542,.T.);
#542 = EDGE_CURVE('',#534,#480,#543,.T.);
#543 = LINE('',#544,#545);
#544 = CARTESIAN_POINT('',(-69.5,-76.,-20.));
#545 = VECTOR('',#546,1.);
#546 = DIRECTION('',(-1.,0.,0.));
#547 = PLANE('',#548);
#548 = AXIS2_PLACEMENT_3D('',#549,#550,#551);
#549 = CARTESIAN_POINT('',(-69.5,-76.,-5.));
#550 = DIRECTION('',(0.,1.,0.));
#551 = DIRECTION('',(-1.,0.,0.));
#552 = ADVANCED_FACE('',(#553,#807),#900,.T.);
#553 = FACE_BOUND('',#554,.T.);
#554 = EDGE_LOOP('',(#555,#556,#565,#574,#583,#591,#600,#609,#616,#617,
    #636,#647,#655,#666,#683,#684,#693,#702,#711,#717,#718,#719,#720,
    #721,#764,#772));
#555 = ORIENTED_EDGE('',*,*,#267,.T.);
#556 = ORIENTED_EDGE('',*,*,#557,.F.);
#557 = EDGE_CURVE('',#558,#260,#560,.T.);
#558 = VERTEX_POINT('',#559);
#559 = CARTESIAN_POINT('',(-71.78167432969,76.,-20.));
#560 = CIRCLE('',#561,257.);
#561 = AXIS2_PLACEMENT_3D('',#562,#563,#564);
#562 = CARTESIAN_POINT('',(184.6049096574,76.,-37.7459728227));
#563 = DIRECTION('',(0.,1.,-2.2E-16));
#564 = DIRECTION('',(-0.99773047126,-1.481354397873E-17,
    -6.733429081241E-02));
#565 = ORIENTED_EDGE('',*,*,#566,.T.);
#566 = EDGE_CURVE('',#558,#567,#569,.T.);
#567 = VERTEX_POINT('',#568);
#568 = CARTESIAN_POINT('',(-72.29284215691,76.,-44.99477360274));
#569 = CIRCLE('',#570,257.);
#570 = AXIS2_PLACEMENT_3D('',#571,#572,#573);
#571 = CARTESIAN_POINT('',(184.6049096574,76.,-37.7459728227));
#572 = DIRECTION('',(0.,-1.,2.2E-16));
#573 = DIRECTION('',(0.,2.2E-16,1.));
#574 = ORIENTED_EDGE('',*,*,#575,.T.);
#575 = EDGE_CURVE('',#567,#576,#578,.T.);
#576 = VERTEX_POINT('',#577);
#577 = CARTESIAN_POINT('',(-71.85322164289,76.,-54.42610741325));
#578 = CIRCLE('',#579,257.);
#579 = AXIS2_PLACEMENT_3D('',#580,#581,#582);
#580 = CARTESIAN_POINT('',(184.6049096574,76.,-37.7459728227));
#581 = DIRECTION('',(0.,-1.,2.2E-16));
#582 = DIRECTION('',(0.,2.2E-16,1.));
#583 = ORIENTED_EDGE('',*,*,#584,.T.);
#584 = EDGE_CURVE('',#576,#585,#587,.T.);
#585 = VERTEX_POINT('',#586);
#586 = CARTESIAN_POINT('',(-71.85322164289,89.,-54.42610741325));
#587 = LINE('',#588,#589);
#588 = CARTESIAN_POINT('',(-71.85322164289,76.,-54.42610741325));
#589 = VECTOR('',#590,1.);
#590 = DIRECTION('',(0.,1.,-2.2E-16));
#591 = ORIENTED_EDGE('',*,*,#592,.F.);
#592 = EDGE_CURVE('',#593,#585,#595,.T.);
#593 = VERTEX_POINT('',#594);
#594 = CARTESIAN_POINT('',(-72.29284215691,89.,-44.99477360274));
#595 = CIRCLE('',#596,257.);
#596 = AXIS2_PLACEMENT_3D('',#597,#598,#599);
#597 = CARTESIAN_POINT('',(184.6049096574,89.,-37.7459728227));
#598 = DIRECTION('',(0.,-1.,2.2E-16));
#599 = DIRECTION('',(0.,2.2E-16,1.));
#600 = ORIENTED_EDGE('',*,*,#601,.F.);
#601 = EDGE_CURVE('',#602,#593,#604,.T.);
#602 = VERTEX_POINT('',#603);
#603 = CARTESIAN_POINT('',(-71.78167432969,89.,-20.));
#604 = CIRCLE('',#605,257.);
#605 = AXIS2_PLACEMENT_3D('',#606,#607,#608);
#606 = CARTESIAN_POINT('',(184.6049096574,89.,-37.7459728227));
#607 = DIRECTION('',(0.,-1.,2.2E-16));
#608 = DIRECTION('',(0.,2.2E-16,1.));
#609 = ORIENTED_EDGE('',*,*,#610,.T.);
#610 = EDGE_CURVE('',#602,#220,#611,.T.);
#611 = CIRCLE('',#612,257.);
#612 = AXIS2_PLACEMENT_3D('',#613,#614,#615);
#613 = CARTESIAN_POINT('',(184.6049096574,89.,-37.7459728227));
#614 = DIRECTION('',(0.,1.,-2.2E-16));
#615 = DIRECTION('',(-0.99773047126,-1.481354397873E-17,
    -6.733429081241E-02));
#616 = ORIENTED_EDGE('',*,*,#219,.T.);
#617 = ORIENTED_EDGE('',*,*,#618,.F.);
#618 = EDGE_CURVE('',#619,#205,#621,.T.);
#619 = VERTEX_POINT('',#620);
#620 = CARTESIAN_POINT('',(-71.87348404119,104.34444049947,
    -54.11159428302));
#621 = ( BOUNDED_CURVE() B_SPLINE_CURVE(5,(#622,#623,#624,#625,#626,#627
    ,#628,#629,#630,#631,#632,#633,#634,#635),.UNSPECIFIED.,.F.,.F.) 
B_SPLINE_CURVE_WITH_KNOTS((6,4,4,6),(1.843825021744,21.610550563419,
46.721123510338,46.941142312295),.UNSPECIFIED.) CURVE() 
GEOMETRIC_REPRESENTATION_ITEM() RATIONAL_B_SPLINE_CURVE((1.,1.,1.,1.,1.,
1.,1.,1.,1.,1.,1.,1.,1.,1.)) REPRESENTATION_ITEM('') );
#622 = CARTESIAN_POINT('',(-71.87348404119,104.34444049947,
    -54.11159428302));
#623 = CARTESIAN_POINT('',(-72.1153321307,104.96088799765,
    -50.32188910485));
#624 = CARTESIAN_POINT('',(-72.28853080793,105.49492607417,
    -46.50581031005));
#625 = CARTESIAN_POINT('',(-72.39142734493,105.94574510807,
    -42.6636608226));
#626 = CARTESIAN_POINT('',(-72.42194658373,106.31112616472,
    -38.80646709535));
#627 = CARTESIAN_POINT('',(-72.32626539333,106.94670728644,
    -30.03467277184));
#628 = CARTESIAN_POINT('',(-72.15542933576,107.16442842649,
    -25.11608940659));
#629 = CARTESIAN_POINT('',(-71.86634065263,107.24377583361,
    -20.20522295427));
#630 = CARTESIAN_POINT('',(-71.46111647816,107.18766306571,
    -15.31965525374));
#631 = CARTESIAN_POINT('',(-70.93943943596,106.99967006767,
    -10.43137105457));
#632 = CARTESIAN_POINT('',(-70.93490147283,106.99802976728,
    -10.38893238756));
#633 = CARTESIAN_POINT('',(-70.93035622916,106.99638119428,
    -10.34650895709));
#634 = CARTESIAN_POINT('',(-70.92580315673,106.99472348945,
    -10.30409555468));
#635 = CARTESIAN_POINT('',(-70.92124170731,106.99305579358,
    -10.26168697183));
#636 = ORIENTED_EDGE('',*,*,#637,.F.);
#637 = EDGE_CURVE('',#638,#619,#640,.T.);
#638 = VERTEX_POINT('',#639);
#639 = CARTESIAN_POINT('',(-71.81182145642,104.19171196471,
    -55.05088556149));
#640 = ( BOUNDED_CURVE() B_SPLINE_CURVE(5,(#641,#642,#643,#644,#645,#646
),.UNSPECIFIED.,.F.,.F.) B_SPLINE_CURVE_WITH_KNOTS((6,6),(0.886071875529
,1.843825021744),.PIECEWISE_BEZIER_KNOTS.) CURVE() 
GEOMETRIC_REPRESENTATION_ITEM() RATIONAL_B_SPLINE_CURVE((1.,1.,1.,1.,1.,
1.)) REPRESENTATION_ITEM('') );
#641 = CARTESIAN_POINT('',(-71.81182145642,104.19171196471,
    -55.05088556149));
#642 = CARTESIAN_POINT('',(-71.82449799577,104.22225595352,
    -54.86305007038));
#643 = CARTESIAN_POINT('',(-71.83700144188,104.25279926309,
    -54.67520407163));
#644 = CARTESIAN_POINT('',(-71.8493388187,104.28334693592,
    -54.48734080032));
#645 = CARTESIAN_POINT('',(-71.86162643158,104.31421667221,
    -54.29740049893));
#646 = CARTESIAN_POINT('',(-71.87348404119,104.34444049947,
    -54.11159428302));
#647 = ORIENTED_EDGE('',*,*,#648,.F.);
#648 = EDGE_CURVE('',#649,#638,#651,.T.);
#649 = VERTEX_POINT('',#650);
#650 = CARTESIAN_POINT('',(-71.81182145642,-104.1917119647,
    -55.05088556149));
#651 = LINE('',#652,#653);
#652 = CARTESIAN_POINT('',(-71.81182145642,-111.78729271,-55.05088556149
    ));
#653 = VECTOR('',#654,1.);
#654 = DIRECTION('',(0.,1.,-2.2E-16));
#655 = ORIENTED_EDGE('',*,*,#656,.T.);
#656 = EDGE_CURVE('',#649,#657,#659,.T.);
#657 = VERTEX_POINT('',#658);
#658 = CARTESIAN_POINT('',(-71.87348404121,-104.3444404979,
    -54.11159428272));
#659 = ( BOUNDED_CURVE() B_SPLINE_CURVE(5,(#660,#661,#662,#663,#664,#665
),.UNSPECIFIED.,.F.,.F.) B_SPLINE_CURVE_WITH_KNOTS((6,6),(0.886071875527
,1.84382499416),.PIECEWISE_BEZIER_KNOTS.) CURVE() 
GEOMETRIC_REPRESENTATION_ITEM() RATIONAL_B_SPLINE_CURVE((1.,1.,1.,1.,1.,
1.)) REPRESENTATION_ITEM('') );
#660 = CARTESIAN_POINT('',(-71.81182145642,-104.1917119647,
    -55.05088556149));
#661 = CARTESIAN_POINT('',(-71.82449799577,-104.2222559535,
    -54.86305007038));
#662 = CARTESIAN_POINT('',(-71.83700144197,-104.2527992632,
    -54.67520407162));
#663 = CARTESIAN_POINT('',(-71.84933881836,-104.2833469354,
    -54.48734080065));
#664 = CARTESIAN_POINT('',(-71.86162641968,-104.3142166425,
    -54.29740068757));
#665 = CARTESIAN_POINT('',(-71.87348404121,-104.3444404979,
    -54.11159428272));
#666 = ORIENTED_EDGE('',*,*,#667,.T.);
#667 = EDGE_CURVE('',#657,#158,#668,.T.);
#668 = ( BOUNDED_CURVE() B_SPLINE_CURVE(5,(#669,#670,#671,#672,#673,#674
    ,#675,#676,#677,#678,#679,#680,#681,#682),.UNSPECIFIED.,.F.,.F.) 
B_SPLINE_CURVE_WITH_KNOTS((6,4,4,6),(1.84382499416,21.57159262385,
46.721123113213,46.941141977974),.UNSPECIFIED.) CURVE() 
GEOMETRIC_REPRESENTATION_ITEM() RATIONAL_B_SPLINE_CURVE((1.,1.,1.,1.,1.,
1.,1.,1.,1.,1.,1.,1.,1.,1.)) REPRESENTATION_ITEM('') );
#669 = CARTESIAN_POINT('',(-71.87348404121,-104.3444404979,
    -54.11159428272));
#670 = CARTESIAN_POINT('',(-72.11485572865,-104.9596736636,
    -50.32935417404));
#671 = CARTESIAN_POINT('',(-72.28784695381,-105.4928188548,
    -46.5208619126));
#672 = CARTESIAN_POINT('',(-72.39081872519,-105.9430793306,
    -42.68637755164));
#673 = CARTESIAN_POINT('',(-72.4217041005,-106.3082434409,
    -38.83687510814));
#674 = CARTESIAN_POINT('',(-72.32732388851,-106.9453542083,
    -30.06519629192));
#675 = CARTESIAN_POINT('',(-72.15677391961,-107.1640579704,
    -25.13894730869));
#676 = CARTESIAN_POINT('',(-71.86759799878,-107.2439497603,
    -20.22038407865));
#677 = CARTESIAN_POINT('',(-71.46191865699,-107.1879521527,
    -15.32717193137));
#678 = CARTESIAN_POINT('',(-70.93943943593,-106.9996700676,
    -10.4313710543));
#679 = CARTESIAN_POINT('',(-70.93490147279,-106.9980297672,
    -10.38893238718));
#680 = CARTESIAN_POINT('',(-70.93035622913,-106.9963811942,
    -10.34650895682));
#681 = CARTESIAN_POINT('',(-70.92580315672,-106.9947234894,
    -10.30409555459));
#682 = CARTESIAN_POINT('',(-70.92124170731,-106.9930557935,
    -10.26168697183));
#683 = ORIENTED_EDGE('',*,*,#157,.T.);
#684 = ORIENTED_EDGE('',*,*,#685,.F.);
#685 = EDGE_CURVE('',#686,#150,#688,.T.);
#686 = VERTEX_POINT('',#687);
#687 = CARTESIAN_POINT('',(-71.78167432969,-89.,-20.));
#688 = CIRCLE('',#689,257.);
#689 = AXIS2_PLACEMENT_3D('',#690,#691,#692);
#690 = CARTESIAN_POINT('',(184.6049096574,-89.,-37.7459728227));
#691 = DIRECTION('',(0.,1.,-2.2E-16));
#692 = DIRECTION('',(-0.99773047126,-1.481354397873E-17,
    -6.733429081241E-02));
#693 = ORIENTED_EDGE('',*,*,#694,.T.);
#694 = EDGE_CURVE('',#686,#695,#697,.T.);
#695 = VERTEX_POINT('',#696);
#696 = CARTESIAN_POINT('',(-72.29284215691,-89.,-44.99477360274));
#697 = CIRCLE('',#698,257.);
#698 = AXIS2_PLACEMENT_3D('',#699,#700,#701);
#699 = CARTESIAN_POINT('',(184.6049096574,-89.,-37.7459728227));
#700 = DIRECTION('',(0.,-1.,2.2E-16));
#701 = DIRECTION('',(0.,2.2E-16,1.));
#702 = ORIENTED_EDGE('',*,*,#703,.T.);
#703 = EDGE_CURVE('',#695,#704,#706,.T.);
#704 = VERTEX_POINT('',#705);
#705 = CARTESIAN_POINT('',(-71.85322164289,-89.,-54.42610741325));
#706 = CIRCLE('',#707,257.);
#707 = AXIS2_PLACEMENT_3D('',#708,#709,#710);
#708 = CARTESIAN_POINT('',(184.6049096574,-89.,-37.7459728227));
#709 = DIRECTION('',(0.,-1.,2.2E-16));
#710 = DIRECTION('',(0.,2.2E-16,1.));
#711 = ORIENTED_EDGE('',*,*,#712,.T.);
#712 = EDGE_CURVE('',#704,#508,#713,.T.);
#713 = LINE('',#714,#715);
#714 = CARTESIAN_POINT('',(-71.85322164289,-89.,-54.42610741325));
#715 = VECTOR('',#716,1.);
#716 = DIRECTION('',(0.,1.,-2.2E-16));
#717 = ORIENTED_EDGE('',*,*,#507,.F.);
#718 = ORIENTED_EDGE('',*,*,#498,.F.);
#719 = ORIENTED_EDGE('',*,*,#489,.T.);
#720 = ORIENTED_EDGE('',*,*,#325,.T.);
#721 = ORIENTED_EDGE('',*,*,#722,.T.);
#722 = EDGE_CURVE('',#307,#723,#725,.T.);
#723 = VERTEX_POINT('',#724);
#724 = CARTESIAN_POINT('',(-71.77200264522,-1.,-19.86081589943));
#725 = ( BOUNDED_CURVE() B_SPLINE_CURVE(13,(#726,#727,#728,#729,#730,
    #731,#732,#733,#734,#735,#736,#737,#738,#739,#740,#741,#742,#743,
    #744,#745,#746,#747,#748,#749,#750,#751,#752,#753,#754,#755,#756,
    #757,#758,#759,#760,#761,#762,#763),.UNSPECIFIED.,.F.,.F.) 
B_SPLINE_CURVE_WITH_KNOTS((14,12,12,14),(20.551009892996,22.908638009259
,24.917846391413,29.187149029795),.UNSPECIFIED.) CURVE() 
GEOMETRIC_REPRESENTATION_ITEM() RATIONAL_B_SPLINE_CURVE((1.,1.,
    0.999999999999,1.000000000002,0.999999999997,1.000000000004,
    0.999999999995,1.000000000005,0.999999999996,1.000000000002,
    0.999999999999,1.,1.,1.,1.,1.,0.999999999999,1.,1.,0.999999999999,
    1.000000000001,1.,1.,1.,1.,1.,1.,0.999999999999,1.000000000002,
    0.999999999997,1.000000000003,0.999999999998,1.000000000002,
0.999999999999,1.,1.,1.,1.)) REPRESENTATION_ITEM('') );
#726 = CARTESIAN_POINT('',(-70.92124170731,-5.854539450434,
    -10.26168697183));
#727 = CARTESIAN_POINT('',(-70.94612450813,-6.021110049553,
    -10.49302666766));
#728 = CARTESIAN_POINT('',(-70.9720755658,-6.178481994669,
    -10.73642290537));
#729 = CARTESIAN_POINT('',(-70.99920337939,-6.326051932449,
    -10.99336616423));
#730 = CARTESIAN_POINT('',(-71.02585547668,-6.456170428537,
    -11.24819281525));
#731 = CARTESIAN_POINT('',(-71.05905840827,-6.602290606421,
    -11.56881428478));
#732 = CARTESIAN_POINT('',(-71.08233620006,-6.677134801915,
    -11.79845754734));
#733 = CARTESIAN_POINT('',(-71.1198100198,-6.811658414436,
    -12.16696888203));
#734 = CARTESIAN_POINT('',(-71.14512536159,-6.859348206793,
    -12.42437878497));
#735 = CARTESIAN_POINT('',(-71.17919758436,-6.938175970958,
    -12.76926035653));
#736 = CARTESIAN_POINT('',(-71.20906523668,-6.974704268133,
    -13.07890289635));
#737 = CARTESIAN_POINT('',(-71.2403429466,-7.001129489022,
    -13.40660086957));
#738 = CARTESIAN_POINT('',(-71.27092408143,-7.006752384102,
    -13.73212339031));
#739 = CARTESIAN_POINT('',(-71.32683456092,-6.982558936782,
    -14.33614158706));
#740 = CARTESIAN_POINT('',(-71.35203334234,-6.957732967505,
    -14.61193161776));
#741 = CARTESIAN_POINT('',(-71.37662556814,-6.919511699135,
    -14.88464567968));
#742 = CARTESIAN_POINT('',(-71.40053609077,-6.868297619358,
    -15.15332072384));
#743 = CARTESIAN_POINT('',(-71.42369761142,-6.804586960834,
    -15.41702061207));
#744 = CARTESIAN_POINT('',(-71.44605233713,-6.728961579979,
    -15.67486395125));
#745 = CARTESIAN_POINT('',(-71.46755287977,-6.642082341417,
    -15.92604330726));
#746 = CARTESIAN_POINT('',(-71.48816239671,-6.544684007835,
    -16.16983579856));
#747 = CARTESIAN_POINT('',(-71.50785397335,-6.437571635604,
    -16.40560506937));
#748 = CARTESIAN_POINT('',(-71.52660924731,-6.321618475756,
    -16.63279464254));
#749 = CARTESIAN_POINT('',(-71.54441627455,-6.197765380699,
    -16.85091265201));
#750 = CARTESIAN_POINT('',(-71.56126663711,-6.067021716376,
    -17.0595079549));
#751 = CARTESIAN_POINT('',(-71.61090565191,-5.640308687657,
    -17.68019945383));
#752 = CARTESIAN_POINT('',(-71.64058408859,-5.321657785113,
    -18.06078590445));
#753 = CARTESIAN_POINT('',(-71.66652292439,-4.980226111118,
    -18.40102487761));
#754 = CARTESIAN_POINT('',(-71.68904036251,-4.620464972529,
    -18.70234808031));
#755 = CARTESIAN_POINT('',(-71.7084208059,-4.245978759393,
    -18.96623177709));
#756 = CARTESIAN_POINT('',(-71.7249079023,-3.859783579065,
    -19.19405330283));
#757 = CARTESIAN_POINT('',(-71.73870418127,-3.464449351664,
    -19.38703196074));
#758 = CARTESIAN_POINT('',(-71.74997464837,-3.062163009603,
    -19.54622293031));
#759 = CARTESIAN_POINT('',(-71.75885170144,-2.654750443114,
    -19.67253281069));
#760 = CARTESIAN_POINT('',(-71.76543873416,-2.243694834777,
    -19.76672542415));
#761 = CARTESIAN_POINT('',(-71.76980979194,-1.830189024857,
    -19.82938650511));
#762 = CARTESIAN_POINT('',(-71.77200264522,-1.415259550383,
    -19.86081589943));
#763 = CARTESIAN_POINT('',(-71.77200264522,-1.,-19.86081589943));
#764 = ORIENTED_EDGE('',*,*,#765,.T.);
#765 = EDGE_CURVE('',#723,#766,#768,.T.);
#766 = VERTEX_POINT('',#767);
#767 = CARTESIAN_POINT('',(-71.77200264522,1.,-19.86081589943));
#768 = LINE('',#769,#770);
#769 = CARTESIAN_POINT('',(-71.77200264522,-1.,-19.86081589943));
#770 = VECTOR('',#771,1.);
#771 = DIRECTION('',(0.,1.,-2.2E-16));
#772 = ORIENTED_EDGE('',*,*,#773,.T.);
#773 = EDGE_CURVE('',#766,#268,#774,.T.);
#774 = ( BOUNDED_CURVE() B_SPLINE_CURVE(11,(#775,#776,#777,#778,#779,
    #780,#781,#782,#783,#784,#785,#786,#787,#788,#789,#790,#791,#792,
    #793,#794,#795,#796,#797,#798,#799,#800,#801,#802,#803,#804,#805,
#806),.UNSPECIFIED.,.F.,.F.) B_SPLINE_CURVE_WITH_KNOTS((12,10,10,12),(2.
,6.322274843364,8.483412265046,10.644549686728),.UNSPECIFIED.) CURVE() 
GEOMETRIC_REPRESENTATION_ITEM() RATIONAL_B_SPLINE_CURVE((1.,1.,1.,1.,
    0.999999999999,1.000000000001,0.999999999999,1.000000000001,1.,1.,1.
    ,1.,0.999999999999,1.000000000001,0.999999999998,1.000000000003,
    0.999999999998,1.000000000002,0.999999999999,1.,1.,1.,1.,
    0.999999999999,1.000000000001,0.999999999999,1.000000000001,
0.999999999999,1.,1.,1.,1.)) REPRESENTATION_ITEM('') );
#775 = CARTESIAN_POINT('',(-71.77200264522,1.,-19.86081589943));
#776 = CARTESIAN_POINT('',(-71.77200264522,1.497002302005,
    -19.86081589943));
#777 = CARTESIAN_POINT('',(-71.76883358175,1.993413959431,
    -19.81536935787));
#778 = CARTESIAN_POINT('',(-71.76240708143,2.488396417096,
    -19.72332022395));
#779 = CARTESIAN_POINT('',(-71.75288389953,2.976974604686,
    -19.58725781003));
#780 = CARTESIAN_POINT('',(-71.73985150542,3.460153288714,
    -19.40256934978));
#781 = CARTESIAN_POINT('',(-71.72309533269,3.934254627432,
    -19.16789742974));
#782 = CARTESIAN_POINT('',(-71.70255936783,4.392394791789,
    -18.88455071895));
#783 = CARTESIAN_POINT('',(-71.67776525271,4.832115808008,
    -18.54882427734));
#784 = CARTESIAN_POINT('',(-71.64785182741,5.252101309894,
    -18.15305535871));
#785 = CARTESIAN_POINT('',(-71.61250903939,5.637631661174,
    -17.69857203536));
#786 = CARTESIAN_POINT('',(-71.55086257042,6.149646549991,
    -16.93044172547));
#787 = CARTESIAN_POINT('',(-71.52886969251,6.309328886294,
    -16.65992148887));
#788 = CARTESIAN_POINT('',(-71.50536926443,6.456353232452,
    -16.37489792969));
#789 = CARTESIAN_POINT('',(-71.48043889348,6.589756556652,
    -16.07674696246));
#790 = CARTESIAN_POINT('',(-71.45373640939,6.708423449778,
    -15.76234300131));
#791 = CARTESIAN_POINT('',(-71.42537127368,6.809590448996,
    -15.43384201084));
#792 = CARTESIAN_POINT('',(-71.39579612717,6.890402871359,
    -15.09713112226));
#793 = CARTESIAN_POINT('',(-71.36513677851,6.949990317293,
    -14.75405289642));
#794 = CARTESIAN_POINT('',(-71.33324521725,6.988543659716,-14.4031440131
    ));
#795 = CARTESIAN_POINT('',(-71.30066233928,7.004133630485,
    -14.05076305551));
#796 = CARTESIAN_POINT('',(-71.23456766685,6.990884473146,
    -13.34747722741));
#797 = CARTESIAN_POINT('',(-71.20110683152,6.962095834742,
    -12.99710625227));
#798 = CARTESIAN_POINT('',(-71.16719018521,6.910001084881,
    -12.64781292974));
#799 = CARTESIAN_POINT('',(-71.1346412994,6.84074939211,-12.31746255111)
  );
#800 = CARTESIAN_POINT('',(-71.09953521659,6.742750328132,
    -11.96674122706));
#801 = CARTESIAN_POINT('',(-71.06903011903,6.635165288672,
    -11.66703422359));
#802 = CARTESIAN_POINT('',(-71.03650733625,6.506766590901,-11.3502843695
    ));
#803 = CARTESIAN_POINT('',(-71.00606262253,6.362170856025,
    -11.05852448634));
#804 = CARTESIAN_POINT('',(-70.97654692453,6.205177809051,
    -10.77841055273));
#805 = CARTESIAN_POINT('',(-70.9482565172,6.03537805521,-10.51284832412)
  );
#806 = CARTESIAN_POINT('',(-70.92124170731,5.854537598274,
    -10.26168697183));
#807 = FACE_BOUND('',#808,.T.);
#808 = EDGE_LOOP('',(#809,#819,#862,#870));
#809 = ORIENTED_EDGE('',*,*,#810,.T.);
#810 = EDGE_CURVE('',#811,#813,#815,.T.);
#811 = VERTEX_POINT('',#812);
#812 = CARTESIAN_POINT('',(-72.12846090832,-3.2,-49.44966616968));
#813 = VERTEX_POINT('',#814);
#814 = CARTESIAN_POINT('',(-72.12846090832,3.2,-49.44966616968));
#815 = LINE('',#816,#817);
#816 = CARTESIAN_POINT('',(-72.12846090832,-3.2,-49.44966616968));
#817 = VECTOR('',#818,1.);
#818 = DIRECTION('',(0.,1.,-2.2E-16));
#819 = ORIENTED_EDGE('',*,*,#820,.T.);
#820 = EDGE_CURVE('',#813,#821,#823,.T.);
#821 = VERTEX_POINT('',#822);
#822 = CARTESIAN_POINT('',(-72.39491798954,3.2,-38.04361259715));
#823 = B_SPLINE_CURVE_WITH_KNOTS('',13,(#824,#825,#826,#827,#828,#829,
    #830,#831,#832,#833,#834,#835,#836,#837,#838,#839,#840,#841,#842,
    #843,#844,#845,#846,#847,#848,#849,#850,#851,#852,#853,#854,#855,
    #856,#857,#858,#859,#860,#861),.UNSPECIFIED.,.F.,.F.,(14,12,12,14),(
    6.4,12.493436161018,16.571756361307,21.801621853951),.UNSPECIFIED.);
#824 = CARTESIAN_POINT('',(-72.12846090832,3.2,-49.44966616968));
#825 = CARTESIAN_POINT('',(-72.12846090835,3.673897190096,-49.4496661697
    ));
#826 = CARTESIAN_POINT('',(-72.13042490552,4.148057358976,
    -49.40654209835));
#827 = CARTESIAN_POINT('',(-72.13414583613,4.615002469482,
    -49.32524772403));
#828 = CARTESIAN_POINT('',(-72.14063669815,5.102195908411,
    -49.18094858149));
#829 = CARTESIAN_POINT('',(-72.1466273414,5.507894874975,-49.04981909682
    ));
#830 = CARTESIAN_POINT('',(-72.15927947182,6.064357532809,
    -48.76121219341));
#831 = CARTESIAN_POINT('',(-72.16712872442,6.366873539287,
    -48.57949169541));
#832 = CARTESIAN_POINT('',(-72.18300531601,6.907250634882,-48.2052933062
    ));
#833 = CARTESIAN_POINT('',(-72.19668019988,7.248831955732,
    -47.86543476018));
#834 = CARTESIAN_POINT('',(-72.21347382031,7.648227226519,
    -47.43428080352));
#835 = CARTESIAN_POINT('',(-72.23089291215,7.980667461231,
    -46.95880617946));
#836 = CARTESIAN_POINT('',(-72.24909754513,8.271620480428,
    -46.42691438755));
#837 = CARTESIAN_POINT('',(-72.27975839855,8.655607275844,
    -45.45437845387));
#838 = CARTESIAN_POINT('',(-72.29210781094,8.782330911277,
    -45.04229717845));
#839 = CARTESIAN_POINT('',(-72.30424463949,8.877073531555,-44.6128487778
    ));
#840 = CARTESIAN_POINT('',(-72.31591486214,8.936363755766,-44.1712006706
    ));
#841 = CARTESIAN_POINT('',(-72.32689668106,8.958014201685,
    -43.72283866874));
#842 = CARTESIAN_POINT('',(-72.33701342559,8.941111989997,
    -43.27346243571));
#843 = CARTESIAN_POINT('',(-72.34614177664,8.885991234701,
    -42.82884520997));
#844 = CARTESIAN_POINT('',(-72.35421530926,8.794187521846,
    -42.39465779143));
#845 = CARTESIAN_POINT('',(-72.36122336056,8.668374374022,
    -41.97625679545));
#846 = CARTESIAN_POINT('',(-72.36720521244,8.512281703292,-41.5784371675
    ));
#847 = CARTESIAN_POINT('',(-72.37223960082,8.330596250114,-41.2051489665
    ));
#848 = CARTESIAN_POINT('',(-72.37642954113,8.128844010197,
    -40.85917840949));
#849 = CARTESIAN_POINT('',(-72.38431037669,7.636791959738,
    -40.13479177974));
#850 = CARTESIAN_POINT('',(-72.38758325894,7.334263830472,
    -39.76977392958));
#851 = CARTESIAN_POINT('',(-72.38996461691,7.009652271602,
    -39.44416587783));
#852 = CARTESIAN_POINT('',(-72.39166304177,6.666859741518,
    -39.15584022264));
#853 = CARTESIAN_POINT('',(-72.39284473731,6.309433132846,
    -38.90309931398));
#854 = CARTESIAN_POINT('',(-72.39364279764,5.940430832659,
    -38.68460908232));
#855 = CARTESIAN_POINT('',(-72.3941637771,5.562398825735,-38.49930748487
    ));
#856 = CARTESIAN_POINT('',(-72.39449208128,5.177421811614,
    -38.34631174407));
#857 = CARTESIAN_POINT('',(-72.39469271127,4.78721530565,-38.2248485725)
  );
#858 = CARTESIAN_POINT('',(-72.39481288619,4.393224694613,
    -38.13423155433));
#859 = CARTESIAN_POINT('',(-72.39488307895,3.996697217261,-38.0739098786
    ));
#860 = CARTESIAN_POINT('',(-72.39491798954,3.598692840268,
    -38.04361259715));
#861 = CARTESIAN_POINT('',(-72.39491798954,3.2,-38.04361259715));
#862 = ORIENTED_EDGE('',*,*,#863,.T.);
#863 = EDGE_CURVE('',#821,#864,#866,.T.);
#864 = VERTEX_POINT('',#865);
#865 = CARTESIAN_POINT('',(-72.39491798954,-3.2,-38.04361259715));
#866 = LINE('',#867,#868);
#867 = CARTESIAN_POINT('',(-72.39491798954,3.2,-38.04361259715));
#868 = VECTOR('',#869,1.);
#869 = DIRECTION('',(0.,-1.,2.2E-16));
#870 = ORIENTED_EDGE('',*,*,#871,.T.);
#871 = EDGE_CURVE('',#864,#811,#872,.T.);
#872 = B_SPLINE_CURVE_WITH_KNOTS('',6,(#873,#874,#875,#876,#877,#878,
    #879,#880,#881,#882,#883,#884,#885,#886,#887,#888,#889,#890,#891,
    #892,#893,#894,#895,#896,#897,#898,#899),.UNSPECIFIED.,.F.,.F.,(7,5,
    5,5,5,7),(28.201621853951,32.129589606314,34.900721905084,
    37.384910904299,39.681469768211,43.603243704676),.UNSPECIFIED.);
#873 = CARTESIAN_POINT('',(-72.39491798954,-3.2,-38.04361259715));
#874 = CARTESIAN_POINT('',(-72.39491798954,-3.856128755507,
    -38.04361259715));
#875 = CARTESIAN_POINT('',(-72.39481726814,-4.51127393126,
    -38.13436147044));
#876 = CARTESIAN_POINT('',(-72.39459514236,-5.158813817434,
    -38.31559479766));
#877 = CARTESIAN_POINT('',(-72.39404827548,-5.790672311071,
    -38.59083208847));
#878 = CARTESIAN_POINT('',(-72.39265105656,-6.394484052555,
    -38.96695333222));
#879 = CARTESIAN_POINT('',(-72.38713367387,-7.343205001723,
    -39.79722255545));
#880 = CARTESIAN_POINT('',(-72.38392643821,-7.713439748258,
    -40.19705376358));
#881 = CARTESIAN_POINT('',(-72.37943423896,-8.050874132321,
    -40.65584073845));
#882 = CARTESIAN_POINT('',(-72.37322088999,-8.341878360309,
    -41.17200366924));
#883 = CARTESIAN_POINT('',(-72.36475195629,-8.5726349424,-41.74229440054
    ));
#884 = CARTESIAN_POINT('',(-72.34384564242,-8.865921595064,
    -42.90742419841));
#885 = CARTESIAN_POINT('',(-72.33195729003,-8.94286193533,
    -43.49143344387));
#886 = CARTESIAN_POINT('',(-72.31806924491,-8.945625026491,
    -44.08837223789));
#887 = CARTESIAN_POINT('',(-72.30263323352,-8.872216537403,
    -44.67690218474));
#888 = CARTESIAN_POINT('',(-72.28640640929,-8.730339204999,
    -45.23720581635));
#889 = CARTESIAN_POINT('',(-72.25543185731,-8.357499962306,
    -46.23084243898));
#890 = CARTESIAN_POINT('',(-72.24063450764,-8.133825207496,
    -46.67135106065));
#891 = CARTESIAN_POINT('',(-72.226279069,-7.873960607165,-47.07338443608
    ));
#892 = CARTESIAN_POINT('',(-72.21269496669,-7.58574737958,
    -47.43578979683));
#893 = CARTESIAN_POINT('',(-72.20013513343,-7.276060380935,
    -47.75846514131));
#894 = CARTESIAN_POINT('',(-72.16925349467,-6.394230105012,
    -48.52861815647));
#895 = CARTESIAN_POINT('',(-72.1530930234,-5.78985592271,-48.90419342101
    ));
#896 = CARTESIAN_POINT('',(-72.14080674965,-5.157908703148,
    -49.17868567831));
#897 = CARTESIAN_POINT('',(-72.13258901639,-4.510686120612,
    -49.35919689773));
#898 = CARTESIAN_POINT('',(-72.12846090832,-3.855826364243,
    -49.44966616968));
#899 = CARTESIAN_POINT('',(-72.12846090832,-3.2,-49.44966616968));
#900 = CYLINDRICAL_SURFACE('',#901,257.);
#901 = AXIS2_PLACEMENT_3D('',#902,#903,#904);
#902 = CARTESIAN_POINT('',(184.6049096574,-111.78729271,-37.7459728227)
  );
#903 = DIRECTION('',(0.,1.,-2.2E-16));
#904 = DIRECTION('',(-0.99773047126,-1.481354397873E-17,
    -6.733429081241E-02));
#905 = ADVANCED_FACE('',(#906),#943,.T.);
#906 = FACE_BOUND('',#907,.T.);
#907 = EDGE_LOOP('',(#908,#917,#936,#942));
#908 = ORIENTED_EDGE('',*,*,#909,.T.);
#909 = EDGE_CURVE('',#299,#910,#912,.T.);
#910 = VERTEX_POINT('',#911);
#911 = CARTESIAN_POINT('',(-68.66643980871,-1.,-10.));
#912 = CIRCLE('',#913,2.);
#913 = AXIS2_PLACEMENT_3D('',#914,#915,#916);
#914 = CARTESIAN_POINT('',(-68.66643980871,-1.,-8.));
#915 = DIRECTION('',(2.E-17,-1.,0.));
#916 = DIRECTION('',(-0.994265180407,-1.988530360815E-17,0.106942746501)
  );
#917 = ORIENTED_EDGE('',*,*,#918,.T.);
#918 = EDGE_CURVE('',#910,#919,#921,.T.);
#919 = VERTEX_POINT('',#920);
#920 = CARTESIAN_POINT('',(-68.93896415538,-4.266892041509,
    -11.69188033474));
#921 = ( BOUNDED_CURVE() B_SPLINE_CURVE(7,(#922,#923,#924,#925,#926,#927
    ,#928,#929,#930,#931,#932,#933,#934,#935),.UNSPECIFIED.,.F.,.F.) 
B_SPLINE_CURVE_WITH_KNOTS((8,6,8),(16.59357451694,18.232165151025,
20.551009892997),.UNSPECIFIED.) CURVE() GEOMETRIC_REPRESENTATION_ITEM() 
RATIONAL_B_SPLINE_CURVE((1.,1.,1.,1.,1.,1.,1.,1.,1.,1.,1.,1.,1.,1.)) 
REPRESENTATION_ITEM('') );
#922 = CARTESIAN_POINT('',(-68.66643980871,-1.,-10.));
#923 = CARTESIAN_POINT('',(-68.66643980871,-1.220287101821,-10.));
#924 = CARTESIAN_POINT('',(-68.66871878696,-1.440547576758,
    -10.01413732483));
#925 = CARTESIAN_POINT('',(-68.67329119963,-1.659798498981,
    -10.04252251531));
#926 = CARTESIAN_POINT('',(-68.68008965699,-1.876271377371,
    -10.08467151438));
#927 = CARTESIAN_POINT('',(-68.68916122834,-2.090055960445,
    -10.14099727381));
#928 = CARTESIAN_POINT('',(-68.70032016389,-2.298249129807,
    -10.21018574841));
#929 = CARTESIAN_POINT('',(-68.73238114297,-2.789410336301,
    -10.40911941605));
#930 = CARTESIAN_POINT('',(-68.7554798466,-3.068490314586,
    -10.55245878459));
#931 = CARTESIAN_POINT('',(-68.78310321269,-3.339878032074,
    -10.72394378766));
#932 = CARTESIAN_POINT('',(-68.81520943439,-3.598037555418,
    -10.92325560202));
#933 = CARTESIAN_POINT('',(-68.85192734989,-3.841682605559,
    -11.15128031723));
#934 = CARTESIAN_POINT('',(-68.89317472547,-4.065949992262,
    -11.40746874579));
#935 = CARTESIAN_POINT('',(-68.93896415538,-4.266892041509,
    -11.69188033474));
#936 = ORIENTED_EDGE('',*,*,#937,.F.);
#937 = EDGE_CURVE('',#307,#919,#938,.T.);
#938 = ( BOUNDED_CURVE() B_SPLINE_CURVE(2,(#939,#940,#941),
.UNSPECIFIED.,.F.,.F.) B_SPLINE_CURVE_WITH_KNOTS((3,3),(0.,
3.957435376057),.PIECEWISE_BEZIER_KNOTS.) CURVE() 
GEOMETRIC_REPRESENTATION_ITEM() RATIONAL_B_SPLINE_CURVE((1.,
0.684858487057,1.)) REPRESENTATION_ITEM('') );
#939 = CARTESIAN_POINT('',(-70.92124170731,-5.854539450435,
    -10.26168697183));
#940 = CARTESIAN_POINT('',(-71.05995583104,-4.167594962441,
    -11.55133613236));
#941 = CARTESIAN_POINT('',(-68.93896415538,-4.266892041509,
    -11.69188033474));
#942 = ORIENTED_EDGE('',*,*,#306,.F.);
#943 = ( BOUNDED_SURFACE() B_SPLINE_SURFACE(2,7,(
    (#944,#945,#946,#947,#948,#949,#950,#951,#952,#953,#954,#955,#956
      ,#957)
    ,(#958,#959,#960,#961,#962,#963,#964,#965,#966,#967,#968,#969,#970
      ,#971)
    ,(#972,#973,#974,#975,#976,#977,#978,#979,#980,#981,#982,#983,#984
,#985
    )),.UNSPECIFIED.,.F.,.F.,.F.) B_SPLINE_SURFACE_WITH_KNOTS((3,3),(8,6
    ,8),(0.,3.957435376057),(16.59357451694,18.232165151025,
20.551009892997),.UNSPECIFIED.) GEOMETRIC_REPRESENTATION_ITEM() 
RATIONAL_B_SPLINE_SURFACE((
    (1.,1.,1.,1.,1.,1.,1.,1.,1.,1.,1.,1.,1.,1.)
    ,(0.668227975132,0.668227975132,0.668369025114,0.668651597455
      ,0.669072669271,0.669632330487,0.670321825697,0.672296563285
      ,0.673716651002,0.675409728067,0.677371730714,0.679605329709
      ,0.682102103395,0.684858487057)
,(1.,1.,1.,1.,1.,1.,1.,1.,1.,1.,1.,1.,1.,1.
))) REPRESENTATION_ITEM('') SURFACE() );
#944 = CARTESIAN_POINT('',(-70.65497016953,-1.000000000067,
    -7.786114506997));
#945 = CARTESIAN_POINT('',(-70.65497016953,-1.324208413665,
    -7.786114507001));
#946 = CARTESIAN_POINT('',(-70.65717287174,-1.648489628025,
    -7.806593409794));
#947 = CARTESIAN_POINT('',(-70.6615605321,-1.970737671701,
    -7.847386245831));
#948 = CARTESIAN_POINT('',(-70.66816510385,-2.290768115574,
    -7.908790089841));
#949 = CARTESIAN_POINT('',(-70.67686706607,-2.604505019073,
    -7.989693735175));
#950 = CARTESIAN_POINT('',(-70.68768004343,-2.912790151234,
    -8.090223852784));
#951 = CARTESIAN_POINT('',(-70.71867798509,-3.638397150039,
    -8.378417068897));
#952 = CARTESIAN_POINT('',(-70.74115204515,-4.054193347015,
    -8.587362285973));
#953 = CARTESIAN_POINT('',(-70.76795425719,-4.456238947767,
    -8.836547079335));
#954 = CARTESIAN_POINT('',(-70.79934529048,-4.84391670524,
    -9.128394936292));
#955 = CARTESIAN_POINT('',(-70.83530414635,-5.209410029527,
    -9.462710628426));
#956 = CARTESIAN_POINT('',(-70.87592238608,-5.548684629268,
    -9.840345416892));
#957 = CARTESIAN_POINT('',(-70.92124170731,-5.854539450435,
    -10.26168697183));
#958 = CARTESIAN_POINT('',(-70.89309476619,-1.000000000056,-10.));
#959 = CARTESIAN_POINT('',(-70.89309476619,-1.207842624272,-10.));
#960 = CARTESIAN_POINT('',(-70.89444219287,-1.415553662962,
    -10.01252725851));
#961 = CARTESIAN_POINT('',(-70.89715322969,-1.622582085373,
    -10.03773223599));
#962 = CARTESIAN_POINT('',(-70.90116332671,-1.827105675132,
    -10.07501480036));
#963 = CARTESIAN_POINT('',(-70.9065658869,-2.030239043669,-10.1252433353
    ));
#964 = CARTESIAN_POINT('',(-70.91319575865,-2.228360301134,
    -10.18688239777));
#965 = CARTESIAN_POINT('',(-70.93237877938,-2.698480063445,
    -10.36523025393));
#966 = CARTESIAN_POINT('',(-70.94623840304,-2.967228574204,
    -10.49408556831));
#967 = CARTESIAN_POINT('',(-70.96293308297,-3.231348023233,
    -10.64929889037));
#968 = CARTESIAN_POINT('',(-70.98248823896,-3.485622988856,
    -10.83110655225));
#969 = CARTESIAN_POINT('',(-71.00512266259,-3.729584189719,
    -11.04154269706));
#970 = CARTESIAN_POINT('',(-71.03089605665,-3.958294859461,
    -11.28116239204));
#971 = CARTESIAN_POINT('',(-71.05995583104,-4.167594962441,
    -11.55133613236));
#972 = CARTESIAN_POINT('',(-68.66643980871,-1.,-10.));
#973 = CARTESIAN_POINT('',(-68.66643980871,-1.220287101821,-10.));
#974 = CARTESIAN_POINT('',(-68.66871878696,-1.440547576758,
    -10.01413732483));
#975 = CARTESIAN_POINT('',(-68.67329119963,-1.659798498981,
    -10.04252251531));
#976 = CARTESIAN_POINT('',(-68.68008965699,-1.876271377371,
    -10.08467151438));
#977 = CARTESIAN_POINT('',(-68.68916122834,-2.090055960445,
    -10.14099727381));
#978 = CARTESIAN_POINT('',(-68.70032016389,-2.298249129807,
    -10.21018574841));
#979 = CARTESIAN_POINT('',(-68.73238114297,-2.789410336301,
    -10.40911941605));
#980 = CARTESIAN_POINT('',(-68.7554798466,-3.068490314586,
    -10.55245878459));
#981 = CARTESIAN_POINT('',(-68.78310321269,-3.339878032074,
    -10.72394378766));
#982 = CARTESIAN_POINT('',(-68.81520943439,-3.598037555418,
    -10.92325560202));
#983 = CARTESIAN_POINT('',(-68.85192734989,-3.841682605559,
    -11.15128031723));
#984 = CARTESIAN_POINT('',(-68.89317472547,-4.065949992262,
    -11.40746874579));
#985 = CARTESIAN_POINT('',(-68.93896415538,-4.266892041509,
    -11.69188033474));
#986 = ADVANCED_FACE('',(#987),#1005,.T.);
#987 = FACE_BOUND('',#988,.T.);
#988 = EDGE_LOOP('',(#989,#997,#1003,#1004));
#989 = ORIENTED_EDGE('',*,*,#990,.T.);
#990 = EDGE_CURVE('',#276,#991,#993,.T.);
#991 = VERTEX_POINT('',#992);
#992 = CARTESIAN_POINT('',(-68.66643980871,1.,-10.));
#993 = ( BOUNDED_CURVE() B_SPLINE_CURVE(2,(#994,#995,#996),
.UNSPECIFIED.,.F.,.F.) B_SPLINE_CURVE_WITH_KNOTS((3,3),(0.,
3.949024830144),.PIECEWISE_BEZIER_KNOTS.) CURVE() 
GEOMETRIC_REPRESENTATION_ITEM() RATIONAL_B_SPLINE_CURVE((1.,
0.668227975132,1.)) REPRESENTATION_ITEM('') );
#994 = CARTESIAN_POINT('',(-70.65497016953,1.000000000012,
    -7.786114506997));
#995 = CARTESIAN_POINT('',(-70.89309476619,1.000000000007,-10.));
#996 = CARTESIAN_POINT('',(-68.66643980871,1.,-10.));
#997 = ORIENTED_EDGE('',*,*,#998,.T.);
#998 = EDGE_CURVE('',#991,#910,#999,.T.);
#999 = LINE('',#1000,#1001);
#1000 = CARTESIAN_POINT('',(-68.66643980871,1.,-10.));
#1001 = VECTOR('',#1002,1.);
#1002 = DIRECTION('',(2.E-17,-1.,0.));
#1003 = ORIENTED_EDGE('',*,*,#909,.F.);
#1004 = ORIENTED_EDGE('',*,*,#298,.F.);
#1005 = CYLINDRICAL_SURFACE('',#1006,2.);
#1006 = AXIS2_PLACEMENT_3D('',#1007,#1008,#1009);
#1007 = CARTESIAN_POINT('',(-68.66643980871,1.,-8.));
#1008 = DIRECTION('',(2.E-17,-1.,0.));
#1009 = DIRECTION('',(-0.994265180407,-1.988530360815E-17,0.106942746501
    ));
#1010 = ADVANCED_FACE('',(#1011),#1058,.T.);
#1011 = FACE_BOUND('',#1012,.T.);
#1012 = EDGE_LOOP('',(#1013,#1021,#1029,#1038,#1046,#1053,#1054,#1055,
    #1056,#1057));
#1013 = ORIENTED_EDGE('',*,*,#1014,.T.);
#1014 = EDGE_CURVE('',#340,#1015,#1017,.T.);
#1015 = VERTEX_POINT('',#1016);
#1016 = CARTESIAN_POINT('',(-108.5,-89.,-20.));
#1017 = LINE('',#1018,#1019);
#1018 = CARTESIAN_POINT('',(-108.5,-89.,-5.));
#1019 = VECTOR('',#1020,1.);
#1020 = DIRECTION('',(0.,0.,-1.));
#1021 = ORIENTED_EDGE('',*,*,#1022,.T.);
#1022 = EDGE_CURVE('',#1015,#1023,#1025,.T.);
#1023 = VERTEX_POINT('',#1024);
#1024 = CARTESIAN_POINT('',(-107.7072758855,-89.,-20.));
#1025 = LINE('',#1026,#1027);
#1026 = CARTESIAN_POINT('',(-111.5,-89.,-20.));
#1027 = VECTOR('',#1028,1.);
#1028 = DIRECTION('',(1.,0.,0.));
#1029 = ORIENTED_EDGE('',*,*,#1030,.F.);
#1030 = EDGE_CURVE('',#1031,#1023,#1033,.T.);
#1031 = VERTEX_POINT('',#1032);
#1032 = CARTESIAN_POINT('',(-89.13549651401,-89.,-27.80414852291));
#1033 = CIRCLE('',#1034,26.);
#1034 = AXIS2_PLACEMENT_3D('',#1035,#1036,#1037);
#1035 = CARTESIAN_POINT('',(-107.7072758855,-89.,-46.));
#1036 = DIRECTION('',(0.,-1.,2.2E-16));
#1037 = DIRECTION('',(0.,2.2E-16,1.));
#1038 = ORIENTED_EDGE('',*,*,#1039,.F.);
#1039 = EDGE_CURVE('',#1040,#1031,#1042,.T.);
#1040 = VERTEX_POINT('',#1041);
#1041 = CARTESIAN_POINT('',(-79.22662286985,-89.,-37.91774036945));
#1042 = LINE('',#1043,#1044);
#1043 = CARTESIAN_POINT('',(-104.1352364421,-89.,-12.49451264651));
#1044 = VECTOR('',#1045,1.);
#1045 = DIRECTION('',(-0.699840441426,0.,0.714299206596));
#1046 = ORIENTED_EDGE('',*,*,#1047,.F.);
#1047 = EDGE_CURVE('',#704,#1040,#1048,.T.);
#1048 = CIRCLE('',#1049,26.);
#1049 = AXIS2_PLACEMENT_3D('',#1050,#1051,#1052);
#1050 = CARTESIAN_POINT('',(-97.79840224136,-89.,-56.11359184654));
#1051 = DIRECTION('',(0.,-1.,2.2E-16));
#1052 = DIRECTION('',(0.,2.2E-16,1.));
#1053 = ORIENTED_EDGE('',*,*,#703,.F.);
#1054 = ORIENTED_EDGE('',*,*,#694,.F.);
#1055 = ORIENTED_EDGE('',*,*,#685,.T.);
#1056 = ORIENTED_EDGE('',*,*,#149,.T.);
#1057 = ORIENTED_EDGE('',*,*,#349,.F.);
#1058 = PLANE('',#1059);
#1059 = AXIS2_PLACEMENT_3D('',#1060,#1061,#1062);
#1060 = CARTESIAN_POINT('',(-111.5,-89.,-5.));
#1061 = DIRECTION('',(0.,-1.,0.));
#1062 = DIRECTION('',(1.,0.,0.));
#1063 = ADVANCED_FACE('',(#1064),#1097,.T.);
#1064 = FACE_BOUND('',#1065,.T.);
#1065 = EDGE_LOOP('',(#1066,#1074,#1095,#1096));
#1066 = ORIENTED_EDGE('',*,*,#1067,.T.);
#1067 = EDGE_CURVE('',#268,#1068,#1070,.T.);
#1068 = VERTEX_POINT('',#1069);
#1069 = CARTESIAN_POINT('',(-68.93896874303,4.266913760884,
    -11.69191107646));
#1070 = ( BOUNDED_CURVE() B_SPLINE_CURVE(2,(#1071,#1072,#1073),
.UNSPECIFIED.,.F.,.F.) B_SPLINE_CURVE_WITH_KNOTS((3,3),(0.,
8.644549686728),.PIECEWISE_BEZIER_KNOTS.) CURVE() 
GEOMETRIC_REPRESENTATION_ITEM() RATIONAL_B_SPLINE_CURVE((1.,
0.684858719763,1.)) REPRESENTATION_ITEM('') );
#1071 = CARTESIAN_POINT('',(-70.92124170731,5.854537598274,
    -10.26168697183));
#1072 = CARTESIAN_POINT('',(-71.05995923799,4.1676193239,-11.55136780741
    ));
#1073 = CARTESIAN_POINT('',(-68.93896874303,4.266913760884,
    -11.69191107646));
#1074 = ORIENTED_EDGE('',*,*,#1075,.T.);
#1075 = EDGE_CURVE('',#1068,#991,#1076,.T.);
#1076 = ( BOUNDED_CURVE() B_SPLINE_CURVE(9,(#1077,#1078,#1079,#1080,
    #1081,#1082,#1083,#1084,#1085,#1086,#1087,#1088,#1089,#1090,#1091,
#1092,#1093,#1094),.UNSPECIFIED.,.F.,.F.) B_SPLINE_CURVE_WITH_KNOTS((10,
    8,10),(10.644549686728,12.6190621018,14.593574516872),
.UNSPECIFIED.) CURVE() GEOMETRIC_REPRESENTATION_ITEM() 
RATIONAL_B_SPLINE_CURVE((1.,1.,1.,1.,1.,1.,1.,1.,1.,1.,1.,1.,1.,1.,1.,1.
,1.,1.)) REPRESENTATION_ITEM('') );
#1077 = CARTESIAN_POINT('',(-68.93896874303,4.266913760884,
    -11.69191107646));
#1078 = CARTESIAN_POINT('',(-68.90857069109,4.133515561966,
    -11.50309668232));
#1079 = CARTESIAN_POINT('',(-68.8801032443,3.990179667961,
    -11.32627962209));
#1080 = CARTESIAN_POINT('',(-68.85357279327,3.838084606805,-11.161507428
    ));
#1081 = CARTESIAN_POINT('',(-68.82897908337,3.678220603967,
    -11.0087807868));
#1082 = CARTESIAN_POINT('',(-68.8063197314,3.511517624535,
    -10.86808387752));
#1083 = CARTESIAN_POINT('',(-68.7855912553,3.338894359857,
    -10.73939253288));
#1084 = CARTESIAN_POINT('',(-68.76678661648,3.161228158743,
    -10.62266022426));
#1085 = CARTESIAN_POINT('',(-68.74988927521,2.979245903217,
    -10.51778187048));
#1086 = CARTESIAN_POINT('',(-68.71983824213,2.60742575446,
    -10.33128906959));
#1087 = CARTESIAN_POINT('',(-68.70667717289,2.417471637166,
    -10.24962539243));
#1088 = CARTESIAN_POINT('',(-68.69541547797,2.224624928658,
    -10.17977583875));
#1089 = CARTESIAN_POINT('',(-68.68577025012,2.026534891783,
    -10.11994770188));
#1090 = CARTESIAN_POINT('',(-68.67805979689,1.823603743997,
    -10.07208075346));
#1091 = CARTESIAN_POINT('',(-68.67226693991,1.620053567613,
    -10.03616538285));
#1092 = CARTESIAN_POINT('',(-68.66837835159,1.413728805242,
    -10.01202583104));
#1093 = CARTESIAN_POINT('',(-68.66643980871,1.206890032719,-10.));
#1094 = CARTESIAN_POINT('',(-68.66643980871,1.,-10.));
#1095 = ORIENTED_EDGE('',*,*,#990,.F.);
#1096 = ORIENTED_EDGE('',*,*,#275,.F.);
#1097 = ( BOUNDED_SURFACE() B_SPLINE_SURFACE(2,9,(
    (#1098,#1099,#1100,#1101,#1102,#1103,#1104,#1105,#1106,#1107,#1108
      ,#1109,#1110,#1111,#1112,#1113,#1114,#1115)
    ,(#1116,#1117,#1118,#1119,#1120,#1121,#1122,#1123,#1124,#1125,#1126
      ,#1127,#1128,#1129,#1130,#1131,#1132,#1133)
    ,(#1134,#1135,#1136,#1137,#1138,#1139,#1140,#1141,#1142,#1143,#1144
      ,#1145,#1146,#1147,#1148,#1149,#1150,#1151
)),.UNSPECIFIED.,.F.,.F.,.F.) B_SPLINE_SURFACE_WITH_KNOTS((3,3),(10,8,10
    ),(0.,3.949024830144),(10.644549686728,12.6190621018,14.593574516872
),.UNSPECIFIED.) GEOMETRIC_REPRESENTATION_ITEM() 
RATIONAL_B_SPLINE_SURFACE((
    (1.,1.,1.,1.,1.,1.,1.,1.,1.,1.,1.,1.,1.,1.,1.,1.,1.,1.)
    ,(0.684858719763,0.683028911675,0.681309431342,0.679701732199
      ,0.678206895529,0.676825847075,0.675559373912,0.67440794157
      ,0.673371311413,0.671524605126,0.670714142051,0.67001904662
      ,0.669423160232,0.668947068461,0.668588279626,0.668347946084
      ,0.668227975132,0.668227975132)
    ,(1.,1.,1.,1.,1.,1.,1.,1.,1.,1.,1.,1.,1.,1.,1.,1.,1.,1.
))) REPRESENTATION_ITEM('') SURFACE() );
#1098 = CARTESIAN_POINT('',(-70.92124170731,5.854537598274,
    -10.26168697183));
#1099 = CARTESIAN_POINT('',(-70.89116211367,5.651536396255,
    -9.982031795763));
#1100 = CARTESIAN_POINT('',(-70.86307942112,5.43435105968,
    -9.720942154025));
#1101 = CARTESIAN_POINT('',(-70.8369839246,5.204790221838,
    -9.478327816885));
#1102 = CARTESIAN_POINT('',(-70.81286049292,4.964378539117,
    -9.254048107044));
#1103 = CARTESIAN_POINT('',(-70.79069203439,4.714523466418,
    -9.047944120238));
#1104 = CARTESIAN_POINT('',(-70.77046029816,4.456577919357,
    -8.859846174967));
#1105 = CARTESIAN_POINT('',(-70.75214401109,4.191798823256,
    -8.689556491336));
#1106 = CARTESIAN_POINT('',(-70.73571435041,3.921201548929,
    -8.536807099035));
#1107 = CARTESIAN_POINT('',(-70.70654115349,3.369418921578,
    -8.265578849826));
#1108 = CARTESIAN_POINT('',(-70.69379859226,3.088343429145,
    -8.147109057797));
#1109 = CARTESIAN_POINT('',(-70.68286110037,2.801659188129,
    -8.045421307097));
#1110 = CARTESIAN_POINT('',(-70.67373374987,2.513947579501,
    -7.960562753401));
#1111 = CARTESIAN_POINT('',(-70.66611571827,2.21201169626,
    -7.889736598196));
#1112 = CARTESIAN_POINT('',(-70.66061027233,1.912585483744,
    -7.838551516692));
#1113 = CARTESIAN_POINT('',(-70.65683643285,1.608940567182,
    -7.803465479402));
#1114 = CARTESIAN_POINT('',(-70.65497016953,1.304491224595,
    -7.786114506998));
#1115 = CARTESIAN_POINT('',(-70.65497016953,1.000000000012,
    -7.786114506997));
#1116 = CARTESIAN_POINT('',(-71.05995923799,4.1676193239,-11.55136780741
    ));
#1117 = CARTESIAN_POINT('',(-71.04069293615,4.028858794708,
    -11.37224567239));
#1118 = CARTESIAN_POINT('',(-71.02281321678,3.881793088012,
    -11.20601483408));
#1119 = CARTESIAN_POINT('',(-71.00629159141,3.727663851737,
    -11.05241043014));
#1120 = CARTESIAN_POINT('',(-70.99109587417,3.56747138425,
    -10.91113322307));
#1121 = CARTESIAN_POINT('',(-70.97719410411,3.402101285058,
    -10.7818860664));
#1122 = CARTESIAN_POINT('',(-70.96455618793,3.232380875909,
    -10.6643891774));
#1123 = CARTESIAN_POINT('',(-70.95315318936,3.059063790873,
    -10.55837353074));
#1124 = CARTESIAN_POINT('',(-70.94295421202,2.882741404844,
    -10.46355187729));
#1125 = CARTESIAN_POINT('',(-70.92486263136,2.524126324226,
    -10.29535132793));
#1126 = CARTESIAN_POINT('',(-70.91697659894,2.341809702668,
    -10.22203352282));
#1127 = CARTESIAN_POINT('',(-70.9102713061,2.157803835013,
    -10.15969325751));
#1128 = CARTESIAN_POINT('',(-70.90454362834,1.969730511529,
    -10.10644204827));
#1129 = CARTESIAN_POINT('',(-70.89996395485,1.777131302863,
    -10.06386403311));
#1130 = CARTESIAN_POINT('',(-70.89654633891,1.585099715104,
    -10.03208986754));
#1131 = CARTESIAN_POINT('',(-70.89424118825,1.39026195607,-10.0106584838
    ));
#1132 = CARTESIAN_POINT('',(-70.89309476619,1.195202383877,-10.));
#1133 = CARTESIAN_POINT('',(-70.89309476619,1.000000000007,-10.));
#1134 = CARTESIAN_POINT('',(-68.93896874303,4.266913760884,
    -11.69191107646));
#1135 = CARTESIAN_POINT('',(-68.90857069109,4.133515561966,
    -11.50309668232));
#1136 = CARTESIAN_POINT('',(-68.8801032443,3.990179667961,
    -11.32627962209));
#1137 = CARTESIAN_POINT('',(-68.85357279327,3.838084606805,-11.161507428
    ));
#1138 = CARTESIAN_POINT('',(-68.82897908337,3.678220603967,
    -11.0087807868));
#1139 = CARTESIAN_POINT('',(-68.8063197314,3.511517624535,
    -10.86808387752));
#1140 = CARTESIAN_POINT('',(-68.7855912553,3.338894359857,
    -10.73939253288));
#1141 = CARTESIAN_POINT('',(-68.76678661648,3.161228158743,
    -10.62266022426));
#1142 = CARTESIAN_POINT('',(-68.74988927521,2.979245903217,
    -10.51778187048));
#1143 = CARTESIAN_POINT('',(-68.71983824213,2.60742575446,
    -10.33128906959));
#1144 = CARTESIAN_POINT('',(-68.70667717289,2.417471637166,
    -10.24962539243));
#1145 = CARTESIAN_POINT('',(-68.69541547797,2.224624928658,
    -10.17977583875));
#1146 = CARTESIAN_POINT('',(-68.68577025012,2.026534891783,
    -10.11994770188));
#1147 = CARTESIAN_POINT('',(-68.67805979689,1.823603743997,
    -10.07208075346));
#1148 = CARTESIAN_POINT('',(-68.67226693991,1.620053567613,
    -10.03616538285));
#1149 = CARTESIAN_POINT('',(-68.66837835159,1.413728805242,
    -10.01202583104));
#1150 = CARTESIAN_POINT('',(-68.66643980871,1.206890032719,-10.));
#1151 = CARTESIAN_POINT('',(-68.66643980871,1.,-10.));
#1152 = ADVANCED_FACE('',(#1153),#1185,.T.);
#1153 = FACE_BOUND('',#1154,.T.);
#1154 = EDGE_LOOP('',(#1155,#1163,#1178,#1184));
#1155 = ORIENTED_EDGE('',*,*,#1156,.T.);
#1156 = EDGE_CURVE('',#158,#1157,#1159,.T.);
#1157 = VERTEX_POINT('',#1158);
#1158 = CARTESIAN_POINT('',(-65.96149540863,-111.9880994919,
    -10.57412972274));
#1159 = ( BOUNDED_CURVE() B_SPLINE_CURVE(2,(#1160,#1161,#1162),
.UNSPECIFIED.,.F.,.F.) B_SPLINE_CURVE_WITH_KNOTS((3,3),(0.,
45.097316983814),.PIECEWISE_BEZIER_KNOTS.) CURVE() 
GEOMETRIC_REPRESENTATION_ITEM() RATIONAL_B_SPLINE_CURVE((1.,
0.709597312787,1.)) REPRESENTATION_ITEM('') );
#1160 = CARTESIAN_POINT('',(-70.92124170731,-106.9930557935,
    -10.26168697183));
#1161 = CARTESIAN_POINT('',(-70.89788811258,-111.9530910997,
    -10.04456456903));
#1162 = CARTESIAN_POINT('',(-65.96149540863,-111.9880994919,
    -10.57412972274));
#1163 = ORIENTED_EDGE('',*,*,#1164,.T.);
#1164 = EDGE_CURVE('',#1157,#1165,#1167,.T.);
#1165 = VERTEX_POINT('',#1166);
#1166 = CARTESIAN_POINT('',(-65.84207619337,-111.9385788961,
    -9.420736765129));
#1167 = ( BOUNDED_CURVE() B_SPLINE_CURVE(9,(#1168,#1169,#1170,#1171,
    #1172,#1173,#1174,#1175,#1176,#1177),.UNSPECIFIED.,.F.,.F.) 
B_SPLINE_CURVE_WITH_KNOTS((10,10),(46.941141977974,48.109583137261),
.PIECEWISE_BEZIER_KNOTS.) CURVE() GEOMETRIC_REPRESENTATION_ITEM() 
RATIONAL_B_SPLINE_CURVE((1.,1.,1.,1.,1.,1.,1.,1.,1.,1.)) 
REPRESENTATION_ITEM('') );
#1168 = CARTESIAN_POINT('',(-65.96149540863,-111.9880994919,
    -10.57412972274));
#1169 = CARTESIAN_POINT('',(-65.94821207872,-111.9829295168,
    -10.44582987356));
#1170 = CARTESIAN_POINT('',(-65.93490879505,-111.9776666104,
    -10.31732920725));
#1171 = CARTESIAN_POINT('',(-65.92172426087,-111.9723676223,
    -10.19002208756));
#1172 = CARTESIAN_POINT('',(-65.9083468258,-111.9669058362,
    -10.06077595174));
#1173 = CARTESIAN_POINT('',(-65.89517558616,-111.9614429444,
    -9.933602304294));
#1174 = CARTESIAN_POINT('',(-65.88185809479,-111.9558366051,
    -9.804956948747));
#1175 = CARTESIAN_POINT('',(-65.86861079971,-111.9501739382,
    -9.67701768845));
#1176 = CARTESIAN_POINT('',(-65.85534112333,-111.9444177015,
    -9.548853764867));
#1177 = CARTESIAN_POINT('',(-65.84207619337,-111.9385788961,
    -9.420736765129));
#1178 = ORIENTED_EDGE('',*,*,#1179,.F.);
#1179 = EDGE_CURVE('',#166,#1165,#1180,.T.);
#1180 = ( BOUNDED_CURVE() B_SPLINE_CURVE(2,(#1181,#1182,#1183),
.UNSPECIFIED.,.F.,.F.) B_SPLINE_CURVE_WITH_KNOTS((3,3),(0.,
1.168441159287),.PIECEWISE_BEZIER_KNOTS.) CURVE() 
GEOMETRIC_REPRESENTATION_ITEM() RATIONAL_B_SPLINE_CURVE((1.,
0.709922256923,1.)) REPRESENTATION_ITEM('') );
#1181 = CARTESIAN_POINT('',(-70.79793187151,-106.9438603081,
    -9.115254136047));
#1182 = CARTESIAN_POINT('',(-70.7739263292,-111.8990404152,
    -8.892070464074));
#1183 = CARTESIAN_POINT('',(-65.84207619337,-111.9385788961,
    -9.420736765129));
#1184 = ORIENTED_EDGE('',*,*,#165,.F.);
#1185 = ( BOUNDED_SURFACE() B_SPLINE_SURFACE(2,9,(
    (#1186,#1187,#1188,#1189,#1190,#1191,#1192,#1193,#1194,#1195)
    ,(#1196,#1197,#1198,#1199,#1200,#1201,#1202,#1203,#1204,#1205)
    ,(#1206,#1207,#1208,#1209,#1210,#1211,#1212,#1213,#1214,#1215
)),.UNSPECIFIED.,.F.,.F.,.F.) B_SPLINE_SURFACE_WITH_KNOTS((3,3),(10,10),
  (0.,1.168441159287),(46.941141977974,48.109583137261),
.PIECEWISE_BEZIER_KNOTS.) GEOMETRIC_REPRESENTATION_ITEM() 
RATIONAL_B_SPLINE_SURFACE((
    (1.,1.,1.,1.,1.,1.,1.,1.,1.,1.)
    ,(0.709597312787,0.709633501626,0.709669803466,0.709705427879
      ,0.709742149522,0.709777694701,0.709814084147,0.709850067255
      ,0.709886173686,0.709922256923)
,(1.,1.,1.,1.,1.,1.,1.,1.,1.,1.))) REPRESENTATION_ITEM('') SURFACE() );
#1186 = CARTESIAN_POINT('',(-70.92124170731,-106.9930557935,
    -10.26168697183));
#1187 = CARTESIAN_POINT('',(-70.90778431423,-106.9880279151,
    -10.13657126465));
#1188 = CARTESIAN_POINT('',(-70.89431199009,-106.9829121135,
    -10.01131674077));
#1189 = CARTESIAN_POINT('',(-70.88082786029,-106.9777046919,
    -9.88595245771));
#1190 = CARTESIAN_POINT('',(-70.86711839152,-106.9723287985,
    -9.758493159285));
#1191 = CARTESIAN_POINT('',(-70.85300342725,-106.9666756586,
    -9.627263899147));
#1192 = CARTESIAN_POINT('',(-70.83912406011,-106.9610584348,
    -9.498225026286));
#1193 = CARTESIAN_POINT('',(-70.82530907345,-106.955372139,
    -9.369784709774));
#1194 = CARTESIAN_POINT('',(-70.811706209,-106.9496950296,
    -9.243316530193));
#1195 = CARTESIAN_POINT('',(-70.79793187151,-106.9438603081,
    -9.115254136047));
#1196 = CARTESIAN_POINT('',(-70.89788811258,-111.9530910997,
    -10.04456456903));
#1197 = CARTESIAN_POINT('',(-70.88411364521,-111.9474221881,
    -9.916500967398));
#1198 = CARTESIAN_POINT('',(-70.8703393137,-111.9416681271,
    -9.788438628953));
#1199 = CARTESIAN_POINT('',(-70.85656508568,-111.9358344376,
    -9.660377252551));
#1200 = CARTESIAN_POINT('',(-70.84279157527,-111.9299089038,
    -9.532322547946));
#1201 = CARTESIAN_POINT('',(-70.82901798086,-111.9239071618,
    -9.404267062364));
#1202 = CARTESIAN_POINT('',(-70.81524488432,-111.9178153461,
    -9.276216205638));
#1203 = CARTESIAN_POINT('',(-70.80147170664,-111.9116418721,
    -9.148164594521));
#1204 = CARTESIAN_POINT('',(-70.78769890683,-111.9053832248,
    -9.02011649641));
#1205 = CARTESIAN_POINT('',(-70.7739263292,-111.8990404152,
    -8.892070464074));
#1206 = CARTESIAN_POINT('',(-65.96149540863,-111.9880994919,
    -10.57412972274));
#1207 = CARTESIAN_POINT('',(-65.94821207872,-111.9829295168,
    -10.44582987356));
#1208 = CARTESIAN_POINT('',(-65.93490879505,-111.9776666104,
    -10.31732920725));
#1209 = CARTESIAN_POINT('',(-65.92172426087,-111.9723676223,
    -10.19002208756));
#1210 = CARTESIAN_POINT('',(-65.9083468258,-111.9669058362,
    -10.06077595174));
#1211 = CARTESIAN_POINT('',(-65.89517558616,-111.9614429444,
    -9.933602304294));
#1212 = CARTESIAN_POINT('',(-65.88185809479,-111.9558366051,
    -9.804956948747));
#1213 = CARTESIAN_POINT('',(-65.86861079971,-111.9501739382,
    -9.67701768845));
#1214 = CARTESIAN_POINT('',(-65.85534112333,-111.9444177015,
    -9.548853764867));
#1215 = CARTESIAN_POINT('',(-65.84207619337,-111.9385788961,
    -9.420736765129));
#1216 = ADVANCED_FACE('',(#1217),#1271,.T.);
#1217 = FACE_BOUND('',#1218,.T.);
#1218 = EDGE_LOOP('',(#1219,#1229,#1237,#1246,#1254,#1261,#1262,#1263,
    #1264,#1265));
#1219 = ORIENTED_EDGE('',*,*,#1220,.T.);
#1220 = EDGE_CURVE('',#1221,#1223,#1225,.T.);
#1221 = VERTEX_POINT('',#1222);
#1222 = CARTESIAN_POINT('',(-108.5,76.,-6.));
#1223 = VERTEX_POINT('',#1224);
#1224 = CARTESIAN_POINT('',(-108.5,76.,-20.));
#1225 = LINE('',#1226,#1227);
#1226 = CARTESIAN_POINT('',(-108.5,76.,-5.));
#1227 = VECTOR('',#1228,1.);
#1228 = DIRECTION('',(0.,0.,-1.));
#1229 = ORIENTED_EDGE('',*,*,#1230,.T.);
#1230 = EDGE_CURVE('',#1223,#1231,#1233,.T.);
#1231 = VERTEX_POINT('',#1232);
#1232 = CARTESIAN_POINT('',(-107.7072758855,76.,-20.));
#1233 = LINE('',#1234,#1235);
#1234 = CARTESIAN_POINT('',(-111.5,76.,-20.));
#1235 = VECTOR('',#1236,1.);
#1236 = DIRECTION('',(1.,0.,0.));
#1237 = ORIENTED_EDGE('',*,*,#1238,.T.);
#1238 = EDGE_CURVE('',#1231,#1239,#1241,.T.);
#1239 = VERTEX_POINT('',#1240);
#1240 = CARTESIAN_POINT('',(-89.13549651401,76.,-27.80414852291));
#1241 = CIRCLE('',#1242,26.);
#1242 = AXIS2_PLACEMENT_3D('',#1243,#1244,#1245);
#1243 = CARTESIAN_POINT('',(-107.7072758855,76.,-46.));
#1244 = DIRECTION('',(0.,1.,-2.2E-16));
#1245 = DIRECTION('',(0.,2.2E-16,1.));
#1246 = ORIENTED_EDGE('',*,*,#1247,.F.);
#1247 = EDGE_CURVE('',#1248,#1239,#1250,.T.);
#1248 = VERTEX_POINT('',#1249);
#1249 = CARTESIAN_POINT('',(-79.22662286985,76.,-37.91774036945));
#1250 = LINE('',#1251,#1252);
#1251 = CARTESIAN_POINT('',(-104.1352364421,76.,-12.49451264651));
#1252 = VECTOR('',#1253,1.);
#1253 = DIRECTION('',(-0.699840441426,0.,0.714299206596));
#1254 = ORIENTED_EDGE('',*,*,#1255,.T.);
#1255 = EDGE_CURVE('',#1248,#576,#1256,.T.);
#1256 = CIRCLE('',#1257,26.);
#1257 = AXIS2_PLACEMENT_3D('',#1258,#1259,#1260);
#1258 = CARTESIAN_POINT('',(-97.79840224136,76.,-56.11359184654));
#1259 = DIRECTION('',(0.,1.,-2.2E-16));
#1260 = DIRECTION('',(0.,2.2E-16,1.));
#1261 = ORIENTED_EDGE('',*,*,#575,.F.);
#1262 = ORIENTED_EDGE('',*,*,#566,.F.);
#1263 = ORIENTED_EDGE('',*,*,#557,.T.);
#1264 = ORIENTED_EDGE('',*,*,#259,.T.);
#1265 = ORIENTED_EDGE('',*,*,#1266,.F.);
#1266 = EDGE_CURVE('',#1221,#252,#1267,.T.);
#1267 = LINE('',#1268,#1269);
#1268 = CARTESIAN_POINT('',(-108.5,76.,-6.));
#1269 = VECTOR('',#1270,1.);
#1270 = DIRECTION('',(1.,0.,0.));
#1271 = PLANE('',#1272);
#1272 = AXIS2_PLACEMENT_3D('',#1273,#1274,#1275);
#1273 = CARTESIAN_POINT('',(-111.5,76.,-5.));
#1274 = DIRECTION('',(0.,-1.,0.));
#1275 = DIRECTION('',(1.,0.,0.));
#1276 = ADVANCED_FACE('',(#1277),#1301,.T.);
#1277 = FACE_BOUND('',#1278,.T.);
#1278 = EDGE_LOOP('',(#1279,#1280,#1281,#1289));
#1279 = ORIENTED_EDGE('',*,*,#180,.F.);
#1280 = ORIENTED_EDGE('',*,*,#1179,.T.);
#1281 = ORIENTED_EDGE('',*,*,#1282,.T.);
#1282 = EDGE_CURVE('',#1165,#1283,#1285,.T.);
#1283 = VERTEX_POINT('',#1284);
#1284 = CARTESIAN_POINT('',(-64.77477970495,-111.4864789131,
    0.502102981584));
#1285 = LINE('',#1286,#1287);
#1286 = CARTESIAN_POINT('',(-65.93541678923,-111.978117377,
    -10.28854040222));
#1287 = VECTOR('',#1288,1.);
#1288 = DIRECTION('',(0.106833185741,4.525385586769E-02,0.993246575103)
  );
#1289 = ORIENTED_EDGE('',*,*,#1290,.F.);
#1290 = EDGE_CURVE('',#181,#1283,#1291,.T.);
#1291 = B_SPLINE_CURVE_WITH_KNOTS('',8,(#1292,#1293,#1294,#1295,#1296,
    #1297,#1298,#1299,#1300),.UNSPECIFIED.,.F.,.F.,(9,9),(
    1.424248223336E+03,1.431771440258E+03),.PIECEWISE_BEZIER_KNOTS.);
#1292 = CARTESIAN_POINT('',(-69.76248549314,-106.5052518285,
    0.511469637894));
#1293 = CARTESIAN_POINT('',(-69.76248179267,-107.4869378731,
    0.51150404181));
#1294 = CARTESIAN_POINT('',(-69.54133546399,-108.4747124123,
    0.511529899499));
#1295 = CARTESIAN_POINT('',(-69.0939072277,-109.4104015104,0.51082831302
    ));
#1296 = CARTESIAN_POINT('',(-68.43167787376,-110.2273768399,
    0.507774496243));
#1297 = CARTESIAN_POINT('',(-67.60565855018,-110.8523657,0.504441293974)
  );
#1298 = CARTESIAN_POINT('',(-66.69379116245,-111.2710123532,
    0.503062855711));
#1299 = CARTESIAN_POINT('',(-65.73696267766,-111.4834830703,
    0.502137815019));
#1300 = CARTESIAN_POINT('',(-64.77485352807,-111.4864786839,
    0.50210298292));
#1301 = CYLINDRICAL_SURFACE('',#1302,5.);
#1302 = AXIS2_PLACEMENT_3D('',#1303,#1304,#1305);
#1303 = CARTESIAN_POINT('',(-65.91994656533,-106.983398789,
    -10.51777150565));
#1304 = DIRECTION('',(0.106833185741,4.525385586769E-02,0.993246575103)
  );
#1305 = DIRECTION('',(-0.994265180407,-8.673617379884E-18,0.106942746501
    ));
#1306 = ADVANCED_FACE('',(#1307),#1325,.T.);
#1307 = FACE_BOUND('',#1308,.F.);
#1308 = EDGE_LOOP('',(#1309,#1317,#1323,#1324));
#1309 = ORIENTED_EDGE('',*,*,#1310,.F.);
#1310 = EDGE_CURVE('',#1311,#1221,#1313,.T.);
#1311 = VERTEX_POINT('',#1312);
#1312 = CARTESIAN_POINT('',(-108.5,77.,-5.));
#1313 = LINE('',#1314,#1315);
#1314 = CARTESIAN_POINT('',(-108.5,76.,-6.));
#1315 = VECTOR('',#1316,1.);
#1316 = DIRECTION('',(-4.E-17,-0.707106781187,-0.707106781187));
#1317 = ORIENTED_EDGE('',*,*,#1318,.T.);
#1318 = EDGE_CURVE('',#1311,#244,#1319,.T.);
#1319 = LINE('',#1320,#1321);
#1320 = CARTESIAN_POINT('',(-108.5,77.,-5.));
#1321 = VECTOR('',#1322,1.);
#1322 = DIRECTION('',(1.,0.,0.));
#1323 = ORIENTED_EDGE('',*,*,#251,.T.);
#1324 = ORIENTED_EDGE('',*,*,#1266,.F.);
#1325 = PLANE('',#1326);
#1326 = AXIS2_PLACEMENT_3D('',#1327,#1328,#1329);
#1327 = CARTESIAN_POINT('',(-108.5,76.5,-5.5));
#1328 = DIRECTION('',(0.,-0.707106781187,0.707106781187));
#1329 = DIRECTION('',(-1.,-0.,-0.));
#1330 = ADVANCED_FACE('',(#1331),#1355,.T.);
#1331 = FACE_BOUND('',#1332,.F.);
#1332 = EDGE_LOOP('',(#1333,#1340,#1348,#1354));
#1333 = ORIENTED_EDGE('',*,*,#1334,.F.);
#1334 = EDGE_CURVE('',#1335,#189,#1337,.T.);
#1335 = VERTEX_POINT('',#1336);
#1336 = CARTESIAN_POINT('',(-67.54860011852,106.5045630324,2.5));
#1337 = B_SPLINE_CURVE_WITH_KNOTS('',1,(#1338,#1339),.UNSPECIFIED.,.F.,
  .F.,(2,2),(0.,7.523218515139),.PIECEWISE_BEZIER_KNOTS.);
#1338 = CARTESIAN_POINT('',(-67.54860011852,106.5045630324,2.5));
#1339 = CARTESIAN_POINT('',(-69.76248549231,106.50532549027,
    0.511469640476));
#1340 = ORIENTED_EDGE('',*,*,#1341,.T.);
#1341 = EDGE_CURVE('',#1335,#1342,#1344,.T.);
#1342 = VERTEX_POINT('',#1343);
#1343 = CARTESIAN_POINT('',(-67.5486,-106.5052518285,2.5));
#1344 = LINE('',#1345,#1346);
#1345 = CARTESIAN_POINT('',(-67.5486,106.4146512983,2.5));
#1346 = VECTOR('',#1347,1.);
#1347 = DIRECTION('',(0.,-1.,2.2E-16));
#1348 = ORIENTED_EDGE('',*,*,#1349,.T.);
#1349 = EDGE_CURVE('',#1342,#181,#1350,.T.);
#1350 = LINE('',#1351,#1352);
#1351 = CARTESIAN_POINT('',(-68.6555427465,-106.5052518285,
    1.505734819593));
#1352 = VECTOR('',#1353,1.);
#1353 = DIRECTION('',(-0.743956566777,-1.5E-16,-0.668227975132));
#1354 = ORIENTED_EDGE('',*,*,#188,.F.);
#1355 = PLANE('',#1356);
#1356 = AXIS2_PLACEMENT_3D('',#1357,#1358,#1359);
#1357 = CARTESIAN_POINT('',(-68.6555427465,106.4146512983,1.505734819592
    ));
#1358 = DIRECTION('',(-0.668227975132,1.5E-16,0.743956566777));
#1359 = DIRECTION('',(-9.698361405463E-18,1.,-2.103358225359E-16));
#1360 = ADVANCED_FACE('',(#1361,#1397),#1408,.T.);
#1361 = FACE_BOUND('',#1362,.T.);
#1362 = EDGE_LOOP('',(#1363,#1364,#1372,#1381,#1389,#1396));
#1363 = ORIENTED_EDGE('',*,*,#243,.T.);
#1364 = ORIENTED_EDGE('',*,*,#1365,.T.);
#1365 = EDGE_CURVE('',#236,#1366,#1368,.T.);
#1366 = VERTEX_POINT('',#1367);
#1367 = CARTESIAN_POINT('',(-108.5,88.,-5.));
#1368 = LINE('',#1369,#1370);
#1369 = CARTESIAN_POINT('',(-70.35529685971,88.,-5.));
#1370 = VECTOR('',#1371,1.);
#1371 = DIRECTION('',(-1.,0.,0.));
#1372 = ORIENTED_EDGE('',*,*,#1373,.T.);
#1373 = EDGE_CURVE('',#1366,#1374,#1376,.T.);
#1374 = VERTEX_POINT('',#1375);
#1375 = CARTESIAN_POINT('',(-110.5,86.,-5.));
#1376 = CIRCLE('',#1377,2.);
#1377 = AXIS2_PLACEMENT_3D('',#1378,#1379,#1380);
#1378 = CARTESIAN_POINT('',(-108.5,86.,-5.));
#1379 = DIRECTION('',(0.,-0.,1.));
#1380 = DIRECTION('',(0.,1.,0.));
#1381 = ORIENTED_EDGE('',*,*,#1382,.T.);
#1382 = EDGE_CURVE('',#1374,#1383,#1385,.T.);
#1383 = VERTEX_POINT('',#1384);
#1384 = CARTESIAN_POINT('',(-110.5,79.,-5.));
#1385 = LINE('',#1386,#1387);
#1386 = CARTESIAN_POINT('',(-110.5,86.,-5.));
#1387 = VECTOR('',#1388,1.);
#1388 = DIRECTION('',(0.,-1.,0.));
#1389 = ORIENTED_EDGE('',*,*,#1390,.T.);
#1390 = EDGE_CURVE('',#1383,#1311,#1391,.T.);
#1391 = CIRCLE('',#1392,2.);
#1392 = AXIS2_PLACEMENT_3D('',#1393,#1394,#1395);
#1393 = CARTESIAN_POINT('',(-108.5,79.,-5.));
#1394 = DIRECTION('',(0.,0.,1.));
#1395 = DIRECTION('',(-1.,-0.,0.));
#1396 = ORIENTED_EDGE('',*,*,#1318,.T.);
#1397 = FACE_BOUND('',#1398,.T.);
#1398 = EDGE_LOOP('',(#1399));
#1399 = ORIENTED_EDGE('',*,*,#1400,.F.);
#1400 = EDGE_CURVE('',#1401,#1401,#1403,.T.);
#1401 = VERTEX_POINT('',#1402);
#1402 = CARTESIAN_POINT('',(-104.275,82.5,-5.));
#1403 = CIRCLE('',#1404,3.775);
#1404 = AXIS2_PLACEMENT_3D('',#1405,#1406,#1407);
#1405 = CARTESIAN_POINT('',(-100.5,82.5,-5.));
#1406 = DIRECTION('',(0.,0.,1.));
#1407 = DIRECTION('',(-1.,0.,0.));
#1408 = PLANE('',#1409);
#1409 = AXIS2_PLACEMENT_3D('',#1410,#1411,#1412);
#1410 = CARTESIAN_POINT('',(-90.5,2.695E-14,-5.));
#1411 = DIRECTION('',(0.,-2.2E-16,1.));
#1412 = DIRECTION('',(1.,0.,0.));
#1413 = ADVANCED_FACE('',(#1414),#1445,.T.);
#1414 = FACE_BOUND('',#1415,.T.);
#1415 = EDGE_LOOP('',(#1416,#1426,#1432,#1433));
#1416 = ORIENTED_EDGE('',*,*,#1417,.F.);
#1417 = EDGE_CURVE('',#1418,#1420,#1422,.T.);
#1418 = VERTEX_POINT('',#1419);
#1419 = CARTESIAN_POINT('',(-65.84207619337,111.93857889615,
    -9.42073676513));
#1420 = VERTEX_POINT('',#1421);
#1421 = CARTESIAN_POINT('',(-64.77477970495,111.48647891317,
    0.502102981584));
#1422 = LINE('',#1423,#1424);
#1423 = CARTESIAN_POINT('',(-65.93541678923,111.97811737703,
    -10.28854040223));
#1424 = VECTOR('',#1425,1.);
#1425 = DIRECTION('',(0.106833185741,-4.525385586769E-02,0.993246575103)
  );
#1426 = ORIENTED_EDGE('',*,*,#1427,.T.);
#1427 = EDGE_CURVE('',#1418,#197,#1428,.T.);
#1428 = ( BOUNDED_CURVE() B_SPLINE_CURVE(2,(#1429,#1430,#1431),
.UNSPECIFIED.,.F.,.F.) B_SPLINE_CURVE_WITH_KNOTS((3,3),(0.,
1.168440824904),.PIECEWISE_BEZIER_KNOTS.) CURVE() 
GEOMETRIC_REPRESENTATION_ITEM() RATIONAL_B_SPLINE_CURVE((1.,
0.709922256923,1.)) REPRESENTATION_ITEM('') );
#1429 = CARTESIAN_POINT('',(-65.84207619337,111.93857889615,
    -9.42073676513));
#1430 = CARTESIAN_POINT('',(-70.7739263292,111.89904041527,
    -8.892070464076));
#1431 = CARTESIAN_POINT('',(-70.79793187151,106.94386030814,
    -9.115254136048));
#1432 = ORIENTED_EDGE('',*,*,#196,.T.);
#1433 = ORIENTED_EDGE('',*,*,#1434,.F.);
#1434 = EDGE_CURVE('',#1420,#189,#1435,.T.);
#1435 = B_SPLINE_CURVE_WITH_KNOTS('',8,(#1436,#1437,#1438,#1439,#1440,
    #1441,#1442,#1443,#1444),.UNSPECIFIED.,.F.,.F.,(9,9),(
    1.203714561735E+03,1.21123778025E+03),.PIECEWISE_BEZIER_KNOTS.);
#1436 = CARTESIAN_POINT('',(-64.7747797051,111.48647891323,0.50210298025
    ));
#1437 = CARTESIAN_POINT('',(-65.73688941854,111.48349735904,
    0.502137755089));
#1438 = CARTESIAN_POINT('',(-66.69372071292,111.27104045014,
    0.503062747095));
#1439 = CARTESIAN_POINT('',(-67.60559332785,110.85240740804,
    0.504441121259));
#1440 = CARTESIAN_POINT('',(-68.43162141757,110.22743168781,
    0.507774221413));
#1441 = CARTESIAN_POINT('',(-69.09386333846,109.41046670296,
    0.510828174591));
#1442 = CARTESIAN_POINT('',(-69.54130602399,108.47478403822,
    0.511529849481));
#1443 = CARTESIAN_POINT('',(-69.76246727545,107.48701213825,
    0.511504046003));
#1444 = CARTESIAN_POINT('',(-69.76248549231,106.50532549027,
    0.511469640476));
#1445 = CYLINDRICAL_SURFACE('',#1446,5.);
#1446 = AXIS2_PLACEMENT_3D('',#1447,#1448,#1449);
#1447 = CARTESIAN_POINT('',(-65.91994656533,106.98339878902,
    -10.51777150565));
#1448 = DIRECTION('',(0.106833185741,-4.525385586769E-02,0.993246575103)
  );
#1449 = DIRECTION('',(-3.094044779815E-03,0.998943717602,
    4.584622068515E-02));
#1450 = ADVANCED_FACE('',(#1451),#1469,.T.);
#1451 = FACE_BOUND('',#1452,.F.);
#1452 = EDGE_LOOP('',(#1453,#1454,#1455,#1463));
#1453 = ORIENTED_EDGE('',*,*,#235,.F.);
#1454 = ORIENTED_EDGE('',*,*,#1365,.T.);
#1455 = ORIENTED_EDGE('',*,*,#1456,.T.);
#1456 = EDGE_CURVE('',#1366,#1457,#1459,.T.);
#1457 = VERTEX_POINT('',#1458);
#1458 = CARTESIAN_POINT('',(-108.5,89.,-6.));
#1459 = LINE('',#1460,#1461);
#1460 = CARTESIAN_POINT('',(-108.5,88.5,-5.5));
#1461 = VECTOR('',#1462,1.);
#1462 = DIRECTION('',(-0.,0.707106781187,-0.707106781187));
#1463 = ORIENTED_EDGE('',*,*,#1464,.F.);
#1464 = EDGE_CURVE('',#228,#1457,#1465,.T.);
#1465 = LINE('',#1466,#1467);
#1466 = CARTESIAN_POINT('',(-70.35529685971,89.,-6.));
#1467 = VECTOR('',#1468,1.);
#1468 = DIRECTION('',(-1.,0.,0.));
#1469 = PLANE('',#1470);
#1470 = AXIS2_PLACEMENT_3D('',#1471,#1472,#1473);
#1471 = CARTESIAN_POINT('',(-70.35529685971,88.5,-5.5));
#1472 = DIRECTION('',(0.,0.707106781187,0.707106781187));
#1473 = DIRECTION('',(1.,-0.,-0.));
#1474 = ADVANCED_FACE('',(#1475),#1500,.T.);
#1475 = FACE_BOUND('',#1476,.T.);
#1476 = EDGE_LOOP('',(#1477,#1485,#1486,#1487));
#1477 = ORIENTED_EDGE('',*,*,#1478,.T.);
#1478 = EDGE_CURVE('',#1479,#205,#1481,.T.);
#1479 = VERTEX_POINT('',#1480);
#1480 = CARTESIAN_POINT('',(-65.96149540815,111.98809949173,
    -10.57412971787));
#1481 = ( BOUNDED_CURVE() B_SPLINE_CURVE(2,(#1482,#1483,#1484),
.UNSPECIFIED.,.F.,.F.) B_SPLINE_CURVE_WITH_KNOTS((3,3),(0.,
45.097317290551),.PIECEWISE_BEZIER_KNOTS.) CURVE() 
GEOMETRIC_REPRESENTATION_ITEM() RATIONAL_B_SPLINE_CURVE((1.,
0.70959731279,1.)) REPRESENTATION_ITEM('') );
#1482 = CARTESIAN_POINT('',(-65.96149540815,111.98809949173,
    -10.57412971787));
#1483 = CARTESIAN_POINT('',(-70.89788811257,111.95309109975,
    -10.04456456899));
#1484 = CARTESIAN_POINT('',(-70.92124170731,106.99305579358,
    -10.26168697183));
#1485 = ORIENTED_EDGE('',*,*,#204,.T.);
#1486 = ORIENTED_EDGE('',*,*,#1427,.F.);
#1487 = ORIENTED_EDGE('',*,*,#1488,.F.);
#1488 = EDGE_CURVE('',#1479,#1418,#1489,.T.);
#1489 = ( BOUNDED_CURVE() B_SPLINE_CURVE(9,(#1490,#1491,#1492,#1493,
    #1494,#1495,#1496,#1497,#1498,#1499),.UNSPECIFIED.,.F.,.F.) 
B_SPLINE_CURVE_WITH_KNOTS((10,10),(46.941142312295,48.109583137199),
.PIECEWISE_BEZIER_KNOTS.) CURVE() GEOMETRIC_REPRESENTATION_ITEM() 
RATIONAL_B_SPLINE_CURVE((1.,1.,1.,1.,1.,1.,1.,1.,1.,1.)) 
REPRESENTATION_ITEM('') );
#1490 = CARTESIAN_POINT('',(-65.96149540815,111.98809949173,
    -10.57412971787));
#1491 = CARTESIAN_POINT('',(-65.94821207863,111.98292951677,
    -10.4458298726));
#1492 = CARTESIAN_POINT('',(-65.93490879599,111.9776666108,
    -10.31732921665));
#1493 = CARTESIAN_POINT('',(-65.92172425922,111.97236762169,
    -10.19002207091));
#1494 = CARTESIAN_POINT('',(-65.90834682749,111.9669058369,
    -10.06077596872));
#1495 = CARTESIAN_POINT('',(-65.89517558502,111.96144294394,
    -9.933602292914));
#1496 = CARTESIAN_POINT('',(-65.88185809524,111.95583660532,
    -9.804956953316));
#1497 = CARTESIAN_POINT('',(-65.86861079962,111.95017393824,
    -9.6770176875));
#1498 = CARTESIAN_POINT('',(-65.85534112333,111.94441770153,
    -9.548853764853));
#1499 = CARTESIAN_POINT('',(-65.84207619337,111.93857889615,
    -9.42073676513));
#1500 = ( BOUNDED_SURFACE() B_SPLINE_SURFACE(2,9,(
    (#1501,#1502,#1503,#1504,#1505,#1506,#1507,#1508,#1509,#1510)
    ,(#1511,#1512,#1513,#1514,#1515,#1516,#1517,#1518,#1519,#1520)
    ,(#1521,#1522,#1523,#1524,#1525,#1526,#1527,#1528,#1529,#1530
)),.UNSPECIFIED.,.F.,.F.,.F.) B_SPLINE_SURFACE_WITH_KNOTS((3,3),(10,10),
  (0.,1.168440824904),(46.941142312295,48.109583137199),
.PIECEWISE_BEZIER_KNOTS.) GEOMETRIC_REPRESENTATION_ITEM() 
RATIONAL_B_SPLINE_SURFACE((
    (1.,1.,1.,1.,1.,1.,1.,1.,1.,1.)
    ,(0.70959731279,0.709633501627,0.70966980346,0.709705427889
      ,0.709742149512,0.709777694707,0.709814084145,0.709850067256
      ,0.709886173686,0.709922256923)
,(1.,1.,1.,1.,1.,1.,1.,1.,1.,1.))) REPRESENTATION_ITEM('') SURFACE() );
#1501 = CARTESIAN_POINT('',(-65.96149540815,111.98809949173,
    -10.57412971787));
#1502 = CARTESIAN_POINT('',(-65.94821207863,111.98292951677,
    -10.4458298726));
#1503 = CARTESIAN_POINT('',(-65.93490879599,111.9776666108,
    -10.31732921665));
#1504 = CARTESIAN_POINT('',(-65.92172425922,111.97236762169,
    -10.19002207091));
#1505 = CARTESIAN_POINT('',(-65.90834682749,111.9669058369,
    -10.06077596872));
#1506 = CARTESIAN_POINT('',(-65.89517558502,111.96144294394,
    -9.933602292914));
#1507 = CARTESIAN_POINT('',(-65.88185809524,111.95583660532,
    -9.804956953316));
#1508 = CARTESIAN_POINT('',(-65.86861079962,111.95017393824,
    -9.6770176875));
#1509 = CARTESIAN_POINT('',(-65.85534112333,111.94441770153,
    -9.548853764853));
#1510 = CARTESIAN_POINT('',(-65.84207619337,111.93857889615,
    -9.42073676513));
#1511 = CARTESIAN_POINT('',(-70.89788811257,111.95309109975,
    -10.04456456899));
#1512 = CARTESIAN_POINT('',(-70.88411364519,111.94742218815,
    -9.916500967216));
#1513 = CARTESIAN_POINT('',(-70.87033931369,111.94166812713,
    -9.788438628807));
#1514 = CARTESIAN_POINT('',(-70.85656508569,111.93583443763,
    -9.660377252636));
#1515 = CARTESIAN_POINT('',(-70.84279157523,111.92990890394,
    -9.532322547641));
#1516 = CARTESIAN_POINT('',(-70.82901798087,111.92390716183,
    -9.404267062484));
#1517 = CARTESIAN_POINT('',(-70.81524488431,111.91781534614,
    -9.276216205513));
#1518 = CARTESIAN_POINT('',(-70.80147170664,111.91164187212,
    -9.14816459451));
#1519 = CARTESIAN_POINT('',(-70.78769890682,111.90538322484,
    -9.020116496396));
#1520 = CARTESIAN_POINT('',(-70.7739263292,111.89904041527,
    -8.892070464076));
#1521 = CARTESIAN_POINT('',(-70.92124170731,106.99305579358,
    -10.26168697183));
#1522 = CARTESIAN_POINT('',(-70.90778431421,106.98802791509,
    -10.13657126447));
#1523 = CARTESIAN_POINT('',(-70.89431199006,106.9829121135,
    -10.01131674053));
#1524 = CARTESIAN_POINT('',(-70.88082786031,106.97770469198,
    -9.885952457876));
#1525 = CARTESIAN_POINT('',(-70.86711839153,106.9723287985,
    -9.758493159358));
#1526 = CARTESIAN_POINT('',(-70.85300342725,106.96667565864,
    -9.627263899126));
#1527 = CARTESIAN_POINT('',(-70.83912406009,106.96105843484,
    -9.498225026093));
#1528 = CARTESIAN_POINT('',(-70.82530907343,106.95537213908,
    -9.369784709599));
#1529 = CARTESIAN_POINT('',(-70.811706209,106.94969502962,-9.24331653018
    ));
#1530 = CARTESIAN_POINT('',(-70.79793187151,106.94386030814,
    -9.115254136048));
#1531 = ADVANCED_FACE('',(#1532),#1579,.T.);
#1532 = FACE_BOUND('',#1533,.T.);
#1533 = EDGE_LOOP('',(#1534,#1542,#1543,#1544,#1545,#1546,#1547,#1556,
    #1564,#1573));
#1534 = ORIENTED_EDGE('',*,*,#1535,.F.);
#1535 = EDGE_CURVE('',#1457,#1536,#1538,.T.);
#1536 = VERTEX_POINT('',#1537);
#1537 = CARTESIAN_POINT('',(-108.5,89.,-20.));
#1538 = LINE('',#1539,#1540);
#1539 = CARTESIAN_POINT('',(-108.5,89.,-5.));
#1540 = VECTOR('',#1541,1.);
#1541 = DIRECTION('',(0.,0.,-1.));
#1542 = ORIENTED_EDGE('',*,*,#1464,.F.);
#1543 = ORIENTED_EDGE('',*,*,#227,.T.);
#1544 = ORIENTED_EDGE('',*,*,#610,.F.);
#1545 = ORIENTED_EDGE('',*,*,#601,.T.);
#1546 = ORIENTED_EDGE('',*,*,#592,.T.);
#1547 = ORIENTED_EDGE('',*,*,#1548,.F.);
#1548 = EDGE_CURVE('',#1549,#585,#1551,.T.);
#1549 = VERTEX_POINT('',#1550);
#1550 = CARTESIAN_POINT('',(-79.22662286985,89.,-37.91774036945));
#1551 = CIRCLE('',#1552,26.);
#1552 = AXIS2_PLACEMENT_3D('',#1553,#1554,#1555);
#1553 = CARTESIAN_POINT('',(-97.79840224136,89.,-56.11359184654));
#1554 = DIRECTION('',(0.,1.,-2.2E-16));
#1555 = DIRECTION('',(0.,2.2E-16,1.));
#1556 = ORIENTED_EDGE('',*,*,#1557,.T.);
#1557 = EDGE_CURVE('',#1549,#1558,#1560,.T.);
#1558 = VERTEX_POINT('',#1559);
#1559 = CARTESIAN_POINT('',(-89.13549651401,89.,-27.80414852291));
#1560 = LINE('',#1561,#1562);
#1561 = CARTESIAN_POINT('',(-93.84992692958,89.,-22.99231755966));
#1562 = VECTOR('',#1563,1.);
#1563 = DIRECTION('',(-0.699840441426,0.,0.714299206596));
#1564 = ORIENTED_EDGE('',*,*,#1565,.F.);
#1565 = EDGE_CURVE('',#1566,#1558,#1568,.T.);
#1566 = VERTEX_POINT('',#1567);
#1567 = CARTESIAN_POINT('',(-107.7072758855,89.,-20.));
#1568 = CIRCLE('',#1569,26.);
#1569 = AXIS2_PLACEMENT_3D('',#1570,#1571,#1572);
#1570 = CARTESIAN_POINT('',(-107.7072758855,89.,-46.));
#1571 = DIRECTION('',(0.,1.,-2.2E-16));
#1572 = DIRECTION('',(0.,2.2E-16,1.));
#1573 = ORIENTED_EDGE('',*,*,#1574,.T.);
#1574 = EDGE_CURVE('',#1566,#1536,#1575,.T.);
#1575 = LINE('',#1576,#1577);
#1576 = CARTESIAN_POINT('',(-69.5,89.,-20.));
#1577 = VECTOR('',#1578,1.);
#1578 = DIRECTION('',(-1.,0.,0.));
#1579 = PLANE('',#1580);
#1580 = AXIS2_PLACEMENT_3D('',#1581,#1582,#1583);
#1581 = CARTESIAN_POINT('',(-69.5,89.,-5.));
#1582 = DIRECTION('',(0.,1.,0.));
#1583 = DIRECTION('',(-1.,0.,0.));
#1584 = ADVANCED_FACE('',(#1585),#1604,.T.);
#1585 = FACE_BOUND('',#1586,.T.);
#1586 = EDGE_LOOP('',(#1587,#1588,#1589,#1597));
#1587 = ORIENTED_EDGE('',*,*,#1014,.F.);
#1588 = ORIENTED_EDGE('',*,*,#397,.F.);
#1589 = ORIENTED_EDGE('',*,*,#1590,.T.);
#1590 = EDGE_CURVE('',#388,#1591,#1593,.T.);
#1591 = VERTEX_POINT('',#1592);
#1592 = CARTESIAN_POINT('',(-111.5,-86.,-20.));
#1593 = LINE('',#1594,#1595);
#1594 = CARTESIAN_POINT('',(-111.5,-86.,-5.));
#1595 = VECTOR('',#1596,1.);
#1596 = DIRECTION('',(0.,0.,-1.));
#1597 = ORIENTED_EDGE('',*,*,#1598,.F.);
#1598 = EDGE_CURVE('',#1015,#1591,#1599,.T.);
#1599 = CIRCLE('',#1600,3.);
#1600 = AXIS2_PLACEMENT_3D('',#1601,#1602,#1603);
#1601 = CARTESIAN_POINT('',(-108.5,-86.,-20.));
#1602 = DIRECTION('',(0.,0.,-1.));
#1603 = DIRECTION('',(0.,1.,0.));
#1604 = CYLINDRICAL_SURFACE('',#1605,3.);
#1605 = AXIS2_PLACEMENT_3D('',#1606,#1607,#1608);
#1606 = CARTESIAN_POINT('',(-108.5,-86.,-5.));
#1607 = DIRECTION('',(0.,0.,-1.));
#1608 = DIRECTION('',(0.,-1.,0.));
#1609 = ADVANCED_FACE('',(#1610),#1629,.T.);
#1610 = FACE_BOUND('',#1611,.F.);
#1611 = EDGE_LOOP('',(#1612,#1613,#1614,#1622));
#1612 = ORIENTED_EDGE('',*,*,#479,.F.);
#1613 = ORIENTED_EDGE('',*,*,#422,.T.);
#1614 = ORIENTED_EDGE('',*,*,#1615,.T.);
#1615 = EDGE_CURVE('',#415,#1616,#1618,.T.);
#1616 = VERTEX_POINT('',#1617);
#1617 = CARTESIAN_POINT('',(-111.5,-79.,-20.));
#1618 = LINE('',#1619,#1620);
#1619 = CARTESIAN_POINT('',(-111.5,-79.,-5.));
#1620 = VECTOR('',#1621,1.);
#1621 = DIRECTION('',(0.,0.,-1.));
#1622 = ORIENTED_EDGE('',*,*,#1623,.F.);
#1623 = EDGE_CURVE('',#480,#1616,#1624,.T.);
#1624 = CIRCLE('',#1625,3.);
#1625 = AXIS2_PLACEMENT_3D('',#1626,#1627,#1628);
#1626 = CARTESIAN_POINT('',(-108.5,-79.,-20.));
#1627 = DIRECTION('',(0.,-0.,1.));
#1628 = DIRECTION('',(0.,1.,0.));
#1629 = CYLINDRICAL_SURFACE('',#1630,3.);
#1630 = AXIS2_PLACEMENT_3D('',#1631,#1632,#1633);
#1631 = CARTESIAN_POINT('',(-108.5,-79.,-5.));
#1632 = DIRECTION('',(0.,0.,-1.));
#1633 = DIRECTION('',(0.,1.,0.));
#1634 = ADVANCED_FACE('',(#1635),#1646,.T.);
#1635 = FACE_BOUND('',#1636,.T.);
#1636 = EDGE_LOOP('',(#1637,#1638,#1644,#1645));
#1637 = ORIENTED_EDGE('',*,*,#1615,.T.);
#1638 = ORIENTED_EDGE('',*,*,#1639,.T.);
#1639 = EDGE_CURVE('',#1616,#1591,#1640,.T.);
#1640 = LINE('',#1641,#1642);
#1641 = CARTESIAN_POINT('',(-111.5,-76.,-20.));
#1642 = VECTOR('',#1643,1.);
#1643 = DIRECTION('',(0.,-1.,-2.2E-16));
#1644 = ORIENTED_EDGE('',*,*,#1590,.F.);
#1645 = ORIENTED_EDGE('',*,*,#440,.F.);
#1646 = PLANE('',#1647);
#1647 = AXIS2_PLACEMENT_3D('',#1648,#1649,#1650);
#1648 = CARTESIAN_POINT('',(-111.5,-76.,-5.));
#1649 = DIRECTION('',(-1.,0.,0.));
#1650 = DIRECTION('',(0.,-1.,0.));
#1651 = ADVANCED_FACE('',(#1652),#1670,.F.);
#1652 = FACE_BOUND('',#1653,.T.);
#1653 = EDGE_LOOP('',(#1654,#1661,#1668,#1669));
#1654 = ORIENTED_EDGE('',*,*,#1655,.T.);
#1655 = EDGE_CURVE('',#455,#1656,#1658,.T.);
#1656 = VERTEX_POINT('',#1657);
#1657 = CARTESIAN_POINT('',(-103.5179044156,-82.5,-14.));
#1658 = B_SPLINE_CURVE_WITH_KNOTS('',1,(#1659,#1660),.UNSPECIFIED.,.F.,
  .F.,(2,2),(0.,1.),.PIECEWISE_BEZIER_KNOTS.);
#1659 = CARTESIAN_POINT('',(-103.675,-82.5,-5.));
#1660 = CARTESIAN_POINT('',(-103.5179044156,-82.5,-14.));
#1661 = ORIENTED_EDGE('',*,*,#1662,.F.);
#1662 = EDGE_CURVE('',#1656,#1656,#1663,.T.);
#1663 = CIRCLE('',#1664,3.017904415646);
#1664 = AXIS2_PLACEMENT_3D('',#1665,#1666,#1667);
#1665 = CARTESIAN_POINT('',(-100.5,-82.5,-14.));
#1666 = DIRECTION('',(0.,-2.2E-16,1.));
#1667 = DIRECTION('',(-1.,0.,0.));
#1668 = ORIENTED_EDGE('',*,*,#1655,.F.);
#1669 = ORIENTED_EDGE('',*,*,#464,.T.);
#1670 = CONICAL_SURFACE('',#1671,3.175,1.745329251994E-02);
#1671 = AXIS2_PLACEMENT_3D('',#1672,#1673,#1674);
#1672 = CARTESIAN_POINT('',(-100.5,-82.5,-5.));
#1673 = DIRECTION('',(0.,0.,1.));
#1674 = DIRECTION('',(-1.,-0.,-0.));
#1675 = ADVANCED_FACE('',(#1676),#1689,.F.);
#1676 = FACE_BOUND('',#1677,.F.);
#1677 = EDGE_LOOP('',(#1678,#1679,#1680,#1681,#1682,#1683));
#1678 = ORIENTED_EDGE('',*,*,#542,.T.);
#1679 = ORIENTED_EDGE('',*,*,#1623,.T.);
#1680 = ORIENTED_EDGE('',*,*,#1639,.T.);
#1681 = ORIENTED_EDGE('',*,*,#1598,.F.);
#1682 = ORIENTED_EDGE('',*,*,#1022,.T.);
#1683 = ORIENTED_EDGE('',*,*,#1684,.T.);
#1684 = EDGE_CURVE('',#1023,#534,#1685,.T.);
#1685 = LINE('',#1686,#1687);
#1686 = CARTESIAN_POINT('',(-107.7072758855,-89.,-20.));
#1687 = VECTOR('',#1688,1.);
#1688 = DIRECTION('',(0.,1.,-2.2E-16));
#1689 = PLANE('',#1690);
#1690 = AXIS2_PLACEMENT_3D('',#1691,#1692,#1693);
#1691 = CARTESIAN_POINT('',(-90.5,3.01980662698E-14,-20.));
#1692 = DIRECTION('',(0.,-2.2E-16,1.));
#1693 = DIRECTION('',(1.,0.,0.));
#1694 = ADVANCED_FACE('',(#1695,#1706),#1763,.F.);
#1695 = FACE_BOUND('',#1696,.T.);
#1696 = EDGE_LOOP('',(#1697,#1698,#1699,#1700));
#1697 = ORIENTED_EDGE('',*,*,#1030,.T.);
#1698 = ORIENTED_EDGE('',*,*,#1684,.T.);
#1699 = ORIENTED_EDGE('',*,*,#533,.F.);
#1700 = ORIENTED_EDGE('',*,*,#1701,.F.);
#1701 = EDGE_CURVE('',#1031,#526,#1702,.T.);
#1702 = LINE('',#1703,#1704);
#1703 = CARTESIAN_POINT('',(-89.13549651401,-89.,-27.80414852291));
#1704 = VECTOR('',#1705,1.);
#1705 = DIRECTION('',(0.,1.,-2.2E-16));
#1706 = FACE_BOUND('',#1707,.T.);
#1707 = EDGE_LOOP('',(#1708));
#1708 = ORIENTED_EDGE('',*,*,#1709,.T.);
#1709 = EDGE_CURVE('',#1710,#1710,#1712,.T.);
#1710 = VERTEX_POINT('',#1711);
#1711 = CARTESIAN_POINT('',(-98.2,-82.5,-21.80058460961));
#1712 = B_SPLINE_CURVE_WITH_KNOTS('',7,(#1713,#1714,#1715,#1716,#1717,
    #1718,#1719,#1720,#1721,#1722,#1723,#1724,#1725,#1726,#1727,#1728,
    #1729,#1730,#1731,#1732,#1733,#1734,#1735,#1736,#1737,#1738,#1739,
    #1740,#1741,#1742,#1743,#1744,#1745,#1746,#1747,#1748,#1749,#1750,
    #1751,#1752,#1753,#1754,#1755,#1756,#1757,#1758,#1759,#1760,#1761,
    #1762),.UNSPECIFIED.,.T.,.F.,(8,6,6,6,6,6,6,6,8),(0.,0.169851354727,
    0.314531155683,0.439566920616,0.564641678075,0.703519640352,
    0.819864590607,0.909942865856,1.),.UNSPECIFIED.);
#1713 = CARTESIAN_POINT('',(-98.2,-82.5,-21.80058460961));
#1714 = CARTESIAN_POINT('',(-98.2,-82.24049020721,-21.80058460961));
#1715 = CARTESIAN_POINT('',(-98.23415997847,-81.98100175536,
    -21.78716416113));
#1716 = CARTESIAN_POINT('',(-98.30247483008,-81.72511017538,
    -21.76032486692));
#1717 = CARTESIAN_POINT('',(-98.40528936394,-81.47658200825,
    -21.72028337252));
#1718 = CARTESIAN_POINT('',(-98.54312632486,-81.23969749278,
    -21.66753189382));
#1719 = CARTESIAN_POINT('',(-98.7165121957,-81.01966388604,
    -21.60296149026));
#1720 = CARTESIAN_POINT('',(-99.10359346414,-80.65617038015,
    -21.46405833045));
#1721 = CARTESIAN_POINT('',(-99.3104332881,-80.5034473593,
    -21.39154047314));
#1722 = CARTESIAN_POINT('',(-99.54420970402,-80.37372219953,
    -21.31203601803));
#1723 = CARTESIAN_POINT('',(-99.80083043361,-80.27417330926,
    -21.22809892579));
#1724 = CARTESIAN_POINT('',(-100.0745246412,-80.21045641071,
    -21.14266989145));
#1725 = CARTESIAN_POINT('',(-100.3582964866,-80.18653727254,
    -21.05845053268));
#1726 = CARTESIAN_POINT('',(-100.8916914592,-80.22009563975,
    -20.90789318393));
#1727 = CARTESIAN_POINT('',(-101.1369777905,-80.26672746411,
    -20.84173562408));
#1728 = CARTESIAN_POINT('',(-101.3755930362,-80.3441229998,
    -20.78041582404));
#1729 = CARTESIAN_POINT('',(-101.6029628162,-80.45110026623,
    -20.72475158238));
#1730 = CARTESIAN_POINT('',(-101.8147578005,-80.58565106386,
    -20.67520346497));
#1731 = CARTESIAN_POINT('',(-102.007069682,-80.7449805542,
    -20.63195392314));
#1732 = CARTESIAN_POINT('',(-102.3462388809,-81.10615906667,
    -20.55811694193));
#1733 = CARTESIAN_POINT('',(-102.4931125463,-81.30805413418,
    -20.52752580404));
#1734 = CARTESIAN_POINT('',(-102.6140771237,-81.52781134634,
    -20.50328492395));
#1735 = CARTESIAN_POINT('',(-102.7065956104,-81.76144534533,
    -20.48525318781));
#1736 = CARTESIAN_POINT('',(-102.768879342,-82.00451888202,
    -20.47328421468));
#1737 = CARTESIAN_POINT('',(-102.8,-82.25230593578,-20.46730246559));
#1738 = CARTESIAN_POINT('',(-102.8,-82.7750294912,-20.46730246559));
#1739 = CARTESIAN_POINT('',(-102.7616310056,-83.05024839055,
    -20.47467699692));
#1740 = CARTESIAN_POINT('',(-102.6848001678,-83.32203357281,
    -20.48944267933));
#1741 = CARTESIAN_POINT('',(-102.5684021444,-83.58640048353,
    -20.51219271399));
#1742 = CARTESIAN_POINT('',(-102.4108366128,-83.83807584908,
    -20.54398438319));
#1743 = CARTESIAN_POINT('',(-102.2103505837,-84.07009826682,
    -20.58648900018));
#1744 = CARTESIAN_POINT('',(-101.7614335641,-84.44147472321,
    -20.68812563431));
#1745 = CARTESIAN_POINT('',(-101.5217519374,-84.59332024334,
    -20.74441658475));
#1746 = CARTESIAN_POINT('',(-101.2516838932,-84.71386543399,
    -20.81087307088));
#1747 = CARTESIAN_POINT('',(-100.9599479342,-84.79352598012,
    -20.88686911897));
#1748 = CARTESIAN_POINT('',(-100.6577703989,-84.82714944012,
    -20.9706109587));
#1749 = CARTESIAN_POINT('',(-100.3571203783,-84.81421819531,
    -21.05874794258));
#1750 = CARTESIAN_POINT('',(-99.84596802644,-84.7167106693,
    -21.21584595163));
#1751 = CARTESIAN_POINT('',(-99.62777696977,-84.64846116076,
    -21.28546087599));
#1752 = CARTESIAN_POINT('',(-99.41805716212,-84.55518462021,
    -21.35485876236));
#1753 = CARTESIAN_POINT('',(-99.22024352058,-84.43819299479,
    -21.42256406944));
#1754 = CARTESIAN_POINT('',(-99.03749139437,-84.29936207446,
    -21.48698453001));
#1755 = CARTESIAN_POINT('',(-98.87257901727,-84.14105932324,
    -21.54653553132));
#1756 = CARTESIAN_POINT('',(-98.58309404058,-83.79113209786,
    -21.65306820628));
#1757 = CARTESIAN_POINT('',(-98.45845334306,-83.59944472504,
    -21.70007373412));
#1758 = CARTESIAN_POINT('',(-98.35631391083,-83.3938699045,
    -21.73937949538));
#1759 = CARTESIAN_POINT('',(-98.27847955456,-83.1776383526,
    -21.76975152069));
#1760 = CARTESIAN_POINT('',(-98.2261656663,-82.95420096363,
    -21.79030512552));
#1761 = CARTESIAN_POINT('',(-98.2,-82.72711926219,-21.80058460961));
#1762 = CARTESIAN_POINT('',(-98.2,-82.5,-21.80058460961));
#1763 = CYLINDRICAL_SURFACE('',#1764,26.);
#1764 = AXIS2_PLACEMENT_3D('',#1765,#1766,#1767);
#1765 = CARTESIAN_POINT('',(-107.7072758855,-89.,-46.));
#1766 = DIRECTION('',(0.,1.,-2.2E-16));
#1767 = DIRECTION('',(0.714299206596,1.539648971138E-16,0.699840441426)
  );
#1768 = ADVANCED_FACE('',(#1769),#1780,.F.);
#1769 = FACE_BOUND('',#1770,.F.);
#1770 = EDGE_LOOP('',(#1771,#1772,#1778,#1779));
#1771 = ORIENTED_EDGE('',*,*,#1039,.F.);
#1772 = ORIENTED_EDGE('',*,*,#1773,.T.);
#1773 = EDGE_CURVE('',#1040,#517,#1774,.T.);
#1774 = LINE('',#1775,#1776);
#1775 = CARTESIAN_POINT('',(-79.22662286985,-89.,-37.91774036945));
#1776 = VECTOR('',#1777,1.);
#1777 = DIRECTION('',(0.,1.,-2.2E-16));
#1778 = ORIENTED_EDGE('',*,*,#525,.T.);
#1779 = ORIENTED_EDGE('',*,*,#1701,.F.);
#1780 = PLANE('',#1781);
#1781 = AXIS2_PLACEMENT_3D('',#1782,#1783,#1784);
#1782 = CARTESIAN_POINT('',(-96.78167432969,-89.,-20.));
#1783 = DIRECTION('',(0.714299206596,1.6E-16,0.699840441426));
#1784 = DIRECTION('',(-4.310869203358E-18,1.,-2.242236090679E-16));
#1785 = ADVANCED_FACE('',(#1786),#1792,.F.);
#1786 = FACE_BOUND('',#1787,.T.);
#1787 = EDGE_LOOP('',(#1788,#1789,#1790,#1791));
#1788 = ORIENTED_EDGE('',*,*,#1047,.T.);
#1789 = ORIENTED_EDGE('',*,*,#1773,.T.);
#1790 = ORIENTED_EDGE('',*,*,#516,.F.);
#1791 = ORIENTED_EDGE('',*,*,#712,.F.);
#1792 = CYLINDRICAL_SURFACE('',#1793,26.);
#1793 = AXIS2_PLACEMENT_3D('',#1794,#1795,#1796);
#1794 = CARTESIAN_POINT('',(-97.79840224136,-89.,-56.11359184654));
#1795 = DIRECTION('',(0.,1.,-2.2E-16));
#1796 = DIRECTION('',(0.99789156148,1.427871443549E-17,
    6.490324743406E-02));
#1797 = ADVANCED_FACE('',(#1798),#1846,.T.);
#1798 = FACE_BOUND('',#1799,.T.);
#1799 = EDGE_LOOP('',(#1800,#1809,#1844,#1845));
#1800 = ORIENTED_EDGE('',*,*,#1801,.T.);
#1801 = EDGE_CURVE('',#766,#1802,#1804,.T.);
#1802 = VERTEX_POINT('',#1803);
#1803 = CARTESIAN_POINT('',(-69.77685157671,1.,-18.));
#1804 = CIRCLE('',#1805,2.);
#1805 = AXIS2_PLACEMENT_3D('',#1806,#1807,#1808);
#1806 = CARTESIAN_POINT('',(-69.77685157671,1.,-20.));
#1807 = DIRECTION('',(0.,1.,-2.2E-16));
#1808 = DIRECTION('',(-0.997575534251,1.531025106272E-17,
    6.95920502851E-02));
#1809 = ORIENTED_EDGE('',*,*,#1810,.T.);
#1810 = EDGE_CURVE('',#1802,#1068,#1811,.T.);
#1811 = ( BOUNDED_CURVE() B_SPLINE_CURVE(11,(#1812,#1813,#1814,#1815,
    #1816,#1817,#1818,#1819,#1820,#1821,#1822,#1823,#1824,#1825,#1826,
    #1827,#1828,#1829,#1830,#1831,#1832,#1833,#1834,#1835,#1836,#1837,
    #1838,#1839,#1840,#1841,#1842,#1843),.UNSPECIFIED.,.F.,.F.) 
B_SPLINE_CURVE_WITH_KNOTS((12,10,10,12),(2.,6.322274843364,
8.483412265046,10.644549686728),.UNSPECIFIED.) CURVE() 
GEOMETRIC_REPRESENTATION_ITEM() RATIONAL_B_SPLINE_CURVE((1.,1.,1.,1.,
    0.999999999999,1.000000000001,0.999999999999,1.000000000001,1.,1.,1.
    ,1.,0.999999999999,1.000000000001,0.999999999998,1.000000000003,
    0.999999999998,1.000000000002,0.999999999999,1.,1.,1.,1.,
    0.999999999999,1.000000000001,0.999999999999,1.000000000001,
0.999999999999,1.,1.,1.,1.)) REPRESENTATION_ITEM('') );
#1812 = CARTESIAN_POINT('',(-69.77685157671,1.,-18.));
#1813 = CARTESIAN_POINT('',(-69.77685157671,1.326474758706,-18.));
#1814 = CARTESIAN_POINT('',(-69.7738190994,1.652500526792,
    -17.97089386163));
#1815 = CARTESIAN_POINT('',(-69.76761660437,1.978005049808,-17.911523436
    ));
#1816 = CARTESIAN_POINT('',(-69.75852800844,2.298974053527,
    -17.82457129528));
#1817 = CARTESIAN_POINT('',(-69.74599829933,2.617326450707,
    -17.70580051887));
#1818 = CARTESIAN_POINT('',(-69.72982673196,2.93052970109,
    -17.55437264484));
#1819 = CARTESIAN_POINT('',(-69.71008896155,3.233104988758,
    -17.37214257739));
#1820 = CARTESIAN_POINT('',(-69.68624801029,3.524183180299,
    -17.15609395855));
#1821 = CARTESIAN_POINT('',(-69.65726268381,3.804461950004,
    -16.89960436055));
#1822 = CARTESIAN_POINT('',(-69.62301494833,4.062282004856,
    -16.60501663488));
#1823 = CARTESIAN_POINT('',(-69.56307480113,4.406988015449,
    -16.10555297936));
#1824 = CARTESIAN_POINT('',(-69.54167049694,4.514880092844,
    -15.92948731198));
#1825 = CARTESIAN_POINT('',(-69.51873950149,4.614740053055,
    -15.74352916461));
#1826 = CARTESIAN_POINT('',(-69.49440543773,4.705803164883,
    -15.54893580113));
#1827 = CARTESIAN_POINT('',(-69.46829537573,4.787406671252,
    -15.34338629824));
#1828 = CARTESIAN_POINT('',(-69.44048539151,4.857709249228,
    -15.12807652488));
#1829 = CARTESIAN_POINT('',(-69.41143642201,4.91468794947,
    -14.90700812645));
#1830 = CARTESIAN_POINT('',(-69.38128794858,4.957700529889,
    -14.68151908347));
#1831 = CARTESIAN_POINT('',(-69.34986181047,4.986893669564,
    -14.45042226281));
#1832 = CARTESIAN_POINT('',(-69.3176525804,5.000837310545,
    -14.21765738484));
#1833 = CARTESIAN_POINT('',(-69.25223627195,4.999107343037,
    -13.7525845973));
#1834 = CARTESIAN_POINT('',(-69.21905942914,4.983436024468,
    -13.52048945256));
#1835 = CARTESIAN_POINT('',(-69.185469402,4.952462139933,-13.28937575003
    ));
#1836 = CARTESIAN_POINT('',(-69.15267479101,4.9088853511,-13.06697345582
    ));
#1837 = CARTESIAN_POINT('',(-69.11822862037,4.84769530837,
    -12.83722762419));
#1838 = CARTESIAN_POINT('',(-69.08721251608,4.777957538798,
    -12.63346602459));
#1839 = CARTESIAN_POINT('',(-69.05492913532,4.695195725123,
    -12.42357772215));
#1840 = CARTESIAN_POINT('',(-69.02430587441,4.600999463799,
    -12.2274665074));
#1841 = CARTESIAN_POINT('',(-68.99465568758,4.498089832416,
    -12.03950424406));
#1842 = CARTESIAN_POINT('',(-68.96619062156,4.386373704386,
    -11.86099699396));
#1843 = CARTESIAN_POINT('',(-68.93896874303,4.266913760884,
    -11.69191107646));
#1844 = ORIENTED_EDGE('',*,*,#1067,.F.);
#1845 = ORIENTED_EDGE('',*,*,#773,.F.);
#1846 = ( BOUNDED_SURFACE() B_SPLINE_SURFACE(2,11,(
    (#1847,#1848,#1849,#1850,#1851,#1852,#1853,#1854,#1855,#1856,#1857
      ,#1858,#1859,#1860,#1861,#1862,#1863,#1864,#1865,#1866,#1867,#1868
      ,#1869,#1870,#1871,#1872,#1873,#1874,#1875,#1876,#1877,#1878)
    ,(#1879,#1880,#1881,#1882,#1883,#1884,#1885,#1886,#1887,#1888,#1889
      ,#1890,#1891,#1892,#1893,#1894,#1895,#1896,#1897,#1898,#1899,#1900
      ,#1901,#1902,#1903,#1904,#1905,#1906,#1907,#1908,#1909,#1910)
    ,(#1911,#1912,#1913,#1914,#1915,#1916,#1917,#1918,#1919,#1920,#1921
      ,#1922,#1923,#1924,#1925,#1926,#1927,#1928,#1929,#1930,#1931,#1932
      ,#1933,#1934,#1935,#1936,#1937,#1938,#1939,#1940,#1941,#1942
)),.UNSPECIFIED.,.F.,.F.,.F.) B_SPLINE_SURFACE_WITH_KNOTS((3,3),(12,10,
    10,12),(0.,8.644549686728),(2.,6.322274843364,8.483412265046,
10.644549686728),.UNSPECIFIED.) GEOMETRIC_REPRESENTATION_ITEM() 
RATIONAL_B_SPLINE_SURFACE((
    (1.,1.,1.,1.,0.999999999999,1.000000000001,0.999999999999
      ,1.000000000001,1.,1.,1.,1.,0.999999999999,1.000000000001
      ,0.999999999998,1.000000000003,0.999999999998,1.000000000002
      ,0.999999999999,1.,1.,1.,1.,0.999999999999,1.000000000001
      ,0.999999999999,1.000000000001,0.999999999999,1.,1.,1.,1.)
    ,(0.731297494282,0.731297494282,0.731186806699,0.730958182235
      ,0.730624418994,0.730153134237,0.729527714497,0.728743254022
      ,0.72776008901,0.726507150557,0.724952792091,0.722086600972
      ,0.721042486983,0.719899586456,0.718661957523,0.717304334886
      ,0.715824953743,0.714244222921,0.712566890794,0.710781194534
      ,0.708912106116,0.705042271661,0.703043413601,0.700981227099
      ,0.698938417927,0.69675032659,0.69475236463,0.692647872688
      ,0.690621323844,0.688639234116,0.68671563245,0.684858719763)
    ,(1.,1.,1.,1.,0.999999999999,1.000000000001,0.999999999999
      ,1.000000000001,1.,1.,1.,1.,0.999999999999,1.000000000001
      ,0.999999999998,1.000000000003,0.999999999998,1.000000000002
      ,0.999999999999,1.,1.,1.,1.,0.999999999999,1.000000000001
      ,0.999999999999,1.000000000001,0.999999999999,1.,1.,1.,1.
))) REPRESENTATION_ITEM('') SURFACE() );
#1847 = CARTESIAN_POINT('',(-71.77200264522,1.,-19.86081589943));
#1848 = CARTESIAN_POINT('',(-71.77200264522,1.497002302005,
    -19.86081589943));
#1849 = CARTESIAN_POINT('',(-71.76883358175,1.993413959431,
    -19.81536935787));
#1850 = CARTESIAN_POINT('',(-71.76240708143,2.488396417096,
    -19.72332022395));
#1851 = CARTESIAN_POINT('',(-71.75288389953,2.976974604686,
    -19.58725781003));
#1852 = CARTESIAN_POINT('',(-71.73985150542,3.460153288714,
    -19.40256934978));
#1853 = CARTESIAN_POINT('',(-71.72309533269,3.934254627432,
    -19.16789742974));
#1854 = CARTESIAN_POINT('',(-71.70255936783,4.392394791789,
    -18.88455071895));
#1855 = CARTESIAN_POINT('',(-71.67776525271,4.832115808008,
    -18.54882427734));
#1856 = CARTESIAN_POINT('',(-71.64785182741,5.252101309894,
    -18.15305535871));
#1857 = CARTESIAN_POINT('',(-71.61250903939,5.637631661174,
    -17.69857203536));
#1858 = CARTESIAN_POINT('',(-71.55086257042,6.149646549991,
    -16.93044172547));
#1859 = CARTESIAN_POINT('',(-71.52886969251,6.309328886294,
    -16.65992148887));
#1860 = CARTESIAN_POINT('',(-71.50536926443,6.456353232452,
    -16.37489792969));
#1861 = CARTESIAN_POINT('',(-71.48043889348,6.589756556652,
    -16.07674696246));
#1862 = CARTESIAN_POINT('',(-71.45373640939,6.708423449778,
    -15.76234300131));
#1863 = CARTESIAN_POINT('',(-71.42537127368,6.809590448996,
    -15.43384201084));
#1864 = CARTESIAN_POINT('',(-71.39579612717,6.890402871359,
    -15.09713112226));
#1865 = CARTESIAN_POINT('',(-71.36513677851,6.949990317293,
    -14.75405289642));
#1866 = CARTESIAN_POINT('',(-71.33324521725,6.988543659716,
    -14.4031440131));
#1867 = CARTESIAN_POINT('',(-71.30066233928,7.004133630485,
    -14.05076305551));
#1868 = CARTESIAN_POINT('',(-71.23456766685,6.990884473146,
    -13.34747722741));
#1869 = CARTESIAN_POINT('',(-71.20110683152,6.962095834742,
    -12.99710625227));
#1870 = CARTESIAN_POINT('',(-71.16719018521,6.910001084881,
    -12.64781292974));
#1871 = CARTESIAN_POINT('',(-71.1346412994,6.84074939211,-12.31746255111
    ));
#1872 = CARTESIAN_POINT('',(-71.09953521659,6.742750328132,
    -11.96674122706));
#1873 = CARTESIAN_POINT('',(-71.06903011903,6.635165288672,
    -11.66703422359));
#1874 = CARTESIAN_POINT('',(-71.03650733625,6.506766590901,
    -11.3502843695));
#1875 = CARTESIAN_POINT('',(-71.00606262253,6.362170856025,
    -11.05852448634));
#1876 = CARTESIAN_POINT('',(-70.97654692453,6.205177809051,
    -10.77841055273));
#1877 = CARTESIAN_POINT('',(-70.9482565172,6.03537805521,-10.51284832412
    ));
#1878 = CARTESIAN_POINT('',(-70.92124170731,5.854537598274,
    -10.26168697183));
#1879 = CARTESIAN_POINT('',(-71.64218992508,1.,-18.));
#1880 = CARTESIAN_POINT('',(-71.64218992508,1.338642304902,-18.));
#1881 = CARTESIAN_POINT('',(-71.63967644546,1.676940357716,
    -17.96870803649));
#1882 = CARTESIAN_POINT('',(-71.63455079586,2.014429348789,
    -17.90491856028));
#1883 = CARTESIAN_POINT('',(-71.62702256167,2.346915796906,
    -17.81137530494));
#1884 = CARTESIAN_POINT('',(-71.61671519008,2.675822450182,
    -17.68376952101));
#1885 = CARTESIAN_POINT('',(-71.60351891289,2.998241997822,
    -17.52132267019));
#1886 = CARTESIAN_POINT('',(-71.58753704205,3.308375278591,
    -17.32607903861));
#1887 = CARTESIAN_POINT('',(-71.56845662082,3.604811671623,
    -17.09515946594));
#1888 = CARTESIAN_POINT('',(-71.54564426177,3.887517602784,
    -16.82215414358));
#1889 = CARTESIAN_POINT('',(-71.51920618886,4.144202471864,
    -16.51034821237));
#1890 = CARTESIAN_POINT('',(-71.47396470919,4.481759252849,
    -15.98514975145));
#1891 = CARTESIAN_POINT('',(-71.45790620536,4.586612114612,
    -15.79996244855));
#1892 = CARTESIAN_POINT('',(-71.44087350449,4.682377806617,
    -15.60495655618));
#1893 = CARTESIAN_POINT('',(-71.42297179146,4.768336054514,
    -15.40148163429));
#1894 = CARTESIAN_POINT('',(-71.40398054015,4.843651496726,
    -15.18735678757));
#1895 = CARTESIAN_POINT('',(-71.38400582502,4.906471498219,
    -14.96406353026));
#1896 = CARTESIAN_POINT('',(-71.36341917367,4.954949674195,
    -14.73595341114));
#1897 = CARTESIAN_POINT('',(-71.34235097797,4.988591665857,
    -14.50456909374));
#1898 = CARTESIAN_POINT('',(-71.32069891811,5.007637252834,
    -14.26879478011));
#1899 = CARTESIAN_POINT('',(-71.29884494776,5.010956333083,
    -14.03289042575));
#1900 = CARTESIAN_POINT('',(-71.25498768037,4.98753756062,
    -13.56328455129));
#1901 = CARTESIAN_POINT('',(-71.23299509069,4.960636251616,
    -13.32972358455));
#1902 = CARTESIAN_POINT('',(-71.2110731145,4.918276226836,
    -13.09879735717));
#1903 = CARTESIAN_POINT('',(-71.18994874297,4.86372107758,
    -12.87800996314));
#1904 = CARTESIAN_POINT('',(-71.16814754657,4.791340126641,
    -12.65174886532));
#1905 = CARTESIAN_POINT('',(-71.14883432868,4.712243847026,
    -12.45295152032));
#1906 = CARTESIAN_POINT('',(-71.12893748962,4.620135312856,
    -12.24899115257));
#1907 = CARTESIAN_POINT('',(-71.11040391802,4.518114484017,
    -12.06034461198));
#1908 = CARTESIAN_POINT('',(-71.09266156586,4.408460765053,
    -11.88056156041));
#1909 = CARTESIAN_POINT('',(-71.07585005422,4.29127363821,
    -11.71099715063));
#1910 = CARTESIAN_POINT('',(-71.05995923799,4.1676193239,-11.55136780741
    ));
#1911 = CARTESIAN_POINT('',(-69.77685157671,1.,-18.));
#1912 = CARTESIAN_POINT('',(-69.77685157671,1.326474758706,-18.));
#1913 = CARTESIAN_POINT('',(-69.7738190994,1.652500526792,
    -17.97089386163));
#1914 = CARTESIAN_POINT('',(-69.76761660437,1.978005049808,-17.911523436
    ));
#1915 = CARTESIAN_POINT('',(-69.75852800844,2.298974053527,
    -17.82457129528));
#1916 = CARTESIAN_POINT('',(-69.74599829933,2.617326450707,
    -17.70580051887));
#1917 = CARTESIAN_POINT('',(-69.72982673196,2.93052970109,
    -17.55437264484));
#1918 = CARTESIAN_POINT('',(-69.71008896155,3.233104988758,
    -17.37214257739));
#1919 = CARTESIAN_POINT('',(-69.68624801029,3.524183180299,
    -17.15609395855));
#1920 = CARTESIAN_POINT('',(-69.65726268381,3.804461950004,
    -16.89960436055));
#1921 = CARTESIAN_POINT('',(-69.62301494833,4.062282004856,
    -16.60501663488));
#1922 = CARTESIAN_POINT('',(-69.56307480113,4.406988015449,
    -16.10555297936));
#1923 = CARTESIAN_POINT('',(-69.54167049694,4.514880092844,
    -15.92948731198));
#1924 = CARTESIAN_POINT('',(-69.51873950149,4.614740053055,
    -15.74352916461));
#1925 = CARTESIAN_POINT('',(-69.49440543773,4.705803164883,
    -15.54893580113));
#1926 = CARTESIAN_POINT('',(-69.46829537573,4.787406671252,
    -15.34338629824));
#1927 = CARTESIAN_POINT('',(-69.44048539151,4.857709249228,
    -15.12807652488));
#1928 = CARTESIAN_POINT('',(-69.41143642201,4.91468794947,
    -14.90700812645));
#1929 = CARTESIAN_POINT('',(-69.38128794858,4.957700529889,
    -14.68151908347));
#1930 = CARTESIAN_POINT('',(-69.34986181047,4.986893669564,
    -14.45042226281));
#1931 = CARTESIAN_POINT('',(-69.3176525804,5.000837310545,
    -14.21765738484));
#1932 = CARTESIAN_POINT('',(-69.25223627195,4.999107343037,
    -13.7525845973));
#1933 = CARTESIAN_POINT('',(-69.21905942914,4.983436024468,
    -13.52048945256));
#1934 = CARTESIAN_POINT('',(-69.185469402,4.952462139933,-13.28937575003
    ));
#1935 = CARTESIAN_POINT('',(-69.15267479101,4.9088853511,-13.06697345582
    ));
#1936 = CARTESIAN_POINT('',(-69.11822862037,4.84769530837,
    -12.83722762419));
#1937 = CARTESIAN_POINT('',(-69.08721251608,4.777957538798,
    -12.63346602459));
#1938 = CARTESIAN_POINT('',(-69.05492913532,4.695195725123,
    -12.42357772215));
#1939 = CARTESIAN_POINT('',(-69.02430587441,4.600999463799,
    -12.2274665074));
#1940 = CARTESIAN_POINT('',(-68.99465568758,4.498089832416,
    -12.03950424406));
#1941 = CARTESIAN_POINT('',(-68.96619062156,4.386373704386,
    -11.86099699396));
#1942 = CARTESIAN_POINT('',(-68.93896874303,4.266913760884,
    -11.69191107646));
#1943 = ADVANCED_FACE('',(#1944),#1963,.T.);
#1944 = FACE_BOUND('',#1945,.T.);
#1945 = EDGE_LOOP('',(#1946,#1955,#1961,#1962));
#1946 = ORIENTED_EDGE('',*,*,#1947,.T.);
#1947 = EDGE_CURVE('',#723,#1948,#1950,.T.);
#1948 = VERTEX_POINT('',#1949);
#1949 = CARTESIAN_POINT('',(-69.77685157671,-1.,-18.));
#1950 = CIRCLE('',#1951,2.);
#1951 = AXIS2_PLACEMENT_3D('',#1952,#1953,#1954);
#1952 = CARTESIAN_POINT('',(-69.77685157671,-1.,-20.));
#1953 = DIRECTION('',(0.,1.,-2.2E-16));
#1954 = DIRECTION('',(-0.997575534251,1.531025106272E-17,
    6.95920502851E-02));
#1955 = ORIENTED_EDGE('',*,*,#1956,.T.);
#1956 = EDGE_CURVE('',#1948,#1802,#1957,.T.);
#1957 = LINE('',#1958,#1959);
#1958 = CARTESIAN_POINT('',(-69.77685157671,-1.,-18.));
#1959 = VECTOR('',#1960,1.);
#1960 = DIRECTION('',(0.,1.,-2.2E-16));
#1961 = ORIENTED_EDGE('',*,*,#1801,.F.);
#1962 = ORIENTED_EDGE('',*,*,#765,.F.);
#1963 = CYLINDRICAL_SURFACE('',#1964,2.);
#1964 = AXIS2_PLACEMENT_3D('',#1965,#1966,#1967);
#1965 = CARTESIAN_POINT('',(-69.77685157671,-1.,-20.));
#1966 = DIRECTION('',(0.,1.,-2.2E-16));
#1967 = DIRECTION('',(-0.997575534251,1.531025106272E-17,
    6.95920502851E-02));
#1968 = ADVANCED_FACE('',(#1969),#2015,.T.);
#1969 = FACE_BOUND('',#1970,.T.);
#1970 = EDGE_LOOP('',(#1971,#1972,#2013,#2014));
#1971 = ORIENTED_EDGE('',*,*,#937,.T.);
#1972 = ORIENTED_EDGE('',*,*,#1973,.T.);
#1973 = EDGE_CURVE('',#919,#1948,#1974,.T.);
#1974 = ( BOUNDED_CURVE() B_SPLINE_CURVE(13,(#1975,#1976,#1977,#1978,
    #1979,#1980,#1981,#1982,#1983,#1984,#1985,#1986,#1987,#1988,#1989,
    #1990,#1991,#1992,#1993,#1994,#1995,#1996,#1997,#1998,#1999,#2000,
    #2001,#2002,#2003,#2004,#2005,#2006,#2007,#2008,#2009,#2010,#2011,
#2012),.UNSPECIFIED.,.F.,.F.) B_SPLINE_CURVE_WITH_KNOTS((14,12,12,14),(
    20.551009892996,22.908638009259,24.917846391413,29.187149029795),
.UNSPECIFIED.) CURVE() GEOMETRIC_REPRESENTATION_ITEM() 
RATIONAL_B_SPLINE_CURVE((1.,1.,0.999999999999,1.000000000002,
    0.999999999997,1.000000000004,0.999999999995,1.000000000005,
    0.999999999996,1.000000000002,0.999999999999,1.,1.,1.,1.,1.,
    0.999999999999,1.,1.,0.999999999999,1.000000000001,1.,1.,1.,1.,1.,1.
    ,0.999999999999,1.000000000002,0.999999999997,1.000000000003,
    0.999999999998,1.000000000002,0.999999999999,1.,1.,1.,1.)) 
REPRESENTATION_ITEM('') );
#1975 = CARTESIAN_POINT('',(-68.93896415538,-4.266892041509,
    -11.69188033474));
#1976 = CARTESIAN_POINT('',(-68.96403237869,-4.376901276688,
    -11.84758642759));
#1977 = CARTESIAN_POINT('',(-68.99014701364,-4.480464294267,
    -12.01121571296));
#1978 = CARTESIAN_POINT('',(-69.01724607966,-4.576774890636,
    -12.18260063916));
#1979 = CARTESIAN_POINT('',(-69.0451229878,-4.665625250722,
    -12.36108272089));
#1980 = CARTESIAN_POINT('',(-69.0753693286,-4.749308810206,
    -12.55526160076));
#1981 = CARTESIAN_POINT('',(-69.10344859964,-4.815555525905,
    -12.74107707775));
#1982 = CARTESIAN_POINT('',(-69.1357117505,-4.881698351005,
    -12.95210296435));
#1983 = CARTESIAN_POINT('',(-69.16494242653,-4.926890906632,
    -13.15046468436));
#1984 = CARTESIAN_POINT('',(-69.19663074885,-4.967101497341,
    -13.36478778468));
#1985 = CARTESIAN_POINT('',(-69.22715111628,-4.991757793605,
    -13.5760290325));
#1986 = CARTESIAN_POINT('',(-69.25790665478,-5.00528970143,
    -13.7913503389));
#1987 = CARTESIAN_POINT('',(-69.28830593151,-5.005779157221,
    -14.00755716424));
#1988 = CARTESIAN_POINT('',(-69.34344387653,-4.983608779795,
    -14.40559185025));
#1989 = CARTESIAN_POINT('',(-69.36833917538,-4.964283841096,
    -14.587668196));
#1990 = CARTESIAN_POINT('',(-69.39259346108,-4.936141289457,
    -14.76741488394));
#1991 = CARTESIAN_POINT('',(-69.4161094014,-4.899480440911,
    -14.9440243717));
#1992 = CARTESIAN_POINT('',(-69.43883208295,-4.854629401091,
    -15.11695779891));
#1993 = CARTESIAN_POINT('',(-69.46072802841,-4.801970067368,
    -15.285799044));
#1994 = CARTESIAN_POINT('',(-69.48177048365,-4.741952061182,
    -15.4501544051));
#1995 = CARTESIAN_POINT('',(-69.50193097486,-4.675095590368,
    -15.60959790519));
#1996 = CARTESIAN_POINT('',(-69.52117713547,-4.601983241742,
    -15.76366222137));
#1997 = CARTESIAN_POINT('',(-69.5394768031,-4.52324070366,
    -15.91187523836));
#1998 = CARTESIAN_POINT('',(-69.55680838631,-4.439506418812,
    -16.05384222608));
#1999 = CARTESIAN_POINT('',(-69.5731775014,-4.351390167047,
    -16.18937364153));
#2000 = CARTESIAN_POINT('',(-69.62149539059,-4.063997340477,
    -16.5933719323));
#2001 = CARTESIAN_POINT('',(-69.65021588405,-3.851007490545,
    -16.83976511293));
#2002 = CARTESIAN_POINT('',(-69.67528470569,-3.623586031432,
    -17.05975481351));
#2003 = CARTESIAN_POINT('',(-69.69704040806,-3.384565041325,
    -17.25449431497));
#2004 = CARTESIAN_POINT('',(-69.7157456313,-3.136387642908,
    -17.42484652737));
#2005 = CARTESIAN_POINT('',(-69.73162553165,-2.881085433743,
    -17.57163199661));
#2006 = CARTESIAN_POINT('',(-69.7448830524,-2.620303689926,
    -17.69570668055));
#2007 = CARTESIAN_POINT('',(-69.75569833256,-2.355358655754,
    -17.79792432116));
#2008 = CARTESIAN_POINT('',(-69.76421954865,-2.087311231153,
    -17.87903824128));
#2009 = CARTESIAN_POINT('',(-69.77055248489,-1.817041369825,
    -17.93959739218));
#2010 = CARTESIAN_POINT('',(-69.77475612727,-1.545307499833,
    -17.9798914803));
#2011 = CARTESIAN_POINT('',(-69.77685157671,-1.272775279409,-18.));
#2012 = CARTESIAN_POINT('',(-69.77685157671,-1.,-18.));
#2013 = ORIENTED_EDGE('',*,*,#1947,.F.);
#2014 = ORIENTED_EDGE('',*,*,#722,.F.);
#2015 = ( BOUNDED_SURFACE() B_SPLINE_SURFACE(2,13,(
    (#2016,#2017,#2018,#2019,#2020,#2021,#2022,#2023,#2024,#2025,#2026
      ,#2027,#2028,#2029,#2030,#2031,#2032,#2033,#2034,#2035,#2036,#2037
      ,#2038,#2039,#2040,#2041,#2042,#2043,#2044,#2045,#2046,#2047,#2048
      ,#2049,#2050,#2051,#2052,#2053)
    ,(#2054,#2055,#2056,#2057,#2058,#2059,#2060,#2061,#2062,#2063,#2064
      ,#2065,#2066,#2067,#2068,#2069,#2070,#2071,#2072,#2073,#2074,#2075
      ,#2076,#2077,#2078,#2079,#2080,#2081,#2082,#2083,#2084,#2085,#2086
      ,#2087,#2088,#2089,#2090,#2091)
    ,(#2092,#2093,#2094,#2095,#2096,#2097,#2098,#2099,#2100,#2101,#2102
      ,#2103,#2104,#2105,#2106,#2107,#2108,#2109,#2110,#2111,#2112,#2113
      ,#2114,#2115,#2116,#2117,#2118,#2119,#2120,#2121,#2122,#2123,#2124
      ,#2125,#2126,#2127,#2128,#2129
)),.UNSPECIFIED.,.F.,.F.,.F.) B_SPLINE_SURFACE_WITH_KNOTS((3,3),(14,12,
    12,14),(0.,8.636139136798),(20.551009892996,22.908638009259,
    24.917846391413,29.187149029795),.UNSPECIFIED.) 
GEOMETRIC_REPRESENTATION_ITEM() RATIONAL_B_SPLINE_SURFACE((
    (1.,1.,0.999999999999,1.000000000002,0.999999999997,1.000000000004
      ,0.999999999995,1.000000000005,0.999999999996,1.000000000002
      ,0.999999999999,1.,1.,1.,1.,1.,0.999999999999,1.,1.,0.999999999999
      ,1.000000000001,1.,1.,1.,1.,1.,1.,0.999999999999,1.000000000002
      ,0.999999999997,1.000000000003,0.999999999998,1.000000000002
      ,0.999999999999,1.,1.,1.,1.)
    ,(0.684858487057,0.686568578749,0.688334855844,0.690152066482
      ,0.691986792387,0.69401317991,0.695760765066,0.697904244364
      ,0.699682442818,0.701687867254,0.703539383933,0.70539276725
      ,0.707190055226,0.710394003861,0.711818238748,0.713183414312
      ,0.714485016232,0.715721406609,0.71689246999,0.717998652466
      ,0.719040393732,0.72001795221,0.720931623169,0.721782349867
      ,0.722572727716,0.724871611093,0.72618055275,0.727279245189
      ,0.728199096228,0.72896420226,0.729594439088,0.73010686694
      ,0.730515972752,0.730833272547,0.731066796986,0.731220982965
      ,0.731297494282,0.731297494282)
    ,(1.,1.,0.999999999999,1.000000000002,0.999999999997,1.000000000004
      ,0.999999999995,1.000000000005,0.999999999996,1.000000000002
      ,0.999999999999,1.,1.,1.,1.,1.,0.999999999999,1.,1.,0.999999999999
      ,1.000000000001,1.,1.,1.,1.,1.,1.,0.999999999999,1.000000000002
      ,0.999999999997,1.000000000003,0.999999999998,1.000000000002
,0.999999999999,1.,1.,1.,1.))) REPRESENTATION_ITEM('') SURFACE() );
#2016 = CARTESIAN_POINT('',(-70.92124170731,-5.854539450434,
    -10.26168697183));
#2017 = CARTESIAN_POINT('',(-70.94612450813,-6.021110049553,
    -10.49302666766));
#2018 = CARTESIAN_POINT('',(-70.9720755658,-6.178481994669,
    -10.73642290537));
#2019 = CARTESIAN_POINT('',(-70.99920337939,-6.326051932449,
    -10.99336616423));
#2020 = CARTESIAN_POINT('',(-71.02585547668,-6.456170428537,
    -11.24819281525));
#2021 = CARTESIAN_POINT('',(-71.05905840827,-6.602290606421,
    -11.56881428478));
#2022 = CARTESIAN_POINT('',(-71.08233620006,-6.677134801915,
    -11.79845754734));
#2023 = CARTESIAN_POINT('',(-71.1198100198,-6.811658414436,
    -12.16696888203));
#2024 = CARTESIAN_POINT('',(-71.14512536159,-6.859348206793,
    -12.42437878497));
#2025 = CARTESIAN_POINT('',(-71.17919758436,-6.938175970958,
    -12.76926035653));
#2026 = CARTESIAN_POINT('',(-71.20906523668,-6.974704268133,
    -13.07890289635));
#2027 = CARTESIAN_POINT('',(-71.2403429466,-7.001129489022,
    -13.40660086957));
#2028 = CARTESIAN_POINT('',(-71.27092408143,-7.006752384102,
    -13.73212339031));
#2029 = CARTESIAN_POINT('',(-71.32683456092,-6.982558936782,
    -14.33614158706));
#2030 = CARTESIAN_POINT('',(-71.35203334234,-6.957732967505,
    -14.61193161776));
#2031 = CARTESIAN_POINT('',(-71.37662556814,-6.919511699135,
    -14.88464567968));
#2032 = CARTESIAN_POINT('',(-71.40053609077,-6.868297619358,
    -15.15332072384));
#2033 = CARTESIAN_POINT('',(-71.42369761142,-6.804586960834,
    -15.41702061207));
#2034 = CARTESIAN_POINT('',(-71.44605233713,-6.728961579979,
    -15.67486395125));
#2035 = CARTESIAN_POINT('',(-71.46755287977,-6.642082341417,
    -15.92604330726));
#2036 = CARTESIAN_POINT('',(-71.48816239671,-6.544684007835,
    -16.16983579856));
#2037 = CARTESIAN_POINT('',(-71.50785397335,-6.437571635604,
    -16.40560506937));
#2038 = CARTESIAN_POINT('',(-71.52660924731,-6.321618475756,
    -16.63279464254));
#2039 = CARTESIAN_POINT('',(-71.54441627455,-6.197765380699,
    -16.85091265201));
#2040 = CARTESIAN_POINT('',(-71.56126663711,-6.067021716376,
    -17.0595079549));
#2041 = CARTESIAN_POINT('',(-71.61090565191,-5.640308687657,
    -17.68019945383));
#2042 = CARTESIAN_POINT('',(-71.64058408859,-5.321657785113,
    -18.06078590445));
#2043 = CARTESIAN_POINT('',(-71.66652292439,-4.980226111118,
    -18.40102487761));
#2044 = CARTESIAN_POINT('',(-71.68904036251,-4.620464972529,
    -18.70234808031));
#2045 = CARTESIAN_POINT('',(-71.7084208059,-4.245978759393,
    -18.96623177709));
#2046 = CARTESIAN_POINT('',(-71.7249079023,-3.859783579065,
    -19.19405330283));
#2047 = CARTESIAN_POINT('',(-71.73870418127,-3.464449351664,
    -19.38703196074));
#2048 = CARTESIAN_POINT('',(-71.74997464837,-3.062163009603,
    -19.54622293031));
#2049 = CARTESIAN_POINT('',(-71.75885170144,-2.654750443114,
    -19.67253281069));
#2050 = CARTESIAN_POINT('',(-71.76543873416,-2.243694834777,
    -19.76672542415));
#2051 = CARTESIAN_POINT('',(-71.76980979194,-1.830189024857,
    -19.82938650511));
#2052 = CARTESIAN_POINT('',(-71.77200264522,-1.415259550383,
    -19.86081589943));
#2053 = CARTESIAN_POINT('',(-71.77200264522,-1.,-19.86081589943));
#2054 = CARTESIAN_POINT('',(-71.05995583104,-4.16759496244,
    -11.55133613236));
#2055 = CARTESIAN_POINT('',(-71.07459180653,-4.281489292986,
    -11.6983627438));
#2056 = CARTESIAN_POINT('',(-71.09000138551,-4.389993180247,
    -11.85373489827));
#2057 = CARTESIAN_POINT('',(-71.10616368914,-4.492295502226,
    -12.01742176686));
#2058 = CARTESIAN_POINT('',(-71.12311189,-4.58822283796,-12.18927452413)
  );
#2059 = CARTESIAN_POINT('',(-71.14124344984,-4.679581044295,
    -12.37589048892));
#2060 = CARTESIAN_POINT('',(-71.15927154603,-4.755382905509,
    -12.55904318017));
#2061 = CARTESIAN_POINT('',(-71.17881861159,-4.830203031724,
    -12.76337599525));
#2062 = CARTESIAN_POINT('',(-71.19801936263,-4.886209048418,
    -12.96137324554));
#2063 = CARTESIAN_POINT('',(-71.21814010752,-4.936351097056,
    -13.17309578498));
#2064 = CARTESIAN_POINT('',(-71.23825441741,-4.971692774804,
    -13.38491715686));
#2065 = CARTESIAN_POINT('',(-71.25862702744,-4.995597995639,
    -13.60148629756));
#2066 = CARTESIAN_POINT('',(-71.27906407072,-5.006282151672,
    -13.82032972684));
#2067 = CARTESIAN_POINT('',(-71.31652442894,-5.002114315069,
    -14.22453109093));
#2068 = CARTESIAN_POINT('',(-71.33358757067,-4.990818079589,
    -14.40985641915));
#2069 = CARTESIAN_POINT('',(-71.35039903405,-4.970311882444,
    -14.59366187839));
#2070 = CARTESIAN_POINT('',(-71.36687982934,-4.940797964154,
    -14.77506524769));
#2071 = CARTESIAN_POINT('',(-71.38297607641,-4.902534906209,
    -14.95343652436));
#2072 = CARTESIAN_POINT('',(-71.39864623156,-4.855855781666,
    -15.12825736123));
#2073 = CARTESIAN_POINT('',(-71.41385243073,-4.80117694031,
    -15.29902737728));
#2074 = CARTESIAN_POINT('',(-71.42855581328,-4.738997446838,
    -15.46521586189));
#2075 = CARTESIAN_POINT('',(-71.44271570581,-4.669889311086,
    -15.62625754433));
#2076 = CARTESIAN_POINT('',(-71.45629256251,-4.59447875738,
    -15.78159127552));
#2077 = CARTESIAN_POINT('',(-71.46925457713,-4.513418867663,
    -15.93074066034));
#2078 = CARTESIAN_POINT('',(-71.48158790087,-4.427353993682,
    -16.07343588692));
#2079 = CARTESIAN_POINT('',(-71.51814022633,-4.145233067611,
    -16.49856260848));
#2080 = CARTESIAN_POINT('',(-71.5402711503,-3.933287012544,
    -16.75921131803));
#2081 = CARTESIAN_POINT('',(-71.55989423248,-3.704528809666,
    -16.99298216233));
#2082 = CARTESIAN_POINT('',(-71.57714812497,-3.462124226444,
    -17.20061215973));
#2083 = CARTESIAN_POINT('',(-71.59214949513,-3.208830631628,
    -17.38270805019));
#2084 = CARTESIAN_POINT('',(-71.60500782403,-2.946975308339,
    -17.53993239554));
#2085 = CARTESIAN_POINT('',(-71.61582896553,-2.678479607672,
    -17.67304045705));
#2086 = CARTESIAN_POINT('',(-71.62471143847,-2.404913370735,
    -17.78282048726));
#2087 = CARTESIAN_POINT('',(-71.63173916829,-2.127565061679,
    -17.86998703705));
#2088 = CARTESIAN_POINT('',(-71.63697423836,-1.847514388392,
    -17.93507500564));
#2089 = CARTESIAN_POINT('',(-71.64045313188,-1.565695673447,
    -17.97838120627));
#2090 = CARTESIAN_POINT('',(-71.64218992508,-1.282941787085,-18.));
#2091 = CARTESIAN_POINT('',(-71.64218992508,-1.,-18.));
#2092 = CARTESIAN_POINT('',(-68.93896415538,-4.266892041509,
    -11.69188033474));
#2093 = CARTESIAN_POINT('',(-68.96403237869,-4.376901276688,
    -11.84758642759));
#2094 = CARTESIAN_POINT('',(-68.99014701364,-4.480464294267,
    -12.01121571296));
#2095 = CARTESIAN_POINT('',(-69.01724607966,-4.576774890636,
    -12.18260063916));
#2096 = CARTESIAN_POINT('',(-69.0451229878,-4.665625250722,
    -12.36108272089));
#2097 = CARTESIAN_POINT('',(-69.0753693286,-4.749308810206,
    -12.55526160076));
#2098 = CARTESIAN_POINT('',(-69.10344859964,-4.815555525905,
    -12.74107707775));
#2099 = CARTESIAN_POINT('',(-69.1357117505,-4.881698351005,
    -12.95210296435));
#2100 = CARTESIAN_POINT('',(-69.16494242653,-4.926890906632,
    -13.15046468436));
#2101 = CARTESIAN_POINT('',(-69.19663074885,-4.967101497341,
    -13.36478778468));
#2102 = CARTESIAN_POINT('',(-69.22715111628,-4.991757793605,
    -13.5760290325));
#2103 = CARTESIAN_POINT('',(-69.25790665478,-5.00528970143,
    -13.7913503389));
#2104 = CARTESIAN_POINT('',(-69.28830593151,-5.005779157221,
    -14.00755716424));
#2105 = CARTESIAN_POINT('',(-69.34344387653,-4.983608779795,
    -14.40559185025));
#2106 = CARTESIAN_POINT('',(-69.36833917538,-4.964283841096,
    -14.587668196));
#2107 = CARTESIAN_POINT('',(-69.39259346108,-4.936141289457,
    -14.76741488394));
#2108 = CARTESIAN_POINT('',(-69.4161094014,-4.899480440911,
    -14.9440243717));
#2109 = CARTESIAN_POINT('',(-69.43883208295,-4.854629401091,
    -15.11695779891));
#2110 = CARTESIAN_POINT('',(-69.46072802841,-4.801970067368,
    -15.285799044));
#2111 = CARTESIAN_POINT('',(-69.48177048365,-4.741952061182,
    -15.4501544051));
#2112 = CARTESIAN_POINT('',(-69.50193097486,-4.675095590368,
    -15.60959790519));
#2113 = CARTESIAN_POINT('',(-69.52117713547,-4.601983241742,
    -15.76366222137));
#2114 = CARTESIAN_POINT('',(-69.5394768031,-4.52324070366,
    -15.91187523836));
#2115 = CARTESIAN_POINT('',(-69.55680838631,-4.439506418812,
    -16.05384222608));
#2116 = CARTESIAN_POINT('',(-69.5731775014,-4.351390167047,
    -16.18937364153));
#2117 = CARTESIAN_POINT('',(-69.62149539059,-4.063997340477,
    -16.5933719323));
#2118 = CARTESIAN_POINT('',(-69.65021588405,-3.851007490545,
    -16.83976511293));
#2119 = CARTESIAN_POINT('',(-69.67528470569,-3.623586031432,
    -17.05975481351));
#2120 = CARTESIAN_POINT('',(-69.69704040806,-3.384565041325,
    -17.25449431497));
#2121 = CARTESIAN_POINT('',(-69.7157456313,-3.136387642908,
    -17.42484652737));
#2122 = CARTESIAN_POINT('',(-69.73162553165,-2.881085433743,
    -17.57163199661));
#2123 = CARTESIAN_POINT('',(-69.7448830524,-2.620303689926,
    -17.69570668055));
#2124 = CARTESIAN_POINT('',(-69.75569833256,-2.355358655754,
    -17.79792432116));
#2125 = CARTESIAN_POINT('',(-69.76421954865,-2.087311231153,
    -17.87903824128));
#2126 = CARTESIAN_POINT('',(-69.77055248489,-1.817041369825,
    -17.93959739218));
#2127 = CARTESIAN_POINT('',(-69.77475612727,-1.545307499833,
    -17.9798914803));
#2128 = CARTESIAN_POINT('',(-69.77685157671,-1.272775279409,-18.));
#2129 = CARTESIAN_POINT('',(-69.77685157671,-1.,-18.));
#2130 = ADVANCED_FACE('',(#2131),#2142,.F.);
#2131 = FACE_BOUND('',#2132,.F.);
#2132 = EDGE_LOOP('',(#2133,#2134,#2135,#2136));
#2133 = ORIENTED_EDGE('',*,*,#1255,.T.);
#2134 = ORIENTED_EDGE('',*,*,#584,.T.);
#2135 = ORIENTED_EDGE('',*,*,#1548,.F.);
#2136 = ORIENTED_EDGE('',*,*,#2137,.F.);
#2137 = EDGE_CURVE('',#1248,#1549,#2138,.T.);
#2138 = LINE('',#2139,#2140);
#2139 = CARTESIAN_POINT('',(-79.22662286985,76.,-37.91774036945));
#2140 = VECTOR('',#2141,1.);
#2141 = DIRECTION('',(0.,1.,-2.2E-16));
#2142 = CYLINDRICAL_SURFACE('',#2143,26.);
#2143 = AXIS2_PLACEMENT_3D('',#2144,#2145,#2146);
#2144 = CARTESIAN_POINT('',(-97.79840224136,76.,-56.11359184654));
#2145 = DIRECTION('',(0.,1.,-2.2E-16));
#2146 = DIRECTION('',(0.714299206596,1.539648971138E-16,0.699840441426)
  );
#2147 = ADVANCED_FACE('',(#2148),#2177,.T.);
#2148 = FACE_BOUND('',#2149,.T.);
#2149 = EDGE_LOOP('',(#2150,#2158,#2159,#2160));
#2150 = ORIENTED_EDGE('',*,*,#2151,.T.);
#2151 = EDGE_CURVE('',#2152,#619,#2154,.T.);
#2152 = VERTEX_POINT('',#2153);
#2153 = CARTESIAN_POINT('',(-66.82984242891,109.28031252149,
    -54.58975969979));
#2154 = ( BOUNDED_CURVE() B_SPLINE_CURVE(2,(#2155,#2156,#2157),
.UNSPECIFIED.,.F.,.F.) B_SPLINE_CURVE_WITH_KNOTS((3,3),(0.,
0.957753146215),.PIECEWISE_BEZIER_KNOTS.) CURVE() 
GEOMETRIC_REPRESENTATION_ITEM() RATIONAL_B_SPLINE_CURVE((1.,
0.706896316166,1.)) REPRESENTATION_ITEM('') );
#2155 = CARTESIAN_POINT('',(-66.82984242891,109.28031252149,
    -54.58975969979));
#2156 = CARTESIAN_POINT('',(-71.82147071556,109.28031259259,
    -54.92663156114));
#2157 = CARTESIAN_POINT('',(-71.87348404119,104.34444049947,
    -54.11159428302));
#2158 = ORIENTED_EDGE('',*,*,#618,.T.);
#2159 = ORIENTED_EDGE('',*,*,#1478,.F.);
#2160 = ORIENTED_EDGE('',*,*,#2161,.F.);
#2161 = EDGE_CURVE('',#2152,#1479,#2162,.T.);
#2162 = ( BOUNDED_CURVE() B_SPLINE_CURVE(5,(#2163,#2164,#2165,#2166,
    #2167,#2168,#2169,#2170,#2171,#2172,#2173,#2174,#2175,#2176),
.UNSPECIFIED.,.F.,.F.) B_SPLINE_CURVE_WITH_KNOTS((6,4,4,6),(
    1.843825021744,21.610550563419,46.721123510338,46.941142312295),
.UNSPECIFIED.) CURVE() GEOMETRIC_REPRESENTATION_ITEM() 
RATIONAL_B_SPLINE_CURVE((1.,1.,1.,1.,1.,1.,1.,1.,1.,1.,1.,1.,1.,1.)) 
REPRESENTATION_ITEM('') );
#2163 = CARTESIAN_POINT('',(-66.82984242891,109.28031252149,
    -54.58975969979));
#2164 = CARTESIAN_POINT('',(-67.07234313728,109.91026622005,
    -50.79037186575));
#2165 = CARTESIAN_POINT('',(-67.24826809441,110.45734723918,
    -46.95673759849));
#2166 = CARTESIAN_POINT('',(-67.35483626588,110.91845173766,
    -43.09982837873));
#2167 = CARTESIAN_POINT('',(-67.39059892717,111.29226493289,
    -39.22798910872));
#2168 = CARTESIAN_POINT('',(-67.30996932872,111.94229721289,
    -30.42321531485));
#2169 = CARTESIAN_POINT('',(-67.14985040157,112.16483650036,
    -25.48637839607));
#2170 = CARTESIAN_POINT('',(-66.87369357285,112.24563636335,
    -20.55753613563));
#2171 = CARTESIAN_POINT('',(-66.48382320824,112.18794264003,
    -15.65526224904));
#2172 = CARTESIAN_POINT('',(-65.97940565801,111.99502585324,
    -10.74761842913));
#2173 = CARTESIAN_POINT('',(-65.97496932816,111.99332140965,
    -10.70452674807));
#2174 = CARTESIAN_POINT('',(-65.97049450001,111.99159459171,
    -10.66113710292));
#2175 = CARTESIAN_POINT('',(-65.96599768839,111.98985181415,
    -10.61761594307));
#2176 = CARTESIAN_POINT('',(-65.96149540815,111.98809949173,
    -10.57412971787));
#2177 = ( BOUNDED_SURFACE() B_SPLINE_SURFACE(2,5,(
    (#2178,#2179,#2180,#2181,#2182,#2183,#2184,#2185,#2186,#2187,#2188
      ,#2189,#2190,#2191)
    ,(#2192,#2193,#2194,#2195,#2196,#2197,#2198,#2199,#2200,#2201,#2202
      ,#2203,#2204,#2205)
    ,(#2206,#2207,#2208,#2209,#2210,#2211,#2212,#2213,#2214,#2215,#2216
      ,#2217,#2218,#2219
)),.UNSPECIFIED.,.F.,.F.,.F.) B_SPLINE_SURFACE_WITH_KNOTS((3,3),(6,4,4,6
    ),(0.,45.097317290551),(1.843825021744,21.610550563419,
    46.721123510338,46.941142312295),.UNSPECIFIED.) 
GEOMETRIC_REPRESENTATION_ITEM() RATIONAL_B_SPLINE_SURFACE((
    (1.,1.,1.,1.,1.,1.,1.,1.,1.,1.,1.,1.,1.,1.)
    ,(0.70689631523,0.706064990377,0.705461277309,0.705089417068
      ,0.70495682936,0.705197620687,0.705717571023,0.706623070505
      ,0.707898812514,0.70953839338,0.709552922722,0.709567647516
      ,0.709582475094,0.70959731279)
,(1.,1.,1.,1.,1.,1.,1.,1.,1.,1.,1.,1.,1.,1.
))) REPRESENTATION_ITEM('') SURFACE() );
#2178 = CARTESIAN_POINT('',(-66.82984242891,109.28031252149,
    -54.58975969979));
#2179 = CARTESIAN_POINT('',(-67.07234313728,109.91026622005,
    -50.79037186575));
#2180 = CARTESIAN_POINT('',(-67.24826809441,110.45734723918,
    -46.95673759849));
#2181 = CARTESIAN_POINT('',(-67.35483626588,110.91845173766,
    -43.09982837873));
#2182 = CARTESIAN_POINT('',(-67.39059892717,111.29226493289,
    -39.22798910872));
#2183 = CARTESIAN_POINT('',(-67.30996932872,111.94229721289,
    -30.42321531485));
#2184 = CARTESIAN_POINT('',(-67.14985040157,112.16483650036,
    -25.48637839607));
#2185 = CARTESIAN_POINT('',(-66.87369357285,112.24563636335,
    -20.55753613563));
#2186 = CARTESIAN_POINT('',(-66.48382320824,112.18794264003,
    -15.65526224904));
#2187 = CARTESIAN_POINT('',(-65.97940565801,111.99502585324,
    -10.74761842913));
#2188 = CARTESIAN_POINT('',(-65.97496932816,111.99332140965,
    -10.70452674807));
#2189 = CARTESIAN_POINT('',(-65.97049450001,111.99159459171,
    -10.66113710292));
#2190 = CARTESIAN_POINT('',(-65.96599768839,111.98985181415,
    -10.61761594307));
#2191 = CARTESIAN_POINT('',(-65.96149540815,111.98809949173,
    -10.57412971787));
#2192 = CARTESIAN_POINT('',(-71.82147071549,109.28031259912,
    -54.92663156222));
#2193 = CARTESIAN_POINT('',(-72.08114036252,109.92367660599,
    -51.04698730855));
#2194 = CARTESIAN_POINT('',(-72.26903577337,110.47947804884,
    -47.13913719581));
#2195 = CARTESIAN_POINT('',(-72.38302016147,110.94596906297,
    -43.20810420612));
#2196 = CARTESIAN_POINT('',(-72.42147021132,111.32188271483,
    -39.2608646064));
#2197 = CARTESIAN_POINT('',(-72.33583340135,111.96913739705,
    -30.27933696639));
#2198 = CARTESIAN_POINT('',(-72.16518868343,112.18418491282,
    -25.24901683595));
#2199 = CARTESIAN_POINT('',(-71.87113519239,112.25251648365,
    -20.22734187438));
#2200 = CARTESIAN_POINT('',(-71.45537448358,112.17709268173,
    -15.22762463655));
#2201 = CARTESIAN_POINT('',(-70.916653361,111.96071031629,-10.2181922575
    ));
#2202 = CARTESIAN_POINT('',(-70.91197577881,111.95882265807,
    -10.17478312794));
#2203 = CARTESIAN_POINT('',(-70.90728909493,111.95692314616,
    -10.13137592827));
#2204 = CARTESIAN_POINT('',(-70.90259323259,111.95501241543,
    -10.08796997674));
#2205 = CARTESIAN_POINT('',(-70.89788811257,111.95309109975,
    -10.04456456899));
#2206 = CARTESIAN_POINT('',(-71.87348404119,104.34444049947,
    -54.11159428302));
#2207 = CARTESIAN_POINT('',(-72.1153321307,104.96088799765,
    -50.32188910485));
#2208 = CARTESIAN_POINT('',(-72.28853080793,105.49492607417,
    -46.50581031005));
#2209 = CARTESIAN_POINT('',(-72.39142734493,105.94574510807,
    -42.6636608226));
#2210 = CARTESIAN_POINT('',(-72.42194658373,106.31112616472,
    -38.80646709535));
#2211 = CARTESIAN_POINT('',(-72.32626539333,106.94670728644,
    -30.03467277184));
#2212 = CARTESIAN_POINT('',(-72.15542933576,107.16442842649,
    -25.11608940659));
#2213 = CARTESIAN_POINT('',(-71.86634065263,107.24377583361,
    -20.20522295427));
#2214 = CARTESIAN_POINT('',(-71.46111647816,107.18766306571,
    -15.31965525374));
#2215 = CARTESIAN_POINT('',(-70.93943943596,106.99967006767,
    -10.43137105457));
#2216 = CARTESIAN_POINT('',(-70.93490147283,106.99802976728,
    -10.38893238756));
#2217 = CARTESIAN_POINT('',(-70.93035622916,106.99638119428,
    -10.34650895709));
#2218 = CARTESIAN_POINT('',(-70.92580315673,106.99472348945,
    -10.30409555468));
#2219 = CARTESIAN_POINT('',(-70.92124170731,106.99305579358,
    -10.26168697183));
#2220 = ADVANCED_FACE('',(#2221),#2243,.T.);
#2221 = FACE_BOUND('',#2222,.T.);
#2222 = EDGE_LOOP('',(#2223,#2232,#2233,#2234));
#2223 = ORIENTED_EDGE('',*,*,#2224,.T.);
#2224 = EDGE_CURVE('',#2225,#638,#2227,.T.);
#2225 = VERTEX_POINT('',#2226);
#2226 = CARTESIAN_POINT('',(-66.76821055027,109.12464316696,
    -55.52856618834));
#2227 = CIRCLE('',#2228,5.);
#2228 = AXIS2_PLACEMENT_3D('',#2229,#2230,#2231);
#2229 = CARTESIAN_POINT('',(-66.82316910012,104.19171196471,
    -54.71421410743));
#2230 = DIRECTION('',(-6.643108482594E-02,0.163240896089,0.984347154622)
  );
#2231 = DIRECTION('',(1.099170996973E-02,0.986586240449,-0.162870416184)
  );
#2232 = ORIENTED_EDGE('',*,*,#637,.T.);
#2233 = ORIENTED_EDGE('',*,*,#2151,.F.);
#2234 = ORIENTED_EDGE('',*,*,#2235,.F.);
#2235 = EDGE_CURVE('',#2225,#2152,#2236,.T.);
#2236 = ( BOUNDED_CURVE() B_SPLINE_CURVE(5,(#2237,#2238,#2239,#2240,
#2241,#2242),.UNSPECIFIED.,.F.,.F.) B_SPLINE_CURVE_WITH_KNOTS((6,6),(
0.886071875529,1.843825021744),.PIECEWISE_BEZIER_KNOTS.) CURVE() 
GEOMETRIC_REPRESENTATION_ITEM() RATIONAL_B_SPLINE_CURVE((1.,1.,1.,1.,1.,
1.)) REPRESENTATION_ITEM('') );
#2237 = CARTESIAN_POINT('',(-66.76821055027,109.12464316696,
    -55.52856618834));
#2238 = CARTESIAN_POINT('',(-66.78088051765,109.15577703801,
    -55.34082807784));
#2239 = CARTESIAN_POINT('',(-66.79333053029,109.18679350952,
    -55.15378626997));
#2240 = CARTESIAN_POINT('',(-66.80567532761,109.21796784281,
    -54.96578111493));
#2241 = CARTESIAN_POINT('',(-66.81798285238,109.24950215519,
    -54.77559287401));
#2242 = CARTESIAN_POINT('',(-66.82984242891,109.28031252149,
    -54.58975969979));
#2243 = ( BOUNDED_SURFACE() B_SPLINE_SURFACE(2,5,(
    (#2244,#2245,#2246,#2247,#2248,#2249)
    ,(#2250,#2251,#2252,#2253,#2254,#2255)
    ,(#2256,#2257,#2258,#2259,#2260,#2261
)),.UNSPECIFIED.,.F.,.F.,.F.) B_SPLINE_SURFACE_WITH_KNOTS((3,3),(6,6),(
    0.,0.957753146215),(0.886071875529,1.843825021744),
.PIECEWISE_BEZIER_KNOTS.) GEOMETRIC_REPRESENTATION_ITEM() 
RATIONAL_B_SPLINE_SURFACE((
    (1.,1.,1.,1.,1.,1.)
    ,(0.707106781187,0.707064503105,0.707022239486,0.706979990562
      ,0.70693669794,0.706896316166)
,(1.,1.,1.,1.,1.,1.))) REPRESENTATION_ITEM('') SURFACE() );
#2244 = CARTESIAN_POINT('',(-66.76821055027,109.12464316696,
    -55.52856618834));
#2245 = CARTESIAN_POINT('',(-66.78088051765,109.15577703801,
    -55.34082807784));
#2246 = CARTESIAN_POINT('',(-66.79333053029,109.18679350952,
    -55.15378626997));
#2247 = CARTESIAN_POINT('',(-66.80567532761,109.21796784281,
    -54.96578111493));
#2248 = CARTESIAN_POINT('',(-66.81798285238,109.24950215519,
    -54.77559287401));
#2249 = CARTESIAN_POINT('',(-66.82984242891,109.28031252149,
    -54.58975969979));
#2250 = CARTESIAN_POINT('',(-71.75686290657,109.12464316696,
    -55.8652376424));
#2251 = CARTESIAN_POINT('',(-71.77013021262,109.15577889963,
    -55.67752856806));
#2252 = CARTESIAN_POINT('',(-71.78322517792,109.18691345666,
    -55.4898149843));
#2253 = CARTESIAN_POINT('',(-71.79614852676,109.21804849538,
    -55.30208690079));
#2254 = CARTESIAN_POINT('',(-71.80890450795,109.2491782733,
    -55.11437938925));
#2255 = CARTESIAN_POINT('',(-71.82147071556,109.28031259259,
    -54.92663156114));
#2256 = CARTESIAN_POINT('',(-71.81182145642,104.19171196471,
    -55.05088556149));
#2257 = CARTESIAN_POINT('',(-71.82449799577,104.22225595352,
    -54.86305007038));
#2258 = CARTESIAN_POINT('',(-71.83700144188,104.25279926309,
    -54.67520407163));
#2259 = CARTESIAN_POINT('',(-71.8493388187,104.28334693592,
    -54.48734080032));
#2260 = CARTESIAN_POINT('',(-71.86162643158,104.31421667221,
    -54.29740049893));
#2261 = CARTESIAN_POINT('',(-71.87348404119,104.34444049947,
    -54.11159428302));
#2262 = ADVANCED_FACE('',(#2263),#2288,.T.);
#2263 = FACE_BOUND('',#2264,.T.);
#2264 = EDGE_LOOP('',(#2265,#2266,#2274,#2282));
#2265 = ORIENTED_EDGE('',*,*,#648,.T.);
#2266 = ORIENTED_EDGE('',*,*,#2267,.F.);
#2267 = EDGE_CURVE('',#2268,#638,#2270,.T.);
#2268 = VERTEX_POINT('',#2269);
#2269 = CARTESIAN_POINT('',(-71.69800019065,103.91201932583,
    -56.73743997187));
#2270 = LINE('',#2271,#2272);
#2271 = CARTESIAN_POINT('',(-71.75295874049,104.04706879775,
    -55.92308789095));
#2272 = VECTOR('',#2273,1.);
#2273 = DIRECTION('',(-6.643108482594E-02,0.163240896089,0.984347154622)
  );
#2274 = ORIENTED_EDGE('',*,*,#2275,.F.);
#2275 = EDGE_CURVE('',#2276,#2268,#2278,.T.);
#2276 = VERTEX_POINT('',#2277);
#2277 = CARTESIAN_POINT('',(-71.69800019065,-103.9120193258,
    -56.73743997187));
#2278 = LINE('',#2279,#2280);
#2279 = CARTESIAN_POINT('',(-71.69800019065,106.98,-56.73743997187));
#2280 = VECTOR('',#2281,1.);
#2281 = DIRECTION('',(0.,1.,-2.2E-16));
#2282 = ORIENTED_EDGE('',*,*,#2283,.T.);
#2283 = EDGE_CURVE('',#2276,#649,#2284,.T.);
#2284 = LINE('',#2285,#2286);
#2285 = CARTESIAN_POINT('',(-71.75295874049,-104.0470687977,
    -55.92308789095));
#2286 = VECTOR('',#2287,1.);
#2287 = DIRECTION('',(-6.643108482594E-02,-0.163240896089,0.984347154622
    ));
#2288 = PLANE('',#2289);
#2289 = AXIS2_PLACEMENT_3D('',#2290,#2291,#2292);
#2290 = CARTESIAN_POINT('',(-72.52106544791,3.557E-14,-44.54161408441));
#2291 = DIRECTION('',(-0.99773047126,1.E-17,-6.733429081241E-02));
#2292 = DIRECTION('',(6.733429081241E-02,2.2E-16,-0.99773047126));
#2293 = ADVANCED_FACE('',(#2294),#2323,.T.);
#2294 = FACE_BOUND('',#2295,.T.);
#2295 = EDGE_LOOP('',(#2296,#2305,#2316,#2322));
#2296 = ORIENTED_EDGE('',*,*,#2297,.T.);
#2297 = EDGE_CURVE('',#649,#2298,#2300,.T.);
#2298 = VERTEX_POINT('',#2299);
#2299 = CARTESIAN_POINT('',(-66.76821055027,-109.1246431669,
    -55.52856618834));
#2300 = CIRCLE('',#2301,5.);
#2301 = AXIS2_PLACEMENT_3D('',#2302,#2303,#2304);
#2302 = CARTESIAN_POINT('',(-66.82316910012,-104.1917119647,
    -54.71421410743));
#2303 = DIRECTION('',(-6.643108482594E-02,-0.163240896089,0.984347154622
    ));
#2304 = DIRECTION('',(-0.99773047126,1.040834085586E-17,
    -6.733429081241E-02));
#2305 = ORIENTED_EDGE('',*,*,#2306,.T.);
#2306 = EDGE_CURVE('',#2298,#2307,#2309,.T.);
#2307 = VERTEX_POINT('',#2308);
#2308 = CARTESIAN_POINT('',(-66.82984242802,-109.2803125214,
    -54.58975969973));
#2309 = ( BOUNDED_CURVE() B_SPLINE_CURVE(5,(#2310,#2311,#2312,#2313,
#2314,#2315),.UNSPECIFIED.,.F.,.F.) B_SPLINE_CURVE_WITH_KNOTS((6,6),(
0.886071875527,1.84382499416),.PIECEWISE_BEZIER_KNOTS.) CURVE() 
GEOMETRIC_REPRESENTATION_ITEM() RATIONAL_B_SPLINE_CURVE((1.,1.,1.,1.,1.,
1.)) REPRESENTATION_ITEM('') );
#2310 = CARTESIAN_POINT('',(-66.76821055027,-109.1246431669,
    -55.52856618835));
#2311 = CARTESIAN_POINT('',(-66.78088051765,-109.155777038,
    -55.34082807784));
#2312 = CARTESIAN_POINT('',(-66.79333053029,-109.1867935095,
    -55.15378626966));
#2313 = CARTESIAN_POINT('',(-66.80567532747,-109.2179678426,
    -54.96578111585));
#2314 = CARTESIAN_POINT('',(-66.81798285722,-109.2495021655,
    -54.77559281163));
#2315 = CARTESIAN_POINT('',(-66.82984242802,-109.2803125214,
    -54.58975969973));
#2316 = ORIENTED_EDGE('',*,*,#2317,.F.);
#2317 = EDGE_CURVE('',#657,#2307,#2318,.T.);
#2318 = ( BOUNDED_CURVE() B_SPLINE_CURVE(2,(#2319,#2320,#2321),
.UNSPECIFIED.,.F.,.F.) B_SPLINE_CURVE_WITH_KNOTS((3,3),(0.,
0.957753118633),.PIECEWISE_BEZIER_KNOTS.) CURVE() 
GEOMETRIC_REPRESENTATION_ITEM() RATIONAL_B_SPLINE_CURVE((1.,
0.706896316076,1.)) REPRESENTATION_ITEM('') );
#2319 = CARTESIAN_POINT('',(-71.87348404121,-104.3444404979,
    -54.11159428272));
#2320 = CARTESIAN_POINT('',(-71.82147071616,-109.2803125925,
    -54.92663156117));
#2321 = CARTESIAN_POINT('',(-66.82984242802,-109.2803125214,
    -54.58975969973));
#2322 = ORIENTED_EDGE('',*,*,#656,.F.);
#2323 = ( BOUNDED_SURFACE() B_SPLINE_SURFACE(2,5,(
    (#2324,#2325,#2326,#2327,#2328,#2329)
    ,(#2330,#2331,#2332,#2333,#2334,#2335)
    ,(#2336,#2337,#2338,#2339,#2340,#2341
)),.UNSPECIFIED.,.F.,.F.,.F.) B_SPLINE_SURFACE_WITH_KNOTS((3,3),(6,6),(
    0.,0.957753118633),(0.886071875527,1.84382499416),
.PIECEWISE_BEZIER_KNOTS.) GEOMETRIC_REPRESENTATION_ITEM() 
RATIONAL_B_SPLINE_SURFACE((
    (1.,1.,1.,1.,1.,1.)
    ,(0.707106781187,0.707064503105,0.707022239487,0.706979990551
      ,0.706936698032,0.706896316076)
,(1.,1.,1.,1.,1.,1.))) REPRESENTATION_ITEM('') SURFACE() );
#2324 = CARTESIAN_POINT('',(-71.81182145642,-104.1917119647,
    -55.05088556149));
#2325 = CARTESIAN_POINT('',(-71.82449799577,-104.2222559535,
    -54.86305007038));
#2326 = CARTESIAN_POINT('',(-71.83700144197,-104.2527992632,
    -54.67520407162));
#2327 = CARTESIAN_POINT('',(-71.84933881836,-104.2833469354,
    -54.48734080065));
#2328 = CARTESIAN_POINT('',(-71.86162641968,-104.3142166425,
    -54.29740068757));
#2329 = CARTESIAN_POINT('',(-71.87348404121,-104.3444404979,
    -54.11159428272));
#2330 = CARTESIAN_POINT('',(-71.75686290657,-109.1246431669,
    -55.86523764241));
#2331 = CARTESIAN_POINT('',(-71.77013021262,-109.1557788996,
    -55.67752856806));
#2332 = CARTESIAN_POINT('',(-71.78322517792,-109.1869134566,
    -55.48981498428));
#2333 = CARTESIAN_POINT('',(-71.79614852673,-109.2180484953,
    -55.3020869012));
#2334 = CARTESIAN_POINT('',(-71.80890450746,-109.2491782735,
    -55.11437938759));
#2335 = CARTESIAN_POINT('',(-71.82147071616,-109.2803125925,
    -54.92663156117));
#2336 = CARTESIAN_POINT('',(-66.76821055027,-109.1246431669,
    -55.52856618835));
#2337 = CARTESIAN_POINT('',(-66.78088051765,-109.155777038,
    -55.34082807784));
#2338 = CARTESIAN_POINT('',(-66.79333053029,-109.1867935095,
    -55.15378626966));
#2339 = CARTESIAN_POINT('',(-66.80567532747,-109.2179678426,
    -54.96578111585));
#2340 = CARTESIAN_POINT('',(-66.81798285722,-109.2495021655,
    -54.77559281163));
#2341 = CARTESIAN_POINT('',(-66.82984242802,-109.2803125214,
    -54.58975969973));
#2342 = ADVANCED_FACE('',(#2343),#2365,.T.);
#2343 = FACE_BOUND('',#2344,.T.);
#2344 = EDGE_LOOP('',(#2345,#2346,#2363,#2364));
#2345 = ORIENTED_EDGE('',*,*,#2317,.T.);
#2346 = ORIENTED_EDGE('',*,*,#2347,.T.);
#2347 = EDGE_CURVE('',#2307,#1157,#2348,.T.);
#2348 = ( BOUNDED_CURVE() B_SPLINE_CURVE(5,(#2349,#2350,#2351,#2352,
    #2353,#2354,#2355,#2356,#2357,#2358,#2359,#2360,#2361,#2362),
.UNSPECIFIED.,.F.,.F.) B_SPLINE_CURVE_WITH_KNOTS((6,4,4,6),(
    1.84382499416,21.57159262385,46.721123113213,46.941141977974),
.UNSPECIFIED.) CURVE() GEOMETRIC_REPRESENTATION_ITEM() 
RATIONAL_B_SPLINE_CURVE((1.,1.,1.,1.,1.,1.,1.,1.,1.,1.,1.,1.,1.,1.)) 
REPRESENTATION_ITEM('') );
#2349 = CARTESIAN_POINT('',(-66.82984242802,-109.2803125214,
    -54.58975969973));
#2350 = CARTESIAN_POINT('',(-67.07186478582,-109.9090236808,
    -50.79786589506));
#2351 = CARTESIAN_POINT('',(-67.24757458527,-110.4551907585,
    -46.97184749238));
#2352 = CARTESIAN_POINT('',(-67.35420526581,-110.9157243269,
    -43.12263227405));
#2353 = CARTESIAN_POINT('',(-67.39031536625,-111.2893159463,
    -39.25851261842));
#2354 = CARTESIAN_POINT('',(-67.31096142219,-111.940914278,
    -30.45385211319));
#2355 = CARTESIAN_POINT('',(-67.15113458818,-112.1644589792,
    -25.50932000982));
#2356 = CARTESIAN_POINT('',(-66.8749036847,-112.2458154626,
    -20.57275203905));
#2357 = CARTESIAN_POINT('',(-66.48459855583,-112.1882391718,
    -15.66280575727));
#2358 = CARTESIAN_POINT('',(-65.97940565758,-111.995025853,
    -10.74761842489));
#2359 = CARTESIAN_POINT('',(-65.97496932881,-111.9933214099,
    -10.70452675468));
#2360 = CARTESIAN_POINT('',(-65.97049450084,-111.991594592,
    -10.66113711134));
#2361 = CARTESIAN_POINT('',(-65.96599768901,-111.9898518144,
    -10.61761594923));
#2362 = CARTESIAN_POINT('',(-65.96149540863,-111.9880994919,
    -10.57412972274));
#2363 = ORIENTED_EDGE('',*,*,#1156,.F.);
#2364 = ORIENTED_EDGE('',*,*,#667,.F.);
#2365 = ( BOUNDED_SURFACE() B_SPLINE_SURFACE(2,5,(
    (#2366,#2367,#2368,#2369,#2370,#2371,#2372,#2373,#2374,#2375,#2376
      ,#2377,#2378,#2379)
    ,(#2380,#2381,#2382,#2383,#2384,#2385,#2386,#2387,#2388,#2389,#2390
      ,#2391,#2392,#2393)
    ,(#2394,#2395,#2396,#2397,#2398,#2399,#2400,#2401,#2402,#2403,#2404
      ,#2405,#2406,#2407
)),.UNSPECIFIED.,.F.,.F.,.F.) B_SPLINE_SURFACE_WITH_KNOTS((3,3),(6,4,4,6
    ),(0.,45.097316983814),(1.84382499416,21.57159262385,46.721123113213
,46.941141977974),.UNSPECIFIED.) GEOMETRIC_REPRESENTATION_ITEM() 
RATIONAL_B_SPLINE_SURFACE((
    (1.,1.,1.,1.,1.,1.,1.,1.,1.,1.,1.,1.,1.,1.)
    ,(0.70689631514,0.70606662505,0.705463663018,0.705091616395
      ,0.704957880948,0.705194399158,0.705713360351,0.706619109956
      ,0.707896292987,0.709538393382,0.709552922718,0.709567647511
      ,0.709582475091,0.709597312787)
,(1.,1.,1.,1.,1.,1.,1.,1.,1.,1.,1.,1.,1.,1.
))) REPRESENTATION_ITEM('') SURFACE() );
#2366 = CARTESIAN_POINT('',(-71.87348404121,-104.3444404979,
    -54.11159428272));
#2367 = CARTESIAN_POINT('',(-72.11485572865,-104.9596736636,
    -50.32935417404));
#2368 = CARTESIAN_POINT('',(-72.28784695381,-105.4928188548,
    -46.5208619126));
#2369 = CARTESIAN_POINT('',(-72.39081872519,-105.9430793306,
    -42.68637755164));
#2370 = CARTESIAN_POINT('',(-72.4217041005,-106.3082434409,
    -38.83687510814));
#2371 = CARTESIAN_POINT('',(-72.32732388851,-106.9453542083,
    -30.06519629192));
#2372 = CARTESIAN_POINT('',(-72.15677391961,-107.1640579704,
    -25.13894730869));
#2373 = CARTESIAN_POINT('',(-71.86759799878,-107.2439497603,
    -20.22038407865));
#2374 = CARTESIAN_POINT('',(-71.46191865699,-107.1879521527,
    -15.32717193137));
#2375 = CARTESIAN_POINT('',(-70.93943943593,-106.9996700676,
    -10.4313710543));
#2376 = CARTESIAN_POINT('',(-70.93490147279,-106.9980297672,
    -10.38893238718));
#2377 = CARTESIAN_POINT('',(-70.93035622913,-106.9963811942,
    -10.34650895682));
#2378 = CARTESIAN_POINT('',(-70.92580315672,-106.9947234894,
    -10.30409555459));
#2379 = CARTESIAN_POINT('',(-70.92124170731,-106.9930557935,
    -10.26168697183));
#2380 = CARTESIAN_POINT('',(-71.8214707161,-109.2803125991,
    -54.92663156224));
#2381 = CARTESIAN_POINT('',(-72.08062801461,-109.9224071371,
    -51.05464252226));
#2382 = CARTESIAN_POINT('',(-72.26829408487,-110.4772847427,
    -47.15455560794));
#2383 = CARTESIAN_POINT('',(-72.38234509235,-110.9432085018,
    -43.23135864587));
#2384 = CARTESIAN_POINT('',(-72.42116523517,-111.3189164681,
    -39.29198841416));
#2385 = CARTESIAN_POINT('',(-72.33689139682,-111.9677997827,
    -30.31057700343));
#2386 = CARTESIAN_POINT('',(-72.16655811612,-112.18386528,-25.2724204136
    ));
#2387 = CARTESIAN_POINT('',(-71.87242753793,-112.2527507533,
    -20.24288526294));
#2388 = CARTESIAN_POINT('',(-71.45620478883,-112.1774261699,
    -15.23534543634));
#2389 = CARTESIAN_POINT('',(-70.91665336097,-111.9607103162,
    -10.2181922572));
#2390 = CARTESIAN_POINT('',(-70.91197577877,-111.958822658,
    -10.1747831276));
#2391 = CARTESIAN_POINT('',(-70.90728909491,-111.9569231461,
    -10.13137592806));
#2392 = CARTESIAN_POINT('',(-70.90259323258,-111.9550124154,
    -10.0879699767));
#2393 = CARTESIAN_POINT('',(-70.89788811258,-111.9530910997,
    -10.04456456903));
#2394 = CARTESIAN_POINT('',(-66.82984242802,-109.2803125214,
    -54.58975969973));
#2395 = CARTESIAN_POINT('',(-67.07186478582,-109.9090236808,
    -50.79786589506));
#2396 = CARTESIAN_POINT('',(-67.24757458527,-110.4551907585,
    -46.97184749238));
#2397 = CARTESIAN_POINT('',(-67.35420526581,-110.9157243269,
    -43.12263227405));
#2398 = CARTESIAN_POINT('',(-67.39031536625,-111.2893159463,
    -39.25851261842));
#2399 = CARTESIAN_POINT('',(-67.31096142219,-111.940914278,
    -30.45385211319));
#2400 = CARTESIAN_POINT('',(-67.15113458818,-112.1644589792,
    -25.50932000982));
#2401 = CARTESIAN_POINT('',(-66.8749036847,-112.2458154626,
    -20.57275203905));
#2402 = CARTESIAN_POINT('',(-66.48459855583,-112.1882391718,
    -15.66280575727));
#2403 = CARTESIAN_POINT('',(-65.97940565758,-111.995025853,
    -10.74761842489));
#2404 = CARTESIAN_POINT('',(-65.97496932881,-111.9933214099,
    -10.70452675468));
#2405 = CARTESIAN_POINT('',(-65.97049450084,-111.991594592,
    -10.66113711134));
#2406 = CARTESIAN_POINT('',(-65.96599768901,-111.9898518144,
    -10.61761594923));
#2407 = CARTESIAN_POINT('',(-65.96149540863,-111.9880994919,
    -10.57412972274));
#2408 = ADVANCED_FACE('',(#2409),#2434,.T.);
#2409 = FACE_BOUND('',#2410,.T.);
#2410 = EDGE_LOOP('',(#2411,#2419,#2427,#2433));
#2411 = ORIENTED_EDGE('',*,*,#2412,.F.);
#2412 = EDGE_CURVE('',#2413,#811,#2415,.T.);
#2413 = VERTEX_POINT('',#2414);
#2414 = CARTESIAN_POINT('',(-71.36546437305,-3.2,-48.59657297681));
#2415 = LINE('',#2416,#2417);
#2416 = CARTESIAN_POINT('',(-71.36546437305,-3.2,-48.59657297681));
#2417 = VECTOR('',#2418,1.);
#2418 = DIRECTION('',(-0.666650544849,-1.7E-16,-0.745370411978));
#2419 = ORIENTED_EDGE('',*,*,#2420,.T.);
#2420 = EDGE_CURVE('',#2413,#2421,#2423,.T.);
#2421 = VERTEX_POINT('',#2422);
#2422 = CARTESIAN_POINT('',(-71.36546437305,3.2,-48.59657297681));
#2423 = LINE('',#2424,#2425);
#2424 = CARTESIAN_POINT('',(-71.36546437305,-3.2,-48.59657297681));
#2425 = VECTOR('',#2426,1.);
#2426 = DIRECTION('',(0.,1.,-2.2E-16));
#2427 = ORIENTED_EDGE('',*,*,#2428,.T.);
#2428 = EDGE_CURVE('',#2421,#813,#2429,.T.);
#2429 = LINE('',#2430,#2431);
#2430 = CARTESIAN_POINT('',(-71.36546437305,3.2,-48.59657297681));
#2431 = VECTOR('',#2432,1.);
#2432 = DIRECTION('',(-0.666650544849,-1.7E-16,-0.745370411978));
#2433 = ORIENTED_EDGE('',*,*,#810,.F.);
#2434 = PLANE('',#2435);
#2435 = AXIS2_PLACEMENT_3D('',#2436,#2437,#2438);
#2436 = CARTESIAN_POINT('',(-71.36546437305,-3.2,-48.59657297681));
#2437 = DIRECTION('',(-0.745370411978,1.5E-16,0.666650544849));
#2438 = DIRECTION('',(2.487211719605E-18,1.,-2.222245329589E-16));
#2439 = ADVANCED_FACE('',(#2440),#2482,.F.);
#2440 = FACE_BOUND('',#2441,.F.);
#2441 = EDGE_LOOP('',(#2442,#2450,#2451,#2452));
#2442 = ORIENTED_EDGE('',*,*,#2443,.T.);
#2443 = EDGE_CURVE('',#2444,#864,#2446,.T.);
#2444 = VERTEX_POINT('',#2445);
#2445 = CARTESIAN_POINT('',(-71.59456197317,-3.2,-38.78974221698));
#2446 = LINE('',#2447,#2448);
#2447 = CARTESIAN_POINT('',(-71.59456197317,-3.2,-38.78974221698));
#2448 = VECTOR('',#2449,1.);
#2449 = DIRECTION('',(-0.731451444453,1.5E-16,0.681893528645));
#2450 = ORIENTED_EDGE('',*,*,#871,.T.);
#2451 = ORIENTED_EDGE('',*,*,#2412,.F.);
#2452 = ORIENTED_EDGE('',*,*,#2453,.F.);
#2453 = EDGE_CURVE('',#2444,#2413,#2454,.T.);
#2454 = B_SPLINE_CURVE_WITH_KNOTS('',6,(#2455,#2456,#2457,#2458,#2459,
    #2460,#2461,#2462,#2463,#2464,#2465,#2466,#2467,#2468,#2469,#2470,
    #2471,#2472,#2473,#2474,#2475,#2476,#2477,#2478,#2479,#2480,#2481),
  .UNSPECIFIED.,.F.,.F.,(7,5,5,5,5,7),(28.201621853951,32.129589606314,
    34.900721905084,37.384910904299,39.681469768211,43.603243704676),
  .UNSPECIFIED.);
#2455 = CARTESIAN_POINT('',(-71.59456197317,-3.2,-38.78974221698));
#2456 = CARTESIAN_POINT('',(-71.59456197317,-3.769700702701,
    -38.78974221698));
#2457 = CARTESIAN_POINT('',(-71.59417942712,-4.338453321754,
    -38.86915209203));
#2458 = CARTESIAN_POINT('',(-71.59337981438,-4.900418329538,
    -39.02848976501));
#2459 = CARTESIAN_POINT('',(-71.59202604591,-5.447512178161,
    -39.26979095374));
#2460 = CARTESIAN_POINT('',(-71.58973744904,-5.968317476347,
    -39.59797320486));
#2461 = CARTESIAN_POINT('',(-71.58293477626,-6.784692900326,
    -40.32148659394));
#2462 = CARTESIAN_POINT('',(-71.57927065138,-7.10157051252,
    -40.66874236719));
#2463 = CARTESIAN_POINT('',(-71.57449685194,-7.390130684,-41.06723663155
    ));
#2464 = CARTESIAN_POINT('',(-71.56831232501,-7.637241788102,
    -41.51319210627));
#2465 = CARTESIAN_POINT('',(-71.56032205123,-7.831844851647,
    -42.00614844113));
#2466 = CARTESIAN_POINT('',(-71.54148336816,-8.075951931408,
    -43.00841671963));
#2467 = CARTESIAN_POINT('',(-71.53102687488,-8.13832809071,
    -43.51047731761));
#2468 = CARTESIAN_POINT('',(-71.51911638928,-8.136736379088,
    -44.02211178924));
#2469 = CARTESIAN_POINT('',(-71.50613766839,-8.070206781747,
    -44.52535287233));
#2470 = CARTESIAN_POINT('',(-71.49268040969,-7.945967271409,
    -45.00405480783));
#2471 = CARTESIAN_POINT('',(-71.46722637542,-7.622059414612,
    -45.8525778524));
#2472 = CARTESIAN_POINT('',(-71.45518519477,-7.428903587715,
    -46.22813081653));
#2473 = CARTESIAN_POINT('',(-71.44357113068,-7.205004179313,
    -46.57099726435));
#2474 = CARTESIAN_POINT('',(-71.43263295876,-6.957229364444,
    -46.88002667552));
#2475 = CARTESIAN_POINT('',(-71.42256343278,-6.691556651263,
    -47.15488335463));
#2476 = CARTESIAN_POINT('',(-71.397847329,-5.93495648112,-47.81149284755
    ));
#2477 = CARTESIAN_POINT('',(-71.38500555295,-5.417445783977,
    -48.13130437507));
#2478 = CARTESIAN_POINT('',(-71.37525340926,-4.876298467439,
    -48.36540236904));
#2479 = CARTESIAN_POINT('',(-71.36873036437,-4.322043351979,
    -48.51952806058));
#2480 = CARTESIAN_POINT('',(-71.36546437305,-3.761459561661,
    -48.59657297681));
#2481 = CARTESIAN_POINT('',(-71.36546437305,-3.2,-48.59657297681));
#2482 = B_SPLINE_SURFACE_WITH_KNOTS('',1,6,(
    (#2483,#2484,#2485,#2486,#2487,#2488,#2489,#2490,#2491,#2492,#2493
      ,#2494,#2495,#2496,#2497,#2498,#2499,#2500,#2501,#2502,#2503,#2504
      ,#2505,#2506,#2507,#2508,#2509)
    ,(#2510,#2511,#2512,#2513,#2514,#2515,#2516,#2517,#2518,#2519,#2520
      ,#2521,#2522,#2523,#2524,#2525,#2526,#2527,#2528,#2529,#2530,#2531
      ,#2532,#2533,#2534,#2535,#2536
    )),.UNSPECIFIED.,.F.,.F.,.F.,(2,2),(7,5,5,5,5,7),(0.,15.401621850725
    ),(28.201621853951,32.129589606314,34.900721905084,37.384910904299,
    39.681469768211,43.603243704676),.UNSPECIFIED.);
#2483 = CARTESIAN_POINT('',(-71.59456197317,-3.2,-38.78974221698));
#2484 = CARTESIAN_POINT('',(-71.59456197317,-3.769700702701,
    -38.78974221698));
#2485 = CARTESIAN_POINT('',(-71.59417942712,-4.338453321754,
    -38.86915209203));
#2486 = CARTESIAN_POINT('',(-71.59337981438,-4.900418329538,
    -39.02848976501));
#2487 = CARTESIAN_POINT('',(-71.59202604591,-5.447512178161,
    -39.26979095374));
#2488 = CARTESIAN_POINT('',(-71.58973744904,-5.968317476347,
    -39.59797320486));
#2489 = CARTESIAN_POINT('',(-71.58293477626,-6.784692900326,
    -40.32148659394));
#2490 = CARTESIAN_POINT('',(-71.57927065138,-7.10157051252,
    -40.66874236719));
#2491 = CARTESIAN_POINT('',(-71.57449685194,-7.390130684,-41.06723663155
    ));
#2492 = CARTESIAN_POINT('',(-71.56831232501,-7.637241788102,
    -41.51319210627));
#2493 = CARTESIAN_POINT('',(-71.56032205123,-7.831844851647,
    -42.00614844113));
#2494 = CARTESIAN_POINT('',(-71.54148336816,-8.075951931408,
    -43.00841671963));
#2495 = CARTESIAN_POINT('',(-71.53102687488,-8.13832809071,
    -43.51047731761));
#2496 = CARTESIAN_POINT('',(-71.51911638928,-8.136736379088,
    -44.02211178924));
#2497 = CARTESIAN_POINT('',(-71.50613766839,-8.070206781747,
    -44.52535287233));
#2498 = CARTESIAN_POINT('',(-71.49268040969,-7.945967271409,
    -45.00405480783));
#2499 = CARTESIAN_POINT('',(-71.46722637542,-7.622059414612,
    -45.8525778524));
#2500 = CARTESIAN_POINT('',(-71.45518519477,-7.428903587715,
    -46.22813081653));
#2501 = CARTESIAN_POINT('',(-71.44357113068,-7.205004179313,
    -46.57099726435));
#2502 = CARTESIAN_POINT('',(-71.43263295876,-6.957229364444,
    -46.88002667552));
#2503 = CARTESIAN_POINT('',(-71.42256343278,-6.691556651263,
    -47.15488335463));
#2504 = CARTESIAN_POINT('',(-71.397847329,-5.93495648112,-47.81149284755
    ));
#2505 = CARTESIAN_POINT('',(-71.38500555295,-5.417445783977,
    -48.13130437507));
#2506 = CARTESIAN_POINT('',(-71.37525340926,-4.876298467439,
    -48.36540236904));
#2507 = CARTESIAN_POINT('',(-71.36873036437,-4.322043351979,
    -48.51952806058));
#2508 = CARTESIAN_POINT('',(-71.36546437305,-3.761459561661,
    -48.59657297681));
#2509 = CARTESIAN_POINT('',(-71.36546437305,-3.2,-48.59657297681));
#2510 = CARTESIAN_POINT('',(-72.39491798954,-3.2,-38.04361259715));
#2511 = CARTESIAN_POINT('',(-72.39491798954,-3.856128755507,
    -38.04361259715));
#2512 = CARTESIAN_POINT('',(-72.39481726814,-4.51127393126,
    -38.13436147044));
#2513 = CARTESIAN_POINT('',(-72.39459514236,-5.158813817434,
    -38.31559479766));
#2514 = CARTESIAN_POINT('',(-72.39404827548,-5.790672311071,
    -38.59083208847));
#2515 = CARTESIAN_POINT('',(-72.39265105656,-6.394484052555,
    -38.96695333222));
#2516 = CARTESIAN_POINT('',(-72.38713367387,-7.343205001723,
    -39.79722255545));
#2517 = CARTESIAN_POINT('',(-72.38392643821,-7.713439748258,
    -40.19705376358));
#2518 = CARTESIAN_POINT('',(-72.37943423896,-8.050874132321,
    -40.65584073845));
#2519 = CARTESIAN_POINT('',(-72.37322088999,-8.341878360309,
    -41.17200366924));
#2520 = CARTESIAN_POINT('',(-72.36475195629,-8.5726349424,
    -41.74229440054));
#2521 = CARTESIAN_POINT('',(-72.34384564242,-8.865921595064,
    -42.90742419841));
#2522 = CARTESIAN_POINT('',(-72.33195729003,-8.94286193533,
    -43.49143344387));
#2523 = CARTESIAN_POINT('',(-72.31806924491,-8.945625026491,
    -44.08837223789));
#2524 = CARTESIAN_POINT('',(-72.30263323352,-8.872216537403,
    -44.67690218474));
#2525 = CARTESIAN_POINT('',(-72.28640640929,-8.730339204999,
    -45.23720581635));
#2526 = CARTESIAN_POINT('',(-72.25543185731,-8.357499962306,
    -46.23084243898));
#2527 = CARTESIAN_POINT('',(-72.24063450764,-8.133825207496,
    -46.67135106065));
#2528 = CARTESIAN_POINT('',(-72.226279069,-7.873960607165,
    -47.07338443608));
#2529 = CARTESIAN_POINT('',(-72.21269496669,-7.58574737958,
    -47.43578979683));
#2530 = CARTESIAN_POINT('',(-72.20013513343,-7.276060380935,
    -47.75846514131));
#2531 = CARTESIAN_POINT('',(-72.16925349467,-6.394230105012,
    -48.52861815647));
#2532 = CARTESIAN_POINT('',(-72.1530930234,-5.78985592271,
    -48.90419342101));
#2533 = CARTESIAN_POINT('',(-72.14080674965,-5.157908703148,
    -49.17868567831));
#2534 = CARTESIAN_POINT('',(-72.13258901639,-4.510686120612,
    -49.35919689773));
#2535 = CARTESIAN_POINT('',(-72.12846090832,-3.855826364243,
    -49.44966616968));
#2536 = CARTESIAN_POINT('',(-72.12846090832,-3.2,-49.44966616968));
#2537 = ADVANCED_FACE('',(#2538),#2590,.F.);
#2538 = FACE_BOUND('',#2539,.F.);
#2539 = EDGE_LOOP('',(#2540,#2541,#2542,#2549));
#2540 = ORIENTED_EDGE('',*,*,#2428,.T.);
#2541 = ORIENTED_EDGE('',*,*,#820,.T.);
#2542 = ORIENTED_EDGE('',*,*,#2543,.F.);
#2543 = EDGE_CURVE('',#2544,#821,#2546,.T.);
#2544 = VERTEX_POINT('',#2545);
#2545 = CARTESIAN_POINT('',(-71.59456197317,3.2,-38.78974221698));
#2546 = B_SPLINE_CURVE_WITH_KNOTS('',1,(#2547,#2548),.UNSPECIFIED.,.F.,
  .F.,(2,2),(0.,15.401621853951),.PIECEWISE_BEZIER_KNOTS.);
#2547 = CARTESIAN_POINT('',(-71.59456197317,3.2,-38.78974221698));
#2548 = CARTESIAN_POINT('',(-72.39491798954,3.2,-38.04361259715));
#2549 = ORIENTED_EDGE('',*,*,#2550,.F.);
#2550 = EDGE_CURVE('',#2421,#2544,#2551,.T.);
#2551 = B_SPLINE_CURVE_WITH_KNOTS('',13,(#2552,#2553,#2554,#2555,#2556,
    #2557,#2558,#2559,#2560,#2561,#2562,#2563,#2564,#2565,#2566,#2567,
    #2568,#2569,#2570,#2571,#2572,#2573,#2574,#2575,#2576,#2577,#2578,
    #2579,#2580,#2581,#2582,#2583,#2584,#2585,#2586,#2587,#2588,#2589),
  .UNSPECIFIED.,.F.,.F.,(14,12,12,14),(6.4,12.493436161018,
    16.571756361307,21.801621853951),.UNSPECIFIED.);
#2552 = CARTESIAN_POINT('',(-71.36546437305,3.2,-48.59657297681));
#2553 = CARTESIAN_POINT('',(-71.36546437307,3.605708927787,
    -48.59657297682));
#2554 = CARTESIAN_POINT('',(-71.36701394705,4.011431512469,
    -48.5599600627));
#2555 = CARTESIAN_POINT('',(-71.3700151557,4.412933540262,
    -48.48937876065));
#2556 = CARTESIAN_POINT('',(-71.37497013386,4.823016420033,
    -48.3710826159));
#2557 = CARTESIAN_POINT('',(-71.38014306991,5.188292563908,
    -48.24823747235));
#2558 = CARTESIAN_POINT('',(-71.38959225097,5.634341325333,
    -48.01915877618));
#2559 = CARTESIAN_POINT('',(-71.3963990322,5.929375496246,
    -47.84645227586));
#2560 = CARTESIAN_POINT('',(-71.40869617392,6.362876817323,
    -47.54044927772));
#2561 = CARTESIAN_POINT('',(-71.41976338827,6.67297747556,
    -47.24447198923));
#2562 = CARTESIAN_POINT('',(-71.43321530822,7.008946794537,
    -46.87886050526));
#2563 = CARTESIAN_POINT('',(-71.44723798336,7.296834151986,
    -46.47383581372));
#2564 = CARTESIAN_POINT('',(-71.46205392821,7.547801854439,
    -46.01960915469));
#2565 = CARTESIAN_POINT('',(-71.48719886082,7.880845805147,
    -45.18974436825));
#2566 = CARTESIAN_POINT('',(-71.49739494317,7.991300015534,
    -44.83765432171));
#2567 = CARTESIAN_POINT('',(-71.50749699104,8.074856827248,
    -44.47053591095));
#2568 = CARTESIAN_POINT('',(-71.51730673887,8.128430432234,
    -44.09274261041));
#2569 = CARTESIAN_POINT('',(-71.52664818174,8.149896254298,
    -43.70878679283));
#2570 = CARTESIAN_POINT('',(-71.53537672604,8.138239158726,
    -43.32338887988));
#2571 = CARTESIAN_POINT('',(-71.54338532783,8.093621959188,
    -42.94143912251));
#2572 = CARTESIAN_POINT('',(-71.55060762458,8.017374221109,
    -42.56787199117));
#2573 = CARTESIAN_POINT('',(-71.557018056,7.9119013628,-42.2074532026));
#2574 = CARTESIAN_POINT('',(-71.56262897585,7.780514052759,
    -41.86447935308));
#2575 = CARTESIAN_POINT('',(-71.56748475503,7.627177904706,
    -41.5423901867));
#2576 = CARTESIAN_POINT('',(-71.57165287451,7.456183469108,
    -41.24329347587));
#2577 = CARTESIAN_POINT('',(-71.57977609398,7.035209550942,
    -40.6136116373));
#2578 = CARTESIAN_POINT('',(-71.58332787727,6.776217318748,
    -40.29791226099));
#2579 = CARTESIAN_POINT('',(-71.58613080991,6.498042856234,
    -40.01537759968));
#2580 = CARTESIAN_POINT('',(-71.58834613452,6.203629551145,
    -39.76392796684));
#2581 = CARTESIAN_POINT('',(-71.59008190014,5.895734352404,
    -39.54274637055));
#2582 = CARTESIAN_POINT('',(-71.59142212569,5.576956891433,
    -39.3513373758));
#2583 = CARTESIAN_POINT('',(-71.59244059199,5.249688258628,
    -39.18908888731));
#2584 = CARTESIAN_POINT('',(-71.59320374863,4.916023173685,
    -39.0551964867));
#2585 = CARTESIAN_POINT('',(-71.59376721786,4.577679287894,
    -38.94880996539));
#2586 = CARTESIAN_POINT('',(-71.59417037653,4.235967356956,
    -38.8692616845));
#2587 = CARTESIAN_POINT('',(-71.59443350401,3.891856022634,
    -38.81623640461));
#2588 = CARTESIAN_POINT('',(-71.59456197317,3.546174941613,
    -38.78974221698));
#2589 = CARTESIAN_POINT('',(-71.59456197317,3.2,-38.78974221698));
#2590 = B_SPLINE_SURFACE_WITH_KNOTS('',1,13,(
    (#2591,#2592,#2593,#2594,#2595,#2596,#2597,#2598,#2599,#2600,#2601
      ,#2602,#2603,#2604,#2605,#2606,#2607,#2608,#2609,#2610,#2611,#2612
      ,#2613,#2614,#2615,#2616,#2617,#2618,#2619,#2620,#2621,#2622,#2623
      ,#2624,#2625,#2626,#2627,#2628)
    ,(#2629,#2630,#2631,#2632,#2633,#2634,#2635,#2636,#2637,#2638,#2639
      ,#2640,#2641,#2642,#2643,#2644,#2645,#2646,#2647,#2648,#2649,#2650
      ,#2651,#2652,#2653,#2654,#2655,#2656,#2657,#2658,#2659,#2660,#2661
      ,#2662,#2663,#2664,#2665,#2666
    )),.UNSPECIFIED.,.F.,.F.,.F.,(2,2),(14,12,12,14),(0.,15.401621853951
    ),(6.4,12.493436161018,16.571756361307,21.801621853951),
  .UNSPECIFIED.);
#2591 = CARTESIAN_POINT('',(-71.36546437305,3.2,-48.59657297681));
#2592 = CARTESIAN_POINT('',(-71.36546437307,3.605708927787,
    -48.59657297682));
#2593 = CARTESIAN_POINT('',(-71.36701394705,4.011431512469,
    -48.5599600627));
#2594 = CARTESIAN_POINT('',(-71.3700151557,4.412933540262,
    -48.48937876065));
#2595 = CARTESIAN_POINT('',(-71.37497013386,4.823016420033,
    -48.3710826159));
#2596 = CARTESIAN_POINT('',(-71.38014306991,5.188292563908,
    -48.24823747235));
#2597 = CARTESIAN_POINT('',(-71.38959225097,5.634341325333,
    -48.01915877618));
#2598 = CARTESIAN_POINT('',(-71.3963990322,5.929375496246,
    -47.84645227586));
#2599 = CARTESIAN_POINT('',(-71.40869617392,6.362876817323,
    -47.54044927772));
#2600 = CARTESIAN_POINT('',(-71.41976338827,6.67297747556,
    -47.24447198923));
#2601 = CARTESIAN_POINT('',(-71.43321530822,7.008946794537,
    -46.87886050526));
#2602 = CARTESIAN_POINT('',(-71.44723798336,7.296834151986,
    -46.47383581372));
#2603 = CARTESIAN_POINT('',(-71.46205392821,7.547801854439,
    -46.01960915469));
#2604 = CARTESIAN_POINT('',(-71.48719886082,7.880845805147,
    -45.18974436825));
#2605 = CARTESIAN_POINT('',(-71.49739494317,7.991300015534,
    -44.83765432171));
#2606 = CARTESIAN_POINT('',(-71.50749699104,8.074856827248,
    -44.47053591095));
#2607 = CARTESIAN_POINT('',(-71.51730673887,8.128430432234,
    -44.09274261041));
#2608 = CARTESIAN_POINT('',(-71.52664818174,8.149896254298,
    -43.70878679283));
#2609 = CARTESIAN_POINT('',(-71.53537672604,8.138239158726,
    -43.32338887988));
#2610 = CARTESIAN_POINT('',(-71.54338532783,8.093621959188,
    -42.94143912251));
#2611 = CARTESIAN_POINT('',(-71.55060762458,8.017374221109,
    -42.56787199117));
#2612 = CARTESIAN_POINT('',(-71.557018056,7.9119013628,-42.2074532026));
#2613 = CARTESIAN_POINT('',(-71.56262897585,7.780514052759,
    -41.86447935308));
#2614 = CARTESIAN_POINT('',(-71.56748475503,7.627177904706,
    -41.5423901867));
#2615 = CARTESIAN_POINT('',(-71.57165287451,7.456183469108,
    -41.24329347587));
#2616 = CARTESIAN_POINT('',(-71.57977609398,7.035209550942,
    -40.6136116373));
#2617 = CARTESIAN_POINT('',(-71.58332787727,6.776217318748,
    -40.29791226099));
#2618 = CARTESIAN_POINT('',(-71.58613080991,6.498042856234,
    -40.01537759968));
#2619 = CARTESIAN_POINT('',(-71.58834613452,6.203629551145,
    -39.76392796684));
#2620 = CARTESIAN_POINT('',(-71.59008190014,5.895734352404,
    -39.54274637055));
#2621 = CARTESIAN_POINT('',(-71.59142212569,5.576956891433,
    -39.3513373758));
#2622 = CARTESIAN_POINT('',(-71.59244059199,5.249688258628,
    -39.18908888731));
#2623 = CARTESIAN_POINT('',(-71.59320374863,4.916023173685,
    -39.0551964867));
#2624 = CARTESIAN_POINT('',(-71.59376721786,4.577679287894,
    -38.94880996539));
#2625 = CARTESIAN_POINT('',(-71.59417037653,4.235967356956,
    -38.8692616845));
#2626 = CARTESIAN_POINT('',(-71.59443350401,3.891856022634,
    -38.81623640461));
#2627 = CARTESIAN_POINT('',(-71.59456197317,3.546174941613,
    -38.78974221698));
#2628 = CARTESIAN_POINT('',(-71.59456197317,3.2,-38.78974221698));
#2629 = CARTESIAN_POINT('',(-72.12846090832,3.2,-49.44966616968));
#2630 = CARTESIAN_POINT('',(-72.12846090835,3.673897190096,
    -49.4496661697));
#2631 = CARTESIAN_POINT('',(-72.13042490552,4.148057358976,
    -49.40654209835));
#2632 = CARTESIAN_POINT('',(-72.13414583613,4.615002469482,
    -49.32524772403));
#2633 = CARTESIAN_POINT('',(-72.14063669815,5.102195908411,
    -49.18094858149));
#2634 = CARTESIAN_POINT('',(-72.1466273414,5.507894874975,
    -49.04981909682));
#2635 = CARTESIAN_POINT('',(-72.15927947182,6.064357532809,
    -48.76121219341));
#2636 = CARTESIAN_POINT('',(-72.16712872442,6.366873539287,
    -48.57949169541));
#2637 = CARTESIAN_POINT('',(-72.18300531601,6.907250634882,
    -48.2052933062));
#2638 = CARTESIAN_POINT('',(-72.19668019988,7.248831955732,
    -47.86543476018));
#2639 = CARTESIAN_POINT('',(-72.21347382031,7.648227226519,
    -47.43428080352));
#2640 = CARTESIAN_POINT('',(-72.23089291215,7.980667461231,
    -46.95880617946));
#2641 = CARTESIAN_POINT('',(-72.24909754513,8.271620480428,
    -46.42691438755));
#2642 = CARTESIAN_POINT('',(-72.27975839855,8.655607275844,
    -45.45437845387));
#2643 = CARTESIAN_POINT('',(-72.29210781094,8.782330911277,
    -45.04229717845));
#2644 = CARTESIAN_POINT('',(-72.30424463949,8.877073531555,
    -44.6128487778));
#2645 = CARTESIAN_POINT('',(-72.31591486214,8.936363755766,
    -44.1712006706));
#2646 = CARTESIAN_POINT('',(-72.32689668106,8.958014201685,
    -43.72283866874));
#2647 = CARTESIAN_POINT('',(-72.33701342559,8.941111989997,
    -43.27346243571));
#2648 = CARTESIAN_POINT('',(-72.34614177664,8.885991234701,
    -42.82884520997));
#2649 = CARTESIAN_POINT('',(-72.35421530926,8.794187521846,
    -42.39465779143));
#2650 = CARTESIAN_POINT('',(-72.36122336056,8.668374374022,
    -41.97625679545));
#2651 = CARTESIAN_POINT('',(-72.36720521244,8.512281703292,
    -41.5784371675));
#2652 = CARTESIAN_POINT('',(-72.37223960082,8.330596250114,
    -41.2051489665));
#2653 = CARTESIAN_POINT('',(-72.37642954113,8.128844010197,
    -40.85917840949));
#2654 = CARTESIAN_POINT('',(-72.38431037669,7.636791959738,
    -40.13479177974));
#2655 = CARTESIAN_POINT('',(-72.38758325894,7.334263830472,
    -39.76977392958));
#2656 = CARTESIAN_POINT('',(-72.38996461691,7.009652271602,
    -39.44416587783));
#2657 = CARTESIAN_POINT('',(-72.39166304177,6.666859741518,
    -39.15584022264));
#2658 = CARTESIAN_POINT('',(-72.39284473731,6.309433132846,
    -38.90309931398));
#2659 = CARTESIAN_POINT('',(-72.39364279764,5.940430832659,
    -38.68460908232));
#2660 = CARTESIAN_POINT('',(-72.3941637771,5.562398825735,
    -38.49930748487));
#2661 = CARTESIAN_POINT('',(-72.39449208128,5.177421811614,
    -38.34631174407));
#2662 = CARTESIAN_POINT('',(-72.39469271127,4.78721530565,-38.2248485725
    ));
#2663 = CARTESIAN_POINT('',(-72.39481288619,4.393224694613,
    -38.13423155433));
#2664 = CARTESIAN_POINT('',(-72.39488307895,3.996697217261,
    -38.0739098786));
#2665 = CARTESIAN_POINT('',(-72.39491798954,3.598692840268,
    -38.04361259715));
#2666 = CARTESIAN_POINT('',(-72.39491798954,3.2,-38.04361259715));
#2667 = ADVANCED_FACE('',(#2668),#2679,.T.);
#2668 = FACE_BOUND('',#2669,.T.);
#2669 = EDGE_LOOP('',(#2670,#2671,#2677,#2678));
#2670 = ORIENTED_EDGE('',*,*,#2543,.F.);
#2671 = ORIENTED_EDGE('',*,*,#2672,.T.);
#2672 = EDGE_CURVE('',#2544,#2444,#2673,.T.);
#2673 = LINE('',#2674,#2675);
#2674 = CARTESIAN_POINT('',(-71.59456197317,3.2,-38.78974221698));
#2675 = VECTOR('',#2676,1.);
#2676 = DIRECTION('',(0.,-1.,2.2E-16));
#2677 = ORIENTED_EDGE('',*,*,#2443,.T.);
#2678 = ORIENTED_EDGE('',*,*,#863,.F.);
#2679 = PLANE('',#2680);
#2680 = AXIS2_PLACEMENT_3D('',#2681,#2682,#2683);
#2681 = CARTESIAN_POINT('',(-71.59456197317,3.2,-38.78974221698));
#2682 = DIRECTION('',(-0.681893528645,-1.6E-16,-0.731451444453));
#2683 = DIRECTION('',(-6.268768446712E-19,-1.,2.193275636822E-16));
#2684 = ADVANCED_FACE('',(#2685),#2732,.F.);
#2685 = FACE_BOUND('',#2686,.F.);
#2686 = EDGE_LOOP('',(#2687,#2695,#2724,#2730,#2731));
#2687 = ORIENTED_EDGE('',*,*,#2688,.F.);
#2688 = EDGE_CURVE('',#2689,#1948,#2691,.T.);
#2689 = VERTEX_POINT('',#2690);
#2690 = CARTESIAN_POINT('',(-67.78063241221,-1.,-18.));
#2691 = LINE('',#2692,#2693);
#2692 = CARTESIAN_POINT('',(0.,-1.,-18.));
#2693 = VECTOR('',#2694,1.);
#2694 = DIRECTION('',(-1.,0.,0.));
#2695 = ORIENTED_EDGE('',*,*,#2696,.T.);
#2696 = EDGE_CURVE('',#2689,#2697,#2699,.T.);
#2697 = VERTEX_POINT('',#2698);
#2698 = CARTESIAN_POINT('',(-59.32225383821,-1.,-10.));
#2699 = ( BOUNDED_CURVE() B_SPLINE_CURVE(12,(#2700,#2701,#2702,#2703,
    #2704,#2705,#2706,#2707,#2708,#2709,#2710,#2711,#2712,#2713,#2714,
    #2715,#2716,#2717,#2718,#2719,#2720,#2721,#2722,#2723),
.UNSPECIFIED.,.F.,.F.) B_SPLINE_CURVE_WITH_KNOTS((13,11,13),(
    17.644626859394,24.466940289091,31.289253718788),.UNSPECIFIED.) 
CURVE() GEOMETRIC_REPRESENTATION_ITEM() RATIONAL_B_SPLINE_CURVE((
    1.057705495742,1.057705495742,1.056045342497,1.05274205468,
    1.048268086819,1.043769382738,1.040658778469,1.03691917075,
    1.034203913272,1.03141588233,1.028994976653,1.026767358159,
    1.022735087489,1.020927575696,1.019313948708,1.017893897224,
    1.016665653658,1.015632158098,1.01480003163,1.014168983656,
    1.013723116505,1.013436388566,1.013292258798,1.013292258798)) 
REPRESENTATION_ITEM('') );
#2700 = CARTESIAN_POINT('',(-67.78063241221,-1.,-18.));
#2701 = CARTESIAN_POINT('',(-67.78063241221,-1.943876668943,-18.));
#2702 = CARTESIAN_POINT('',(-67.54490193422,-2.890922393447,
    -17.75598630192));
#2703 = CARTESIAN_POINT('',(-67.07404690527,-3.713263328007,
    -17.27235638994));
#2704 = CARTESIAN_POINT('',(-66.42626537084,-4.283258957304,
    -16.60754650428));
#2705 = CARTESIAN_POINT('',(-65.79326596801,-4.54305405446,
    -16.07535957462));
#2706 = CARTESIAN_POINT('',(-65.23620191204,-4.863317872091,
    -15.53845504365));
#2707 = CARTESIAN_POINT('',(-64.63633626836,-4.953178002782,
    -15.0037209091));
#2708 = CARTESIAN_POINT('',(-64.11251726202,-5.059224662264,
    -14.51979188226));
#2709 = CARTESIAN_POINT('',(-63.58412923982,-5.062597967591,
    -14.03296570273));
#2710 = CARTESIAN_POINT('',(-63.08897252882,-5.023451089203,
    -13.5737928768));
#2711 = CARTESIAN_POINT('',(-62.61617018741,-4.929645690445,
    -13.13311610269));
#2712 = CARTESIAN_POINT('',(-61.7241030809,-4.646691280133,
    -12.2980084395));
#2713 = CARTESIAN_POINT('',(-61.30519896622,-4.456965403907,
    -11.90386578698));
#2714 = CARTESIAN_POINT('',(-60.91655558925,-4.223342684833,
    -11.53660321184));
#2715 = CARTESIAN_POINT('',(-60.56264123802,-3.949494534867,
    -11.20063163384));
#2716 = CARTESIAN_POINT('',(-60.24715616666,-3.639821108467,
    -10.8998484616));
#2717 = CARTESIAN_POINT('',(-59.97443915382,-3.299436845763,
    -10.63852841377));
#2718 = CARTESIAN_POINT('',(-59.74913789556,-2.934894530987,
    -10.4209765944));
#2719 = CARTESIAN_POINT('',(-59.57377035839,-2.554655293942,
    -10.24971407197));
#2720 = CARTESIAN_POINT('',(-59.44679054851,-2.167599846452,
    -10.12411514403));
#2721 = CARTESIAN_POINT('',(-59.36387006025,-1.779335373905,
    -10.04143469831));
#2722 = CARTESIAN_POINT('',(-59.32225383821,-1.389636742571,-10.));
#2723 = CARTESIAN_POINT('',(-59.32225383821,-1.,-10.));
#2724 = ORIENTED_EDGE('',*,*,#2725,.T.);
#2725 = EDGE_CURVE('',#2697,#910,#2726,.T.);
#2726 = LINE('',#2727,#2728);
#2727 = CARTESIAN_POINT('',(0.,-1.,-10.));
#2728 = VECTOR('',#2729,1.);
#2729 = DIRECTION('',(-1.,0.,0.));
#2730 = ORIENTED_EDGE('',*,*,#918,.T.);
#2731 = ORIENTED_EDGE('',*,*,#1973,.T.);
#2732 = CYLINDRICAL_SURFACE('',#2733,4.);
#2733 = AXIS2_PLACEMENT_3D('',#2734,#2735,#2736);
#2734 = CARTESIAN_POINT('',(0.,-1.,-14.));
#2735 = DIRECTION('',(1.,0.,0.));
#2736 = DIRECTION('',(0.,1.,0.));
#2737 = ADVANCED_FACE('',(#2738),#2756,.T.);
#2738 = FACE_BOUND('',#2739,.T.);
#2739 = EDGE_LOOP('',(#2740,#2748,#2754,#2755));
#2740 = ORIENTED_EDGE('',*,*,#2741,.F.);
#2741 = EDGE_CURVE('',#2742,#991,#2744,.T.);
#2742 = VERTEX_POINT('',#2743);
#2743 = CARTESIAN_POINT('',(-59.32225383821,1.,-10.));
#2744 = LINE('',#2745,#2746);
#2745 = CARTESIAN_POINT('',(0.,1.,-10.));
#2746 = VECTOR('',#2747,1.);
#2747 = DIRECTION('',(-1.,0.,0.));
#2748 = ORIENTED_EDGE('',*,*,#2749,.F.);
#2749 = EDGE_CURVE('',#2697,#2742,#2750,.T.);
#2750 = LINE('',#2751,#2752);
#2751 = CARTESIAN_POINT('',(-59.32225383821,-1.,-10.));
#2752 = VECTOR('',#2753,1.);
#2753 = DIRECTION('',(1.3E-16,1.,0.));
#2754 = ORIENTED_EDGE('',*,*,#2725,.T.);
#2755 = ORIENTED_EDGE('',*,*,#998,.F.);
#2756 = PLANE('',#2757);
#2757 = AXIS2_PLACEMENT_3D('',#2758,#2759,#2760);
#2758 = CARTESIAN_POINT('',(0.,-1.,-10.));
#2759 = DIRECTION('',(0.,0.,-1.));
#2760 = DIRECTION('',(0.,1.,0.));
#2761 = ADVANCED_FACE('',(#2762),#2802,.F.);
#2762 = FACE_BOUND('',#2763,.F.);
#2763 = EDGE_LOOP('',(#2764,#2765,#2794,#2800,#2801));
#2764 = ORIENTED_EDGE('',*,*,#2741,.F.);
#2765 = ORIENTED_EDGE('',*,*,#2766,.T.);
#2766 = EDGE_CURVE('',#2742,#2767,#2769,.T.);
#2767 = VERTEX_POINT('',#2768);
#2768 = CARTESIAN_POINT('',(-67.78063241221,1.,-18.));
#2769 = ( BOUNDED_CURVE() B_SPLINE_CURVE(12,(#2770,#2771,#2772,#2773,
    #2774,#2775,#2776,#2777,#2778,#2779,#2780,#2781,#2782,#2783,#2784,
    #2785,#2786,#2787,#2788,#2789,#2790,#2791,#2792,#2793),
.UNSPECIFIED.,.F.,.F.) B_SPLINE_CURVE_WITH_KNOTS((13,11,13),(2.,
8.822313429697,15.644626859394),.UNSPECIFIED.) CURVE() 
GEOMETRIC_REPRESENTATION_ITEM() RATIONAL_B_SPLINE_CURVE((1.013292258798,
    1.013292258798,1.013436388566,1.013723116506,1.014168983654,
    1.014800031632,1.015632158097,1.016665653658,1.017893897224,
    1.019313948708,1.020927575696,1.022735087489,1.026767358159,
    1.028994976653,1.031415882328,1.034203913276,1.036919170744,
    1.040658778477,1.043769382731,1.048268086824,1.052742054678,
1.056045342497,1.057705495741,1.057705495742)) REPRESENTATION_ITEM('') 
  );
#2770 = CARTESIAN_POINT('',(-59.32225383821,1.,-10.));
#2771 = CARTESIAN_POINT('',(-59.32225383821,1.389636742571,-10.));
#2772 = CARTESIAN_POINT('',(-59.36387006025,1.779335373904,
    -10.04143469831));
#2773 = CARTESIAN_POINT('',(-59.44679054851,2.167599846453,
    -10.12411514403));
#2774 = CARTESIAN_POINT('',(-59.57377035839,2.554655293941,
    -10.24971407197));
#2775 = CARTESIAN_POINT('',(-59.74913789557,2.934894530988,
    -10.4209765944));
#2776 = CARTESIAN_POINT('',(-59.97443915381,3.299436845763,
    -10.63852841377));
#2777 = CARTESIAN_POINT('',(-60.24715616666,3.639821108466,
    -10.8998484616));
#2778 = CARTESIAN_POINT('',(-60.56264123802,3.949494534867,
    -11.20063163384));
#2779 = CARTESIAN_POINT('',(-60.91655558925,4.223342684833,
    -11.53660321184));
#2780 = CARTESIAN_POINT('',(-61.30519896622,4.456965403907,
    -11.90386578698));
#2781 = CARTESIAN_POINT('',(-61.7241030809,4.646691280133,-12.2980084395
    ));
#2782 = CARTESIAN_POINT('',(-62.61617018741,4.929645690445,
    -13.13311610269));
#2783 = CARTESIAN_POINT('',(-63.08897252883,5.023451089203,
    -13.5737928768));
#2784 = CARTESIAN_POINT('',(-63.58412923981,5.062597967592,
    -14.03296570272));
#2785 = CARTESIAN_POINT('',(-64.11251726203,5.059224662263,
    -14.51979188226));
#2786 = CARTESIAN_POINT('',(-64.63633626834,4.953178002783,
    -15.00372090909));
#2787 = CARTESIAN_POINT('',(-65.23620191206,4.863317872091,
    -15.53845504366));
#2788 = CARTESIAN_POINT('',(-65.793265968,4.543054054458,-16.07535957462
    ));
#2789 = CARTESIAN_POINT('',(-66.42626537084,4.283258957306,
    -16.60754650428));
#2790 = CARTESIAN_POINT('',(-67.07404690527,3.713263328004,
    -17.27235638994));
#2791 = CARTESIAN_POINT('',(-67.54490193422,2.890922393449,
    -17.75598630192));
#2792 = CARTESIAN_POINT('',(-67.78063241221,1.943876668942,-18.));
#2793 = CARTESIAN_POINT('',(-67.78063241221,1.,-18.));
#2794 = ORIENTED_EDGE('',*,*,#2795,.T.);
#2795 = EDGE_CURVE('',#2767,#1802,#2796,.T.);
#2796 = LINE('',#2797,#2798);
#2797 = CARTESIAN_POINT('',(0.,1.,-18.));
#2798 = VECTOR('',#2799,1.);
#2799 = DIRECTION('',(-1.,0.,0.));
#2800 = ORIENTED_EDGE('',*,*,#1810,.T.);
#2801 = ORIENTED_EDGE('',*,*,#1075,.T.);
#2802 = CYLINDRICAL_SURFACE('',#2803,4.);
#2803 = AXIS2_PLACEMENT_3D('',#2804,#2805,#2806);
#2804 = CARTESIAN_POINT('',(0.,1.,-14.));
#2805 = DIRECTION('',(1.,0.,0.));
#2806 = DIRECTION('',(0.,1.,0.));
#2807 = ADVANCED_FACE('',(#2808),#2882,.T.);
#2808 = FACE_BOUND('',#2809,.T.);
#2809 = EDGE_LOOP('',(#2810,#2818,#2819,#2820,#2828,#2837,#2856));
#2810 = ORIENTED_EDGE('',*,*,#2811,.T.);
#2811 = EDGE_CURVE('',#2812,#1165,#2814,.T.);
#2812 = VERTEX_POINT('',#2813);
#2813 = CARTESIAN_POINT('',(65.199005442921,-111.9385788961,
    -0.577107595291));
#2814 = LINE('',#2815,#2816);
#2815 = CARTESIAN_POINT('',(74.20718507929,-111.9385788961,
    3.083152734563E-02));
#2816 = VECTOR('',#2817,1.);
#2817 = DIRECTION('',(-0.99773047126,0.,-6.733429081241E-02));
#2818 = ORIENTED_EDGE('',*,*,#1164,.F.);
#2819 = ORIENTED_EDGE('',*,*,#2347,.F.);
#2820 = ORIENTED_EDGE('',*,*,#2821,.F.);
#2821 = EDGE_CURVE('',#2822,#2307,#2824,.T.);
#2822 = VERTEX_POINT('',#2823);
#2823 = CARTESIAN_POINT('',(72.248575809548,-109.2803125214,
    -45.20371113341));
#2824 = LINE('',#2825,#2826);
#2825 = CARTESIAN_POINT('',(77.237228165848,-109.2803125214,
    -44.86703967935));
#2826 = VECTOR('',#2827,1.);
#2827 = DIRECTION('',(-0.99773047126,0.,-6.733429081241E-02));
#2828 = ORIENTED_EDGE('',*,*,#2829,.F.);
#2829 = EDGE_CURVE('',#2830,#2822,#2832,.T.);
#2830 = VERTEX_POINT('',#2831);
#2831 = CARTESIAN_POINT('',(71.125292153443,-111.3745701621,
    -28.55937853493));
#2832 = CIRCLE('',#2833,215.11400279467);
#2833 = AXIS2_PLACEMENT_3D('',#2834,#2835,#2836);
#2834 = CARTESIAN_POINT('',(69.884105080402,102.94820276372,
    -10.1680039713));
#2835 = DIRECTION('',(0.99773047126,-9.540979117872E-18,
    6.733429081241E-02));
#2836 = DIRECTION('',(5.635790971159E-03,-0.996491109686,
    -8.350871916425E-02));
#2837 = ORIENTED_EDGE('',*,*,#2838,.F.);
#2838 = EDGE_CURVE('',#2839,#2830,#2841,.T.);
#2839 = VERTEX_POINT('',#2840);
#2840 = CARTESIAN_POINT('',(69.619193740353,-111.9940114511,
    -18.80070843643));
#2841 = ( BOUNDED_CURVE() B_SPLINE_CURVE(7,(#2842,#2843,#2844,#2845,
    #2846,#2847,#2848,#2849,#2850,#2851,#2852,#2853,#2854,#2855),
.UNSPECIFIED.,.F.,.F.) B_SPLINE_CURVE_WITH_KNOTS((8,6,8),(
20.807569361891,31.06309063556,31.48936162579),.UNSPECIFIED.) CURVE() 
GEOMETRIC_REPRESENTATION_ITEM() RATIONAL_B_SPLINE_CURVE((1.,1.,1.,1.,1.,
1.,1.,1.,1.,1.,1.,1.,1.,1.)) REPRESENTATION_ITEM('') );
#2842 = CARTESIAN_POINT('',(69.619193740353,-111.9940114511,
    -18.80070843643));
#2843 = CARTESIAN_POINT('',(69.950481462726,-111.9387361984,
    -20.16376430922));
#2844 = CARTESIAN_POINT('',(70.218458796869,-111.877356116,
    -21.42572013658));
#2845 = CARTESIAN_POINT('',(70.472495275174,-111.8046700483,
    -22.76935626865));
#2846 = CARTESIAN_POINT('',(70.680511169444,-111.7213168802,
    -24.09551451883));
#2847 = CARTESIAN_POINT('',(70.85623653748,-111.6279155215,
    -25.44062681009));
#2848 = CARTESIAN_POINT('',(70.993883201062,-111.5246840845,
    -26.78227877876));
#2849 = CARTESIAN_POINT('',(71.099337749746,-111.406076507,
    -28.19031138438));
#2850 = CARTESIAN_POINT('',(71.104034632809,-111.4006357567,
    -28.25469450045));
#2851 = CARTESIAN_POINT('',(71.108410961179,-111.3954781618,
    -28.31543843833));
#2852 = CARTESIAN_POINT('',(71.112683700205,-111.3903444504,
    -28.37566646565));
#2853 = CARTESIAN_POINT('',(71.116997343647,-111.3850577502,
    -28.43749217695));
#2854 = CARTESIAN_POINT('',(71.121171145183,-111.3798339676,
    -28.49831521246));
#2855 = CARTESIAN_POINT('',(71.125292153443,-111.3745701621,
    -28.55937853493));
#2856 = ORIENTED_EDGE('',*,*,#2857,.F.);
#2857 = EDGE_CURVE('',#2812,#2839,#2858,.T.);
#2858 = ( BOUNDED_CURVE() B_SPLINE_CURVE(8,(#2859,#2860,#2861,#2862,
    #2863,#2864,#2865,#2866,#2867,#2868,#2869,#2870,#2871,#2872,#2873,
    #2874,#2875,#2876,#2877,#2878,#2879,#2880,#2881),.UNSPECIFIED.,.F.,
.F.) B_SPLINE_CURVE_WITH_KNOTS((9,7,7,9),(1.949278618666,2.825820624025,
20.627998555907,20.807569361891),.UNSPECIFIED.) CURVE() 
GEOMETRIC_REPRESENTATION_ITEM() RATIONAL_B_SPLINE_CURVE((1.,1.,1.,1.,1.,
    1.,1.,1.,1.,1.,1.,1.,1.,1.,1.,1.,1.,1.,1.,1.,1.,1.,1.)) 
REPRESENTATION_ITEM('') );
#2859 = CARTESIAN_POINT('',(65.199005442921,-111.9385788961,
    -0.577107595291));
#2860 = CARTESIAN_POINT('',(65.224720932858,-111.9435246655,
    -0.68313553625));
#2861 = CARTESIAN_POINT('',(65.250437069795,-111.9484089458,
    -0.789166096873));
#2862 = CARTESIAN_POINT('',(65.276153980437,-111.9532317544,
    -0.895199809909));
#2863 = CARTESIAN_POINT('',(65.301871305398,-111.9579930408,
    -1.001235164655));
#2864 = CARTESIAN_POINT('',(65.327589650206,-111.9626928976,
    -1.107274723811));
#2865 = CARTESIAN_POINT('',(65.353308303628,-111.9673311953,
    -1.213315499454));
#2866 = CARTESIAN_POINT('',(65.37902582243,-111.9719077091,
    -1.319351391004));
#2867 = CARTESIAN_POINT('',(65.927198335607,-112.0681436532,
    -3.579530082959));
#2868 = CARTESIAN_POINT('',(66.449987353856,-112.1344946958,
    -5.734713050612));
#2869 = CARTESIAN_POINT('',(66.972303245778,-112.1754062453,
    -7.890050073583));
#2870 = CARTESIAN_POINT('',(67.496474764405,-112.1911192551,
    -10.04692584234));
#2871 = CARTESIAN_POINT('',(68.017449865463,-112.1808876714,
    -12.2014606024));
#2872 = CARTESIAN_POINT('',(68.542214691798,-112.1467253387,
    -14.35871513582));
#2873 = CARTESIAN_POINT('',(69.070935770359,-112.0837973933,
    -16.54351983235));
#2874 = CARTESIAN_POINT('',(69.583538984836,-111.9999116065,
    -18.65396731228));
#2875 = CARTESIAN_POINT('',(69.588651273882,-111.9990726382,
    -18.67501336916));
#2876 = CARTESIAN_POINT('',(69.593757024493,-111.9982323928,
    -18.69603062995));
#2877 = CARTESIAN_POINT('',(69.598856409222,-111.9973908543,
    -18.71701976448));
#2878 = CARTESIAN_POINT('',(69.603949600621,-111.9965480068,
    -18.73798144258));
#2879 = CARTESIAN_POINT('',(69.609036771241,-111.9957038344,
    -18.75891633406));
#2880 = CARTESIAN_POINT('',(69.614118093634,-111.9948583211,
    -18.77982510874));
#2881 = CARTESIAN_POINT('',(69.619193740353,-111.9940114511,
    -18.80070843643));
#2882 = CYLINDRICAL_SURFACE('',#2883,215.11400279467);
#2883 = AXIS2_PLACEMENT_3D('',#2884,#2885,#2886);
#2884 = CARTESIAN_POINT('',(74.872757436702,102.94820276372,
    -9.831332517246));
#2885 = DIRECTION('',(0.99773047126,0.,6.733429081241E-02));
#2886 = DIRECTION('',(-6.733429081241E-02,0.,0.99773047126));
#2887 = ADVANCED_FACE('',(#2888),#2915,.T.);
#2888 = FACE_BOUND('',#2889,.T.);
#2889 = EDGE_LOOP('',(#2890,#2891,#2900,#2908));
#2890 = ORIENTED_EDGE('',*,*,#1220,.F.);
#2891 = ORIENTED_EDGE('',*,*,#2892,.F.);
#2892 = EDGE_CURVE('',#2893,#1221,#2895,.T.);
#2893 = VERTEX_POINT('',#2894);
#2894 = CARTESIAN_POINT('',(-111.5,79.,-6.));
#2895 = CIRCLE('',#2896,3.);
#2896 = AXIS2_PLACEMENT_3D('',#2897,#2898,#2899);
#2897 = CARTESIAN_POINT('',(-108.5,79.,-6.));
#2898 = DIRECTION('',(0.,0.,1.));
#2899 = DIRECTION('',(-1.,-0.,0.));
#2900 = ORIENTED_EDGE('',*,*,#2901,.T.);
#2901 = EDGE_CURVE('',#2893,#2902,#2904,.T.);
#2902 = VERTEX_POINT('',#2903);
#2903 = CARTESIAN_POINT('',(-111.5,79.,-20.));
#2904 = LINE('',#2905,#2906);
#2905 = CARTESIAN_POINT('',(-111.5,79.,-5.));
#2906 = VECTOR('',#2907,1.);
#2907 = DIRECTION('',(0.,0.,-1.));
#2908 = ORIENTED_EDGE('',*,*,#2909,.F.);
#2909 = EDGE_CURVE('',#1223,#2902,#2910,.T.);
#2910 = CIRCLE('',#2911,3.);
#2911 = AXIS2_PLACEMENT_3D('',#2912,#2913,#2914);
#2912 = CARTESIAN_POINT('',(-108.5,79.,-20.));
#2913 = DIRECTION('',(0.,0.,-1.));
#2914 = DIRECTION('',(0.,1.,0.));
#2915 = CYLINDRICAL_SURFACE('',#2916,3.);
#2916 = AXIS2_PLACEMENT_3D('',#2917,#2918,#2919);
#2917 = CARTESIAN_POINT('',(-108.5,79.,-5.));
#2918 = DIRECTION('',(0.,0.,-1.));
#2919 = DIRECTION('',(0.,-1.,0.));
#2920 = ADVANCED_FACE('',(#2921),#2947,.F.);
#2921 = FACE_BOUND('',#2922,.F.);
#2922 = EDGE_LOOP('',(#2923,#2924,#2933,#2939,#2940,#2941));
#2923 = ORIENTED_EDGE('',*,*,#1574,.T.);
#2924 = ORIENTED_EDGE('',*,*,#2925,.T.);
#2925 = EDGE_CURVE('',#1536,#2926,#2928,.T.);
#2926 = VERTEX_POINT('',#2927);
#2927 = CARTESIAN_POINT('',(-111.5,86.,-20.));
#2928 = CIRCLE('',#2929,3.);
#2929 = AXIS2_PLACEMENT_3D('',#2930,#2931,#2932);
#2930 = CARTESIAN_POINT('',(-108.5,86.,-20.));
#2931 = DIRECTION('',(0.,-0.,1.));
#2932 = DIRECTION('',(0.,1.,0.));
#2933 = ORIENTED_EDGE('',*,*,#2934,.T.);
#2934 = EDGE_CURVE('',#2926,#2902,#2935,.T.);
#2935 = LINE('',#2936,#2937);
#2936 = CARTESIAN_POINT('',(-111.5,89.,-20.));
#2937 = VECTOR('',#2938,1.);
#2938 = DIRECTION('',(0.,-1.,-2.2E-16));
#2939 = ORIENTED_EDGE('',*,*,#2909,.F.);
#2940 = ORIENTED_EDGE('',*,*,#1230,.T.);
#2941 = ORIENTED_EDGE('',*,*,#2942,.T.);
#2942 = EDGE_CURVE('',#1231,#1566,#2943,.T.);
#2943 = LINE('',#2944,#2945);
#2944 = CARTESIAN_POINT('',(-107.7072758855,76.,-20.));
#2945 = VECTOR('',#2946,1.);
#2946 = DIRECTION('',(0.,1.,-2.2E-16));
#2947 = PLANE('',#2948);
#2948 = AXIS2_PLACEMENT_3D('',#2949,#2950,#2951);
#2949 = CARTESIAN_POINT('',(-90.5,3.01980662698E-14,-20.));
#2950 = DIRECTION('',(0.,-2.2E-16,1.));
#2951 = DIRECTION('',(1.,0.,0.));
#2952 = ADVANCED_FACE('',(#2953,#2964),#3021,.F.);
#2953 = FACE_BOUND('',#2954,.F.);
#2954 = EDGE_LOOP('',(#2955,#2956,#2962,#2963));
#2955 = ORIENTED_EDGE('',*,*,#1238,.T.);
#2956 = ORIENTED_EDGE('',*,*,#2957,.T.);
#2957 = EDGE_CURVE('',#1239,#1558,#2958,.T.);
#2958 = LINE('',#2959,#2960);
#2959 = CARTESIAN_POINT('',(-89.13549651401,76.,-27.80414852291));
#2960 = VECTOR('',#2961,1.);
#2961 = DIRECTION('',(0.,1.,-2.2E-16));
#2962 = ORIENTED_EDGE('',*,*,#1565,.F.);
#2963 = ORIENTED_EDGE('',*,*,#2942,.F.);
#2964 = FACE_BOUND('',#2965,.F.);
#2965 = EDGE_LOOP('',(#2966));
#2966 = ORIENTED_EDGE('',*,*,#2967,.F.);
#2967 = EDGE_CURVE('',#2968,#2968,#2970,.T.);
#2968 = VERTEX_POINT('',#2969);
#2969 = CARTESIAN_POINT('',(-98.2,82.5,-21.80058460961));
#2970 = B_SPLINE_CURVE_WITH_KNOTS('',7,(#2971,#2972,#2973,#2974,#2975,
    #2976,#2977,#2978,#2979,#2980,#2981,#2982,#2983,#2984,#2985,#2986,
    #2987,#2988,#2989,#2990,#2991,#2992,#2993,#2994,#2995,#2996,#2997,
    #2998,#2999,#3000,#3001,#3002,#3003,#3004,#3005,#3006,#3007,#3008,
    #3009,#3010,#3011,#3012,#3013,#3014,#3015,#3016,#3017,#3018,#3019,
    #3020),.UNSPECIFIED.,.T.,.F.,(8,6,6,6,6,6,6,6,8),(0.,0.169851355045,
    0.314531156272,0.439566921439,0.564641679132,0.703519641669,
    0.819864592142,0.909942867548,1.),.UNSPECIFIED.);
#2971 = CARTESIAN_POINT('',(-98.2,82.5,-21.80058460961));
#2972 = CARTESIAN_POINT('',(-98.2,82.759509792785,-21.80058460961));
#2973 = CARTESIAN_POINT('',(-98.23415997847,83.018998244632,
    -21.78716416113));
#2974 = CARTESIAN_POINT('',(-98.30247483008,83.274889824612,
    -21.76032486692));
#2975 = CARTESIAN_POINT('',(-98.40528936394,83.523417991743,
    -21.72028337252));
#2976 = CARTESIAN_POINT('',(-98.54312632485,83.760302507216,
    -21.66753189382));
#2977 = CARTESIAN_POINT('',(-98.7165121957,83.980336113952,
    -21.60296149026));
#2978 = CARTESIAN_POINT('',(-99.10359346414,84.343829619845,
    -21.46405833045));
#2979 = CARTESIAN_POINT('',(-99.3104332881,84.496552640694,
    -21.39154047314));
#2980 = CARTESIAN_POINT('',(-99.54420970402,84.626277800467,
    -21.31203601803));
#2981 = CARTESIAN_POINT('',(-99.80083043361,84.725826690735,
    -21.22809892579));
#2982 = CARTESIAN_POINT('',(-100.0745246412,84.789543589283,
    -21.14266989145));
#2983 = CARTESIAN_POINT('',(-100.3582964866,84.813462727455,
    -21.05845053268));
#2984 = CARTESIAN_POINT('',(-100.8916914592,84.779904360242,
    -20.90789318393));
#2985 = CARTESIAN_POINT('',(-101.1369777905,84.733272535881,
    -20.84173562408));
#2986 = CARTESIAN_POINT('',(-101.3755930362,84.655877000199,
    -20.78041582404));
#2987 = CARTESIAN_POINT('',(-101.6029628162,84.548899733766,
    -20.72475158238));
#2988 = CARTESIAN_POINT('',(-101.8147578005,84.41434893614,
    -20.67520346497));
#2989 = CARTESIAN_POINT('',(-102.007069682,84.255019445791,
    -20.63195392314));
#2990 = CARTESIAN_POINT('',(-102.3462388809,83.893840933323,
    -20.55811694193));
#2991 = CARTESIAN_POINT('',(-102.4931125463,83.691945865816,
    -20.52752580404));
#2992 = CARTESIAN_POINT('',(-102.6140771237,83.472188653657,
    -20.50328492395));
#2993 = CARTESIAN_POINT('',(-102.7065956104,83.238554654669,
    -20.48525318781));
#2994 = CARTESIAN_POINT('',(-102.768879342,82.995481117974,
    -20.47328421468));
#2995 = CARTESIAN_POINT('',(-102.8,82.747694064216,-20.46730246559));
#2996 = CARTESIAN_POINT('',(-102.8,82.224970508795,-20.46730246559));
#2997 = CARTESIAN_POINT('',(-102.7616310056,81.949751609449,
    -20.47467699692));
#2998 = CARTESIAN_POINT('',(-102.6848001678,81.677966427185,
    -20.48944267933));
#2999 = CARTESIAN_POINT('',(-102.5684021444,81.413599516464,
    -20.51219271399));
#3000 = CARTESIAN_POINT('',(-102.4108366128,81.161924150916,
    -20.54398438319));
#3001 = CARTESIAN_POINT('',(-102.2103505837,80.929901733177,
    -20.58648900018));
#3002 = CARTESIAN_POINT('',(-101.7614335641,80.558525276788,
    -20.68812563431));
#3003 = CARTESIAN_POINT('',(-101.5217519374,80.406679756652,
    -20.74441658475));
#3004 = CARTESIAN_POINT('',(-101.2516838932,80.286134566007,
    -20.81087307088));
#3005 = CARTESIAN_POINT('',(-100.9599479342,80.206474019874,
    -20.88686911897));
#3006 = CARTESIAN_POINT('',(-100.6577703989,80.17285055988,
    -20.9706109587));
#3007 = CARTESIAN_POINT('',(-100.3571203783,80.185781804688,
    -21.05874794258));
#3008 = CARTESIAN_POINT('',(-99.84596802647,80.283289330688,
    -21.21584595162));
#3009 = CARTESIAN_POINT('',(-99.62777696974,80.351538839237,
    -21.285460876));
#3010 = CARTESIAN_POINT('',(-99.4180571621,80.4448153798,-21.35485876237
    ));
#3011 = CARTESIAN_POINT('',(-99.2202435206,80.561807005206,
    -21.42256406944));
#3012 = CARTESIAN_POINT('',(-99.03749139438,80.700637925503,-21.48698453
    ));
#3013 = CARTESIAN_POINT('',(-98.87257901725,80.858940676781,
    -21.54653553133));
#3014 = CARTESIAN_POINT('',(-98.58309404357,81.208867898522,
    -21.65306820518));
#3015 = CARTESIAN_POINT('',(-98.45845333823,81.400555284095,
    -21.70007373591));
#3016 = CARTESIAN_POINT('',(-98.35631391185,81.606130089451,
    -21.739379495));
#3017 = CARTESIAN_POINT('',(-98.27847955776,81.822361641971,
    -21.7697515195));
#3018 = CARTESIAN_POINT('',(-98.22616566412,82.045799046264,
    -21.79030512634));
#3019 = CARTESIAN_POINT('',(-98.2,82.272880733343,-21.80058460961));
#3020 = CARTESIAN_POINT('',(-98.2,82.5,-21.80058460961));
#3021 = CYLINDRICAL_SURFACE('',#3022,26.);
#3022 = AXIS2_PLACEMENT_3D('',#3023,#3024,#3025);
#3023 = CARTESIAN_POINT('',(-107.7072758855,76.,-46.));
#3024 = DIRECTION('',(0.,1.,-2.2E-16));
#3025 = DIRECTION('',(0.,2.2E-16,1.));
#3026 = ADVANCED_FACE('',(#3027),#3033,.F.);
#3027 = FACE_BOUND('',#3028,.F.);
#3028 = EDGE_LOOP('',(#3029,#3030,#3031,#3032));
#3029 = ORIENTED_EDGE('',*,*,#1247,.F.);
#3030 = ORIENTED_EDGE('',*,*,#2137,.T.);
#3031 = ORIENTED_EDGE('',*,*,#1557,.T.);
#3032 = ORIENTED_EDGE('',*,*,#2957,.F.);
#3033 = PLANE('',#3034);
#3034 = AXIS2_PLACEMENT_3D('',#3035,#3036,#3037);
#3035 = CARTESIAN_POINT('',(-96.78167432969,76.,-20.));
#3036 = DIRECTION('',(0.714299206596,1.6E-16,0.699840441426));
#3037 = DIRECTION('',(-4.310869203358E-18,1.,-2.242236090679E-16));
#3038 = ADVANCED_FACE('',(#3039),#3063,.T.);
#3039 = FACE_BOUND('',#3040,.T.);
#3040 = EDGE_LOOP('',(#3041,#3042,#3043,#3051));
#3041 = ORIENTED_EDGE('',*,*,#1349,.T.);
#3042 = ORIENTED_EDGE('',*,*,#1290,.T.);
#3043 = ORIENTED_EDGE('',*,*,#3044,.F.);
#3044 = EDGE_CURVE('',#3045,#1283,#3047,.T.);
#3045 = VERTEX_POINT('',#3046);
#3046 = CARTESIAN_POINT('',(-64.76830110268,-109.3947965049,2.5));
#3047 = LINE('',#3048,#3049);
#3048 = CARTESIAN_POINT('',(-64.77154040382,-110.440637709,
    1.501051490792));
#3049 = VECTOR('',#3050,1.);
#3050 = DIRECTION('',(-2.239764772368E-03,-0.723130758436,
    -0.690707528305));
#3051 = ORIENTED_EDGE('',*,*,#3052,.F.);
#3052 = EDGE_CURVE('',#1342,#3045,#3053,.T.);
#3053 = B_SPLINE_CURVE_WITH_KNOTS('',8,(#3054,#3055,#3056,#3057,#3058,
    #3059,#3060,#3061,#3062),.UNSPECIFIED.,.F.,.F.,(9,9),(
    1.424248223336E+03,1.431771440258E+03),.PIECEWISE_BEZIER_KNOTS.);
#3054 = CARTESIAN_POINT('',(-67.54860013239,-106.5045221411,2.5));
#3055 = CARTESIAN_POINT('',(-67.54842051723,-107.0494778976,2.5));
#3056 = CARTESIAN_POINT('',(-67.42540037031,-107.6116789451,2.5));
#3057 = CARTESIAN_POINT('',(-67.17398410907,-108.1561577562,2.5));
#3058 = CARTESIAN_POINT('',(-66.80146261749,-108.6388024117,2.5));
#3059 = CARTESIAN_POINT('',(-66.33573949054,-109.0146501233,2.5));
#3060 = CARTESIAN_POINT('',(-65.82445366152,-109.2653979211,2.5));
#3061 = CARTESIAN_POINT('',(-65.2950482049,-109.3927402541,2.5));
#3062 = CARTESIAN_POINT('',(-64.76669087177,-109.3948021404,2.5));
#3063 = B_SPLINE_SURFACE_WITH_KNOTS('',1,8,(
    (#3064,#3065,#3066,#3067,#3068,#3069,#3070,#3071,#3072)
    ,(#3073,#3074,#3075,#3076,#3077,#3078,#3079,#3080,#3081
  )),.UNSPECIFIED.,.F.,.F.,.F.,(2,2),(9,9),(0.,7.523216921671),(
    1.424248223336E+03,1.431771440258E+03),.PIECEWISE_BEZIER_KNOTS.);
#3064 = CARTESIAN_POINT('',(-67.54860013239,-106.5045221411,2.5));
#3065 = CARTESIAN_POINT('',(-67.54842051723,-107.0494778976,2.5));
#3066 = CARTESIAN_POINT('',(-67.42540037031,-107.6116789451,2.5));
#3067 = CARTESIAN_POINT('',(-67.17398410907,-108.1561577562,2.5));
#3068 = CARTESIAN_POINT('',(-66.80146261749,-108.6388024117,2.5));
#3069 = CARTESIAN_POINT('',(-66.33573949054,-109.0146501233,2.5));
#3070 = CARTESIAN_POINT('',(-65.82445366152,-109.2653979211,2.5));
#3071 = CARTESIAN_POINT('',(-65.2950482049,-109.3927402541,2.5));
#3072 = CARTESIAN_POINT('',(-64.76669087177,-109.3948021404,2.5));
#3073 = CARTESIAN_POINT('',(-69.76248549314,-106.5052518285,
    0.511469637894));
#3074 = CARTESIAN_POINT('',(-69.76248179267,-107.4869378731,
    0.51150404181));
#3075 = CARTESIAN_POINT('',(-69.54133546399,-108.4747124123,
    0.511529899499));
#3076 = CARTESIAN_POINT('',(-69.0939072277,-109.4104015104,0.51082831302
    ));
#3077 = CARTESIAN_POINT('',(-68.43167787376,-110.2273768399,
    0.507774496243));
#3078 = CARTESIAN_POINT('',(-67.60565855018,-110.8523657,0.504441293974)
  );
#3079 = CARTESIAN_POINT('',(-66.69379116245,-111.2710123532,
    0.503062855711));
#3080 = CARTESIAN_POINT('',(-65.73696267766,-111.4834830703,
    0.502137815019));
#3081 = CARTESIAN_POINT('',(-64.77485352807,-111.4864786839,
    0.50210298292));
#3082 = ADVANCED_FACE('',(#3083),#3101,.T.);
#3083 = FACE_BOUND('',#3084,.T.);
#3084 = EDGE_LOOP('',(#3085,#3086,#3087,#3095));
#3085 = ORIENTED_EDGE('',*,*,#1282,.F.);
#3086 = ORIENTED_EDGE('',*,*,#2811,.F.);
#3087 = ORIENTED_EDGE('',*,*,#3088,.F.);
#3088 = EDGE_CURVE('',#3089,#2812,#3091,.T.);
#3089 = VERTEX_POINT('',#3090);
#3090 = CARTESIAN_POINT('',(64.932709439571,-111.8882240491,
    0.502102981584));
#3091 = LINE('',#3092,#3093);
#3092 = CARTESIAN_POINT('',(64.732504123514,-111.8503665225,
    1.313469625908));
#3093 = VECTOR('',#3094,1.);
#3094 = DIRECTION('',(0.239319979678,-4.525385586769E-02,-0.969885578744
    ));
#3095 = ORIENTED_EDGE('',*,*,#3096,.F.);
#3096 = EDGE_CURVE('',#1283,#3089,#3097,.T.);
#3097 = LINE('',#3098,#3099);
#3098 = CARTESIAN_POINT('',(-64.56017073732,-111.487143625,
    0.502102981584));
#3099 = VECTOR('',#3100,1.);
#3100 = DIRECTION('',(0.99999520335,-3.097301563889E-03,1.E-17));
#3101 = PLANE('',#3102);
#3102 = AXIS2_PLACEMENT_3D('',#3103,#3104,#3105);
#3103 = CARTESIAN_POINT('',(73.389527382577,-111.38,12.146530515606));
#3104 = DIRECTION('',(-3.094044779815E-03,-0.998943717602,
    4.584622068515E-02));
#3105 = DIRECTION('',(6.726316678622E-02,-4.595050668068E-02,
    -0.996676586125));
#3106 = ADVANCED_FACE('',(#3107),#3118,.T.);
#3107 = FACE_BOUND('',#3108,.F.);
#3108 = EDGE_LOOP('',(#3109,#3115,#3116,#3117));
#3109 = ORIENTED_EDGE('',*,*,#3110,.F.);
#3110 = EDGE_CURVE('',#1383,#2893,#3111,.T.);
#3111 = LINE('',#3112,#3113);
#3112 = CARTESIAN_POINT('',(-111.,79.,-5.5));
#3113 = VECTOR('',#3114,1.);
#3114 = DIRECTION('',(-0.707106781187,0.,-0.707106781187));
#3115 = ORIENTED_EDGE('',*,*,#1390,.T.);
#3116 = ORIENTED_EDGE('',*,*,#1310,.T.);
#3117 = ORIENTED_EDGE('',*,*,#2892,.F.);
#3118 = CONICAL_SURFACE('',#3119,3.,0.785398163397);
#3119 = AXIS2_PLACEMENT_3D('',#3120,#3121,#3122);
#3120 = CARTESIAN_POINT('',(-108.5,79.,-6.));
#3121 = DIRECTION('',(0.,0.,-1.));
#3122 = DIRECTION('',(-1.,-0.,-0.));
#3123 = ADVANCED_FACE('',(#3124),#3148,.T.);
#3124 = FACE_BOUND('',#3125,.T.);
#3125 = EDGE_LOOP('',(#3126,#3134,#3135,#3136));
#3126 = ORIENTED_EDGE('',*,*,#3127,.T.);
#3127 = EDGE_CURVE('',#3128,#1420,#3130,.T.);
#3128 = VERTEX_POINT('',#3129);
#3129 = CARTESIAN_POINT('',(-64.76830110268,109.39479650492,2.5));
#3130 = LINE('',#3131,#3132);
#3131 = CARTESIAN_POINT('',(-64.77154040382,110.44063770905,
    1.501051490792));
#3132 = VECTOR('',#3133,1.);
#3133 = DIRECTION('',(-2.239764772368E-03,0.723130758436,-0.690707528305
    ));
#3134 = ORIENTED_EDGE('',*,*,#1434,.T.);
#3135 = ORIENTED_EDGE('',*,*,#1334,.F.);
#3136 = ORIENTED_EDGE('',*,*,#3137,.F.);
#3137 = EDGE_CURVE('',#3128,#1335,#3138,.T.);
#3138 = B_SPLINE_CURVE_WITH_KNOTS('',8,(#3139,#3140,#3141,#3142,#3143,
    #3144,#3145,#3146,#3147),.UNSPECIFIED.,.F.,.F.,(9,9),(
    1.203714561735E+03,1.21123778025E+03),.PIECEWISE_BEZIER_KNOTS.);
#3139 = CARTESIAN_POINT('',(-64.76665033073,109.39480229842,2.5));
#3140 = CARTESIAN_POINT('',(-65.29500770474,109.392748819,2.5));
#3141 = CARTESIAN_POINT('',(-65.82441431145,109.26541475603,2.5));
#3142 = CARTESIAN_POINT('',(-66.33570275742,109.01467517021,2.5));
#3143 = CARTESIAN_POINT('',(-66.80143086937,108.6388350674,2.5));
#3144 = CARTESIAN_POINT('',(-67.17395938968,108.15619603082,2.5));
#3145 = CARTESIAN_POINT('',(-67.42538386848,107.61172038168,2.5));
#3146 = CARTESIAN_POINT('',(-67.54841243646,107.04952003482,2.5));
#3147 = CARTESIAN_POINT('',(-67.54860011852,106.5045630324,2.5));
#3148 = B_SPLINE_SURFACE_WITH_KNOTS('',1,8,(
    (#3149,#3150,#3151,#3152,#3153,#3154,#3155,#3156,#3157)
    ,(#3158,#3159,#3160,#3161,#3162,#3163,#3164,#3165,#3166
  )),.UNSPECIFIED.,.F.,.F.,.F.,(2,2),(9,9),(0.,7.523218515139),(
    1.203714561735E+03,1.21123778025E+03),.PIECEWISE_BEZIER_KNOTS.);
#3149 = CARTESIAN_POINT('',(-64.76665033073,109.39480229842,2.5));
#3150 = CARTESIAN_POINT('',(-65.29500770474,109.392748819,2.5));
#3151 = CARTESIAN_POINT('',(-65.82441431145,109.26541475603,2.5));
#3152 = CARTESIAN_POINT('',(-66.33570275742,109.01467517021,2.5));
#3153 = CARTESIAN_POINT('',(-66.80143086937,108.6388350674,2.5));
#3154 = CARTESIAN_POINT('',(-67.17395938968,108.15619603082,2.5));
#3155 = CARTESIAN_POINT('',(-67.42538386848,107.61172038168,2.5));
#3156 = CARTESIAN_POINT('',(-67.54841243646,107.04952003482,2.5));
#3157 = CARTESIAN_POINT('',(-67.54860011852,106.5045630324,2.5));
#3158 = CARTESIAN_POINT('',(-64.7747797051,111.48647891323,0.50210298025
    ));
#3159 = CARTESIAN_POINT('',(-65.73688941854,111.48349735904,
    0.502137755089));
#3160 = CARTESIAN_POINT('',(-66.69372071292,111.27104045014,
    0.503062747095));
#3161 = CARTESIAN_POINT('',(-67.60559332785,110.85240740804,
    0.504441121259));
#3162 = CARTESIAN_POINT('',(-68.43162141757,110.22743168781,
    0.507774221413));
#3163 = CARTESIAN_POINT('',(-69.09386333846,109.41046670296,
    0.510828174591));
#3164 = CARTESIAN_POINT('',(-69.54130602399,108.47478403822,
    0.511529849481));
#3165 = CARTESIAN_POINT('',(-69.76246727545,107.48701213825,
    0.511504046003));
#3166 = CARTESIAN_POINT('',(-69.76248549231,106.50532549027,
    0.511469640476));
#3167 = ADVANCED_FACE('',(#3168,#3202),#3259,.T.);
#3168 = FACE_BOUND('',#3169,.T.);
#3169 = EDGE_LOOP('',(#3170,#3180,#3188,#3196));
#3170 = ORIENTED_EDGE('',*,*,#3171,.T.);
#3171 = EDGE_CURVE('',#3172,#3174,#3176,.T.);
#3172 = VERTEX_POINT('',#3173);
#3173 = CARTESIAN_POINT('',(-65.7486,107.58,2.5));
#3174 = VERTEX_POINT('',#3175);
#3175 = CARTESIAN_POINT('',(65.7486,107.58,2.5));
#3176 = LINE('',#3177,#3178);
#3177 = CARTESIAN_POINT('',(-65.1486,107.58,2.5));
#3178 = VECTOR('',#3179,1.);
#3179 = DIRECTION('',(1.,0.,-4.E-17));
#3180 = ORIENTED_EDGE('',*,*,#3181,.T.);
#3181 = EDGE_CURVE('',#3174,#3182,#3184,.T.);
#3182 = VERTEX_POINT('',#3183);
#3183 = CARTESIAN_POINT('',(65.7486,-107.58,2.5));
#3184 = LINE('',#3185,#3186);
#3185 = CARTESIAN_POINT('',(65.7486,106.98,2.5));
#3186 = VECTOR('',#3187,1.);
#3187 = DIRECTION('',(0.,-1.,2.2E-16));
#3188 = ORIENTED_EDGE('',*,*,#3189,.F.);
#3189 = EDGE_CURVE('',#3190,#3182,#3192,.T.);
#3190 = VERTEX_POINT('',#3191);
#3191 = CARTESIAN_POINT('',(-65.7486,-107.58,2.5));
#3192 = LINE('',#3193,#3194);
#3193 = CARTESIAN_POINT('',(-65.1486,-107.58,2.5));
#3194 = VECTOR('',#3195,1.);
#3195 = DIRECTION('',(1.,0.,1.E-17));
#3196 = ORIENTED_EDGE('',*,*,#3197,.F.);
#3197 = EDGE_CURVE('',#3172,#3190,#3198,.T.);
#3198 = LINE('',#3199,#3200);
#3199 = CARTESIAN_POINT('',(-65.7486,106.98,2.5));
#3200 = VECTOR('',#3201,1.);
#3201 = DIRECTION('',(0.,-1.,2.2E-16));
#3202 = FACE_BOUND('',#3203,.T.);
#3203 = EDGE_LOOP('',(#3204,#3212,#3227,#3235,#3250,#3256,#3257,#3258));
#3204 = ORIENTED_EDGE('',*,*,#3205,.T.);
#3205 = EDGE_CURVE('',#3045,#3206,#3208,.T.);
#3206 = VERTEX_POINT('',#3207);
#3207 = CARTESIAN_POINT('',(64.939188041841,-109.7965416409,2.5));
#3208 = LINE('',#3209,#3210);
#3209 = CARTESIAN_POINT('',(-64.55369213505,-109.3954612168,2.5));
#3210 = VECTOR('',#3211,1.);
#3211 = DIRECTION('',(0.99999520335,-3.097301563889E-03,1.E-17));
#3212 = ORIENTED_EDGE('',*,*,#3213,.T.);
#3213 = EDGE_CURVE('',#3206,#3214,#3216,.T.);
#3214 = VERTEX_POINT('',#3215);
#3215 = CARTESIAN_POINT('',(67.548600107588,-106.9354238568,2.5));
#3216 = B_SPLINE_CURVE_WITH_KNOTS('',9,(#3217,#3218,#3219,#3220,#3221,
    #3222,#3223,#3224,#3225,#3226),.UNSPECIFIED.,.F.,.F.,(10,10),(
    845.48712993624,852.81042324405),.PIECEWISE_BEZIER_KNOTS.);
#3217 = CARTESIAN_POINT('',(64.935813413299,-109.7965340328,2.5));
#3218 = CARTESIAN_POINT('',(65.364036034507,-109.7971694956,2.5));
#3219 = CARTESIAN_POINT('',(65.786883463614,-109.7023112067,2.5));
#3220 = CARTESIAN_POINT('',(66.206547032665,-109.5172457181,
    2.500000000001));
#3221 = CARTESIAN_POINT('',(66.620136195795,-109.2310293169,
    2.499999999999));
#3222 = CARTESIAN_POINT('',(66.982980287582,-108.8411772269,
    2.500000000001));
#3223 = CARTESIAN_POINT('',(67.269633802074,-108.3823141386,2.5));
#3224 = CARTESIAN_POINT('',(67.458804121683,-107.8856260416,2.5));
#3225 = CARTESIAN_POINT('',(67.548449840405,-107.3935461969,2.5));
#3226 = CARTESIAN_POINT('',(67.548600107588,-106.9354238568,2.5));
#3227 = ORIENTED_EDGE('',*,*,#3228,.T.);
#3228 = EDGE_CURVE('',#3214,#3229,#3231,.T.);
#3229 = VERTEX_POINT('',#3230);
#3230 = CARTESIAN_POINT('',(67.5486,106.93607987014,2.5));
#3231 = LINE('',#3232,#3233);
#3232 = CARTESIAN_POINT('',(67.5486,-106.8454793399,2.5));
#3233 = VECTOR('',#3234,1.);
#3234 = DIRECTION('',(0.,1.,-2.2E-16));
#3235 = ORIENTED_EDGE('',*,*,#3236,.T.);
#3236 = EDGE_CURVE('',#3229,#3237,#3239,.T.);
#3237 = VERTEX_POINT('',#3238);
#3238 = CARTESIAN_POINT('',(64.935890263467,109.79653414553,2.5));
#3239 = B_SPLINE_CURVE_WITH_KNOTS('',9,(#3240,#3241,#3242,#3243,#3244,
    #3245,#3246,#3247,#3248,#3249),.UNSPECIFIED.,.F.,.F.,(10,10),(
    1.066682449554E+03,1.074005740746E+03),.PIECEWISE_BEZIER_KNOTS.);
#3240 = CARTESIAN_POINT('',(67.548600132921,106.93534283272,2.5));
#3241 = CARTESIAN_POINT('',(67.548463936236,107.3934596905,2.5));
#3242 = CARTESIAN_POINT('',(67.458833704917,107.8855381564,2.5));
#3243 = CARTESIAN_POINT('',(67.269678962681,108.38223015378,2.5));
#3244 = CARTESIAN_POINT('',(66.983038711248,108.8411025858,2.5));
#3245 = CARTESIAN_POINT('',(66.620204991353,109.23096767897,2.5));
#3246 = CARTESIAN_POINT('',(66.206621172175,109.51720073964,2.5));
#3247 = CARTESIAN_POINT('',(65.786958698998,109.70228157534,2.5));
#3248 = CARTESIAN_POINT('',(65.364111894719,109.79715438769,2.5));
#3249 = CARTESIAN_POINT('',(64.935890263467,109.79653414553,2.5));
#3250 = ORIENTED_EDGE('',*,*,#3251,.T.);
#3251 = EDGE_CURVE('',#3237,#3128,#3252,.T.);
#3252 = LINE('',#3253,#3254);
#3253 = CARTESIAN_POINT('',(64.44592148442,109.79501383832,2.5));
#3254 = VECTOR('',#3255,1.);
#3255 = DIRECTION('',(-0.99999520335,-3.097301563889E-03,5.E-17));
#3256 = ORIENTED_EDGE('',*,*,#3137,.T.);
#3257 = ORIENTED_EDGE('',*,*,#1341,.T.);
#3258 = ORIENTED_EDGE('',*,*,#3052,.T.);
#3259 = PLANE('',#3260);
#3260 = AXIS2_PLACEMENT_3D('',#3261,#3262,#3263);
#3261 = CARTESIAN_POINT('',(8.270610573533E-02,-1.81E-15,2.5));
#3262 = DIRECTION('',(0.,2.2E-16,1.));
#3263 = DIRECTION('',(0.,-1.,2.2E-16));
#3264 = ADVANCED_FACE('',(#3265),#3284,.T.);
#3265 = FACE_BOUND('',#3266,.F.);
#3266 = EDGE_LOOP('',(#3267,#3268,#3269,#3277));
#3267 = ORIENTED_EDGE('',*,*,#1456,.F.);
#3268 = ORIENTED_EDGE('',*,*,#1373,.T.);
#3269 = ORIENTED_EDGE('',*,*,#3270,.T.);
#3270 = EDGE_CURVE('',#1374,#3271,#3273,.T.);
#3271 = VERTEX_POINT('',#3272);
#3272 = CARTESIAN_POINT('',(-111.5,86.,-6.));
#3273 = LINE('',#3274,#3275);
#3274 = CARTESIAN_POINT('',(-111.5,86.,-6.));
#3275 = VECTOR('',#3276,1.);
#3276 = DIRECTION('',(-0.707106781187,4.E-17,-0.707106781187));
#3277 = ORIENTED_EDGE('',*,*,#3278,.F.);
#3278 = EDGE_CURVE('',#1457,#3271,#3279,.T.);
#3279 = CIRCLE('',#3280,3.);
#3280 = AXIS2_PLACEMENT_3D('',#3281,#3282,#3283);
#3281 = CARTESIAN_POINT('',(-108.5,86.,-6.));
#3282 = DIRECTION('',(0.,-0.,1.));
#3283 = DIRECTION('',(0.,1.,0.));
#3284 = CONICAL_SURFACE('',#3285,3.,0.785398163397);
#3285 = AXIS2_PLACEMENT_3D('',#3286,#3287,#3288);
#3286 = CARTESIAN_POINT('',(-108.5,86.,-6.));
#3287 = DIRECTION('',(0.,0.,-1.));
#3288 = DIRECTION('',(0.,1.,0.));
#3289 = ADVANCED_FACE('',(#3290),#3301,.T.);
#3290 = FACE_BOUND('',#3291,.F.);
#3291 = EDGE_LOOP('',(#3292,#3293,#3294,#3295));
#3292 = ORIENTED_EDGE('',*,*,#3270,.F.);
#3293 = ORIENTED_EDGE('',*,*,#1382,.T.);
#3294 = ORIENTED_EDGE('',*,*,#3110,.T.);
#3295 = ORIENTED_EDGE('',*,*,#3296,.F.);
#3296 = EDGE_CURVE('',#3271,#2893,#3297,.T.);
#3297 = LINE('',#3298,#3299);
#3298 = CARTESIAN_POINT('',(-111.5,86.,-6.));
#3299 = VECTOR('',#3300,1.);
#3300 = DIRECTION('',(0.,-1.,0.));
#3301 = PLANE('',#3302);
#3302 = AXIS2_PLACEMENT_3D('',#3303,#3304,#3305);
#3303 = CARTESIAN_POINT('',(-111.,86.,-5.5));
#3304 = DIRECTION('',(-0.707106781187,-2.E-17,0.707106781187));
#3305 = DIRECTION('',(-1.414213562373E-17,1.,1.414213562373E-17));
#3306 = ADVANCED_FACE('',(#3307),#3326,.F.);
#3307 = FACE_BOUND('',#3308,.T.);
#3308 = EDGE_LOOP('',(#3309,#3317,#3318,#3319));
#3309 = ORIENTED_EDGE('',*,*,#3310,.F.);
#3310 = EDGE_CURVE('',#1401,#3311,#3313,.T.);
#3311 = VERTEX_POINT('',#3312);
#3312 = CARTESIAN_POINT('',(-103.6645285561,82.5,-5.599908617094));
#3313 = LINE('',#3314,#3315);
#3314 = CARTESIAN_POINT('',(-104.275,82.5,-5.));
#3315 = VECTOR('',#3316,1.);
#3316 = DIRECTION('',(0.713250449154,0.,-0.7009092643));
#3317 = ORIENTED_EDGE('',*,*,#1400,.T.);
#3318 = ORIENTED_EDGE('',*,*,#3310,.T.);
#3319 = ORIENTED_EDGE('',*,*,#3320,.F.);
#3320 = EDGE_CURVE('',#3311,#3311,#3321,.T.);
#3321 = CIRCLE('',#3322,3.164528556138);
#3322 = AXIS2_PLACEMENT_3D('',#3323,#3324,#3325);
#3323 = CARTESIAN_POINT('',(-100.5,82.5,-5.599908617094));
#3324 = DIRECTION('',(0.,0.,1.));
#3325 = DIRECTION('',(-1.,0.,0.));
#3326 = CONICAL_SURFACE('',#3327,3.775,0.794124809657);
#3327 = AXIS2_PLACEMENT_3D('',#3328,#3329,#3330);
#3328 = CARTESIAN_POINT('',(-100.5,82.5,-5.));
#3329 = DIRECTION('',(0.,0.,1.));
#3330 = DIRECTION('',(-1.,-0.,-0.));
#3331 = ADVANCED_FACE('',(#3332,#3446),#3503,.F.);
#3332 = FACE_BOUND('',#3333,.F.);
#3333 = EDGE_LOOP('',(#3334,#3344,#3352,#3360,#3368,#3376,#3384,#3392,
    #3400,#3408,#3416,#3424,#3432,#3440));
#3334 = ORIENTED_EDGE('',*,*,#3335,.F.);
#3335 = EDGE_CURVE('',#3336,#3338,#3340,.T.);
#3336 = VERTEX_POINT('',#3337);
#3337 = CARTESIAN_POINT('',(-58.4214,111.73553459067,-4.4958));
#3338 = VERTEX_POINT('',#3339);
#3339 = CARTESIAN_POINT('',(-57.82140287194,111.73739297163,-4.4958));
#3340 = LINE('',#3341,#3342);
#3341 = CARTESIAN_POINT('',(6.981029375839,111.93810660912,-4.4958));
#3342 = VECTOR('',#3343,1.);
#3343 = DIRECTION('',(0.99999520335,3.097301563889E-03,0.));
#3344 = ORIENTED_EDGE('',*,*,#3345,.F.);
#3345 = EDGE_CURVE('',#3346,#3336,#3348,.T.);
#3346 = VERTEX_POINT('',#3347);
#3347 = CARTESIAN_POINT('',(-59.7514,111.73141515983,-4.4958));
#3348 = LINE('',#3349,#3350);
#3349 = CARTESIAN_POINT('',(7.475516218603,111.93963819134,-4.4958));
#3350 = VECTOR('',#3351,1.);
#3351 = DIRECTION('',(0.99999520335,3.097301563889E-03,0.));
#3352 = ORIENTED_EDGE('',*,*,#3353,.F.);
#3353 = EDGE_CURVE('',#3354,#3346,#3356,.T.);
#3354 = VERTEX_POINT('',#3355);
#3355 = CARTESIAN_POINT('',(-59.7514,111.79553005356,-5.8928));
#3356 = LINE('',#3357,#3358);
#3357 = CARTESIAN_POINT('',(-59.7514,111.34495768867,3.924725338076));
#3358 = VECTOR('',#3359,1.);
#3359 = DIRECTION('',(0.,-4.584644013226E-02,0.998948499137));
#3360 = ORIENTED_EDGE('',*,*,#3361,.F.);
#3361 = EDGE_CURVE('',#3362,#3354,#3364,.T.);
#3362 = VERTEX_POINT('',#3363);
#3363 = CARTESIAN_POINT('',(-62.7486,111.78624677678,-5.8928));
#3364 = LINE('',#3365,#3366);
#3365 = CARTESIAN_POINT('',(6.810324015924,112.00169277434,-5.8928));
#3366 = VECTOR('',#3367,1.);
#3367 = DIRECTION('',(0.99999520335,3.097301563889E-03,0.));
#3368 = ORIENTED_EDGE('',*,*,#3369,.F.);
#3369 = EDGE_CURVE('',#3370,#3362,#3372,.T.);
#3370 = VERTEX_POINT('',#3371);
#3371 = CARTESIAN_POINT('',(-62.7486,111.72213188305,-4.4958));
#3372 = LINE('',#3373,#3374);
#3373 = CARTESIAN_POINT('',(-62.7486,111.36768398982,3.227268354814));
#3374 = VECTOR('',#3375,1.);
#3375 = DIRECTION('',(0.,4.584644013226E-02,-0.998948499137));
#3376 = ORIENTED_EDGE('',*,*,#3377,.F.);
#3377 = EDGE_CURVE('',#3378,#3370,#3380,.T.);
#3378 = VERTEX_POINT('',#3379);
#3379 = CARTESIAN_POINT('',(-64.0786,111.71801245221,-4.4958));
#3380 = LINE('',#3381,#3382);
#3381 = CARTESIAN_POINT('',(5.311936974617,111.93293690182,-4.4958));
#3382 = VECTOR('',#3383,1.);
#3383 = DIRECTION('',(0.99999520335,3.097301563889E-03,0.));
#3384 = ORIENTED_EDGE('',*,*,#3385,.F.);
#3385 = EDGE_CURVE('',#3386,#3378,#3388,.T.);
#3386 = VERTEX_POINT('',#3387);
#3387 = CARTESIAN_POINT('',(-64.0786,111.5967770168,-1.8542));
#3388 = LINE('',#3389,#3390);
#3389 = CARTESIAN_POINT('',(-64.0786,111.33158315215,3.924111517755));
#3390 = VECTOR('',#3391,1.);
#3391 = DIRECTION('',(0.,4.584644013226E-02,-0.998948499137));
#3392 = ORIENTED_EDGE('',*,*,#3393,.F.);
#3393 = EDGE_CURVE('',#3394,#3386,#3396,.T.);
#3394 = VERTEX_POINT('',#3395);
#3395 = CARTESIAN_POINT('',(-62.7486,111.60089644764,-1.8542));
#3396 = LINE('',#3397,#3398);
#3397 = CARTESIAN_POINT('',(4.647318855049,111.80964293379,-1.8542));
#3398 = VECTOR('',#3399,1.);
#3399 = DIRECTION('',(-0.99999520335,-3.097301563889E-03,0.));
#3400 = ORIENTED_EDGE('',*,*,#3401,.F.);
#3401 = EDGE_CURVE('',#3402,#3394,#3404,.T.);
#3402 = VERTEX_POINT('',#3403);
#3403 = CARTESIAN_POINT('',(-62.7486,111.51579849777,-0.));
#3404 = LINE('',#3405,#3406);
#3405 = CARTESIAN_POINT('',(-62.7486,111.27520361881,5.242323996074));
#3406 = VECTOR('',#3407,1.);
#3407 = DIRECTION('',(0.,4.584644013226E-02,-0.998948499137));
#3408 = ORIENTED_EDGE('',*,*,#3409,.F.);
#3409 = EDGE_CURVE('',#3410,#3402,#3412,.T.);
#3410 = VERTEX_POINT('',#3411);
#3411 = CARTESIAN_POINT('',(-59.7514,111.52508177455,-0.));
#3412 = LINE('',#3413,#3414);
#3413 = CARTESIAN_POINT('',(5.312576048269,111.72660549596,-2.482E-14));
#3414 = VECTOR('',#3415,1.);
#3415 = DIRECTION('',(-0.99999520335,-3.097301563889E-03,0.));
#3416 = ORIENTED_EDGE('',*,*,#3417,.F.);
#3417 = EDGE_CURVE('',#3418,#3410,#3420,.T.);
#3418 = VERTEX_POINT('',#3419);
#3419 = CARTESIAN_POINT('',(-59.7514,111.61017972441,-1.8542));
#3420 = LINE('',#3421,#3422);
#3421 = CARTESIAN_POINT('',(-59.7514,111.2420078417,6.167900485894));
#3422 = VECTOR('',#3423,1.);
#3423 = DIRECTION('',(0.,-4.584644013226E-02,0.998948499137));
#3424 = ORIENTED_EDGE('',*,*,#3425,.F.);
#3425 = EDGE_CURVE('',#3426,#3418,#3428,.T.);
#3426 = VERTEX_POINT('',#3427);
#3427 = CARTESIAN_POINT('',(-58.4214,111.61429915525,-1.8542));
#3428 = LINE('',#3429,#3430);
#3429 = CARTESIAN_POINT('',(6.810898099035,111.81634422331,-1.8542));
#3430 = VECTOR('',#3431,1.);
#3431 = DIRECTION('',(-0.99999520335,-3.097301563889E-03,0.));
#3432 = ORIENTED_EDGE('',*,*,#3433,.T.);
#3433 = EDGE_CURVE('',#3426,#3434,#3436,.T.);
#3434 = VERTEX_POINT('',#3435);
#3435 = CARTESIAN_POINT('',(-57.82140287194,111.61615753621,-1.8542));
#3436 = LINE('',#3437,#3438);
#3437 = CARTESIAN_POINT('',(6.981311003231,111.81687204599,-1.8542));
#3438 = VECTOR('',#3439,1.);
#3439 = DIRECTION('',(0.99999520335,3.097301563889E-03,0.));
#3440 = ORIENTED_EDGE('',*,*,#3441,.F.);
#3441 = EDGE_CURVE('',#3338,#3434,#3442,.T.);
#3442 = LINE('',#3443,#3444);
#3443 = CARTESIAN_POINT('',(-57.82140287194,111.7373890655,
    -4.495714889437));
#3444 = VECTOR('',#3445,1.);
#3445 = DIRECTION('',(0.,-4.584644013226E-02,0.998948499137));
#3446 = FACE_BOUND('',#3447,.F.);
#3447 = EDGE_LOOP('',(#3448,#3458,#3464,#3465,#3473,#3481,#3489,#3497));
#3448 = ORIENTED_EDGE('',*,*,#3449,.T.);
#3449 = EDGE_CURVE('',#3450,#3452,#3454,.T.);
#3450 = VERTEX_POINT('',#3451);
#3451 = CARTESIAN_POINT('',(65.199005442921,111.93857889615,
    -0.577107595293));
#3452 = VERTEX_POINT('',#3453);
#3453 = CARTESIAN_POINT('',(64.932709439571,111.88822404918,
    0.502102981584));
#3454 = LINE('',#3455,#3456);
#3455 = CARTESIAN_POINT('',(65.408100298118,111.97811737703,
    -1.424500633339));
#3456 = VECTOR('',#3457,1.);
#3457 = DIRECTION('',(-0.239319979678,-4.525385586769E-02,0.969885578744
    ));
#3458 = ORIENTED_EDGE('',*,*,#3459,.T.);
#3459 = EDGE_CURVE('',#3452,#1420,#3460,.T.);
#3460 = LINE('',#3461,#3462);
#3461 = CARTESIAN_POINT('',(64.439442882151,111.88669624657,
    0.502102981584));
#3462 = VECTOR('',#3463,1.);
#3463 = DIRECTION('',(-0.99999520335,-3.097301563889E-03,5.E-17));
#3464 = ORIENTED_EDGE('',*,*,#1417,.F.);
#3465 = ORIENTED_EDGE('',*,*,#3466,.F.);
#3466 = EDGE_CURVE('',#3467,#1418,#3469,.T.);
#3467 = VERTEX_POINT('',#3468);
#3468 = CARTESIAN_POINT('',(59.7514,111.93857889615,-0.944752625379));
#3469 = LINE('',#3470,#3471);
#3470 = CARTESIAN_POINT('',(74.20718507929,111.93857889615,
    3.083152734407E-02));
#3471 = VECTOR('',#3472,1.);
#3472 = DIRECTION('',(-0.99773047126,0.,-6.733429081241E-02));
#3473 = ORIENTED_EDGE('',*,*,#3474,.F.);
#3474 = EDGE_CURVE('',#3475,#3467,#3477,.T.);
#3475 = VERTEX_POINT('',#3476);
#3476 = CARTESIAN_POINT('',(59.7514,111.8952197593,0.));
#3477 = LINE('',#3478,#3479);
#3478 = CARTESIAN_POINT('',(59.7514,111.65382737628,5.259700819248));
#3479 = VECTOR('',#3480,1.);
#3480 = DIRECTION('',(0.,4.584644013226E-02,-0.998948499137));
#3481 = ORIENTED_EDGE('',*,*,#3482,.F.);
#3482 = EDGE_CURVE('',#3483,#3475,#3485,.T.);
#3483 = VERTEX_POINT('',#3484);
#3484 = CARTESIAN_POINT('',(62.7486,111.90450303608,0.));
#3485 = LINE('',#3486,#3487);
#3486 = CARTESIAN_POINT('',(66.561988460054,111.91631430677,-2.486E-14)
  );
#3487 = VECTOR('',#3488,1.);
#3488 = DIRECTION('',(-0.99999520335,-3.097301563889E-03,0.));
#3489 = ORIENTED_EDGE('',*,*,#3490,.F.);
#3490 = EDGE_CURVE('',#3491,#3483,#3493,.T.);
#3491 = VERTEX_POINT('',#3492);
#3492 = CARTESIAN_POINT('',(62.7486,111.93857889615,-0.742479223658));
#3493 = LINE('',#3494,#3495);
#3494 = CARTESIAN_POINT('',(62.7486,111.62063159916,6.185277309068));
#3495 = VECTOR('',#3496,1.);
#3496 = DIRECTION('',(0.,-4.584644013226E-02,0.998948499137));
#3497 = ORIENTED_EDGE('',*,*,#3498,.F.);
#3498 = EDGE_CURVE('',#3450,#3491,#3499,.T.);
#3499 = LINE('',#3500,#3501);
#3500 = CARTESIAN_POINT('',(74.20718507929,111.93857889615,
    3.083152734407E-02));
#3501 = VECTOR('',#3502,1.);
#3502 = DIRECTION('',(-0.99773047126,0.,-6.733429081241E-02));
#3503 = PLANE('',#3504);
#3504 = AXIS2_PLACEMENT_3D('',#3505,#3506,#3507);
#3505 = CARTESIAN_POINT('',(73.389527382577,111.38,12.146530515606));
#3506 = DIRECTION('',(3.094044779815E-03,-0.998943717602,
    -4.584622068515E-02));
#3507 = DIRECTION('',(6.726316678622E-02,4.595050668068E-02,
    -0.996676586125));
#3508 = ADVANCED_FACE('',(#3509),#3714,.T.);
#3509 = FACE_BOUND('',#3510,.T.);
#3510 = EDGE_LOOP('',(#3511,#3522,#3531,#3538,#3539,#3567,#3586,#3595,
    #3601,#3602,#3603,#3604,#3613,#3622,#3631,#3641,#3650,#3659,#3668,
    #3677,#3686,#3695,#3704));
#3511 = ORIENTED_EDGE('',*,*,#3512,.F.);
#3512 = EDGE_CURVE('',#3513,#3515,#3517,.T.);
#3513 = VERTEX_POINT('',#3514);
#3514 = CARTESIAN_POINT('',(64.0786,111.99037053773,-1.8542));
#3515 = VERTEX_POINT('',#3516);
#3516 = CARTESIAN_POINT('',(64.678597796011,111.99199934909,-1.8542));
#3517 = ELLIPSE('',#3518,3.194716988911E+03,215.11400279466);
#3518 = AXIS2_PLACEMENT_3D('',#3519,#3520,#3521);
#3519 = CARTESIAN_POINT('',(193.07446550711,-102.9482027637,-1.8542));
#3520 = DIRECTION('',(0.,-2.1E-16,-1.));
#3521 = DIRECTION('',(1.,-1.E-17,2.1E-33));
#3522 = ORIENTED_EDGE('',*,*,#3523,.F.);
#3523 = EDGE_CURVE('',#3524,#3513,#3526,.T.);
#3524 = VERTEX_POINT('',#3525);
#3525 = CARTESIAN_POINT('',(62.7486,111.98673287483,-1.8542));
#3526 = ELLIPSE('',#3527,3.194716988911E+03,215.11400279466);
#3527 = AXIS2_PLACEMENT_3D('',#3528,#3529,#3530);
#3528 = CARTESIAN_POINT('',(193.07446550711,-102.9482027637,-1.8542));
#3529 = DIRECTION('',(0.,-2.2E-16,-1.));
#3530 = DIRECTION('',(1.,-1.E-17,2.2E-33));
#3531 = ORIENTED_EDGE('',*,*,#3532,.F.);
#3532 = EDGE_CURVE('',#3491,#3524,#3533,.T.);
#3533 = ELLIPSE('',#3534,215.60332072748,215.11400279466);
#3534 = AXIS2_PLACEMENT_3D('',#3535,#3536,#3537);
#3535 = CARTESIAN_POINT('',(62.7486,-102.9482027637,-10.64956105312));
#3536 = DIRECTION('',(-1.,0.,0.));
#3537 = DIRECTION('',(0.,0.,1.));
#3538 = ORIENTED_EDGE('',*,*,#3498,.F.);
#3539 = ORIENTED_EDGE('',*,*,#3540,.F.);
#3540 = EDGE_CURVE('',#3541,#3450,#3543,.T.);
#3541 = VERTEX_POINT('',#3542);
#3542 = CARTESIAN_POINT('',(69.619193728939,111.99401145311,
    -18.80070838677));
#3543 = ( BOUNDED_CURVE() B_SPLINE_CURVE(8,(#3544,#3545,#3546,#3547,
    #3548,#3549,#3550,#3551,#3552,#3553,#3554,#3555,#3556,#3557,#3558,
    #3559,#3560,#3561,#3562,#3563,#3564,#3565,#3566),.UNSPECIFIED.,.F.,
.F.) B_SPLINE_CURVE_WITH_KNOTS((9,7,7,9),(29.33890618613,29.518477040984
,47.320647520676,48.197189159103),.UNSPECIFIED.) CURVE() 
GEOMETRIC_REPRESENTATION_ITEM() RATIONAL_B_SPLINE_CURVE((1.,1.,1.,1.,1.,
    1.,1.,1.,1.,1.,1.,1.,1.,1.,1.,1.,1.,1.,1.,1.,1.,1.,1.)) 
REPRESENTATION_ITEM('') );
#3544 = CARTESIAN_POINT('',(69.619193728939,111.99401145311,
    -18.80070838677));
#3545 = CARTESIAN_POINT('',(69.614118082513,111.99485832312,
    -18.77982506034));
#3546 = CARTESIAN_POINT('',(69.609036760368,111.99570383634,
    -18.75891628675));
#3547 = CARTESIAN_POINT('',(69.603949589951,111.99654800872,
    -18.73798139617));
#3548 = CARTESIAN_POINT('',(69.598856398714,111.99739085618,
    -18.71701971881));
#3549 = CARTESIAN_POINT('',(69.593757014107,111.99823239464,
    -18.69603058486));
#3550 = CARTESIAN_POINT('',(69.588651263579,111.99907264005,
    -18.67501332449));
#3551 = CARTESIAN_POINT('',(69.583538974581,111.99991160833,
    -18.65396726789));
#3552 = CARTESIAN_POINT('',(69.070936112012,112.08379733668,
    -16.54352124564));
#3553 = CARTESIAN_POINT('',(68.542214573406,112.14672538887,
    -14.35871463997));
#3554 = CARTESIAN_POINT('',(68.01744993974,112.1808876352,
    -12.20146091787));
#3555 = CARTESIAN_POINT('',(67.496474717494,112.19111927746,
    -10.04692564161));
#3556 = CARTESIAN_POINT('',(66.972303266541,112.17540623582,
    -7.890050162744));
#3557 = CARTESIAN_POINT('',(66.449987349204,112.1344946979,
    -5.734713030595));
#3558 = CARTESIAN_POINT('',(65.927198335608,112.0681436532,
    -3.579530082966));
#3559 = CARTESIAN_POINT('',(65.37902582243,111.97190770913,
    -1.319351391005));
#3560 = CARTESIAN_POINT('',(65.353308303629,111.96733119538,
    -1.213315499458));
#3561 = CARTESIAN_POINT('',(65.327589650206,111.96269289761,
    -1.107274723811));
#3562 = CARTESIAN_POINT('',(65.301871305398,111.95799304083,
    -1.001235164656));
#3563 = CARTESIAN_POINT('',(65.276153980438,111.95323175443,
    -0.895199809912));
#3564 = CARTESIAN_POINT('',(65.250437069795,111.94840894586,
    -0.789166096876));
#3565 = CARTESIAN_POINT('',(65.224720932859,111.94352466554,
    -0.683135536251));
#3566 = CARTESIAN_POINT('',(65.199005442921,111.93857889615,
    -0.577107595293));
#3567 = ORIENTED_EDGE('',*,*,#3568,.F.);
#3568 = EDGE_CURVE('',#3569,#3541,#3571,.T.);
#3569 = VERTEX_POINT('',#3570);
#3570 = CARTESIAN_POINT('',(71.125292153445,111.37457016219,
    -28.55937853496));
#3571 = ( BOUNDED_CURVE() B_SPLINE_CURVE(7,(#3572,#3573,#3574,#3575,
    #3576,#3577,#3578,#3579,#3580,#3581,#3582,#3583,#3584,#3585),
.UNSPECIFIED.,.F.,.F.) B_SPLINE_CURVE_WITH_KNOTS((8,6,8),(
18.657106151957,19.083377820092,29.33890618613),.UNSPECIFIED.) CURVE() 
GEOMETRIC_REPRESENTATION_ITEM() RATIONAL_B_SPLINE_CURVE((1.,1.,1.,1.,1.,
1.,1.,1.,1.,1.,1.,1.,1.,1.)) REPRESENTATION_ITEM('') );
#3572 = CARTESIAN_POINT('',(71.125292153444,111.37457016219,
    -28.55937853495));
#3573 = CARTESIAN_POINT('',(71.121171145184,111.37983396763,
    -28.49831521247));
#3574 = CARTESIAN_POINT('',(71.116997343616,111.38505775032,
    -28.43749217653));
#3575 = CARTESIAN_POINT('',(71.112683700268,111.3903444504,
    -28.37566646649));
#3576 = CARTESIAN_POINT('',(71.108410961168,111.39547816182,
    -28.31543843817));
#3577 = CARTESIAN_POINT('',(71.104034632714,111.40063575688,
    -28.25469449919));
#3578 = CARTESIAN_POINT('',(71.099337749928,111.40607650684,
    -28.19031138684));
#3579 = CARTESIAN_POINT('',(70.99388328753,111.52468398738,
    -26.78227993238));
#3580 = CARTESIAN_POINT('',(70.85623652708,111.62791560198,
    -25.44062601158));
#3581 = CARTESIAN_POINT('',(70.680510934317,111.72131706514,
    -24.09551213996));
#3582 = CARTESIAN_POINT('',(70.472494629661,111.80467018729,
    -22.76935329953));
#3583 = CARTESIAN_POINT('',(70.218458752934,111.87735610717,
    -21.42572011997));
#3584 = CARTESIAN_POINT('',(69.9504815711,111.93873618098,-20.1637647485
    ));
#3585 = CARTESIAN_POINT('',(69.619193728939,111.99401145311,
    -18.80070838677));
#3586 = ORIENTED_EDGE('',*,*,#3587,.F.);
#3587 = EDGE_CURVE('',#3588,#3569,#3590,.T.);
#3588 = VERTEX_POINT('',#3589);
#3589 = CARTESIAN_POINT('',(72.248575809548,109.28031252149,
    -45.20371113342));
#3590 = CIRCLE('',#3591,215.11400279466);
#3591 = AXIS2_PLACEMENT_3D('',#3592,#3593,#3594);
#3592 = CARTESIAN_POINT('',(69.884105080402,-102.9482027637,
    -10.1680039713));
#3593 = DIRECTION('',(0.99773047126,-8.673617379884E-18,
    6.733429081241E-02));
#3594 = DIRECTION('',(1.099170996973E-02,0.986586240449,-0.162870416184)
  );
#3595 = ORIENTED_EDGE('',*,*,#3596,.T.);
#3596 = EDGE_CURVE('',#3588,#2152,#3597,.T.);
#3597 = LINE('',#3598,#3599);
#3598 = CARTESIAN_POINT('',(77.237228165849,109.28031252149,
    -44.86703967935));
#3599 = VECTOR('',#3600,1.);
#3600 = DIRECTION('',(-0.99773047126,0.,-6.733429081241E-02));
#3601 = ORIENTED_EDGE('',*,*,#2161,.T.);
#3602 = ORIENTED_EDGE('',*,*,#1488,.T.);
#3603 = ORIENTED_EDGE('',*,*,#3466,.F.);
#3604 = ORIENTED_EDGE('',*,*,#3605,.F.);
#3605 = EDGE_CURVE('',#3606,#3467,#3608,.T.);
#3606 = VERTEX_POINT('',#3607);
#3607 = CARTESIAN_POINT('',(59.7514,111.9783982562,-1.8542));
#3608 = ELLIPSE('',#3609,215.60332072748,215.11400279466);
#3609 = AXIS2_PLACEMENT_3D('',#3610,#3611,#3612);
#3610 = CARTESIAN_POINT('',(59.7514,-102.9482027637,-10.85183445484));
#3611 = DIRECTION('',(1.,0.,-0.));
#3612 = DIRECTION('',(0.,0.,1.));
#3613 = ORIENTED_EDGE('',*,*,#3614,.F.);
#3614 = EDGE_CURVE('',#3615,#3606,#3617,.T.);
#3615 = VERTEX_POINT('',#3616);
#3616 = CARTESIAN_POINT('',(58.4214,111.97463898233,-1.8542));
#3617 = ELLIPSE('',#3618,3.194716988911E+03,215.11400279466);
#3618 = AXIS2_PLACEMENT_3D('',#3619,#3620,#3621);
#3619 = CARTESIAN_POINT('',(193.07446550714,-102.9482027637,
    -1.854199999998));
#3620 = DIRECTION('',(1.569E-14,-2.2E-16,-1.));
#3621 = DIRECTION('',(1.,-1.E-17,1.569E-14));
#3622 = ORIENTED_EDGE('',*,*,#3623,.T.);
#3623 = EDGE_CURVE('',#3615,#3624,#3626,.T.);
#3624 = VERTEX_POINT('',#3625);
#3625 = CARTESIAN_POINT('',(57.821402433247,111.9729308396,-1.8542));
#3626 = ELLIPSE('',#3627,3.194716988911E+03,215.11400279466);
#3627 = AXIS2_PLACEMENT_3D('',#3628,#3629,#3630);
#3628 = CARTESIAN_POINT('',(193.07446550711,-102.9482027637,-1.8542));
#3629 = DIRECTION('',(-3.8E-16,2.2E-16,1.));
#3630 = DIRECTION('',(1.,-1.E-17,3.8E-16));
#3631 = ORIENTED_EDGE('',*,*,#3632,.F.);
#3632 = EDGE_CURVE('',#3633,#3624,#3635,.T.);
#3633 = VERTEX_POINT('',#3634);
#3634 = CARTESIAN_POINT('',(57.8214012252,112.06843160113,-4.4958));
#3635 = B_SPLINE_CURVE_WITH_KNOTS('',4,(#3636,#3637,#3638,#3639,#3640),
  .UNSPECIFIED.,.F.,.F.,(5,5),(-1.374526739791,3.423357845396),
  .PIECEWISE_BEZIER_KNOTS.);
#3636 = CARTESIAN_POINT('',(57.821400775759,112.10532046221,
    -5.869860687759));
#3637 = CARTESIAN_POINT('',(57.821401077139,112.07694407385,
    -4.670727841875));
#3638 = CARTESIAN_POINT('',(57.821401643905,112.03969308051,
    -3.471809195757));
#3639 = CARTESIAN_POINT('',(57.821402149512,111.99356980647,
    -2.273200712253));
#3640 = CARTESIAN_POINT('',(57.821402874063,111.93857889615,
    -1.075003220594));
#3641 = ORIENTED_EDGE('',*,*,#3642,.F.);
#3642 = EDGE_CURVE('',#3643,#3633,#3645,.T.);
#3643 = VERTEX_POINT('',#3644);
#3644 = CARTESIAN_POINT('',(58.4214,112.06964377411,-4.4958));
#3645 = ELLIPSE('',#3646,3.194716988911E+03,215.11400279466);
#3646 = AXIS2_PLACEMENT_3D('',#3647,#3648,#3649);
#3647 = CARTESIAN_POINT('',(153.93237637123,-102.9482027637,-4.4958));
#3648 = DIRECTION('',(0.,2.2E-16,1.));
#3649 = DIRECTION('',(1.,-1.E-17,2.2E-33));
#3650 = ORIENTED_EDGE('',*,*,#3651,.F.);
#3651 = EDGE_CURVE('',#3652,#3643,#3654,.T.);
#3652 = VERTEX_POINT('',#3653);
#3653 = CARTESIAN_POINT('',(59.7514,112.07230367796,-4.4958));
#3654 = ELLIPSE('',#3655,3.194716988911E+03,215.11400279466);
#3655 = AXIS2_PLACEMENT_3D('',#3656,#3657,#3658);
#3656 = CARTESIAN_POINT('',(153.93237637123,-102.9482027637,-4.4958));
#3657 = DIRECTION('',(0.,2.2E-16,1.));
#3658 = DIRECTION('',(1.,-1.E-17,2.2E-33));
#3659 = ORIENTED_EDGE('',*,*,#3660,.F.);
#3660 = EDGE_CURVE('',#3661,#3652,#3663,.T.);
#3661 = VERTEX_POINT('',#3662);
#3662 = CARTESIAN_POINT('',(59.7514,112.10889122194,-5.8928));
#3663 = ELLIPSE('',#3664,215.60332072748,215.11400279466);
#3664 = AXIS2_PLACEMENT_3D('',#3665,#3666,#3667);
#3665 = CARTESIAN_POINT('',(59.7514,-102.9482027637,-10.85183445484));
#3666 = DIRECTION('',(1.,0.,-0.));
#3667 = DIRECTION('',(0.,0.,1.));
#3668 = ORIENTED_EDGE('',*,*,#3669,.F.);
#3669 = EDGE_CURVE('',#3670,#3661,#3672,.T.);
#3670 = VERTEX_POINT('',#3671);
#3671 = CARTESIAN_POINT('',(62.7486,112.11343958637,-5.8928));
#3672 = ELLIPSE('',#3673,3.194716988911E+03,215.11400279466);
#3673 = AXIS2_PLACEMENT_3D('',#3674,#3675,#3676);
#3674 = CARTESIAN_POINT('',(133.23223307822,-102.9482027637,-5.8928));
#3675 = DIRECTION('',(0.,2.2E-16,1.));
#3676 = DIRECTION('',(1.,-1.E-17,2.2E-33));
#3677 = ORIENTED_EDGE('',*,*,#3678,.F.);
#3678 = EDGE_CURVE('',#3679,#3670,#3681,.T.);
#3679 = VERTEX_POINT('',#3680);
#3680 = CARTESIAN_POINT('',(62.7486,112.07816100765,-4.4958));
#3681 = ELLIPSE('',#3682,215.60332072748,215.11400279466);
#3682 = AXIS2_PLACEMENT_3D('',#3683,#3684,#3685);
#3683 = CARTESIAN_POINT('',(62.7486,-102.9482027637,-10.64956105312));
#3684 = DIRECTION('',(-1.,0.,0.));
#3685 = DIRECTION('',(0.,0.,1.));
#3686 = ORIENTED_EDGE('',*,*,#3687,.F.);
#3687 = EDGE_CURVE('',#3688,#3679,#3690,.T.);
#3688 = VERTEX_POINT('',#3689);
#3689 = CARTESIAN_POINT('',(64.0786,112.0806994577,-4.4958));
#3690 = ELLIPSE('',#3691,3.194716988911E+03,215.11400279466);
#3691 = AXIS2_PLACEMENT_3D('',#3692,#3693,#3694);
#3692 = CARTESIAN_POINT('',(153.93237637123,-102.9482027637,-4.4958));
#3693 = DIRECTION('',(0.,2.2E-16,1.));
#3694 = DIRECTION('',(1.,-1.E-17,2.2E-33));
#3695 = ORIENTED_EDGE('',*,*,#3696,.T.);
#3696 = EDGE_CURVE('',#3688,#3697,#3699,.T.);
#3697 = VERTEX_POINT('',#3698);
#3698 = CARTESIAN_POINT('',(64.678598933311,112.08183240309,-4.4958));
#3699 = ELLIPSE('',#3700,3.194716988911E+03,215.11400279466);
#3700 = AXIS2_PLACEMENT_3D('',#3701,#3702,#3703);
#3701 = CARTESIAN_POINT('',(153.93237637123,-102.9482027637,-4.4958));
#3702 = DIRECTION('',(0.,-2.2E-16,-1.));
#3703 = DIRECTION('',(1.,-1.E-17,2.2E-33));
#3704 = ORIENTED_EDGE('',*,*,#3705,.F.);
#3705 = EDGE_CURVE('',#3515,#3697,#3706,.T.);
#3706 = B_SPLINE_CURVE_WITH_KNOTS('',6,(#3707,#3708,#3709,#3710,#3711,
    #3712,#3713),.UNSPECIFIED.,.F.,.F.,(7,7),(-1.243047620485,
    4.01760200782),.PIECEWISE_BEZIER_KNOTS.);
#3707 = CARTESIAN_POINT('',(64.678597138441,111.93857889615,
    -0.6122286276));
#3708 = CARTESIAN_POINT('',(64.678597583066,111.97877617825,
    -1.488087541147));
#3709 = CARTESIAN_POINT('',(64.678598124694,112.01470892726,
    -2.364142150979));
#3710 = CARTESIAN_POINT('',(64.678598498062,112.04637594436,
    -3.240364667371));
#3711 = CARTESIAN_POINT('',(64.678598821892,112.07377639503,
    -4.116735305523));
#3712 = CARTESIAN_POINT('',(64.678599116674,112.09690930884,
    -4.993218756078));
#3713 = CARTESIAN_POINT('',(64.678599376399,112.11577431081,
    -5.869796662802));
#3714 = CYLINDRICAL_SURFACE('',#3715,215.11400279466);
#3715 = AXIS2_PLACEMENT_3D('',#3716,#3717,#3718);
#3716 = CARTESIAN_POINT('',(74.872757436702,-102.9482027637,
    -9.831332517247));
#3717 = DIRECTION('',(0.99773047126,0.,6.733429081241E-02));
#3718 = DIRECTION('',(-6.733429081241E-02,0.,0.99773047126));
#3719 = ADVANCED_FACE('',(#3720),#3731,.T.);
#3720 = FACE_BOUND('',#3721,.F.);
#3721 = EDGE_LOOP('',(#3722,#3723,#3724,#3730));
#3722 = ORIENTED_EDGE('',*,*,#1535,.F.);
#3723 = ORIENTED_EDGE('',*,*,#3278,.T.);
#3724 = ORIENTED_EDGE('',*,*,#3725,.T.);
#3725 = EDGE_CURVE('',#3271,#2926,#3726,.T.);
#3726 = LINE('',#3727,#3728);
#3727 = CARTESIAN_POINT('',(-111.5,86.,-5.));
#3728 = VECTOR('',#3729,1.);
#3729 = DIRECTION('',(0.,0.,-1.));
#3730 = ORIENTED_EDGE('',*,*,#2925,.F.);
#3731 = CYLINDRICAL_SURFACE('',#3732,3.);
#3732 = AXIS2_PLACEMENT_3D('',#3733,#3734,#3735);
#3733 = CARTESIAN_POINT('',(-108.5,86.,-5.));
#3734 = DIRECTION('',(0.,0.,-1.));
#3735 = DIRECTION('',(0.,1.,0.));
#3736 = ADVANCED_FACE('',(#3737,#3740),#3751,.T.);
#3737 = FACE_BOUND('',#3738,.T.);
#3738 = EDGE_LOOP('',(#3739));
#3739 = ORIENTED_EDGE('',*,*,#1662,.T.);
#3740 = FACE_BOUND('',#3741,.T.);
#3741 = EDGE_LOOP('',(#3742));
#3742 = ORIENTED_EDGE('',*,*,#3743,.F.);
#3743 = EDGE_CURVE('',#3744,#3744,#3746,.T.);
#3744 = VERTEX_POINT('',#3745);
#3745 = CARTESIAN_POINT('',(-98.2,-82.5,-14.));
#3746 = CIRCLE('',#3747,2.3);
#3747 = AXIS2_PLACEMENT_3D('',#3748,#3749,#3750);
#3748 = CARTESIAN_POINT('',(-100.5,-82.5,-14.));
#3749 = DIRECTION('',(0.,0.,1.));
#3750 = DIRECTION('',(1.,0.,0.));
#3751 = PLANE('',#3752);
#3752 = AXIS2_PLACEMENT_3D('',#3753,#3754,#3755);
#3753 = CARTESIAN_POINT('',(-100.5,-82.5,-14.));
#3754 = DIRECTION('',(0.,0.,1.));
#3755 = DIRECTION('',(-1.,0.,0.));
#3756 = ADVANCED_FACE('',(#3757),#3768,.F.);
#3757 = FACE_BOUND('',#3758,.F.);
#3758 = EDGE_LOOP('',(#3759,#3760,#3766,#3767));
#3759 = ORIENTED_EDGE('',*,*,#3743,.F.);
#3760 = ORIENTED_EDGE('',*,*,#3761,.T.);
#3761 = EDGE_CURVE('',#3744,#1710,#3762,.T.);
#3762 = LINE('',#3763,#3764);
#3763 = CARTESIAN_POINT('',(-98.2,-82.5,0.));
#3764 = VECTOR('',#3765,1.);
#3765 = DIRECTION('',(0.,0.,-1.));
#3766 = ORIENTED_EDGE('',*,*,#1709,.T.);
#3767 = ORIENTED_EDGE('',*,*,#3761,.F.);
#3768 = CYLINDRICAL_SURFACE('',#3769,2.3);
#3769 = AXIS2_PLACEMENT_3D('',#3770,#3771,#3772);
#3770 = CARTESIAN_POINT('',(-100.5,-82.5,0.));
#3771 = DIRECTION('',(0.,0.,1.));
#3772 = DIRECTION('',(1.,0.,0.));
#3773 = ADVANCED_FACE('',(#3774),#3785,.F.);
#3774 = FACE_BOUND('',#3775,.F.);
#3775 = EDGE_LOOP('',(#3776,#3777,#3783,#3784));
#3776 = ORIENTED_EDGE('',*,*,#2795,.F.);
#3777 = ORIENTED_EDGE('',*,*,#3778,.T.);
#3778 = EDGE_CURVE('',#2767,#2689,#3779,.T.);
#3779 = LINE('',#3780,#3781);
#3780 = CARTESIAN_POINT('',(-67.78063241221,1.,-18.));
#3781 = VECTOR('',#3782,1.);
#3782 = DIRECTION('',(-1.3E-16,-1.,0.));
#3783 = ORIENTED_EDGE('',*,*,#2688,.T.);
#3784 = ORIENTED_EDGE('',*,*,#1956,.T.);
#3785 = PLANE('',#3786);
#3786 = AXIS2_PLACEMENT_3D('',#3787,#3788,#3789);
#3787 = CARTESIAN_POINT('',(0.,-1.,-18.));
#3788 = DIRECTION('',(0.,0.,-1.));
#3789 = DIRECTION('',(0.,1.,0.));
#3790 = ADVANCED_FACE('',(#3791),#3810,.T.);
#3791 = FACE_BOUND('',#3792,.T.);
#3792 = EDGE_LOOP('',(#3793,#3802,#3803,#3804));
#3793 = ORIENTED_EDGE('',*,*,#3794,.T.);
#3794 = EDGE_CURVE('',#3795,#2268,#3797,.T.);
#3795 = VERTEX_POINT('',#3796);
#3796 = CARTESIAN_POINT('',(-66.70934783435,108.98,-56.40076851781));
#3797 = ELLIPSE('',#3798,5.06798067417,5.);
#3798 = AXIS2_PLACEMENT_3D('',#3799,#3800,#3801);
#3799 = CARTESIAN_POINT('',(-66.70934783435,103.91201932583,
    -56.40076851781));
#3800 = DIRECTION('',(-6.733429081241E-02,2.3E-16,0.99773047126));
#3801 = DIRECTION('',(-8.999152244401E-16,1.,-2.912561676722E-16));
#3802 = ORIENTED_EDGE('',*,*,#2267,.T.);
#3803 = ORIENTED_EDGE('',*,*,#2224,.F.);
#3804 = ORIENTED_EDGE('',*,*,#3805,.F.);
#3805 = EDGE_CURVE('',#3795,#2225,#3806,.T.);
#3806 = LINE('',#3807,#3808);
#3807 = CARTESIAN_POINT('',(-66.70934783435,108.98,-56.40076851781));
#3808 = VECTOR('',#3809,1.);
#3809 = DIRECTION('',(-6.643108482594E-02,0.163240896089,0.984347154622)
  );
#3810 = CYLINDRICAL_SURFACE('',#3811,5.);
#3811 = AXIS2_PLACEMENT_3D('',#3812,#3813,#3814);
#3812 = CARTESIAN_POINT('',(-66.76430638419,104.04706879775,
    -55.58641643689));
#3813 = DIRECTION('',(-6.643108482594E-02,0.163240896089,0.984347154622)
  );
#3814 = DIRECTION('',(1.099170996973E-02,0.986586240449,-0.162870416184)
  );
#3815 = ADVANCED_FACE('',(#3816),#3835,.F.);
#3816 = FACE_BOUND('',#3817,.F.);
#3817 = EDGE_LOOP('',(#3818,#3826,#3832,#3833,#3834));
#3818 = ORIENTED_EDGE('',*,*,#3819,.F.);
#3819 = EDGE_CURVE('',#3820,#3795,#3822,.T.);
#3820 = VERTEX_POINT('',#3821);
#3821 = CARTESIAN_POINT('',(72.370788362086,108.98,-47.01460401082));
#3822 = LINE('',#3823,#3824);
#3823 = CARTESIAN_POINT('',(77.359440718386,108.98,-46.67793255676));
#3824 = VECTOR('',#3825,1.);
#3825 = DIRECTION('',(-0.99773047126,0.,-6.733429081241E-02));
#3826 = ORIENTED_EDGE('',*,*,#3827,.T.);
#3827 = EDGE_CURVE('',#3820,#3588,#3828,.T.);
#3828 = LINE('',#3829,#3830);
#3829 = CARTESIAN_POINT('',(72.370788362086,108.98,-47.01460401082));
#3830 = VECTOR('',#3831,1.);
#3831 = DIRECTION('',(-6.643108482594E-02,0.163240896089,0.984347154622)
  );
#3832 = ORIENTED_EDGE('',*,*,#3596,.T.);
#3833 = ORIENTED_EDGE('',*,*,#2235,.F.);
#3834 = ORIENTED_EDGE('',*,*,#3805,.F.);
#3835 = PLANE('',#3836);
#3836 = AXIS2_PLACEMENT_3D('',#3837,#3838,#3839);
#3837 = CARTESIAN_POINT('',(77.237228165849,109.28031252149,
    -44.86703967935));
#3838 = DIRECTION('',(-1.099170996973E-02,-0.986586240449,0.162870416184
    ));
#3839 = DIRECTION('',(6.643108482594E-02,-0.163240896089,-0.984347154622
    ));
#3840 = ADVANCED_FACE('',(#3841),#3860,.T.);
#3841 = FACE_BOUND('',#3842,.T.);
#3842 = EDGE_LOOP('',(#3843,#3852,#3858,#3859));
#3843 = ORIENTED_EDGE('',*,*,#3844,.T.);
#3844 = EDGE_CURVE('',#2276,#3845,#3847,.T.);
#3845 = VERTEX_POINT('',#3846);
#3846 = CARTESIAN_POINT('',(-66.70934783435,-108.98,-56.40076851781));
#3847 = ELLIPSE('',#3848,5.06798067417,5.);
#3848 = AXIS2_PLACEMENT_3D('',#3849,#3850,#3851);
#3849 = CARTESIAN_POINT('',(-66.70934783435,-103.9120193258,
    -56.40076851781));
#3850 = DIRECTION('',(-6.733429081241E-02,2.3E-16,0.99773047126));
#3851 = DIRECTION('',(-9.597134859067E-16,-1.,1.65754557776E-16));
#3852 = ORIENTED_EDGE('',*,*,#3853,.T.);
#3853 = EDGE_CURVE('',#3845,#2298,#3854,.T.);
#3854 = LINE('',#3855,#3856);
#3855 = CARTESIAN_POINT('',(-66.70934783435,-108.98,-56.40076851781));
#3856 = VECTOR('',#3857,1.);
#3857 = DIRECTION('',(-6.643108482594E-02,-0.163240896089,0.984347154622
    ));
#3858 = ORIENTED_EDGE('',*,*,#2297,.F.);
#3859 = ORIENTED_EDGE('',*,*,#2283,.F.);
#3860 = CYLINDRICAL_SURFACE('',#3861,5.);
#3861 = AXIS2_PLACEMENT_3D('',#3862,#3863,#3864);
#3862 = CARTESIAN_POINT('',(-66.76430638419,-104.0470687977,
    -55.58641643689));
#3863 = DIRECTION('',(-6.643108482594E-02,-0.163240896089,0.984347154622
    ));
#3864 = DIRECTION('',(-0.99773047126,1.734723475977E-17,
    -6.733429081241E-02));
#3865 = ADVANCED_FACE('',(#3866,#3904,#3915,#3926,#3937),#3948,.T.);
#3866 = FACE_BOUND('',#3867,.T.);
#3867 = EDGE_LOOP('',(#3868,#3878,#3887,#3893,#3894,#3895,#3896,#3897));
#3868 = ORIENTED_EDGE('',*,*,#3869,.T.);
#3869 = EDGE_CURVE('',#3870,#3872,#3874,.T.);
#3870 = VERTEX_POINT('',#3871);
#3871 = CARTESIAN_POINT('',(77.359440718386,103.91201932583,
    -46.67793255676));
#3872 = VERTEX_POINT('',#3873);
#3873 = CARTESIAN_POINT('',(77.359440718386,-103.9120193258,
    -46.67793255676));
#3874 = LINE('',#3875,#3876);
#3875 = CARTESIAN_POINT('',(77.359440718386,-106.98,-46.67793255676));
#3876 = VECTOR('',#3877,1.);
#3877 = DIRECTION('',(0.,-1.,2.2E-16));
#3878 = ORIENTED_EDGE('',*,*,#3879,.T.);
#3879 = EDGE_CURVE('',#3872,#3880,#3882,.T.);
#3880 = VERTEX_POINT('',#3881);
#3881 = CARTESIAN_POINT('',(72.370788362086,-108.98,-47.01460401082));
#3882 = ELLIPSE('',#3883,5.06798067417,5.);
#3883 = AXIS2_PLACEMENT_3D('',#3884,#3885,#3886);
#3884 = CARTESIAN_POINT('',(72.370788362086,-103.9120193258,
    -47.01460401082));
#3885 = DIRECTION('',(6.733429081241E-02,-2.3E-16,-0.99773047126));
#3886 = DIRECTION('',(1.049977249039E-15,1.,-1.596628860754E-16));
#3887 = ORIENTED_EDGE('',*,*,#3888,.T.);
#3888 = EDGE_CURVE('',#3880,#3845,#3889,.T.);
#3889 = LINE('',#3890,#3891);
#3890 = CARTESIAN_POINT('',(77.359440718386,-108.98,-46.67793255676));
#3891 = VECTOR('',#3892,1.);
#3892 = DIRECTION('',(-0.99773047126,0.,-6.733429081241E-02));
#3893 = ORIENTED_EDGE('',*,*,#3844,.F.);
#3894 = ORIENTED_EDGE('',*,*,#2275,.T.);
#3895 = ORIENTED_EDGE('',*,*,#3794,.F.);
#3896 = ORIENTED_EDGE('',*,*,#3819,.F.);
#3897 = ORIENTED_EDGE('',*,*,#3898,.T.);
#3898 = EDGE_CURVE('',#3820,#3870,#3899,.T.);
#3899 = ELLIPSE('',#3900,5.06798067417,5.);
#3900 = AXIS2_PLACEMENT_3D('',#3901,#3902,#3903);
#3901 = CARTESIAN_POINT('',(72.370788362086,103.91201932583,
    -47.01460401082));
#3902 = DIRECTION('',(6.733429081241E-02,-2.3E-16,-0.99773047126));
#3903 = DIRECTION('',(-9.901789875724E-16,1.,-2.973478393728E-16));
#3904 = FACE_BOUND('',#3905,.T.);
#3905 = EDGE_LOOP('',(#3906));
#3906 = ORIENTED_EDGE('',*,*,#3907,.F.);
#3907 = EDGE_CURVE('',#3908,#3908,#3910,.T.);
#3908 = VERTEX_POINT('',#3909);
#3909 = CARTESIAN_POINT('',(72.470599841033,-100.68,-47.00786798808));
#3910 = CIRCLE('',#3911,6.5);
#3911 = AXIS2_PLACEMENT_3D('',#3912,#3913,#3914);
#3912 = CARTESIAN_POINT('',(65.985351777843,-100.68,-47.44554087836));
#3913 = DIRECTION('',(6.733429081241E-02,2.542464533156E-16,
    -0.99773047126));
#3914 = DIRECTION('',(0.99773047126,4.579669976579E-16,
    6.733429081241E-02));
#3915 = FACE_BOUND('',#3916,.T.);
#3916 = EDGE_LOOP('',(#3917));
#3917 = ORIENTED_EDGE('',*,*,#3918,.F.);
#3918 = EDGE_CURVE('',#3919,#3919,#3921,.T.);
#3919 = VERTEX_POINT('',#3920);
#3920 = CARTESIAN_POINT('',(-57.63000054588,-100.68,-55.78802647142));
#3921 = CIRCLE('',#3922,6.5);
#3922 = AXIS2_PLACEMENT_3D('',#3923,#3924,#3925);
#3923 = CARTESIAN_POINT('',(-64.11524860907,-100.68,-56.2256993617));
#3924 = DIRECTION('',(6.733429081241E-02,2.542464533156E-16,
    -0.99773047126));
#3925 = DIRECTION('',(0.99773047126,4.579669976579E-16,
    6.733429081241E-02));
#3926 = FACE_BOUND('',#3927,.T.);
#3927 = EDGE_LOOP('',(#3928));
#3928 = ORIENTED_EDGE('',*,*,#3929,.F.);
#3929 = EDGE_CURVE('',#3930,#3930,#3932,.T.);
#3930 = VERTEX_POINT('',#3931);
#3931 = CARTESIAN_POINT('',(72.470599841033,100.68,-47.00786798808));
#3932 = CIRCLE('',#3933,6.5);
#3933 = AXIS2_PLACEMENT_3D('',#3934,#3935,#3936);
#3934 = CARTESIAN_POINT('',(65.985351777843,100.68,-47.44554087836));
#3935 = DIRECTION('',(6.733429081241E-02,2.542464533156E-16,
    -0.99773047126));
#3936 = DIRECTION('',(0.99773047126,4.579669976579E-16,
    6.733429081241E-02));
#3937 = FACE_BOUND('',#3938,.T.);
#3938 = EDGE_LOOP('',(#3939));
#3939 = ORIENTED_EDGE('',*,*,#3940,.F.);
#3940 = EDGE_CURVE('',#3941,#3941,#3943,.T.);
#3941 = VERTEX_POINT('',#3942);
#3942 = CARTESIAN_POINT('',(-57.63000054588,100.68,-55.78802647142));
#3943 = CIRCLE('',#3944,6.5);
#3944 = AXIS2_PLACEMENT_3D('',#3945,#3946,#3947);
#3945 = CARTESIAN_POINT('',(-64.11524860907,100.68,-56.2256993617));
#3946 = DIRECTION('',(6.733429081241E-02,2.542464533156E-16,
    -0.99773047126));
#3947 = DIRECTION('',(0.99773047126,4.579669976579E-16,
    6.733429081241E-02));
#3948 = PLANE('',#3949);
#3949 = AXIS2_PLACEMENT_3D('',#3950,#3951,#3952);
#3950 = CARTESIAN_POINT('',(2.830720263868,-1.08E-14,-51.70768626432));
#3951 = DIRECTION('',(6.733429081241E-02,-2.3E-16,-0.99773047126));
#3952 = DIRECTION('',(-0.99773047126,1.E-17,-6.733429081241E-02));
#3953 = ADVANCED_FACE('',(#3954),#3966,.T.);
#3954 = FACE_BOUND('',#3955,.T.);
#3955 = EDGE_LOOP('',(#3956,#3957,#3963,#3964,#3965));
#3956 = ORIENTED_EDGE('',*,*,#3888,.F.);
#3957 = ORIENTED_EDGE('',*,*,#3958,.F.);
#3958 = EDGE_CURVE('',#2822,#3880,#3959,.T.);
#3959 = LINE('',#3960,#3961);
#3960 = CARTESIAN_POINT('',(72.248575809548,-109.2803125214,
    -45.20371113341));
#3961 = VECTOR('',#3962,1.);
#3962 = DIRECTION('',(6.643108482594E-02,0.163240896089,-0.984347154622)
  );
#3963 = ORIENTED_EDGE('',*,*,#2821,.T.);
#3964 = ORIENTED_EDGE('',*,*,#2306,.F.);
#3965 = ORIENTED_EDGE('',*,*,#3853,.F.);
#3966 = PLANE('',#3967);
#3967 = AXIS2_PLACEMENT_3D('',#3968,#3969,#3970);
#3968 = CARTESIAN_POINT('',(77.237228165848,-109.2803125214,
    -44.86703967935));
#3969 = DIRECTION('',(1.099170996973E-02,-0.986586240449,-0.162870416184
    ));
#3970 = DIRECTION('',(6.643108482594E-02,0.163240896089,-0.984347154622)
  );
#3971 = ADVANCED_FACE('',(#3972),#3997,.F.);
#3972 = FACE_BOUND('',#3973,.F.);
#3973 = EDGE_LOOP('',(#3974,#3982,#3990,#3996));
#3974 = ORIENTED_EDGE('',*,*,#3975,.F.);
#3975 = EDGE_CURVE('',#3976,#2421,#3978,.T.);
#3976 = VERTEX_POINT('',#3977);
#3977 = CARTESIAN_POINT('',(-70.24794700371,3.2,-48.52115457304));
#3978 = LINE('',#3979,#3980);
#3979 = CARTESIAN_POINT('',(-70.24794700371,3.2,-48.52115457304));
#3980 = VECTOR('',#3981,1.);
#3981 = DIRECTION('',(-0.99773047126,0.,-6.733429081241E-02));
#3982 = ORIENTED_EDGE('',*,*,#3983,.F.);
#3983 = EDGE_CURVE('',#3984,#3976,#3986,.T.);
#3984 = VERTEX_POINT('',#3985);
#3985 = CARTESIAN_POINT('',(-70.24794700371,-3.2,-48.52115457304));
#3986 = LINE('',#3987,#3988);
#3987 = CARTESIAN_POINT('',(-70.24794700371,-3.2,-48.52115457304));
#3988 = VECTOR('',#3989,1.);
#3989 = DIRECTION('',(4.024558464266E-16,1.,-1.99E-15));
#3990 = ORIENTED_EDGE('',*,*,#3991,.T.);
#3991 = EDGE_CURVE('',#3984,#2413,#3992,.T.);
#3992 = LINE('',#3993,#3994);
#3993 = CARTESIAN_POINT('',(-70.24794700371,-3.2,-48.52115457304));
#3994 = VECTOR('',#3995,1.);
#3995 = DIRECTION('',(-0.99773047126,0.,-6.733429081241E-02));
#3996 = ORIENTED_EDGE('',*,*,#2420,.T.);
#3997 = PLANE('',#3998);
#3998 = AXIS2_PLACEMENT_3D('',#3999,#4000,#4001);
#3999 = CARTESIAN_POINT('',(-70.24794700371,-3.2,-48.52115457304));
#4000 = DIRECTION('',(6.733429081241E-02,-2.22E-15,-0.99773047126));
#4001 = DIRECTION('',(1.496591679723E-16,1.,-2.214949698058E-15));
#4002 = ADVANCED_FACE('',(#4003),#4022,.F.);
#4003 = FACE_BOUND('',#4004,.F.);
#4004 = EDGE_LOOP('',(#4005,#4006,#4015,#4021));
#4005 = ORIENTED_EDGE('',*,*,#3991,.F.);
#4006 = ORIENTED_EDGE('',*,*,#4007,.F.);
#4007 = EDGE_CURVE('',#4008,#3984,#4010,.T.);
#4008 = VERTEX_POINT('',#4009);
#4009 = CARTESIAN_POINT('',(-70.90782305367,-3.2,-38.74339595469));
#4010 = CIRCLE('',#4011,4.9);
#4011 = AXIS2_PLACEMENT_3D('',#4012,#4013,#4014);
#4012 = CARTESIAN_POINT('',(-70.57788502869,-3.2,-43.63227526387));
#4013 = DIRECTION('',(0.99773047126,-2.365502875015E-16,
    6.733429081241E-02));
#4014 = DIRECTION('',(-6.733429081241E-02,-2.072994553792E-16,
    0.99773047126));
#4015 = ORIENTED_EDGE('',*,*,#4016,.T.);
#4016 = EDGE_CURVE('',#4008,#2444,#4017,.T.);
#4017 = LINE('',#4018,#4019);
#4018 = CARTESIAN_POINT('',(-70.90782305367,-3.2,-38.74339595469));
#4019 = VECTOR('',#4020,1.);
#4020 = DIRECTION('',(-0.99773047126,0.,-6.733429081241E-02));
#4021 = ORIENTED_EDGE('',*,*,#2453,.T.);
#4022 = CYLINDRICAL_SURFACE('',#4023,4.9);
#4023 = AXIS2_PLACEMENT_3D('',#4024,#4025,#4026);
#4024 = CARTESIAN_POINT('',(-70.57788502869,-3.2,-43.63227526387));
#4025 = DIRECTION('',(0.99773047126,0.,6.733429081241E-02));
#4026 = DIRECTION('',(-6.733429081241E-02,0.,0.99773047126));
#4027 = ADVANCED_FACE('',(#4028),#4047,.F.);
#4028 = FACE_BOUND('',#4029,.F.);
#4029 = EDGE_LOOP('',(#4030,#4038,#4045,#4046));
#4030 = ORIENTED_EDGE('',*,*,#4031,.F.);
#4031 = EDGE_CURVE('',#4032,#2544,#4034,.T.);
#4032 = VERTEX_POINT('',#4033);
#4033 = CARTESIAN_POINT('',(-70.90782305367,3.2,-38.74339595469));
#4034 = LINE('',#4035,#4036);
#4035 = CARTESIAN_POINT('',(-70.90782305367,3.2,-38.74339595469));
#4036 = VECTOR('',#4037,1.);
#4037 = DIRECTION('',(-0.99773047126,0.,-6.733429081241E-02));
#4038 = ORIENTED_EDGE('',*,*,#4039,.F.);
#4039 = EDGE_CURVE('',#3976,#4032,#4040,.T.);
#4040 = CIRCLE('',#4041,4.9);
#4041 = AXIS2_PLACEMENT_3D('',#4042,#4043,#4044);
#4042 = CARTESIAN_POINT('',(-70.57788502869,3.2,-43.63227526387));
#4043 = DIRECTION('',(0.99773047126,-2.365502875015E-16,
    6.733429081241E-02));
#4044 = DIRECTION('',(-6.733429081241E-02,-2.072994553792E-16,
    0.99773047126));
#4045 = ORIENTED_EDGE('',*,*,#3975,.T.);
#4046 = ORIENTED_EDGE('',*,*,#2550,.T.);
#4047 = CYLINDRICAL_SURFACE('',#4048,4.9);
#4048 = AXIS2_PLACEMENT_3D('',#4049,#4050,#4051);
#4049 = CARTESIAN_POINT('',(-70.57788502869,3.2,-43.63227526387));
#4050 = DIRECTION('',(0.99773047126,0.,6.733429081241E-02));
#4051 = DIRECTION('',(-6.733429081241E-02,0.,0.99773047126));
#4052 = ADVANCED_FACE('',(#4053),#4064,.T.);
#4053 = FACE_BOUND('',#4054,.T.);
#4054 = EDGE_LOOP('',(#4055,#4056,#4062,#4063));
#4055 = ORIENTED_EDGE('',*,*,#4031,.F.);
#4056 = ORIENTED_EDGE('',*,*,#4057,.F.);
#4057 = EDGE_CURVE('',#4008,#4032,#4058,.T.);
#4058 = LINE('',#4059,#4060);
#4059 = CARTESIAN_POINT('',(-70.90782305367,-3.2,-38.74339595469));
#4060 = VECTOR('',#4061,1.);
#4061 = DIRECTION('',(2.498001805407E-16,1.,2.2E-16));
#4062 = ORIENTED_EDGE('',*,*,#4016,.T.);
#4063 = ORIENTED_EDGE('',*,*,#2672,.F.);
#4064 = PLANE('',#4065);
#4065 = AXIS2_PLACEMENT_3D('',#4066,#4067,#4068);
#4066 = CARTESIAN_POINT('',(-70.90782305367,-3.2,-38.74339595469));
#4067 = DIRECTION('',(6.733429081241E-02,0.,-0.99773047126));
#4068 = DIRECTION('',(0.,1.,0.));
#4069 = ADVANCED_FACE('',(#4070),#4118,.F.);
#4070 = FACE_BOUND('',#4071,.F.);
#4071 = EDGE_LOOP('',(#4072,#4081,#4110,#4117));
#4072 = ORIENTED_EDGE('',*,*,#4073,.T.);
#4073 = EDGE_CURVE('',#2689,#4074,#4076,.T.);
#4074 = VERTEX_POINT('',#4075);
#4075 = CARTESIAN_POINT('',(-65.21288945896,-1.,-22.55135299852));
#4076 = CIRCLE('',#4077,3.);
#4077 = AXIS2_PLACEMENT_3D('',#4078,#4079,#4080);
#4078 = CARTESIAN_POINT('',(-67.78063241221,-1.,-21.));
#4079 = DIRECTION('',(1.3E-16,1.,-0.));
#4080 = DIRECTION('',(0.,0.,1.));
#4081 = ORIENTED_EDGE('',*,*,#4082,.T.);
#4082 = EDGE_CURVE('',#4074,#4083,#4085,.T.);
#4083 = VERTEX_POINT('',#4084);
#4084 = CARTESIAN_POINT('',(-56.75451088495,-1.,-8.551352998523));
#4085 = ( BOUNDED_CURVE() B_SPLINE_CURVE(12,(#4086,#4087,#4088,#4089,
    #4090,#4091,#4092,#4093,#4094,#4095,#4096,#4097,#4098,#4099,#4100,
    #4101,#4102,#4103,#4104,#4105,#4106,#4107,#4108,#4109),
.UNSPECIFIED.,.F.,.F.) B_SPLINE_CURVE_WITH_KNOTS((13,11,13),(
    17.644626859394,24.466940289091,31.289253718788),.UNSPECIFIED.) 
CURVE() GEOMETRIC_REPRESENTATION_ITEM() RATIONAL_B_SPLINE_CURVE((
    1.057705495742,1.057705495742,1.056045342497,1.05274205468,
    1.048268086819,1.043769382738,1.040658778469,1.03691917075,
    1.034203913272,1.03141588233,1.028994976653,1.026767358159,
    1.022735087489,1.020927575696,1.019313948708,1.017893897224,
    1.016665653658,1.015632158098,1.01480003163,1.014168983656,
    1.013723116505,1.013436388566,1.013292258798,1.013292258798)) 
REPRESENTATION_ITEM('') );
#4086 = CARTESIAN_POINT('',(-65.21288945896,-1.,-22.55135299852));
#4087 = CARTESIAN_POINT('',(-65.21288945896,-2.336466476801,
    -22.55135299852));
#4088 = CARTESIAN_POINT('',(-65.03172873054,-3.677402271667,
    -22.25150236219));
#4089 = CARTESIAN_POINT('',(-64.66987182482,-4.901854682248,
    -21.65256999756));
#4090 = CARTESIAN_POINT('',(-64.16345289788,-5.882853185418,
    -20.81436384315));
#4091 = CARTESIAN_POINT('',(-63.65699503671,-6.566870371764,
    -19.97609324621));
#4092 = CARTESIAN_POINT('',(-63.12621295382,-7.169150487466,
    -19.09756208384));
#4093 = CARTESIAN_POINT('',(-62.58470156038,-7.537706196632,
    -18.20127215759));
#4094 = CARTESIAN_POINT('',(-62.05623316007,-7.819441395457,
    -17.32657051832));
#4095 = CARTESIAN_POINT('',(-61.52877079065,-7.955785545567,
    -16.45353402471));
#4096 = CARTESIAN_POINT('',(-61.01667107095,-7.987540282351,
    -15.60592522911));
#4097 = CARTESIAN_POINT('',(-60.52077579371,-7.913631068368,
    -14.7851374362));
#4098 = CARTESIAN_POINT('',(-59.57019277005,-7.572561689877,
    -13.21176705383));
#4099 = CARTESIAN_POINT('',(-59.11594986139,-7.304579512363,
    -12.45992074361));
#4100 = CARTESIAN_POINT('',(-58.68825235902,-6.94731599802,
    -11.7520114226));
#4101 = CARTESIAN_POINT('',(-58.29142311047,-6.507540781397,
    -11.0951941105));
#4102 = CARTESIAN_POINT('',(-57.93032258095,-5.992104802319,
    -10.49751367221));
#4103 = CARTESIAN_POINT('',(-57.60958565594,-5.408518076921,
    -9.966641601303));
#4104 = CARTESIAN_POINT('',(-57.33337433342,-4.764821846719,
    -9.509466685162));
#4105 = CARTESIAN_POINT('',(-57.10578878367,-4.069463728546,
    -9.132775376227));
#4106 = CARTESIAN_POINT('',(-56.93114934381,-3.331961356498,
    -8.843718539074));
#4107 = CARTESIAN_POINT('',(-56.8133656493,-2.564405873818,
    -8.648767259847));
#4108 = CARTESIAN_POINT('',(-56.75451088495,-1.782226550429,
    -8.551352998523));
#4109 = CARTESIAN_POINT('',(-56.75451088495,-1.,-8.551352998523));
#4110 = ORIENTED_EDGE('',*,*,#4111,.F.);
#4111 = EDGE_CURVE('',#2697,#4083,#4112,.T.);
#4112 = CIRCLE('',#4113,3.);
#4113 = AXIS2_PLACEMENT_3D('',#4114,#4115,#4116);
#4114 = CARTESIAN_POINT('',(-59.32225383821,-1.,-7.));
#4115 = DIRECTION('',(-1.3E-16,-1.,-0.));
#4116 = DIRECTION('',(0.,0.,-1.));
#4117 = ORIENTED_EDGE('',*,*,#2696,.F.);
#4118 = ( BOUNDED_SURFACE() B_SPLINE_SURFACE(6,12,(
    (#4119,#4120,#4121,#4122,#4123,#4124,#4125,#4126,#4127,#4128,#4129
      ,#4130,#4131,#4132,#4133,#4134,#4135,#4136,#4137,#4138,#4139,#4140
      ,#4141,#4142)
    ,(#4143,#4144,#4145,#4146,#4147,#4148,#4149,#4150,#4151,#4152,#4153
      ,#4154,#4155,#4156,#4157,#4158,#4159,#4160,#4161,#4162,#4163,#4164
      ,#4165,#4166)
    ,(#4167,#4168,#4169,#4170,#4171,#4172,#4173,#4174,#4175,#4176,#4177
      ,#4178,#4179,#4180,#4181,#4182,#4183,#4184,#4185,#4186,#4187,#4188
      ,#4189,#4190)
    ,(#4191,#4192,#4193,#4194,#4195,#4196,#4197,#4198,#4199,#4200,#4201
      ,#4202,#4203,#4204,#4205,#4206,#4207,#4208,#4209,#4210,#4211,#4212
      ,#4213,#4214)
    ,(#4215,#4216,#4217,#4218,#4219,#4220,#4221,#4222,#4223,#4224,#4225
      ,#4226,#4227,#4228,#4229,#4230,#4231,#4232,#4233,#4234,#4235,#4236
      ,#4237,#4238)
    ,(#4239,#4240,#4241,#4242,#4243,#4244,#4245,#4246,#4247,#4248,#4249
      ,#4250,#4251,#4252,#4253,#4254,#4255,#4256,#4257,#4258,#4259,#4260
      ,#4261,#4262)
    ,(#4263,#4264,#4265,#4266,#4267,#4268,#4269,#4270,#4271,#4272,#4273
      ,#4274,#4275,#4276,#4277,#4278,#4279,#4280,#4281,#4282,#4283,#4284
      ,#4285,#4286
)),.UNSPECIFIED.,.F.,.F.,.F.) B_SPLINE_SURFACE_WITH_KNOTS((7,7),(13,11,
    13),(0.,13.644626859394),(17.644626859394,24.466940289091,
31.289253718788),.UNSPECIFIED.) GEOMETRIC_REPRESENTATION_ITEM() 
RATIONAL_B_SPLINE_SURFACE((
    (1.057705495742,1.057705495742,1.056045342497,1.05274205468
      ,1.048268086819,1.043769382738,1.040658778469,1.03691917075
      ,1.034203913272,1.03141588233,1.028994976653,1.026767358159
      ,1.022735087489,1.020927575696,1.019313948708,1.017893897224
      ,1.016665653658,1.015632158098,1.01480003163,1.014168983656
      ,1.013723116505,1.013436388566,1.013292258798,1.013292258798)
    ,(1.017749806188,1.017749806188,1.01728215955,1.01634966374
      ,1.015085017244,1.013755123277,1.012830074715,1.011716187498
      ,1.010887479643,1.010039780895,1.009294436483,1.008605148423
      ,1.007350023504,1.006783442023,1.006274582986,1.005824456333
      ,1.005433389734,1.005103122862,1.004836483117,1.00463391848
      ,1.004490653479,1.004398473761,1.004352135444,1.004352135444)
    ,(0.996258029804,0.996258029804,0.996359839124,0.996562817936
      ,0.996837928497,0.997126601336,0.997324643752,0.99756495857
      ,0.997741446235,0.997922348003,0.998080471592,0.998226281825
      ,0.998490908276,0.998609893753,0.998716363072,0.99881022769
      ,0.998891526396,0.998960004651,0.999015179137,0.999057039459
      ,0.99908662335,0.999105650546,0.999115215102,0.999115215102)
    ,(0.989192522007,0.989192522007,0.989486411333,0.99007176939
      ,0.990865288215,0.991680085771,0.99224911168,0.992930932584
      ,0.993434951525,0.993951021229,0.994403133056,0.994820752393
      ,0.995580114736,0.995922336586,0.996229310734,0.996500594938
      ,0.996736111207,0.996934903488,0.997095338267,0.997217191353
      ,0.99730336124,0.997358801066,0.9973866702,0.9973866702)
    ,(0.996258029804,0.996258029804,0.996359839124,0.996562817936
      ,0.996837928497,0.997126601336,0.997324643752,0.99756495857
      ,0.997741446235,0.997922348003,0.998080471592,0.998226281825
      ,0.998490908276,0.998609893753,0.998716363072,0.99881022769
      ,0.998891526396,0.998960004651,0.999015179137,0.999057039459
      ,0.99908662335,0.999105650546,0.999115215102,0.999115215102)
    ,(1.017749806188,1.017749806188,1.01728215955,1.01634966374
      ,1.015085017244,1.013755123277,1.012830074715,1.011716187498
      ,1.010887479643,1.010039780895,1.009294436483,1.008605148423
      ,1.007350023504,1.006783442023,1.006274582986,1.005824456333
      ,1.005433389734,1.005103122862,1.004836483117,1.00463391848
      ,1.004490653479,1.004398473761,1.004352135444,1.004352135444)
    ,(1.057705495742,1.057705495742,1.056045342497,1.05274205468
      ,1.048268086819,1.043769382738,1.040658778469,1.03691917075
      ,1.034203913272,1.03141588233,1.028994976653,1.026767358159
      ,1.022735087489,1.020927575696,1.019313948708,1.017893897224
      ,1.016665653658,1.015632158098,1.01480003163,1.014168983656
      ,1.013723116505,1.013436388566,1.013292258798,1.013292258798
))) REPRESENTATION_ITEM('') SURFACE() );
#4119 = CARTESIAN_POINT('',(-67.78063241221,-1.,-18.));
#4120 = CARTESIAN_POINT('',(-67.78063241221,-1.943876668943,-18.));
#4121 = CARTESIAN_POINT('',(-67.54490193422,-2.890922393447,
    -17.75598630192));
#4122 = CARTESIAN_POINT('',(-67.07404690527,-3.713263328007,
    -17.27235638994));
#4123 = CARTESIAN_POINT('',(-66.42626537084,-4.283258957304,
    -16.60754650428));
#4124 = CARTESIAN_POINT('',(-65.79326596801,-4.54305405446,
    -16.07535957462));
#4125 = CARTESIAN_POINT('',(-65.23620191204,-4.863317872091,
    -15.53845504365));
#4126 = CARTESIAN_POINT('',(-64.63633626836,-4.953178002782,
    -15.0037209091));
#4127 = CARTESIAN_POINT('',(-64.11251726202,-5.059224662264,
    -14.51979188226));
#4128 = CARTESIAN_POINT('',(-63.58412923982,-5.062597967591,
    -14.03296570273));
#4129 = CARTESIAN_POINT('',(-63.08897252882,-5.023451089203,
    -13.5737928768));
#4130 = CARTESIAN_POINT('',(-62.61617018741,-4.929645690445,
    -13.13311610269));
#4131 = CARTESIAN_POINT('',(-61.7241030809,-4.646691280133,
    -12.2980084395));
#4132 = CARTESIAN_POINT('',(-61.30519896622,-4.456965403907,
    -11.90386578698));
#4133 = CARTESIAN_POINT('',(-60.91655558925,-4.223342684833,
    -11.53660321184));
#4134 = CARTESIAN_POINT('',(-60.56264123802,-3.949494534867,
    -11.20063163384));
#4135 = CARTESIAN_POINT('',(-60.24715616666,-3.639821108467,
    -10.8998484616));
#4136 = CARTESIAN_POINT('',(-59.97443915382,-3.299436845763,
    -10.63852841377));
#4137 = CARTESIAN_POINT('',(-59.74913789556,-2.934894530987,
    -10.4209765944));
#4138 = CARTESIAN_POINT('',(-59.57377035839,-2.554655293942,
    -10.24971407197));
#4139 = CARTESIAN_POINT('',(-59.44679054851,-2.167599846452,
    -10.12411514403));
#4140 = CARTESIAN_POINT('',(-59.36387006025,-1.779335373905,
    -10.04143469831));
#4141 = CARTESIAN_POINT('',(-59.32225383821,-1.389636742571,-10.));
#4142 = CARTESIAN_POINT('',(-59.32225383821,-1.,-10.));
#4143 = CARTESIAN_POINT('',(-66.68202173034,-1.,-18.));
#4144 = CARTESIAN_POINT('',(-66.68202173034,-1.85701650062,-18.));
#4145 = CARTESIAN_POINT('',(-66.47055848979,-2.71491313186,
    -17.80116129742));
#4146 = CARTESIAN_POINT('',(-66.04993114511,-3.471963238921,
    -17.40806127003));
#4147 = CARTESIAN_POINT('',(-65.47238463597,-4.022551172712,
    -16.86541178967));
#4148 = CARTESIAN_POINT('',(-64.91753680947,-4.341317387777,
    -16.41904766877));
#4149 = CARTESIAN_POINT('',(-64.41177997554,-4.690120556749,
    -15.91924682273));
#4150 = CARTESIAN_POINT('',(-63.87272743051,-4.846451491715,
    -15.43162783664));
#4151 = CARTESIAN_POINT('',(-63.39030272543,-5.003239239947,
    -14.95042959156));
#4152 = CARTESIAN_POINT('',(-62.90225211337,-5.061563151578,
    -14.46524422627));
#4153 = CARTESIAN_POINT('',(-62.43946957658,-5.070359909135,
    -13.99033146922));
#4154 = CARTESIAN_POINT('',(-61.99430916385,-5.018264516807,
    -13.52578374314));
#4155 = CARTESIAN_POINT('',(-61.14953032508,-4.803665741772,
    -12.63001800151));
#4156 = CARTESIAN_POINT('',(-60.7498994587,-4.640773375599,
    -12.19886116209));
#4157 = CARTESIAN_POINT('',(-60.3762864739,-4.425270391585,
    -11.78993475459));
#4158 = CARTESIAN_POINT('',(-60.03355424781,-4.160219845284,
    -11.40997122809));
#4159 = CARTESIAN_POINT('',(-59.72591600207,-3.849848227662,
    -11.06506360552));
#4160 = CARTESIAN_POINT('',(-59.45805500796,-3.49947077696,
    -10.76154187488));
#4161 = CARTESIAN_POINT('',(-59.23482329296,-3.116130617613,
    -10.50561392684));
#4162 = CARTESIAN_POINT('',(-59.05921230829,-2.709050990201,
    -10.30155316836));
#4163 = CARTESIAN_POINT('',(-58.93072200171,-2.288297962311,
    -10.15027094825));
#4164 = CARTESIAN_POINT('',(-58.84633627321,-1.861355527183,
    -10.05014843296));
#4165 = CARTESIAN_POINT('',(-58.80402357494,-1.430609917728,-10.));
#4166 = CARTESIAN_POINT('',(-58.80402357494,-1.,-10.));
#4167 = CARTESIAN_POINT('',(-65.63763190486,-1.,-18.47456213922));
#4168 = CARTESIAN_POINT('',(-65.63763190486,-1.836545984023,
    -18.47456213922));
#4169 = CARTESIAN_POINT('',(-65.45607899428,-2.672962248112,
    -18.29562517833));
#4170 = CARTESIAN_POINT('',(-65.09564556763,-3.425380362001,
    -17.94157769665));
#4171 = CARTESIAN_POINT('',(-64.59953217973,-4.002809050218,
    -17.44940161214));
#4172 = CARTESIAN_POINT('',(-64.12383376866,-4.397720899756,
    -17.01364588372));
#4173 = CARTESIAN_POINT('',(-63.66422892833,-4.785640723373,
    -16.49874664015));
#4174 = CARTESIAN_POINT('',(-63.18276706332,-5.007199888364,
    -15.99730194806));
#4175 = CARTESIAN_POINT('',(-62.73409652404,-5.206636503924,
    -15.47695457431));
#4176 = CARTESIAN_POINT('',(-62.28036839928,-5.307491698986,
    -14.9528385773));
#4177 = CARTESIAN_POINT('',(-61.84341130933,-5.348390670074,
    -14.43014613154));
#4178 = CARTESIAN_POINT('',(-61.41986232176,-5.320363874811,
    -13.91494370816));
#4179 = CARTESIAN_POINT('',(-60.61056970095,-5.136719150383,
    -12.91461815321));
#4180 = CARTESIAN_POINT('',(-60.22468114045,-4.980900614798,
    -12.4294573856));
#4181 = CARTESIAN_POINT('',(-59.86129279592,-4.763835077138,
    -11.9662516465));
#4182 = CARTESIAN_POINT('',(-59.52558090759,-4.488665033859,
    -11.53317006656));
#4183 = CARTESIAN_POINT('',(-59.22221684371,-4.159846116303,
    -11.1377546273));
#4184 = CARTESIAN_POINT('',(-58.95614815071,-3.783088876971,
    -10.78762563092));
#4185 = CARTESIAN_POINT('',(-58.73232625802,-3.365876031784,
    -10.49012031783));
#4186 = CARTESIAN_POINT('',(-58.55416089885,-2.917847443475,
    -10.25069417194));
#4187 = CARTESIAN_POINT('',(-58.42225892714,-2.449724923445,
    -10.07162007502));
#4188 = CARTESIAN_POINT('',(-58.33506737406,-1.970481380061,
    -9.952560300997));
#4189 = CARTESIAN_POINT('',(-58.29139077565,-1.48514753334,
    -9.892964645821));
#4190 = CARTESIAN_POINT('',(-58.29139077565,-1.,-9.892964645821));
#4191 = CARTESIAN_POINT('',(-64.86098064772,-1.,-19.35281613035));
#4192 = CARTESIAN_POINT('',(-64.86098064772,-1.890072290895,
    -19.35281613035));
#4193 = CARTESIAN_POINT('',(-64.7033981278,-2.77966757774,
    -19.16531632308));
#4194 = CARTESIAN_POINT('',(-64.39060824418,-3.590292906672,
    -18.79349547704));
#4195 = CARTESIAN_POINT('',(-63.95777648537,-4.235417912781,
    -18.27452252589));
#4196 = CARTESIAN_POINT('',(-63.53665315708,-4.710852384496,
    -17.77944678733));
#4197 = CARTESIAN_POINT('',(-63.10361640476,-5.14537880993,
    -17.20245834853));
#4198 = CARTESIAN_POINT('',(-62.6582380827,-5.421588337571,
    -16.63323373044));
#4199 = CARTESIAN_POINT('',(-62.22549859264,-5.652572059591,
    -16.04002403168));
#4200 = CARTESIAN_POINT('',(-61.78935816622,-5.779717333517,
    -15.44415270801));
#4201 = CARTESIAN_POINT('',(-61.36359755576,-5.835086784118,
    -14.84934139008));
#4202 = CARTESIAN_POINT('',(-60.94868801725,-5.812603477681,
    -14.26384252048));
#4203 = CARTESIAN_POINT('',(-60.1516280597,-5.622674353626,
    -13.12808704779));
#4204 = CARTESIAN_POINT('',(-59.7693295311,-5.455134696486,
    -12.57773462232));
#4205 = CARTESIAN_POINT('',(-59.40754542415,-5.218382875047,
    -12.052637079));
#4206 = CARTESIAN_POINT('',(-59.07156587213,-4.916129682517,
    -11.56151188831));
#4207 = CARTESIAN_POINT('',(-58.76636906187,-4.553298200662,
    -11.11263892176));
#4208 = CARTESIAN_POINT('',(-58.49702547541,-4.136060382829,
    -10.71423887577));
#4209 = CARTESIAN_POINT('',(-58.26844792329,-3.672209332413,
    -10.37410667565));
#4210 = CARTESIAN_POINT('',(-58.08436670972,-3.171440178567,
    -10.09840571923));
#4211 = CARTESIAN_POINT('',(-57.94647447662,-2.644630280782,
    -9.890654314277));
#4212 = CARTESIAN_POINT('',(-57.85472676546,-2.101872146255,
    -9.751970022209));
#4213 = CARTESIAN_POINT('',(-57.80881129726,-1.550831848089,
    -9.682593769014));
#4214 = CARTESIAN_POINT('',(-57.80881129726,-1.,-9.682593769014));
#4215 = CARTESIAN_POINT('',(-64.51089056761,-1.,-20.47172371545));
#4216 = CARTESIAN_POINT('',(-64.51089056761,-2.00881679662,
    -20.47172371544));
#4217 = CARTESIAN_POINT('',(-64.36213582132,-3.017533364908,
    -20.25261180482));
#4218 = CARTESIAN_POINT('',(-64.06651314863,-3.940233171128,
    -19.81718964566));
#4219 = CARTESIAN_POINT('',(-63.6551648275,-4.683757382483,
    -19.20925949476));
#4220 = CARTESIAN_POINT('',(-63.24736649189,-5.235117133826,
    -18.60678000997));
#4221 = CARTESIAN_POINT('',(-62.81103105892,-5.722139629814,
    -17.93457894972));
#4222 = CARTESIAN_POINT('',(-62.36796552771,-6.038365791677,
    -17.26131438417));
#4223 = CARTESIAN_POINT('',(-61.92683450981,-6.290835299288,
    -16.57449006724));
#4224 = CARTESIAN_POINT('',(-61.48437570266,-6.428768174973,
    -15.88665967216));
#4225 = CARTESIAN_POINT('',(-61.0498719564,-6.48329969987,
    -15.20598983877));
#4226 = CARTESIAN_POINT('',(-60.62597685823,-6.450712282531,
    -14.53974435939));
#4227 = CARTESIAN_POINT('',(-59.81005177481,-6.223947931259,
    -13.25314650647));
#4228 = CARTESIAN_POINT('',(-59.41795054047,-6.029633812987,
    -12.63272709515));
#4229 = CARTESIAN_POINT('',(-59.04641928597,-5.758972302936,
    -12.0432396694));
#4230 = CARTESIAN_POINT('',(-58.70060352488,-5.416554743702,
    -11.49322360783));
#4231 = CARTESIAN_POINT('',(-58.38558747051,-5.007894501597,
    -10.99113645898));
#4232 = CARTESIAN_POINT('',(-58.10639971063,-4.539621156066,
    -10.5452682485));
#4233 = CARTESIAN_POINT('',(-57.86777423398,-4.019693446858,
    -10.16336214469));
#4234 = CARTESIAN_POINT('',(-57.67364627111,-3.457551550202,
    -9.851945111076));
#4235 = CARTESIAN_POINT('',(-57.52670832897,-2.863823005777,
    -9.615728566529));
#4236 = CARTESIAN_POINT('',(-57.42837430911,-2.249419156107,
    -9.457463729104));
#4237 = CARTESIAN_POINT('',(-57.37920147816,-1.624614850571,
    -9.378333580858));
#4238 = CARTESIAN_POINT('',(-57.37920147816,-1.,-9.378333580858));
#4239 = CARTESIAN_POINT('',(-64.64477846711,-1.,-21.61103638628));
#4240 = CARTESIAN_POINT('',(-64.64477846711,-2.168496643232,
    -21.61103638627));
#4241 = CARTESIAN_POINT('',(-64.4868876114,-3.338253833915,
    -21.3497011953));
#4242 = CARTESIAN_POINT('',(-64.17248691304,-4.407130310732,
    -20.82931661584));
#4243 = CARTESIAN_POINT('',(-63.73358547647,-5.267159125804,
    -20.10286295121));
#4244 = CARTESIAN_POINT('',(-63.2939759243,-5.887917854394,
    -19.37523723943));
#4245 = CARTESIAN_POINT('',(-62.8228351611,-6.431269988427,
    -18.59542221613));
#4246 = CARTESIAN_POINT('',(-62.34537912176,-6.776185503035,
    -17.80515437787));
#4247 = CARTESIAN_POINT('',(-61.87068320712,-7.043759494094,
    -17.01945499746));
#4248 = CARTESIAN_POINT('',(-61.39637275035,-7.18226003819,
    -16.23439361286));
#4249 = CARTESIAN_POINT('',(-60.93200852945,-7.226394326987,
    -15.46579487544));
#4250 = CARTESIAN_POINT('',(-60.48028621445,-7.174097631245,
    -14.71812056001));
#4251 = CARTESIAN_POINT('',(-59.6120119795,-6.891995549358,
    -13.28098468544));
#4252 = CARTESIAN_POINT('',(-59.19555326264,-6.661824159854,
    -12.59167739268));
#4253 = CARTESIAN_POINT('',(-58.80181204654,-6.348763891024,
    -11.93997127937));
#4254 = CARTESIAN_POINT('',(-58.43557034582,-5.958462636488,
    -11.33378136185));
#4255 = CARTESIAN_POINT('',(-58.10184252233,-5.497086566227,
    -10.78140722916));
#4256 = CARTESIAN_POINT('',(-57.80548343883,-4.971705895467,
    -10.2908844732));
#4257 = CARTESIAN_POINT('',(-57.55094925828,-4.390339652545,
    -9.869588772552));
#4258 = CARTESIAN_POINT('',(-57.34228109481,-3.761968083131,
    -9.524208832064));
#4259 = CARTESIAN_POINT('',(-57.18304863641,-3.096708728884,
    -9.260653069195));
#4260 = CARTESIAN_POINT('',(-57.07599938089,-2.406097374791,
    -9.083469042245));
#4261 = CARTESIAN_POINT('',(-57.02249690924,-1.702992794096,
    -8.994913700746));
#4262 = CARTESIAN_POINT('',(-57.02249690924,-1.,-8.994913700746));
#4263 = CARTESIAN_POINT('',(-65.21288945896,-1.,-22.55135299852));
#4264 = CARTESIAN_POINT('',(-65.21288945896,-2.336466476801,
    -22.55135299852));
#4265 = CARTESIAN_POINT('',(-65.03172873054,-3.677402271667,
    -22.25150236219));
#4266 = CARTESIAN_POINT('',(-64.66987182482,-4.901854682248,
    -21.65256999756));
#4267 = CARTESIAN_POINT('',(-64.16345289788,-5.882853185418,
    -20.81436384315));
#4268 = CARTESIAN_POINT('',(-63.65699503671,-6.566870371764,
    -19.97609324621));
#4269 = CARTESIAN_POINT('',(-63.12621295382,-7.169150487466,
    -19.09756208384));
#4270 = CARTESIAN_POINT('',(-62.58470156038,-7.537706196632,
    -18.20127215759));
#4271 = CARTESIAN_POINT('',(-62.05623316007,-7.819441395457,
    -17.32657051832));
#4272 = CARTESIAN_POINT('',(-61.52877079065,-7.955785545567,
    -16.45353402471));
#4273 = CARTESIAN_POINT('',(-61.01667107095,-7.987540282351,
    -15.60592522911));
#4274 = CARTESIAN_POINT('',(-60.52077579371,-7.913631068368,
    -14.7851374362));
#4275 = CARTESIAN_POINT('',(-59.57019277005,-7.572561689877,
    -13.21176705383));
#4276 = CARTESIAN_POINT('',(-59.11594986139,-7.304579512363,
    -12.45992074361));
#4277 = CARTESIAN_POINT('',(-58.68825235902,-6.94731599802,
    -11.7520114226));
#4278 = CARTESIAN_POINT('',(-58.29142311047,-6.507540781397,
    -11.0951941105));
#4279 = CARTESIAN_POINT('',(-57.93032258095,-5.992104802319,
    -10.49751367221));
#4280 = CARTESIAN_POINT('',(-57.60958565594,-5.408518076921,
    -9.966641601303));
#4281 = CARTESIAN_POINT('',(-57.33337433342,-4.764821846719,
    -9.509466685162));
#4282 = CARTESIAN_POINT('',(-57.10578878367,-4.069463728546,
    -9.132775376227));
#4283 = CARTESIAN_POINT('',(-56.93114934381,-3.331961356498,
    -8.843718539074));
#4284 = CARTESIAN_POINT('',(-56.8133656493,-2.564405873818,
    -8.648767259847));
#4285 = CARTESIAN_POINT('',(-56.75451088495,-1.782226550429,
    -8.551352998523));
#4286 = CARTESIAN_POINT('',(-56.75451088495,-1.,-8.551352998523));
#4287 = ADVANCED_FACE('',(#4288),#4307,.T.);
#4288 = FACE_BOUND('',#4289,.F.);
#4289 = EDGE_LOOP('',(#4290,#4291,#4299,#4306));
#4290 = ORIENTED_EDGE('',*,*,#4111,.T.);
#4291 = ORIENTED_EDGE('',*,*,#4292,.T.);
#4292 = EDGE_CURVE('',#4083,#4293,#4295,.T.);
#4293 = VERTEX_POINT('',#4294);
#4294 = CARTESIAN_POINT('',(-56.75451088495,1.,-8.551352998523));
#4295 = LINE('',#4296,#4297);
#4296 = CARTESIAN_POINT('',(-56.75451088495,-1.,-8.551352998523));
#4297 = VECTOR('',#4298,1.);
#4298 = DIRECTION('',(1.3E-16,1.,0.));
#4299 = ORIENTED_EDGE('',*,*,#4300,.F.);
#4300 = EDGE_CURVE('',#2742,#4293,#4301,.T.);
#4301 = CIRCLE('',#4302,3.);
#4302 = AXIS2_PLACEMENT_3D('',#4303,#4304,#4305);
#4303 = CARTESIAN_POINT('',(-59.32225383821,1.,-7.));
#4304 = DIRECTION('',(-1.3E-16,-1.,-0.));
#4305 = DIRECTION('',(0.,0.,-1.));
#4306 = ORIENTED_EDGE('',*,*,#2749,.F.);
#4307 = CYLINDRICAL_SURFACE('',#4308,3.);
#4308 = AXIS2_PLACEMENT_3D('',#4309,#4310,#4311);
#4309 = CARTESIAN_POINT('',(-59.32225383821,-1.,-7.));
#4310 = DIRECTION('',(1.3E-16,1.,0.));
#4311 = DIRECTION('',(0.,0.,-1.));
#4312 = ADVANCED_FACE('',(#4313),#4356,.F.);
#4313 = FACE_BOUND('',#4314,.F.);
#4314 = EDGE_LOOP('',(#4315,#4316,#4345,#4355));
#4315 = ORIENTED_EDGE('',*,*,#4300,.T.);
#4316 = ORIENTED_EDGE('',*,*,#4317,.T.);
#4317 = EDGE_CURVE('',#4293,#4318,#4320,.T.);
#4318 = VERTEX_POINT('',#4319);
#4319 = CARTESIAN_POINT('',(-65.21288945896,1.,-22.55135299852));
#4320 = ( BOUNDED_CURVE() B_SPLINE_CURVE(12,(#4321,#4322,#4323,#4324,
    #4325,#4326,#4327,#4328,#4329,#4330,#4331,#4332,#4333,#4334,#4335,
    #4336,#4337,#4338,#4339,#4340,#4341,#4342,#4343,#4344),
.UNSPECIFIED.,.F.,.F.) B_SPLINE_CURVE_WITH_KNOTS((13,11,13),(2.,
8.822313429697,15.644626859394),.UNSPECIFIED.) CURVE() 
GEOMETRIC_REPRESENTATION_ITEM() RATIONAL_B_SPLINE_CURVE((1.013292258798,
    1.013292258798,1.013436388566,1.013723116506,1.014168983654,
    1.014800031632,1.015632158097,1.016665653658,1.017893897224,
    1.019313948708,1.020927575696,1.022735087489,1.026767358159,
    1.028994976653,1.031415882328,1.034203913276,1.036919170744,
    1.040658778477,1.043769382731,1.048268086824,1.052742054678,
1.056045342497,1.057705495741,1.057705495742)) REPRESENTATION_ITEM('') 
  );
#4321 = CARTESIAN_POINT('',(-56.75451088495,1.,-8.551352998523));
#4322 = CARTESIAN_POINT('',(-56.75451088495,1.782226550429,
    -8.551352998523));
#4323 = CARTESIAN_POINT('',(-56.81336564929,2.564405873818,
    -8.648767259847));
#4324 = CARTESIAN_POINT('',(-56.93114934381,3.331961356499,
    -8.843718539075));
#4325 = CARTESIAN_POINT('',(-57.10578878366,4.069463728546,
    -9.132775376226));
#4326 = CARTESIAN_POINT('',(-57.33337433343,4.764821846716,
    -9.509466685161));
#4327 = CARTESIAN_POINT('',(-57.60958565593,5.408518076925,
    -9.966641601308));
#4328 = CARTESIAN_POINT('',(-57.93032258095,5.992104802316,
    -10.4975136722));
#4329 = CARTESIAN_POINT('',(-58.29142311047,6.507540781399,
    -11.09519411051));
#4330 = CARTESIAN_POINT('',(-58.68825235902,6.947315998019,
    -11.75201142259));
#4331 = CARTESIAN_POINT('',(-59.11594986139,7.304579512363,
    -12.45992074361));
#4332 = CARTESIAN_POINT('',(-59.57019277005,7.572561689877,
    -13.21176705383));
#4333 = CARTESIAN_POINT('',(-60.52077579371,7.913631068368,
    -14.7851374362));
#4334 = CARTESIAN_POINT('',(-61.01667107096,7.987540282351,
    -15.60592522912));
#4335 = CARTESIAN_POINT('',(-61.52877079065,7.955785545565,
    -16.4535340247));
#4336 = CARTESIAN_POINT('',(-62.05623316009,7.819441395462,
    -17.32657051833));
#4337 = CARTESIAN_POINT('',(-62.58470156036,7.537706196623,
    -18.20127215757));
#4338 = CARTESIAN_POINT('',(-63.12621295384,7.169150487479,
    -19.09756208385));
#4339 = CARTESIAN_POINT('',(-63.6569950367,6.566870371749,-19.9760932462
    ));
#4340 = CARTESIAN_POINT('',(-64.16345289789,5.882853185432,
    -20.81436384315));
#4341 = CARTESIAN_POINT('',(-64.66987182482,4.901854682238,
    -21.65256999757));
#4342 = CARTESIAN_POINT('',(-65.03172873054,3.677402271671,
    -22.25150236219));
#4343 = CARTESIAN_POINT('',(-65.21288945896,2.3364664768,-22.55135299852
    ));
#4344 = CARTESIAN_POINT('',(-65.21288945896,1.,-22.55135299852));
#4345 = ORIENTED_EDGE('',*,*,#4346,.F.);
#4346 = EDGE_CURVE('',#2767,#4318,#4347,.T.);
#4347 = ( BOUNDED_CURVE() B_SPLINE_CURVE(6,(#4348,#4349,#4350,#4351,
#4352,#4353,#4354),.UNSPECIFIED.,.F.,.F.) B_SPLINE_CURVE_WITH_KNOTS((7,7
),(0.,13.644626859394),.PIECEWISE_BEZIER_KNOTS.) CURVE() 
GEOMETRIC_REPRESENTATION_ITEM() RATIONAL_B_SPLINE_CURVE((1.057705495742,
    1.017749806188,0.996258029804,0.989192522007,0.996258029804,
1.017749806188,1.057705495742)) REPRESENTATION_ITEM('') );
#4348 = CARTESIAN_POINT('',(-67.78063241221,1.,-18.));
#4349 = CARTESIAN_POINT('',(-66.68202173034,1.,-18.));
#4350 = CARTESIAN_POINT('',(-65.63763190486,1.,-18.47456213922));
#4351 = CARTESIAN_POINT('',(-64.86098064772,1.,-19.35281613035));
#4352 = CARTESIAN_POINT('',(-64.51089056761,1.,-20.47172371545));
#4353 = CARTESIAN_POINT('',(-64.64477846711,1.,-21.61103638628));
#4354 = CARTESIAN_POINT('',(-65.21288945896,1.,-22.55135299852));
#4355 = ORIENTED_EDGE('',*,*,#2766,.F.);
#4356 = ( BOUNDED_SURFACE() B_SPLINE_SURFACE(6,12,(
    (#4357,#4358,#4359,#4360,#4361,#4362,#4363,#4364,#4365,#4366,#4367
      ,#4368,#4369,#4370,#4371,#4372,#4373,#4374,#4375,#4376,#4377,#4378
      ,#4379,#4380)
    ,(#4381,#4382,#4383,#4384,#4385,#4386,#4387,#4388,#4389,#4390,#4391
      ,#4392,#4393,#4394,#4395,#4396,#4397,#4398,#4399,#4400,#4401,#4402
      ,#4403,#4404)
    ,(#4405,#4406,#4407,#4408,#4409,#4410,#4411,#4412,#4413,#4414,#4415
      ,#4416,#4417,#4418,#4419,#4420,#4421,#4422,#4423,#4424,#4425,#4426
      ,#4427,#4428)
    ,(#4429,#4430,#4431,#4432,#4433,#4434,#4435,#4436,#4437,#4438,#4439
      ,#4440,#4441,#4442,#4443,#4444,#4445,#4446,#4447,#4448,#4449,#4450
      ,#4451,#4452)
    ,(#4453,#4454,#4455,#4456,#4457,#4458,#4459,#4460,#4461,#4462,#4463
      ,#4464,#4465,#4466,#4467,#4468,#4469,#4470,#4471,#4472,#4473,#4474
      ,#4475,#4476)
    ,(#4477,#4478,#4479,#4480,#4481,#4482,#4483,#4484,#4485,#4486,#4487
      ,#4488,#4489,#4490,#4491,#4492,#4493,#4494,#4495,#4496,#4497,#4498
      ,#4499,#4500)
    ,(#4501,#4502,#4503,#4504,#4505,#4506,#4507,#4508,#4509,#4510,#4511
      ,#4512,#4513,#4514,#4515,#4516,#4517,#4518,#4519,#4520,#4521,#4522
      ,#4523,#4524
)),.UNSPECIFIED.,.F.,.F.,.F.) B_SPLINE_SURFACE_WITH_KNOTS((7,7),(13,11,
    13),(0.,13.644626859394),(2.,8.822313429697,15.644626859394),
.UNSPECIFIED.) GEOMETRIC_REPRESENTATION_ITEM() RATIONAL_B_SPLINE_SURFACE
((
    (1.013292258798,1.013292258798,1.013436388566,1.013723116506
      ,1.014168983654,1.014800031632,1.015632158097,1.016665653658
      ,1.017893897224,1.019313948708,1.020927575696,1.022735087489
      ,1.026767358159,1.028994976653,1.031415882328,1.034203913276
      ,1.036919170744,1.040658778477,1.043769382731,1.048268086824
      ,1.052742054678,1.056045342497,1.057705495741,1.057705495742)
    ,(1.004352135444,1.004352135445,1.004398473761,1.004490653479
      ,1.004633918479,1.004836483118,1.005103122861,1.005433389735
      ,1.005824456332,1.006274582986,1.006783442023,1.007350023504
      ,1.008605148423,1.009294436484,1.010039780892,1.01088747965
      ,1.011716187488,1.012830074726,1.013755123267,1.015085017251
      ,1.016349663736,1.017282159551,1.017749806188,1.017749806188)
    ,(0.999115215102,0.999115215102,0.999105650546,0.999086623351
      ,0.999057039457,0.999015179141,0.998960004648,0.998891526398
      ,0.998810227688,0.998716363072,0.998609893753,0.998490908276
      ,0.998226281824,0.998080471593,0.997922348,0.997741446242
      ,0.997564958561,0.997324643763,0.997126601326,0.996837928504
      ,0.996562817932,0.996359839125,0.996258029804,0.996258029804)
    ,(0.9973866702,0.9973866702,0.997358801066,0.99730336124
      ,0.997217191353,0.997095338268,0.996934903488,0.996736111207
      ,0.996500594938,0.996229310733,0.995922336586,0.995580114736
      ,0.994820752393,0.994403133057,0.993951021226,0.993434951531
      ,0.992930932575,0.992249111691,0.991680085761,0.990865288223
      ,0.990071769386,0.989486411334,0.989192522007,0.989192522007)
    ,(0.999115215102,0.999115215102,0.999105650546,0.999086623351
      ,0.999057039457,0.999015179141,0.998960004648,0.998891526398
      ,0.998810227688,0.998716363072,0.998609893753,0.998490908276
      ,0.998226281824,0.998080471593,0.997922348,0.997741446242
      ,0.997564958561,0.997324643763,0.997126601326,0.996837928504
      ,0.996562817932,0.996359839125,0.996258029804,0.996258029804)
    ,(1.004352135444,1.004352135445,1.004398473761,1.004490653479
      ,1.004633918479,1.004836483118,1.005103122861,1.005433389735
      ,1.005824456332,1.006274582986,1.006783442023,1.007350023504
      ,1.008605148423,1.009294436484,1.010039780892,1.01088747965
      ,1.011716187488,1.012830074726,1.013755123267,1.015085017251
      ,1.016349663736,1.017282159551,1.017749806188,1.017749806188)
    ,(1.013292258798,1.013292258798,1.013436388566,1.013723116506
      ,1.014168983654,1.014800031632,1.015632158097,1.016665653658
      ,1.017893897224,1.019313948708,1.020927575696,1.022735087489
      ,1.026767358159,1.028994976653,1.031415882328,1.034203913276
      ,1.036919170744,1.040658778477,1.043769382731,1.048268086824
      ,1.052742054678,1.056045342497,1.057705495741,1.057705495742
))) REPRESENTATION_ITEM('') SURFACE() );
#4357 = CARTESIAN_POINT('',(-59.32225383821,1.,-10.));
#4358 = CARTESIAN_POINT('',(-59.32225383821,1.389636742571,-10.));
#4359 = CARTESIAN_POINT('',(-59.36387006025,1.779335373904,
    -10.04143469831));
#4360 = CARTESIAN_POINT('',(-59.44679054851,2.167599846453,
    -10.12411514403));
#4361 = CARTESIAN_POINT('',(-59.57377035839,2.554655293941,
    -10.24971407197));
#4362 = CARTESIAN_POINT('',(-59.74913789557,2.934894530988,
    -10.4209765944));
#4363 = CARTESIAN_POINT('',(-59.97443915381,3.299436845763,
    -10.63852841377));
#4364 = CARTESIAN_POINT('',(-60.24715616666,3.639821108466,
    -10.8998484616));
#4365 = CARTESIAN_POINT('',(-60.56264123802,3.949494534867,
    -11.20063163384));
#4366 = CARTESIAN_POINT('',(-60.91655558925,4.223342684833,
    -11.53660321184));
#4367 = CARTESIAN_POINT('',(-61.30519896622,4.456965403907,
    -11.90386578698));
#4368 = CARTESIAN_POINT('',(-61.7241030809,4.646691280133,-12.2980084395
    ));
#4369 = CARTESIAN_POINT('',(-62.61617018741,4.929645690445,
    -13.13311610269));
#4370 = CARTESIAN_POINT('',(-63.08897252883,5.023451089203,
    -13.5737928768));
#4371 = CARTESIAN_POINT('',(-63.58412923981,5.062597967592,
    -14.03296570272));
#4372 = CARTESIAN_POINT('',(-64.11251726203,5.059224662263,
    -14.51979188226));
#4373 = CARTESIAN_POINT('',(-64.63633626834,4.953178002783,
    -15.00372090909));
#4374 = CARTESIAN_POINT('',(-65.23620191206,4.863317872091,
    -15.53845504366));
#4375 = CARTESIAN_POINT('',(-65.793265968,4.543054054458,-16.07535957462
    ));
#4376 = CARTESIAN_POINT('',(-66.42626537084,4.283258957306,
    -16.60754650428));
#4377 = CARTESIAN_POINT('',(-67.07404690527,3.713263328004,
    -17.27235638994));
#4378 = CARTESIAN_POINT('',(-67.54490193422,2.890922393449,
    -17.75598630192));
#4379 = CARTESIAN_POINT('',(-67.78063241221,1.943876668942,-18.));
#4380 = CARTESIAN_POINT('',(-67.78063241221,1.,-18.));
#4381 = CARTESIAN_POINT('',(-58.80402357494,1.,-10.));
#4382 = CARTESIAN_POINT('',(-58.80402357494,1.430609917728,-10.));
#4383 = CARTESIAN_POINT('',(-58.84633627321,1.861355527183,
    -10.05014843296));
#4384 = CARTESIAN_POINT('',(-58.93072200171,2.288297962312,
    -10.15027094825));
#4385 = CARTESIAN_POINT('',(-59.05921230829,2.709050990201,
    -10.30155316835));
#4386 = CARTESIAN_POINT('',(-59.23482329296,3.116130617612,
    -10.50561392685));
#4387 = CARTESIAN_POINT('',(-59.45805500796,3.499470776961,
    -10.76154187487));
#4388 = CARTESIAN_POINT('',(-59.72591600207,3.84984822766,
    -11.06506360553));
#4389 = CARTESIAN_POINT('',(-60.03355424781,4.160219845286,
    -11.40997122809));
#4390 = CARTESIAN_POINT('',(-60.3762864739,4.425270391584,
    -11.78993475459));
#4391 = CARTESIAN_POINT('',(-60.7498994587,4.640773375599,
    -12.19886116209));
#4392 = CARTESIAN_POINT('',(-61.14953032508,4.803665741772,
    -12.63001800151));
#4393 = CARTESIAN_POINT('',(-61.99430916385,5.018264516807,
    -13.52578374314));
#4394 = CARTESIAN_POINT('',(-62.43946957659,5.070359909134,
    -13.99033146922));
#4395 = CARTESIAN_POINT('',(-62.90225211337,5.06156315158,
    -14.46524422626));
#4396 = CARTESIAN_POINT('',(-63.39030272543,5.003239239944,
    -14.95042959156));
#4397 = CARTESIAN_POINT('',(-63.87272743051,4.846451491719,
    -15.43162783663));
#4398 = CARTESIAN_POINT('',(-64.41177997555,4.690120556746,
    -15.91924682273));
#4399 = CARTESIAN_POINT('',(-64.91753680947,4.341317387776,
    -16.41904766877));
#4400 = CARTESIAN_POINT('',(-65.47238463597,4.022551172715,
    -16.86541178966));
#4401 = CARTESIAN_POINT('',(-66.04993114512,3.471963238917,
    -17.40806127003));
#4402 = CARTESIAN_POINT('',(-66.47055848979,2.714913131863,
    -17.80116129742));
#4403 = CARTESIAN_POINT('',(-66.68202173034,1.857016500619,-18.));
#4404 = CARTESIAN_POINT('',(-66.68202173034,1.,-18.));
#4405 = CARTESIAN_POINT('',(-58.29139077565,1.,-9.892964645821));
#4406 = CARTESIAN_POINT('',(-58.29139077565,1.48514753334,
    -9.892964645822));
#4407 = CARTESIAN_POINT('',(-58.33506737406,1.97048138006,
    -9.952560300994));
#4408 = CARTESIAN_POINT('',(-58.42225892715,2.449724923447,
    -10.07162007502));
#4409 = CARTESIAN_POINT('',(-58.55416089885,2.917847443473,
    -10.25069417193));
#4410 = CARTESIAN_POINT('',(-58.73232625803,3.365876031785,
    -10.49012031785));
#4411 = CARTESIAN_POINT('',(-58.95614815071,3.783088876973,
    -10.7876256309));
#4412 = CARTESIAN_POINT('',(-59.22221684372,4.159846116301,
    -11.13775462731));
#4413 = CARTESIAN_POINT('',(-59.52558090758,4.488665033861,
    -11.53317006655));
#4414 = CARTESIAN_POINT('',(-59.86129279592,4.763835077136,
    -11.96625164651));
#4415 = CARTESIAN_POINT('',(-60.22468114045,4.980900614798,
    -12.4294573856));
#4416 = CARTESIAN_POINT('',(-60.61056970095,5.136719150382,
    -12.91461815321));
#4417 = CARTESIAN_POINT('',(-61.41986232176,5.320363874811,
    -13.91494370816));
#4418 = CARTESIAN_POINT('',(-61.84341130933,5.348390670073,
    -14.43014613154));
#4419 = CARTESIAN_POINT('',(-62.28036839927,5.307491698988,
    -14.95283857729));
#4420 = CARTESIAN_POINT('',(-62.73409652405,5.20663650392,
    -15.47695457432));
#4421 = CARTESIAN_POINT('',(-63.18276706331,5.007199888366,
    -15.99730194806));
#4422 = CARTESIAN_POINT('',(-63.66422892833,4.785640723373,
    -16.49874664015));
#4423 = CARTESIAN_POINT('',(-64.12383376866,4.397720899752,
    -17.01364588373));
#4424 = CARTESIAN_POINT('',(-64.59953217973,4.002809050222,
    -17.44940161213));
#4425 = CARTESIAN_POINT('',(-65.09564556763,3.425380361996,
    -17.94157769666));
#4426 = CARTESIAN_POINT('',(-65.45607899428,2.672962248114,
    -18.29562517833));
#4427 = CARTESIAN_POINT('',(-65.63763190486,1.836545984022,
    -18.47456213922));
#4428 = CARTESIAN_POINT('',(-65.63763190486,1.,-18.47456213922));
#4429 = CARTESIAN_POINT('',(-57.80881129726,1.,-9.682593769014));
#4430 = CARTESIAN_POINT('',(-57.80881129726,1.550831848089,
    -9.682593769014));
#4431 = CARTESIAN_POINT('',(-57.85472676546,2.101872146255,
    -9.751970022207));
#4432 = CARTESIAN_POINT('',(-57.94647447662,2.644630280782,
    -9.890654314281));
#4433 = CARTESIAN_POINT('',(-58.08436670972,3.171440178568,
    -10.09840571923));
#4434 = CARTESIAN_POINT('',(-58.26844792329,3.672209332411,
    -10.37410667566));
#4435 = CARTESIAN_POINT('',(-58.49702547541,4.136060382832,
    -10.71423887576));
#4436 = CARTESIAN_POINT('',(-58.76636906187,4.553298200659,
    -11.11263892177));
#4437 = CARTESIAN_POINT('',(-59.07156587213,4.916129682519,
    -11.56151188831));
#4438 = CARTESIAN_POINT('',(-59.40754542415,5.218382875047,-12.052637079
    ));
#4439 = CARTESIAN_POINT('',(-59.7693295311,5.455134696487,
    -12.57773462232));
#4440 = CARTESIAN_POINT('',(-60.1516280597,5.622674353626,
    -13.12808704779));
#4441 = CARTESIAN_POINT('',(-60.94868801725,5.812603477681,
    -14.26384252048));
#4442 = CARTESIAN_POINT('',(-61.36359755576,5.835086784117,
    -14.84934139009));
#4443 = CARTESIAN_POINT('',(-61.78935816622,5.77971733352,-15.444152708)
  );
#4444 = CARTESIAN_POINT('',(-62.22549859264,5.652572059587,
    -16.04002403169));
#4445 = CARTESIAN_POINT('',(-62.65823808269,5.421588337575,
    -16.63323373043));
#4446 = CARTESIAN_POINT('',(-63.10361640477,5.145378809929,
    -17.20245834853));
#4447 = CARTESIAN_POINT('',(-63.53665315707,4.710852384492,
    -17.77944678734));
#4448 = CARTESIAN_POINT('',(-63.95777648536,4.235417912787,
    -18.27452252588));
#4449 = CARTESIAN_POINT('',(-64.39060824419,3.590292906666,
    -18.79349547705));
#4450 = CARTESIAN_POINT('',(-64.7033981278,2.779667577744,
    -19.16531632308));
#4451 = CARTESIAN_POINT('',(-64.86098064772,1.890072290894,
    -19.35281613035));
#4452 = CARTESIAN_POINT('',(-64.86098064772,1.,-19.35281613035));
#4453 = CARTESIAN_POINT('',(-57.37920147816,1.,-9.378333580858));
#4454 = CARTESIAN_POINT('',(-57.37920147816,1.624614850572,
    -9.378333580858));
#4455 = CARTESIAN_POINT('',(-57.42837430911,2.249419156106,
    -9.457463729105));
#4456 = CARTESIAN_POINT('',(-57.52670832898,2.863823005778,
    -9.615728566528));
#4457 = CARTESIAN_POINT('',(-57.6736462711,3.457551550201,
    -9.851945111079));
#4458 = CARTESIAN_POINT('',(-57.86777423399,4.019693446857,
    -10.16336214468));
#4459 = CARTESIAN_POINT('',(-58.10639971061,4.539621156069,
    -10.54526824851));
#4460 = CARTESIAN_POINT('',(-58.38558747052,5.007894501593,
    -10.99113645897));
#4461 = CARTESIAN_POINT('',(-58.70060352487,5.416554743705,
    -11.49322360784));
#4462 = CARTESIAN_POINT('',(-59.04641928597,5.758972302934,
    -12.0432396694));
#4463 = CARTESIAN_POINT('',(-59.41795054047,6.029633812987,
    -12.63272709515));
#4464 = CARTESIAN_POINT('',(-59.81005177481,6.223947931259,
    -13.25314650647));
#4465 = CARTESIAN_POINT('',(-60.62597685823,6.450712282532,
    -14.53974435939));
#4466 = CARTESIAN_POINT('',(-61.0498719564,6.483299699868,
    -15.20598983877));
#4467 = CARTESIAN_POINT('',(-61.48437570266,6.428768174976,
    -15.88665967215));
#4468 = CARTESIAN_POINT('',(-61.92683450982,6.290835299283,
    -16.57449006724));
#4469 = CARTESIAN_POINT('',(-62.36796552769,6.038365791681,
    -17.26131438417));
#4470 = CARTESIAN_POINT('',(-62.81103105893,5.722139629813,
    -17.93457894972));
#4471 = CARTESIAN_POINT('',(-63.24736649189,5.235117133822,
    -18.60678000998));
#4472 = CARTESIAN_POINT('',(-63.6551648275,4.683757382489,
    -19.20925949475));
#4473 = CARTESIAN_POINT('',(-64.06651314864,3.940233171122,
    -19.81718964567));
#4474 = CARTESIAN_POINT('',(-64.36213582132,3.017533364912,
    -20.25261180482));
#4475 = CARTESIAN_POINT('',(-64.51089056761,2.008816796619,
    -20.47172371545));
#4476 = CARTESIAN_POINT('',(-64.51089056761,1.,-20.47172371545));
#4477 = CARTESIAN_POINT('',(-57.02249690924,1.,-8.994913700746));
#4478 = CARTESIAN_POINT('',(-57.02249690924,1.702992794096,
    -8.994913700746));
#4479 = CARTESIAN_POINT('',(-57.07599938089,2.40609737479,
    -9.083469042243));
#4480 = CARTESIAN_POINT('',(-57.18304863641,3.096708728883,-9.2606530692
    ));
#4481 = CARTESIAN_POINT('',(-57.34228109481,3.761968083133,
    -9.524208832054));
#4482 = CARTESIAN_POINT('',(-57.55094925829,4.390339652541,
    -9.869588772565));
#4483 = CARTESIAN_POINT('',(-57.80548343882,4.971705895473,
    -10.29088447319));
#4484 = CARTESIAN_POINT('',(-58.10184252234,5.497086566222,
    -10.78140722917));
#4485 = CARTESIAN_POINT('',(-58.43557034581,5.958462636492,
    -11.33378136184));
#4486 = CARTESIAN_POINT('',(-58.80181204655,6.348763891022,
    -11.93997127938));
#4487 = CARTESIAN_POINT('',(-59.19555326264,6.661824159855,
    -12.59167739267));
#4488 = CARTESIAN_POINT('',(-59.6120119795,6.891995549358,
    -13.28098468544));
#4489 = CARTESIAN_POINT('',(-60.48028621445,7.174097631245,
    -14.71812056001));
#4490 = CARTESIAN_POINT('',(-60.93200852945,7.226394326985,
    -15.46579487545));
#4491 = CARTESIAN_POINT('',(-61.39637275034,7.182260038195,
    -16.23439361285));
#4492 = CARTESIAN_POINT('',(-61.87068320713,7.043759494086,
    -17.01945499747));
#4493 = CARTESIAN_POINT('',(-62.34537912175,6.776185503044,
    -17.80515437787));
#4494 = CARTESIAN_POINT('',(-62.82283516111,6.431269988422,
    -18.59542221613));
#4495 = CARTESIAN_POINT('',(-63.2939759243,5.887917854393,
    -19.37523723944));
#4496 = CARTESIAN_POINT('',(-63.73358547647,5.267159125809,
    -20.1028629512));
#4497 = CARTESIAN_POINT('',(-64.17248691304,4.407130310726,
    -20.82931661585));
#4498 = CARTESIAN_POINT('',(-64.4868876114,3.338253833919,-21.3497011953
    ));
#4499 = CARTESIAN_POINT('',(-64.64477846711,2.168496643231,
    -21.61103638628));
#4500 = CARTESIAN_POINT('',(-64.64477846711,1.,-21.61103638628));
#4501 = CARTESIAN_POINT('',(-56.75451088495,1.,-8.551352998523));
#4502 = CARTESIAN_POINT('',(-56.75451088495,1.782226550429,
    -8.551352998523));
#4503 = CARTESIAN_POINT('',(-56.81336564929,2.564405873818,
    -8.648767259847));
#4504 = CARTESIAN_POINT('',(-56.93114934381,3.331961356499,
    -8.843718539075));
#4505 = CARTESIAN_POINT('',(-57.10578878366,4.069463728546,
    -9.132775376226));
#4506 = CARTESIAN_POINT('',(-57.33337433343,4.764821846716,
    -9.509466685161));
#4507 = CARTESIAN_POINT('',(-57.60958565593,5.408518076925,
    -9.966641601308));
#4508 = CARTESIAN_POINT('',(-57.93032258095,5.992104802316,
    -10.4975136722));
#4509 = CARTESIAN_POINT('',(-58.29142311047,6.507540781399,
    -11.09519411051));
#4510 = CARTESIAN_POINT('',(-58.68825235902,6.947315998019,
    -11.75201142259));
#4511 = CARTESIAN_POINT('',(-59.11594986139,7.304579512363,
    -12.45992074361));
#4512 = CARTESIAN_POINT('',(-59.57019277005,7.572561689877,
    -13.21176705383));
#4513 = CARTESIAN_POINT('',(-60.52077579371,7.913631068368,
    -14.7851374362));
#4514 = CARTESIAN_POINT('',(-61.01667107096,7.987540282351,
    -15.60592522912));
#4515 = CARTESIAN_POINT('',(-61.52877079065,7.955785545565,
    -16.4535340247));
#4516 = CARTESIAN_POINT('',(-62.05623316009,7.819441395462,
    -17.32657051833));
#4517 = CARTESIAN_POINT('',(-62.58470156036,7.537706196623,
    -18.20127215757));
#4518 = CARTESIAN_POINT('',(-63.12621295384,7.169150487479,
    -19.09756208385));
#4519 = CARTESIAN_POINT('',(-63.6569950367,6.566870371749,-19.9760932462
    ));
#4520 = CARTESIAN_POINT('',(-64.16345289789,5.882853185432,
    -20.81436384315));
#4521 = CARTESIAN_POINT('',(-64.66987182482,4.901854682238,
    -21.65256999757));
#4522 = CARTESIAN_POINT('',(-65.03172873054,3.677402271671,
    -22.25150236219));
#4523 = CARTESIAN_POINT('',(-65.21288945896,2.3364664768,-22.55135299852
    ));
#4524 = CARTESIAN_POINT('',(-65.21288945896,1.,-22.55135299852));
#4525 = ADVANCED_FACE('',(#4526),#4572,.T.);
#4526 = FACE_BOUND('',#4527,.T.);
#4527 = EDGE_LOOP('',(#4528,#4537,#4538,#4546));
#4528 = ORIENTED_EDGE('',*,*,#4529,.T.);
#4529 = EDGE_CURVE('',#4530,#2812,#4532,.T.);
#4530 = VERTEX_POINT('',#4531);
#4531 = CARTESIAN_POINT('',(70.068876799916,-106.9438603081,
    0.391488350147));
#4532 = CIRCLE('',#4533,5.);
#4533 = AXIS2_PLACEMENT_3D('',#4534,#4535,#4536);
#4534 = CARTESIAN_POINT('',(65.21447566682,-106.9438603081,
    -0.806338698717));
#4535 = DIRECTION('',(0.239319979678,-4.525385586769E-02,-0.969885578744
    ));
#4536 = DIRECTION('',(0.970880226619,-2.949029909161E-17,0.239565409773)
  );
#4537 = ORIENTED_EDGE('',*,*,#2857,.T.);
#4538 = ORIENTED_EDGE('',*,*,#4539,.F.);
#4539 = EDGE_CURVE('',#4540,#2839,#4542,.T.);
#4540 = VERTEX_POINT('',#4541);
#4541 = CARTESIAN_POINT('',(74.47408031298,-106.9958504048,
    -17.4613602273));
#4542 = ( BOUNDED_CURVE() B_SPLINE_CURVE(2,(#4543,#4544,#4545),
.UNSPECIFIED.,.F.,.F.) B_SPLINE_CURVE_WITH_KNOTS((3,3),(0.,
18.858290743225),.PIECEWISE_BEZIER_KNOTS.) CURVE() 
GEOMETRIC_REPRESENTATION_ITEM() RATIONAL_B_SPLINE_CURVE((1.,
0.704660264929,1.)) REPRESENTATION_ITEM('') );
#4543 = CARTESIAN_POINT('',(74.47408031298,-106.9958504048,
    -17.4613602273));
#4544 = CARTESIAN_POINT('',(74.517000993282,-112.0273208739,
    -17.6353037021));
#4545 = CARTESIAN_POINT('',(69.619193740353,-111.9940114511,
    -18.80070843643));
#4546 = ORIENTED_EDGE('',*,*,#4547,.F.);
#4547 = EDGE_CURVE('',#4530,#4540,#4548,.T.);
#4548 = ( BOUNDED_CURVE() B_SPLINE_CURVE(8,(#4549,#4550,#4551,#4552,
    #4553,#4554,#4555,#4556,#4557,#4558,#4559,#4560,#4561,#4562,#4563,
    #4564,#4565,#4566,#4567,#4568,#4569,#4570,#4571),.UNSPECIFIED.,.F.,
.F.) B_SPLINE_CURVE_WITH_KNOTS((9,7,7,9),(1.949278618666,2.825820624025,
20.627998555907,20.807569361891),.UNSPECIFIED.) CURVE() 
GEOMETRIC_REPRESENTATION_ITEM() RATIONAL_B_SPLINE_CURVE((1.,1.,1.,1.,1.,
    1.,1.,1.,1.,1.,1.,1.,1.,1.,1.,1.,1.,1.,1.,1.,1.,1.,1.)) 
REPRESENTATION_ITEM('') );
#4549 = CARTESIAN_POINT('',(70.068876799916,-106.9438603081,
    0.391488350148));
#4550 = CARTESIAN_POINT('',(70.095013656816,-106.9488026182,
    0.285564220391));
#4551 = CARTESIAN_POINT('',(70.121154632413,-106.9536840028,0.1796233989
    ));
#4552 = CARTESIAN_POINT('',(70.147278328034,-106.9585011494,
    7.375260750298E-02));
#4553 = CARTESIAN_POINT('',(70.173443678542,-106.9632636143,
    -3.228699752599E-02));
#4554 = CARTESIAN_POINT('',(70.199556740817,-106.967955049,
    -0.138114695454));
#4555 = CARTESIAN_POINT('',(70.225711332347,-106.9725937437,
    -0.244110697865));
#4556 = CARTESIAN_POINT('',(70.252127482734,-106.9772184929,
    -0.351166712749));
#4557 = CARTESIAN_POINT('',(70.797314930955,-107.0711359408,
    -2.560633070104));
#4558 = CARTESIAN_POINT('',(71.316331803345,-107.135642253,
    -4.664038645907));
#4559 = CARTESIAN_POINT('',(71.835671153825,-107.1755239476,
    -6.768751119899));
#4560 = CARTESIAN_POINT('',(72.35536526935,-107.1904146578,
    -8.874901340551));
#4561 = CARTESIAN_POINT('',(72.874505596141,-107.180781782,
    -10.97880723665));
#4562 = CARTESIAN_POINT('',(73.394351638528,-107.1459782965,
    -13.08557316717));
#4563 = CARTESIAN_POINT('',(73.912709182291,-107.0866655598,
    -15.18630669976));
#4564 = CARTESIAN_POINT('',(74.437400883668,-107.0018476038,
    -17.3127105008));
#4565 = CARTESIAN_POINT('',(74.442640637977,-107.0009981649,
    -17.33394551071));
#4566 = CARTESIAN_POINT('',(74.447880434834,-107.0001462988,
    -17.35518069305));
#4567 = CARTESIAN_POINT('',(74.453120281542,-106.9992920009,
    -17.37641607743));
#4568 = CARTESIAN_POINT('',(74.458360185406,-106.998435267,
    -17.39765169344));
#4569 = CARTESIAN_POINT('',(74.463600153731,-106.9975760926,
    -17.41888757068));
#4570 = CARTESIAN_POINT('',(74.468840193821,-106.9967144733,
    -17.44012373877));
#4571 = CARTESIAN_POINT('',(74.47408031298,-106.9958504048,
    -17.4613602273));
#4572 = ( BOUNDED_SURFACE() B_SPLINE_SURFACE(2,8,(
    (#4573,#4574,#4575,#4576,#4577,#4578,#4579,#4580,#4581,#4582,#4583
      ,#4584,#4585,#4586,#4587,#4588,#4589,#4590,#4591,#4592,#4593,#4594
      ,#4595)
    ,(#4596,#4597,#4598,#4599,#4600,#4601,#4602,#4603,#4604,#4605,#4606
      ,#4607,#4608,#4609,#4610,#4611,#4612,#4613,#4614,#4615,#4616,#4617
      ,#4618)
    ,(#4619,#4620,#4621,#4622,#4623,#4624,#4625,#4626,#4627,#4628,#4629
      ,#4630,#4631,#4632,#4633,#4634,#4635,#4636,#4637,#4638,#4639,#4640
,#4641
    )),.UNSPECIFIED.,.F.,.F.,.F.) B_SPLINE_SURFACE_WITH_KNOTS((3,3),(9,7
    ,7,9),(0.,18.858290743225),(1.949278618666,2.825820624025,
    20.627998555907,20.807569361891),.UNSPECIFIED.) 
GEOMETRIC_REPRESENTATION_ITEM() RATIONAL_B_SPLINE_SURFACE((
    (1.,1.,1.,1.,1.,1.,1.,1.,1.,1.,1.,1.,1.,1.,1.,1.,1.,1.,1.,1.,1.,1.
      ,1.)
    ,(0.709922256923,0.70989169256,0.709861126734,0.70983055912
      ,0.709799990633,0.709769419437,0.709738847314,0.709708278511
      ,0.709056519215,0.708434139823,0.707812772087,0.707185435579
      ,0.70656689312,0.705936452542,0.705296423501,0.704701433952
      ,0.704695508196,0.704689597985,0.704683702886,0.704677822463
      ,0.704671956286,0.704666103919,0.704660264929)
    ,(1.,1.,1.,1.,1.,1.,1.,1.,1.,1.,1.,1.,1.,1.,1.,1.,1.,1.,1.,1.,1.,1.
,1.))) REPRESENTATION_ITEM('') SURFACE() );
#4573 = CARTESIAN_POINT('',(70.068876799916,-106.9438603081,
    0.391488350148));
#4574 = CARTESIAN_POINT('',(70.095013656816,-106.9488026182,
    0.285564220391));
#4575 = CARTESIAN_POINT('',(70.121154632413,-106.9536840028,0.1796233989
    ));
#4576 = CARTESIAN_POINT('',(70.147278328034,-106.9585011494,
    7.375260750298E-02));
#4577 = CARTESIAN_POINT('',(70.173443678542,-106.9632636143,
    -3.228699752599E-02));
#4578 = CARTESIAN_POINT('',(70.199556740817,-106.967955049,
    -0.138114695454));
#4579 = CARTESIAN_POINT('',(70.225711332347,-106.9725937437,
    -0.244110697865));
#4580 = CARTESIAN_POINT('',(70.252127482734,-106.9772184929,
    -0.351166712749));
#4581 = CARTESIAN_POINT('',(70.797314930955,-107.0711359408,
    -2.560633070104));
#4582 = CARTESIAN_POINT('',(71.316331803345,-107.135642253,
    -4.664038645907));
#4583 = CARTESIAN_POINT('',(71.835671153825,-107.1755239476,
    -6.768751119899));
#4584 = CARTESIAN_POINT('',(72.35536526935,-107.1904146578,
    -8.874901340551));
#4585 = CARTESIAN_POINT('',(72.874505596141,-107.180781782,
    -10.97880723665));
#4586 = CARTESIAN_POINT('',(73.394351638528,-107.1459782965,
    -13.08557316717));
#4587 = CARTESIAN_POINT('',(73.912709182291,-107.0866655598,
    -15.18630669976));
#4588 = CARTESIAN_POINT('',(74.437400883668,-107.0018476038,
    -17.3127105008));
#4589 = CARTESIAN_POINT('',(74.442640637977,-107.0009981649,
    -17.33394551071));
#4590 = CARTESIAN_POINT('',(74.447880434834,-107.0001462988,
    -17.35518069305));
#4591 = CARTESIAN_POINT('',(74.453120281542,-106.9992920009,
    -17.37641607743));
#4592 = CARTESIAN_POINT('',(74.458360185406,-106.998435267,
    -17.39765169344));
#4593 = CARTESIAN_POINT('',(74.463600153731,-106.9975760926,
    -17.41888757068));
#4594 = CARTESIAN_POINT('',(74.468840193821,-106.9967144733,
    -17.44012373877));
#4595 = CARTESIAN_POINT('',(74.47408031298,-106.9958504048,
    -17.4613602273));
#4596 = CARTESIAN_POINT('',(70.015101319406,-111.8990404152,
    0.609422778801));
#4597 = CARTESIAN_POINT('',(70.041234633779,-111.9044130604,
    0.50351300575));
#4598 = CARTESIAN_POINT('',(70.067368292333,-111.9097242324,
    0.397601837839));
#4599 = CARTESIAN_POINT('',(70.093502301263,-111.9149739373,
    0.291689249975));
#4600 = CARTESIAN_POINT('',(70.119636641025,-111.9201621698,
    0.185775321352));
#4601 = CARTESIAN_POINT('',(70.145771348114,-111.9252889488,
    7.985990407564E-02));
#4602 = CARTESIAN_POINT('',(70.171906383377,-111.9303542581,
    -2.605684318305E-02));
#4603 = CARTESIAN_POINT('',(70.198041657211,-111.9353580623,
    -0.131974557294));
#4604 = CARTESIAN_POINT('',(70.755474609563,-112.0407729404,
    -2.391067936501));
#4605 = CARTESIAN_POINT('',(71.286940231512,-112.1158488872,
    -4.544924221377));
#4606 = CARTESIAN_POINT('',(71.818383289407,-112.1655517742,
    -6.698689061525));
#4607 = CARTESIAN_POINT('',(72.35007091712,-112.1898245707,
    -8.85344506313));
#4608 = CARTESIAN_POINT('',(72.881157307682,-112.1888570586,
    -11.00576444727));
#4609 = CARTESIAN_POINT('',(73.412825898285,-112.1623486822,
    -13.16044329769));
#4610 = CARTESIAN_POINT('',(73.942875491786,-112.1109569132,
    -15.30856088256));
#4611 = CARTESIAN_POINT('',(74.479456900802,-112.0328607309,
    -17.48314977867));
#4612 = CARTESIAN_POINT('',(74.484819948306,-112.0320774685,
    -17.50488445556));
#4613 = CARTESIAN_POINT('',(74.490183117244,-112.0312914878,
    -17.52661962459));
#4614 = CARTESIAN_POINT('',(74.4955464136,-112.0305027906,-17.54835531)
  );
#4615 = CARTESIAN_POINT('',(74.500909843367,-112.0297113789,
    -17.57009153608));
#4616 = CARTESIAN_POINT('',(74.506273412553,-112.0289172543,
    -17.59182832718));
#4617 = CARTESIAN_POINT('',(74.51163712718,-112.0281204187,
    -17.6135657077));
#4618 = CARTESIAN_POINT('',(74.517000993282,-112.0273208739,
    -17.6353037021));
#4619 = CARTESIAN_POINT('',(65.199005442921,-111.9385788961,
    -0.577107595291));
#4620 = CARTESIAN_POINT('',(65.224720932858,-111.9435246655,
    -0.68313553625));
#4621 = CARTESIAN_POINT('',(65.250437069795,-111.9484089458,
    -0.789166096873));
#4622 = CARTESIAN_POINT('',(65.276153980437,-111.9532317544,
    -0.895199809909));
#4623 = CARTESIAN_POINT('',(65.301871305398,-111.9579930408,
    -1.001235164655));
#4624 = CARTESIAN_POINT('',(65.327589650206,-111.9626928976,
    -1.107274723811));
#4625 = CARTESIAN_POINT('',(65.353308303628,-111.9673311953,
    -1.213315499454));
#4626 = CARTESIAN_POINT('',(65.37902582243,-111.9719077091,
    -1.319351391004));
#4627 = CARTESIAN_POINT('',(65.927198335607,-112.0681436532,
    -3.579530082959));
#4628 = CARTESIAN_POINT('',(66.449987353856,-112.1344946958,
    -5.734713050612));
#4629 = CARTESIAN_POINT('',(66.972303245778,-112.1754062453,
    -7.890050073583));
#4630 = CARTESIAN_POINT('',(67.496474764405,-112.1911192551,
    -10.04692584234));
#4631 = CARTESIAN_POINT('',(68.017449865463,-112.1808876714,
    -12.2014606024));
#4632 = CARTESIAN_POINT('',(68.542214691798,-112.1467253387,
    -14.35871513582));
#4633 = CARTESIAN_POINT('',(69.070935770359,-112.0837973933,
    -16.54351983235));
#4634 = CARTESIAN_POINT('',(69.583538984836,-111.9999116065,
    -18.65396731228));
#4635 = CARTESIAN_POINT('',(69.588651273882,-111.9990726382,
    -18.67501336916));
#4636 = CARTESIAN_POINT('',(69.593757024493,-111.9982323928,
    -18.69603062995));
#4637 = CARTESIAN_POINT('',(69.598856409222,-111.9973908543,
    -18.71701976448));
#4638 = CARTESIAN_POINT('',(69.603949600621,-111.9965480068,
    -18.73798144258));
#4639 = CARTESIAN_POINT('',(69.609036771241,-111.9957038344,
    -18.75891633406));
#4640 = CARTESIAN_POINT('',(69.614118093634,-111.9948583211,
    -18.77982510874));
#4641 = CARTESIAN_POINT('',(69.619193740353,-111.9940114511,
    -18.80070843643));
#4642 = ADVANCED_FACE('',(#4643),#4672,.T.);
#4643 = FACE_BOUND('',#4644,.T.);
#4644 = EDGE_LOOP('',(#4645,#4646,#4647,#4655));
#4645 = ORIENTED_EDGE('',*,*,#4539,.T.);
#4646 = ORIENTED_EDGE('',*,*,#2838,.T.);
#4647 = ORIENTED_EDGE('',*,*,#4648,.F.);
#4648 = EDGE_CURVE('',#4649,#2830,#4651,.T.);
#4649 = VERTEX_POINT('',#4650);
#4650 = CARTESIAN_POINT('',(76.085094991422,-106.3929611051,
    -27.79522736492));
#4651 = ( BOUNDED_CURVE() B_SPLINE_CURVE(2,(#4652,#4653,#4654),
.UNSPECIFIED.,.F.,.F.) B_SPLINE_CURVE_WITH_KNOTS((3,3),(0.,
10.681792263899),.PIECEWISE_BEZIER_KNOTS.) CURVE() 
GEOMETRIC_REPRESENTATION_ITEM() RATIONAL_B_SPLINE_CURVE((1.,
0.707106781187,1.)) REPRESENTATION_ITEM('') );
#4652 = CARTESIAN_POINT('',(76.085094991422,-106.3929611051,
    -27.79522736492));
#4653 = CARTESIAN_POINT('',(76.113944509743,-111.3745701621,
    -28.22270708087));
#4654 = CARTESIAN_POINT('',(71.125292153443,-111.3745701621,
    -28.55937853493));
#4655 = ORIENTED_EDGE('',*,*,#4656,.F.);
#4656 = EDGE_CURVE('',#4540,#4649,#4657,.T.);
#4657 = ( BOUNDED_CURVE() B_SPLINE_CURVE(7,(#4658,#4659,#4660,#4661,
    #4662,#4663,#4664,#4665,#4666,#4667,#4668,#4669,#4670,#4671),
.UNSPECIFIED.,.F.,.F.) B_SPLINE_CURVE_WITH_KNOTS((8,6,8),(
20.807569361891,31.06309063556,31.48936162579),.UNSPECIFIED.) CURVE() 
GEOMETRIC_REPRESENTATION_ITEM() RATIONAL_B_SPLINE_CURVE((1.,1.,1.,1.,1.,
1.,1.,1.,1.,1.,1.,1.,1.,1.)) REPRESENTATION_ITEM('') );
#4658 = CARTESIAN_POINT('',(74.47408031298,-106.9958504048,
    -17.4613602273));
#4659 = CARTESIAN_POINT('',(74.816139257601,-106.9436842312,
    -18.84761321761));
#4660 = CARTESIAN_POINT('',(75.120051809853,-106.8824582071,
    -20.24468684657));
#4661 = CARTESIAN_POINT('',(75.386863765406,-106.8109046993,
    -21.65782133046));
#4662 = CARTESIAN_POINT('',(75.613829899158,-106.7295070381,
    -23.07923048619));
#4663 = CARTESIAN_POINT('',(75.801322629298,-106.6380471896,
    -24.50855927866));
#4664 = CARTESIAN_POINT('',(75.948509451476,-106.5366738967,
    -25.94223827398));
#4665 = CARTESIAN_POINT('',(76.059886385772,-106.421006666,
    -27.43719717666));
#4666 = CARTESIAN_POINT('',(76.064261615446,-106.4163739553,
    -27.49686043194));
#4667 = CARTESIAN_POINT('',(76.068567281875,-106.4117247408,
    -27.55652657874));
#4668 = CARTESIAN_POINT('',(76.072803444271,-106.407058844,
    -27.61619630769));
#4669 = CARTESIAN_POINT('',(76.076970133111,-106.4023762081,
    -27.67586994252));
#4670 = CARTESIAN_POINT('',(76.081067305209,-106.3976769923,
    -27.73554684828));
#4671 = CARTESIAN_POINT('',(76.085094991422,-106.3929611051,
    -27.79522736492));
#4672 = ( BOUNDED_SURFACE() B_SPLINE_SURFACE(2,7,(
    (#4673,#4674,#4675,#4676,#4677,#4678,#4679,#4680,#4681,#4682,#4683
      ,#4684,#4685,#4686)
    ,(#4687,#4688,#4689,#4690,#4691,#4692,#4693,#4694,#4695,#4696,#4697
      ,#4698,#4699,#4700)
    ,(#4701,#4702,#4703,#4704,#4705,#4706,#4707,#4708,#4709,#4710,#4711
      ,#4712,#4713,#4714
)),.UNSPECIFIED.,.F.,.F.,.F.) B_SPLINE_SURFACE_WITH_KNOTS((3,3),(8,6,8),
  (0.,10.681792263899),(20.807569361891,31.06309063556,31.48936162579),
.UNSPECIFIED.) GEOMETRIC_REPRESENTATION_ITEM() RATIONAL_B_SPLINE_SURFACE
((
    (1.,1.,1.,1.,1.,1.,1.,1.,1.,1.,1.,1.,1.,1.)
    ,(0.704660264929,0.70457959674,0.704687590643,0.70486521533
      ,0.705193193831,0.705636616004,0.706206899866,0.706929042312
      ,0.706958077065,0.706987359424,0.707016870232,0.707046604204
      ,0.707076577819,0.707106781187)
,(1.,1.,1.,1.,1.,1.,1.,1.,1.,1.,1.,1.,1.,1.
))) REPRESENTATION_ITEM('') SURFACE() );
#4673 = CARTESIAN_POINT('',(74.47408031298,-106.9958504048,
    -17.4613602273));
#4674 = CARTESIAN_POINT('',(74.816139257601,-106.9436842312,
    -18.84761321761));
#4675 = CARTESIAN_POINT('',(75.120051809853,-106.8824582071,
    -20.24468684657));
#4676 = CARTESIAN_POINT('',(75.386863765406,-106.8109046993,
    -21.65782133046));
#4677 = CARTESIAN_POINT('',(75.613829899158,-106.7295070381,
    -23.07923048619));
#4678 = CARTESIAN_POINT('',(75.801322629298,-106.6380471896,
    -24.50855927866));
#4679 = CARTESIAN_POINT('',(75.948509451476,-106.5366738967,
    -25.94223827398));
#4680 = CARTESIAN_POINT('',(76.059886385772,-106.421006666,
    -27.43719717666));
#4681 = CARTESIAN_POINT('',(76.064261615446,-106.4163739553,
    -27.49686043194));
#4682 = CARTESIAN_POINT('',(76.068567281875,-106.4117247408,
    -27.55652657874));
#4683 = CARTESIAN_POINT('',(76.072803444271,-106.407058844,
    -27.61619630769));
#4684 = CARTESIAN_POINT('',(76.076970133111,-106.4023762081,
    -27.67586994252));
#4685 = CARTESIAN_POINT('',(76.081067305209,-106.3976769923,
    -27.73554684828));
#4686 = CARTESIAN_POINT('',(76.085094991422,-106.3929611051,
    -27.79522736492));
#4687 = CARTESIAN_POINT('',(74.517000993282,-112.0273208739,
    -17.6353037021));
#4688 = CARTESIAN_POINT('',(74.862995458259,-111.9750999265,
    -19.05530499014));
#4689 = CARTESIAN_POINT('',(75.169139601089,-111.9108593096,
    -20.48700632718));
#4690 = CARTESIAN_POINT('',(75.436139665241,-111.835033001,
    -21.93465334946));
#4691 = CARTESIAN_POINT('',(75.661462961302,-111.7469650477,
    -23.39087634247));
#4692 = CARTESIAN_POINT('',(75.845371560952,-111.6468932084,
    -24.85532020245));
#4693 = CARTESIAN_POINT('',(75.987056168251,-111.5348121863,
    -26.32429819965));
#4694 = CARTESIAN_POINT('',(76.090684213808,-111.4058471823,
    -27.85620099489));
#4695 = CARTESIAN_POINT('',(76.094742548032,-111.4006857217,
    -27.91727359317));
#4696 = CARTESIAN_POINT('',(76.098728355584,-111.395503483,
    -27.97835245995));
#4697 = CARTESIAN_POINT('',(76.102641473729,-111.3903007893,
    -28.03943551708));
#4698 = CARTESIAN_POINT('',(76.106481814115,-111.3850777826,
    -28.10052159595));
#4699 = CARTESIAN_POINT('',(76.110249514366,-111.3798341924,
    -28.16161238762));
#4700 = CARTESIAN_POINT('',(76.113944509743,-111.3745701621,
    -28.22270708087));
#4701 = CARTESIAN_POINT('',(69.619193740353,-111.9940114511,
    -18.80070843643));
#4702 = CARTESIAN_POINT('',(69.950481462726,-111.9387361984,
    -20.16376430922));
#4703 = CARTESIAN_POINT('',(70.218458796869,-111.877356116,
    -21.42572013658));
#4704 = CARTESIAN_POINT('',(70.472495275174,-111.8046700483,
    -22.76935626865));
#4705 = CARTESIAN_POINT('',(70.680511169444,-111.7213168802,
    -24.09551451883));
#4706 = CARTESIAN_POINT('',(70.85623653748,-111.6279155215,
    -25.44062681009));
#4707 = CARTESIAN_POINT('',(70.993883201062,-111.5246840845,
    -26.78227877876));
#4708 = CARTESIAN_POINT('',(71.099337749746,-111.406076507,
    -28.19031138438));
#4709 = CARTESIAN_POINT('',(71.104034632809,-111.4006357567,
    -28.25469450045));
#4710 = CARTESIAN_POINT('',(71.108410961179,-111.3954781618,
    -28.31543843833));
#4711 = CARTESIAN_POINT('',(71.112683700205,-111.3903444504,
    -28.37566646565));
#4712 = CARTESIAN_POINT('',(71.116997343647,-111.3850577502,
    -28.43749217695));
#4713 = CARTESIAN_POINT('',(71.121171145183,-111.3798339676,
    -28.49831521246));
#4714 = CARTESIAN_POINT('',(71.125292153443,-111.3745701621,
    -28.55937853493));
#4715 = ADVANCED_FACE('',(#4716),#4736,.T.);
#4716 = FACE_BOUND('',#4717,.F.);
#4717 = EDGE_LOOP('',(#4718,#4719,#4728,#4735));
#4718 = ORIENTED_EDGE('',*,*,#4648,.F.);
#4719 = ORIENTED_EDGE('',*,*,#4720,.T.);
#4720 = EDGE_CURVE('',#4649,#4721,#4723,.T.);
#4721 = VERTEX_POINT('',#4722);
#4722 = CARTESIAN_POINT('',(77.182269616,-104.3473813192,-44.05268759843
    ));
#4723 = CIRCLE('',#4724,210.11400279467);
#4724 = AXIS2_PLACEMENT_3D('',#4725,#4726,#4727);
#4725 = CARTESIAN_POINT('',(74.872757436702,102.94820276372,
    -9.831332517246));
#4726 = DIRECTION('',(0.99773047126,-9.540979117872E-18,
    6.733429081241E-02));
#4727 = DIRECTION('',(5.635790971159E-03,-0.996491109686,
    -8.350871916425E-02));
#4728 = ORIENTED_EDGE('',*,*,#4729,.T.);
#4729 = EDGE_CURVE('',#4721,#2822,#4730,.T.);
#4730 = CIRCLE('',#4731,5.);
#4731 = AXIS2_PLACEMENT_3D('',#4732,#4733,#4734);
#4732 = CARTESIAN_POINT('',(72.1936172597,-104.3473813192,-44.3893590525
    ));
#4733 = DIRECTION('',(6.643108482594E-02,0.163240896089,-0.984347154622)
  );
#4734 = DIRECTION('',(1.099170996973E-02,-0.986586240449,-0.162870416184
    ));
#4735 = ORIENTED_EDGE('',*,*,#2829,.F.);
#4736 = TOROIDAL_SURFACE('',#4737,210.11400279467,5.);
#4737 = AXIS2_PLACEMENT_3D('',#4738,#4739,#4740);
#4738 = CARTESIAN_POINT('',(69.884105080402,102.94820276372,
    -10.1680039713));
#4739 = DIRECTION('',(-0.99773047126,1.E-17,-6.733429081241E-02));
#4740 = DIRECTION('',(5.635790971159E-03,-0.996491109686,
    -8.350871916425E-02));
#4741 = ADVANCED_FACE('',(#4742),#4748,.T.);
#4742 = FACE_BOUND('',#4743,.T.);
#4743 = EDGE_LOOP('',(#4744,#4745,#4746,#4747));
#4744 = ORIENTED_EDGE('',*,*,#3725,.T.);
#4745 = ORIENTED_EDGE('',*,*,#2934,.T.);
#4746 = ORIENTED_EDGE('',*,*,#2901,.F.);
#4747 = ORIENTED_EDGE('',*,*,#3296,.F.);
#4748 = PLANE('',#4749);
#4749 = AXIS2_PLACEMENT_3D('',#4750,#4751,#4752);
#4750 = CARTESIAN_POINT('',(-111.5,89.,-5.));
#4751 = DIRECTION('',(-1.,0.,0.));
#4752 = DIRECTION('',(0.,-1.,0.));
#4753 = ADVANCED_FACE('',(#4754),#4773,.F.);
#4754 = FACE_BOUND('',#4755,.F.);
#4755 = EDGE_LOOP('',(#4756,#4765,#4771,#4772));
#4756 = ORIENTED_EDGE('',*,*,#4757,.F.);
#4757 = EDGE_CURVE('',#4758,#4758,#4760,.T.);
#4758 = VERTEX_POINT('',#4759);
#4759 = CARTESIAN_POINT('',(-98.2,82.5,-14.));
#4760 = CIRCLE('',#4761,2.3);
#4761 = AXIS2_PLACEMENT_3D('',#4762,#4763,#4764);
#4762 = CARTESIAN_POINT('',(-100.5,82.5,-14.));
#4763 = DIRECTION('',(0.,0.,1.));
#4764 = DIRECTION('',(1.,0.,0.));
#4765 = ORIENTED_EDGE('',*,*,#4766,.T.);
#4766 = EDGE_CURVE('',#4758,#2968,#4767,.T.);
#4767 = LINE('',#4768,#4769);
#4768 = CARTESIAN_POINT('',(-98.2,82.5,0.));
#4769 = VECTOR('',#4770,1.);
#4770 = DIRECTION('',(0.,0.,-1.));
#4771 = ORIENTED_EDGE('',*,*,#2967,.T.);
#4772 = ORIENTED_EDGE('',*,*,#4766,.F.);
#4773 = CYLINDRICAL_SURFACE('',#4774,2.3);
#4774 = AXIS2_PLACEMENT_3D('',#4775,#4776,#4777);
#4775 = CARTESIAN_POINT('',(-100.5,82.5,0.));
#4776 = DIRECTION('',(0.,0.,1.));
#4777 = DIRECTION('',(1.,0.,0.));
#4778 = ADVANCED_FACE('',(#4779),#4790,.T.);
#4779 = FACE_BOUND('',#4780,.F.);
#4780 = EDGE_LOOP('',(#4781,#4782,#4783,#4789));
#4781 = ORIENTED_EDGE('',*,*,#3044,.F.);
#4782 = ORIENTED_EDGE('',*,*,#3205,.T.);
#4783 = ORIENTED_EDGE('',*,*,#4784,.T.);
#4784 = EDGE_CURVE('',#3206,#3089,#4785,.T.);
#4785 = LINE('',#4786,#4787);
#4786 = CARTESIAN_POINT('',(64.935948740706,-110.842382845,
    1.501051490792));
#4787 = VECTOR('',#4788,1.);
#4788 = DIRECTION('',(-2.239764772368E-03,-0.723130758436,
    -0.690707528305));
#4789 = ORIENTED_EDGE('',*,*,#3096,.F.);
#4790 = PLANE('',#4791);
#4791 = AXIS2_PLACEMENT_3D('',#4792,#4793,#4794);
#4792 = CARTESIAN_POINT('',(-64.55693143619,-110.4413024209,
    1.501051490792));
#4793 = DIRECTION('',(-2.13932950761E-03,-0.690704215223,0.723134227058)
  );
#4794 = DIRECTION('',(-0.99999520335,3.097301563889E-03,
    -7.177418381854E-17));
#4795 = ADVANCED_FACE('',(#4796),#4821,.T.);
#4796 = FACE_BOUND('',#4797,.T.);
#4797 = EDGE_LOOP('',(#4798,#4806,#4819,#4820));
#4798 = ORIENTED_EDGE('',*,*,#4799,.F.);
#4799 = EDGE_CURVE('',#4800,#4530,#4802,.T.);
#4800 = VERTEX_POINT('',#4801);
#4801 = CARTESIAN_POINT('',(70.027730819545,-106.9360798701,
    0.558239546761));
#4802 = LINE('',#4803,#4804);
#4803 = CARTESIAN_POINT('',(69.60237548051,-106.8556479344,
    2.282065571346));
#4804 = VECTOR('',#4805,1.);
#4805 = DIRECTION('',(0.239319979678,-4.525385586769E-02,-0.969885578744
    ));
#4806 = ORIENTED_EDGE('',*,*,#4807,.F.);
#4807 = EDGE_CURVE('',#3089,#4800,#4808,.T.);
#4808 = B_SPLINE_CURVE_WITH_KNOTS('',9,(#4809,#4810,#4811,#4812,#4813,
    #4814,#4815,#4816,#4817,#4818),.UNSPECIFIED.,.F.,.F.,(10,10),(
    845.48712993624,852.81042324405),.PIECEWISE_BEZIER_KNOTS.);
#4809 = CARTESIAN_POINT('',(64.932709440949,-111.8882240494,
    0.502102975999));
#4810 = CARTESIAN_POINT('',(65.775161810627,-111.8908305341,
    0.502165223626));
#4811 = CARTESIAN_POINT('',(66.606264445571,-111.7426849635,
    0.50388458607));
#4812 = CARTESIAN_POINT('',(67.41920378257,-111.4492328463,
    0.507547690459));
#4813 = CARTESIAN_POINT('',(68.207655260673,-111.0011797079,
    0.514432913439));
#4814 = CARTESIAN_POINT('',(68.916030659693,-110.3690334665,
    0.53432950996));
#4815 = CARTESIAN_POINT('',(69.471613960413,-109.5932890081,
    0.548684902417));
#4816 = CARTESIAN_POINT('',(69.845661950252,-108.7256384453,
    0.556264052281));
#4817 = CARTESIAN_POINT('',(70.02768702702,-107.8248265508,
    0.558300666064));
#4818 = CARTESIAN_POINT('',(70.027730815673,-106.9362370282,
    0.558239552166));
#4819 = ORIENTED_EDGE('',*,*,#3088,.T.);
#4820 = ORIENTED_EDGE('',*,*,#4529,.F.);
#4821 = CYLINDRICAL_SURFACE('',#4822,5.);
#4822 = AXIS2_PLACEMENT_3D('',#4823,#4824,#4825);
#4823 = CARTESIAN_POINT('',(64.747974347413,-106.8556479344,
    1.084238522482));
#4824 = DIRECTION('',(0.239319979678,-4.525385586769E-02,-0.969885578744
    ));
#4825 = DIRECTION('',(0.970880226619,-2.949029909161E-17,0.239565409773)
  );
#4826 = ADVANCED_FACE('',(#4827),#4837,.F.);
#4827 = FACE_BOUND('',#4828,.F.);
#4828 = EDGE_LOOP('',(#4829,#4834,#4835,#4836));
#4829 = ORIENTED_EDGE('',*,*,#4830,.F.);
#4830 = EDGE_CURVE('',#3237,#3452,#4831,.T.);
#4831 = B_SPLINE_CURVE_WITH_KNOTS('',1,(#4832,#4833),.UNSPECIFIED.,.F.,
  .F.,(2,2),(0.,7.323291191411),.PIECEWISE_BEZIER_KNOTS.);
#4832 = CARTESIAN_POINT('',(64.935890263467,109.79653414553,2.5));
#4833 = CARTESIAN_POINT('',(64.932860630069,111.88822451505,
    0.502102987194));
#4834 = ORIENTED_EDGE('',*,*,#3251,.T.);
#4835 = ORIENTED_EDGE('',*,*,#3127,.T.);
#4836 = ORIENTED_EDGE('',*,*,#3459,.F.);
#4837 = PLANE('',#4838);
#4838 = AXIS2_PLACEMENT_3D('',#4839,#4840,#4841);
#4839 = CARTESIAN_POINT('',(64.442682183285,110.84085504244,
    1.501051490792));
#4840 = DIRECTION('',(2.13932950761E-03,-0.690704215223,-0.723134227058)
  );
#4841 = DIRECTION('',(-0.99999520335,-3.097301563889E-03,
    -4.770489558936E-17));
#4842 = ADVANCED_FACE('',(#4843),#4868,.F.);
#4843 = FACE_BOUND('',#4844,.F.);
#4844 = EDGE_LOOP('',(#4845,#4853,#4854,#4862));
#4845 = ORIENTED_EDGE('',*,*,#4846,.F.);
#4846 = EDGE_CURVE('',#3172,#4847,#4849,.T.);
#4847 = VERTEX_POINT('',#4848);
#4848 = CARTESIAN_POINT('',(-65.1486,106.98,1.9));
#4849 = LINE('',#4850,#4851);
#4850 = CARTESIAN_POINT('',(-65.3486,107.18,2.1));
#4851 = VECTOR('',#4852,1.);
#4852 = DIRECTION('',(0.57735026919,-0.57735026919,-0.57735026919));
#4853 = ORIENTED_EDGE('',*,*,#3171,.T.);
#4854 = ORIENTED_EDGE('',*,*,#4855,.T.);
#4855 = EDGE_CURVE('',#3174,#4856,#4858,.T.);
#4856 = VERTEX_POINT('',#4857);
#4857 = CARTESIAN_POINT('',(65.1486,106.98,1.9));
#4858 = LINE('',#4859,#4860);
#4859 = CARTESIAN_POINT('',(43.6324,85.4638,-19.6162));
#4860 = VECTOR('',#4861,1.);
#4861 = DIRECTION('',(-0.57735026919,-0.57735026919,-0.57735026919));
#4862 = ORIENTED_EDGE('',*,*,#4863,.F.);
#4863 = EDGE_CURVE('',#4847,#4856,#4864,.T.);
#4864 = LINE('',#4865,#4866);
#4865 = CARTESIAN_POINT('',(-65.1486,106.98,1.9));
#4866 = VECTOR('',#4867,1.);
#4867 = DIRECTION('',(1.,0.,-4.E-17));
#4868 = PLANE('',#4869);
#4869 = AXIS2_PLACEMENT_3D('',#4870,#4871,#4872);
#4870 = CARTESIAN_POINT('',(-65.1486,107.28,2.2));
#4871 = DIRECTION('',(-1.E-17,0.707106781187,-0.707106781187));
#4872 = DIRECTION('',(1.,-1.792893218813E-17,-3.207106781187E-17));
#4873 = ADVANCED_FACE('',(#4874),#4892,.F.);
#4874 = FACE_BOUND('',#4875,.T.);
#4875 = EDGE_LOOP('',(#4876,#4877,#4878,#4886));
#4876 = ORIENTED_EDGE('',*,*,#4846,.F.);
#4877 = ORIENTED_EDGE('',*,*,#3197,.T.);
#4878 = ORIENTED_EDGE('',*,*,#4879,.T.);
#4879 = EDGE_CURVE('',#3190,#4880,#4882,.T.);
#4880 = VERTEX_POINT('',#4881);
#4881 = CARTESIAN_POINT('',(-65.1486,-106.98,1.9));
#4882 = LINE('',#4883,#4884);
#4883 = CARTESIAN_POINT('',(-29.6886,-71.52,-33.56));
#4884 = VECTOR('',#4885,1.);
#4885 = DIRECTION('',(0.57735026919,0.57735026919,-0.57735026919));
#4886 = ORIENTED_EDGE('',*,*,#4887,.F.);
#4887 = EDGE_CURVE('',#4847,#4880,#4888,.T.);
#4888 = LINE('',#4889,#4890);
#4889 = CARTESIAN_POINT('',(-65.1486,106.98,1.9));
#4890 = VECTOR('',#4891,1.);
#4891 = DIRECTION('',(0.,-1.,2.2E-16));
#4892 = PLANE('',#4893);
#4893 = AXIS2_PLACEMENT_3D('',#4894,#4895,#4896);
#4894 = CARTESIAN_POINT('',(-65.4486,106.98,2.2));
#4895 = DIRECTION('',(-0.707106781187,-1.6E-16,-0.707106781187));
#4896 = DIRECTION('',(-3.137084989848E-18,1.,-2.231370849898E-16));
#4897 = ADVANCED_FACE('',(#4898),#4916,.T.);
#4898 = FACE_BOUND('',#4899,.F.);
#4899 = EDGE_LOOP('',(#4900,#4901,#4902,#4910));
#4900 = ORIENTED_EDGE('',*,*,#4855,.F.);
#4901 = ORIENTED_EDGE('',*,*,#3181,.T.);
#4902 = ORIENTED_EDGE('',*,*,#4903,.T.);
#4903 = EDGE_CURVE('',#3182,#4904,#4906,.T.);
#4904 = VERTEX_POINT('',#4905);
#4905 = CARTESIAN_POINT('',(65.1486,-106.98,1.9));
#4906 = LINE('',#4907,#4908);
#4907 = CARTESIAN_POINT('',(7.9724,-49.8038,-55.2762));
#4908 = VECTOR('',#4909,1.);
#4909 = DIRECTION('',(-0.57735026919,0.57735026919,-0.57735026919));
#4910 = ORIENTED_EDGE('',*,*,#4911,.F.);
#4911 = EDGE_CURVE('',#4856,#4904,#4912,.T.);
#4912 = LINE('',#4913,#4914);
#4913 = CARTESIAN_POINT('',(65.1486,106.98,1.9));
#4914 = VECTOR('',#4915,1.);
#4915 = DIRECTION('',(0.,-1.,2.2E-16));
#4916 = PLANE('',#4917);
#4917 = AXIS2_PLACEMENT_3D('',#4918,#4919,#4920);
#4918 = CARTESIAN_POINT('',(65.4486,106.98,2.2));
#4919 = DIRECTION('',(-0.707106781187,1.6E-16,0.707106781187));
#4920 = DIRECTION('',(3.137084989848E-18,1.,-2.231370849898E-16));
#4921 = ADVANCED_FACE('',(#4922),#4933,.T.);
#4922 = FACE_BOUND('',#4923,.T.);
#4923 = EDGE_LOOP('',(#4924,#4925,#4926,#4927));
#4924 = ORIENTED_EDGE('',*,*,#4879,.F.);
#4925 = ORIENTED_EDGE('',*,*,#3189,.T.);
#4926 = ORIENTED_EDGE('',*,*,#4903,.T.);
#4927 = ORIENTED_EDGE('',*,*,#4928,.F.);
#4928 = EDGE_CURVE('',#4880,#4904,#4929,.T.);
#4929 = LINE('',#4930,#4931);
#4930 = CARTESIAN_POINT('',(-65.1486,-106.98,1.9));
#4931 = VECTOR('',#4932,1.);
#4932 = DIRECTION('',(1.,0.,1.E-17));
#4933 = PLANE('',#4934);
#4934 = AXIS2_PLACEMENT_3D('',#4935,#4936,#4937);
#4935 = CARTESIAN_POINT('',(-65.1486,-107.28,2.2));
#4936 = DIRECTION('',(0.,0.707106781187,0.707106781187));
#4937 = DIRECTION('',(1.,-1.E-17,1.E-17));
#4938 = ADVANCED_FACE('',(#4939),#4949,.T.);
#4939 = FACE_BOUND('',#4940,.T.);
#4940 = EDGE_LOOP('',(#4941,#4942,#4943,#4948));
#4941 = ORIENTED_EDGE('',*,*,#4784,.T.);
#4942 = ORIENTED_EDGE('',*,*,#4807,.T.);
#4943 = ORIENTED_EDGE('',*,*,#4944,.F.);
#4944 = EDGE_CURVE('',#3214,#4800,#4945,.T.);
#4945 = B_SPLINE_CURVE_WITH_KNOTS('',1,(#4946,#4947),.UNSPECIFIED.,.F.,
  .F.,(2,2),(0.,7.323293307815),.PIECEWISE_BEZIER_KNOTS.);
#4946 = CARTESIAN_POINT('',(67.548600107588,-106.9354238568,2.5));
#4947 = CARTESIAN_POINT('',(70.027730815673,-106.9362370282,
    0.558239552166));
#4948 = ORIENTED_EDGE('',*,*,#3213,.F.);
#4949 = B_SPLINE_SURFACE_WITH_KNOTS('',1,9,(
    (#4950,#4951,#4952,#4953,#4954,#4955,#4956,#4957,#4958,#4959)
    ,(#4960,#4961,#4962,#4963,#4964,#4965,#4966,#4967,#4968,#4969
  )),.UNSPECIFIED.,.F.,.F.,.F.,(2,2),(10,10),(0.,7.323293307815),(
    845.48712993624,852.81042324405),.PIECEWISE_BEZIER_KNOTS.);
#4950 = CARTESIAN_POINT('',(64.935813413299,-109.7965340328,2.5));
#4951 = CARTESIAN_POINT('',(65.364036034507,-109.7971694956,2.5));
#4952 = CARTESIAN_POINT('',(65.786883463614,-109.7023112067,2.5));
#4953 = CARTESIAN_POINT('',(66.206547032665,-109.5172457181,
    2.500000000001));
#4954 = CARTESIAN_POINT('',(66.620136195795,-109.2310293169,
    2.499999999999));
#4955 = CARTESIAN_POINT('',(66.982980287582,-108.8411772269,
    2.500000000001));
#4956 = CARTESIAN_POINT('',(67.269633802074,-108.3823141386,2.5));
#4957 = CARTESIAN_POINT('',(67.458804121683,-107.8856260416,2.5));
#4958 = CARTESIAN_POINT('',(67.548449840405,-107.3935461969,2.5));
#4959 = CARTESIAN_POINT('',(67.548600107588,-106.9354238568,2.5));
#4960 = CARTESIAN_POINT('',(64.932709440949,-111.8882240494,
    0.502102975999));
#4961 = CARTESIAN_POINT('',(65.775161810627,-111.8908305341,
    0.502165223626));
#4962 = CARTESIAN_POINT('',(66.606264445571,-111.7426849635,
    0.50388458607));
#4963 = CARTESIAN_POINT('',(67.41920378257,-111.4492328463,
    0.507547690459));
#4964 = CARTESIAN_POINT('',(68.207655260673,-111.0011797079,
    0.514432913439));
#4965 = CARTESIAN_POINT('',(68.916030659693,-110.3690334665,
    0.53432950996));
#4966 = CARTESIAN_POINT('',(69.471613960413,-109.5932890081,
    0.548684902417));
#4967 = CARTESIAN_POINT('',(69.845661950252,-108.7256384453,
    0.556264052281));
#4968 = CARTESIAN_POINT('',(70.02768702702,-107.8248265508,
    0.558300666064));
#4969 = CARTESIAN_POINT('',(70.027730815673,-106.9362370282,
    0.558239552166));
#4970 = ADVANCED_FACE('',(#4971),#4989,.T.);
#4971 = FACE_BOUND('',#4972,.F.);
#4972 = EDGE_LOOP('',(#4973,#4974,#4975,#4983));
#4973 = ORIENTED_EDGE('',*,*,#4944,.F.);
#4974 = ORIENTED_EDGE('',*,*,#3228,.T.);
#4975 = ORIENTED_EDGE('',*,*,#4976,.T.);
#4976 = EDGE_CURVE('',#3229,#4977,#4979,.T.);
#4977 = VERTEX_POINT('',#4978);
#4978 = CARTESIAN_POINT('',(70.027730819545,106.93607987014,
    0.558239546761));
#4979 = LINE('',#4980,#4981);
#4980 = CARTESIAN_POINT('',(68.788165409773,106.93607987014,
    1.529119773381));
#4981 = VECTOR('',#4982,1.);
#4982 = DIRECTION('',(0.787262792774,-1.4E-16,-0.616617624719));
#4983 = ORIENTED_EDGE('',*,*,#4984,.F.);
#4984 = EDGE_CURVE('',#4800,#4977,#4985,.T.);
#4985 = LINE('',#4986,#4987);
#4986 = CARTESIAN_POINT('',(70.027730819545,-106.8454793399,
    0.558239546761));
#4987 = VECTOR('',#4988,1.);
#4988 = DIRECTION('',(0.,1.,-2.2E-16));
#4989 = PLANE('',#4990);
#4990 = AXIS2_PLACEMENT_3D('',#4991,#4992,#4993);
#4991 = CARTESIAN_POINT('',(68.788165409773,-106.8454793399,
    1.529119773381));
#4992 = DIRECTION('',(0.616617624719,1.7E-16,0.787262792774));
#4993 = DIRECTION('',(-1.971828725961E-18,-1.,2.174824796966E-16));
#4994 = ADVANCED_FACE('',(#4995),#5013,.T.);
#4995 = FACE_BOUND('',#4996,.T.);
#4996 = EDGE_LOOP('',(#4997,#4998,#5011,#5012));
#4997 = ORIENTED_EDGE('',*,*,#4976,.T.);
#4998 = ORIENTED_EDGE('',*,*,#4999,.T.);
#4999 = EDGE_CURVE('',#4977,#3452,#5000,.T.);
#5000 = B_SPLINE_CURVE_WITH_KNOTS('',9,(#5001,#5002,#5003,#5004,#5005,
    #5006,#5007,#5008,#5009,#5010),.UNSPECIFIED.,.F.,.F.,(10,10),(
    1.066682449554E+03,1.074005740746E+03),.PIECEWISE_BEZIER_KNOTS.);
#5001 = CARTESIAN_POINT('',(70.027730820886,106.93607987039,
    0.558239541328));
#5002 = CARTESIAN_POINT('',(70.027715659512,107.82466721191,
    0.558300985417));
#5003 = CARTESIAN_POINT('',(69.84572055879,108.72548316553,
    0.556265180388));
#5004 = CARTESIAN_POINT('',(69.471702109046,109.5931456588,
    0.548687025041));
#5005 = CARTESIAN_POINT('',(68.916144155906,110.36890941309,
    0.534332661874));
#5006 = CARTESIAN_POINT('',(68.207788285019,111.00108155197,
    0.514435371302));
#5007 = CARTESIAN_POINT('',(67.419345764944,111.44916185951,
    0.50754878401));
#5008 = CARTESIAN_POINT('',(66.606410689568,111.74263821714,
    0.503885139349));
#5009 = CARTESIAN_POINT('',(65.775310926112,111.89080694126,
    0.502165505106));
#5010 = CARTESIAN_POINT('',(64.932860630069,111.88822451505,
    0.502102987194));
#5011 = ORIENTED_EDGE('',*,*,#4830,.F.);
#5012 = ORIENTED_EDGE('',*,*,#3236,.F.);
#5013 = B_SPLINE_SURFACE_WITH_KNOTS('',1,9,(
    (#5014,#5015,#5016,#5017,#5018,#5019,#5020,#5021,#5022,#5023)
    ,(#5024,#5025,#5026,#5027,#5028,#5029,#5030,#5031,#5032,#5033
  )),.UNSPECIFIED.,.F.,.F.,.F.,(2,2),(10,10),(0.,7.323291191411),(
    1.066682449554E+03,1.074005740746E+03),.PIECEWISE_BEZIER_KNOTS.);
#5014 = CARTESIAN_POINT('',(67.548600132921,106.93534283272,2.5));
#5015 = CARTESIAN_POINT('',(67.548463936236,107.3934596905,2.5));
#5016 = CARTESIAN_POINT('',(67.458833704917,107.8855381564,2.5));
#5017 = CARTESIAN_POINT('',(67.269678962681,108.38223015378,2.5));
#5018 = CARTESIAN_POINT('',(66.983038711248,108.8411025858,2.5));
#5019 = CARTESIAN_POINT('',(66.620204991353,109.23096767897,2.5));
#5020 = CARTESIAN_POINT('',(66.206621172175,109.51720073964,2.5));
#5021 = CARTESIAN_POINT('',(65.786958698998,109.70228157534,2.5));
#5022 = CARTESIAN_POINT('',(65.364111894719,109.79715438769,2.5));
#5023 = CARTESIAN_POINT('',(64.935890263467,109.79653414553,2.5));
#5024 = CARTESIAN_POINT('',(70.027730820886,106.93607987039,
    0.558239541328));
#5025 = CARTESIAN_POINT('',(70.027715659512,107.82466721191,
    0.558300985417));
#5026 = CARTESIAN_POINT('',(69.84572055879,108.72548316553,
    0.556265180388));
#5027 = CARTESIAN_POINT('',(69.471702109046,109.5931456588,
    0.548687025041));
#5028 = CARTESIAN_POINT('',(68.916144155906,110.36890941309,
    0.534332661874));
#5029 = CARTESIAN_POINT('',(68.207788285019,111.00108155197,
    0.514435371302));
#5030 = CARTESIAN_POINT('',(67.419345764944,111.44916185951,
    0.50754878401));
#5031 = CARTESIAN_POINT('',(66.606410689568,111.74263821714,
    0.503885139349));
#5032 = CARTESIAN_POINT('',(65.775310926112,111.89080694126,
    0.502165505106));
#5033 = CARTESIAN_POINT('',(64.932860630069,111.88822451505,
    0.502102987194));
#5034 = ADVANCED_FACE('',(#5035),#5053,.F.);
#5035 = FACE_BOUND('',#5036,.T.);
#5036 = EDGE_LOOP('',(#5037,#5044,#5051,#5052));
#5037 = ORIENTED_EDGE('',*,*,#5038,.T.);
#5038 = EDGE_CURVE('',#3311,#5039,#5041,.T.);
#5039 = VERTEX_POINT('',#5040);
#5040 = CARTESIAN_POINT('',(-103.5179044156,82.5,-14.));
#5041 = B_SPLINE_CURVE_WITH_KNOTS('',1,(#5042,#5043),.UNSPECIFIED.,.F.,
  .F.,(2,2),(0.,1.),.PIECEWISE_BEZIER_KNOTS.);
#5042 = CARTESIAN_POINT('',(-103.675,82.5,-5.));
#5043 = CARTESIAN_POINT('',(-103.5179044156,82.5,-14.));
#5044 = ORIENTED_EDGE('',*,*,#5045,.F.);
#5045 = EDGE_CURVE('',#5039,#5039,#5046,.T.);
#5046 = CIRCLE('',#5047,3.017904415646);
#5047 = AXIS2_PLACEMENT_3D('',#5048,#5049,#5050);
#5048 = CARTESIAN_POINT('',(-100.5,82.5,-14.));
#5049 = DIRECTION('',(0.,-2.2E-16,1.));
#5050 = DIRECTION('',(-1.,0.,0.));
#5051 = ORIENTED_EDGE('',*,*,#5038,.F.);
#5052 = ORIENTED_EDGE('',*,*,#3320,.T.);
#5053 = CONICAL_SURFACE('',#5054,3.175,1.745329251994E-02);
#5054 = AXIS2_PLACEMENT_3D('',#5055,#5056,#5057);
#5055 = CARTESIAN_POINT('',(-100.5,82.5,-5.));
#5056 = DIRECTION('',(0.,0.,1.));
#5057 = DIRECTION('',(-1.,-0.,-0.));
#5058 = ADVANCED_FACE('',(#5059),#5093,.T.);
#5059 = FACE_BOUND('',#5060,.T.);
#5060 = EDGE_LOOP('',(#5061,#5071,#5077,#5078,#5079,#5087));
#5061 = ORIENTED_EDGE('',*,*,#5062,.T.);
#5062 = EDGE_CURVE('',#5063,#5065,#5067,.T.);
#5063 = VERTEX_POINT('',#5064);
#5064 = CARTESIAN_POINT('',(-58.4214,-106.98,-4.4958));
#5065 = VERTEX_POINT('',#5066);
#5066 = CARTESIAN_POINT('',(-58.4214,111.13490302606,-4.4958));
#5067 = LINE('',#5068,#5069);
#5068 = CARTESIAN_POINT('',(-58.4214,106.98,-4.4958));
#5069 = VECTOR('',#5070,1.);
#5070 = DIRECTION('',(0.,1.,-2.2E-16));
#5071 = ORIENTED_EDGE('',*,*,#5072,.F.);
#5072 = EDGE_CURVE('',#3338,#5065,#5073,.T.);
#5073 = LINE('',#5074,#5075);
#5074 = CARTESIAN_POINT('',(-85.6261098661,83.817165323918,-4.4958));
#5075 = VECTOR('',#5076,1.);
#5076 = DIRECTION('',(-0.705639396231,-0.708571127331,1.6E-16));
#5077 = ORIENTED_EDGE('',*,*,#3335,.F.);
#5078 = ORIENTED_EDGE('',*,*,#3345,.F.);
#5079 = ORIENTED_EDGE('',*,*,#5080,.T.);
#5080 = EDGE_CURVE('',#3346,#5081,#5083,.T.);
#5081 = VERTEX_POINT('',#5082);
#5082 = CARTESIAN_POINT('',(-59.7514,-106.98,-4.4958));
#5083 = LINE('',#5084,#5085);
#5084 = CARTESIAN_POINT('',(-59.7514,106.98,-4.4958));
#5085 = VECTOR('',#5086,1.);
#5086 = DIRECTION('',(0.,-1.,2.2E-16));
#5087 = ORIENTED_EDGE('',*,*,#5088,.T.);
#5088 = EDGE_CURVE('',#5081,#5063,#5089,.T.);
#5089 = LINE('',#5090,#5091);
#5090 = CARTESIAN_POINT('',(-59.7514,-106.98,-4.4958));
#5091 = VECTOR('',#5092,1.);
#5092 = DIRECTION('',(1.,0.,0.));
#5093 = PLANE('',#5094);
#5094 = AXIS2_PLACEMENT_3D('',#5095,#5096,#5097);
#5095 = CARTESIAN_POINT('',(-59.08639377527,2.376739032521,-4.4958));
#5096 = DIRECTION('',(0.,2.2E-16,1.));
#5097 = DIRECTION('',(0.,-1.,2.2E-16));
#5098 = ADVANCED_FACE('',(#5099),#5117,.F.);
#5099 = FACE_BOUND('',#5100,.F.);
#5100 = EDGE_LOOP('',(#5101,#5102,#5103,#5111));
#5101 = ORIENTED_EDGE('',*,*,#5072,.F.);
#5102 = ORIENTED_EDGE('',*,*,#3441,.T.);
#5103 = ORIENTED_EDGE('',*,*,#5104,.T.);
#5104 = EDGE_CURVE('',#3434,#5105,#5107,.T.);
#5105 = VERTEX_POINT('',#5106);
#5106 = CARTESIAN_POINT('',(-58.4214,111.01366759064,-1.8542));
#5107 = LINE('',#5108,#5109);
#5108 = CARTESIAN_POINT('',(-85.58064696772,83.741581672295,-1.8542));
#5109 = VECTOR('',#5110,1.);
#5110 = DIRECTION('',(-0.705639396231,-0.708571127331,1.5E-16));
#5111 = ORIENTED_EDGE('',*,*,#5112,.F.);
#5112 = EDGE_CURVE('',#5065,#5105,#5113,.T.);
#5113 = LINE('',#5114,#5115);
#5114 = CARTESIAN_POINT('',(-58.4214,111.13616549119,-4.523307864079));
#5115 = VECTOR('',#5116,1.);
#5116 = DIRECTION('',(0.,-4.584644013226E-02,0.998948499137));
#5117 = PLANE('',#5118);
#5118 = AXIS2_PLACEMENT_3D('',#5119,#5120,#5121);
#5119 = CARTESIAN_POINT('',(-58.12140143597,111.43677727834,
    -4.509511376758));
#5120 = DIRECTION('',(0.708199846364,-0.705269651448,-3.236813797725E-02
    ));
#5121 = DIRECTION('',(-3.087807787239E-16,-4.584644013226E-02,
    0.998948499137));
#5122 = ADVANCED_FACE('',(#5123),#5141,.T.);
#5123 = FACE_BOUND('',#5124,.T.);
#5124 = EDGE_LOOP('',(#5125,#5126,#5127,#5135));
#5125 = ORIENTED_EDGE('',*,*,#5080,.F.);
#5126 = ORIENTED_EDGE('',*,*,#3353,.F.);
#5127 = ORIENTED_EDGE('',*,*,#5128,.F.);
#5128 = EDGE_CURVE('',#5129,#3354,#5131,.T.);
#5129 = VERTEX_POINT('',#5130);
#5130 = CARTESIAN_POINT('',(-59.7514,-106.98,-5.8928));
#5131 = LINE('',#5132,#5133);
#5132 = CARTESIAN_POINT('',(-59.7514,106.98,-5.8928));
#5133 = VECTOR('',#5134,1.);
#5134 = DIRECTION('',(0.,1.,-2.2E-16));
#5135 = ORIENTED_EDGE('',*,*,#5136,.F.);
#5136 = EDGE_CURVE('',#5081,#5129,#5137,.T.);
#5137 = LINE('',#5138,#5139);
#5138 = CARTESIAN_POINT('',(-59.7514,-106.98,-4.4958));
#5139 = VECTOR('',#5140,1.);
#5140 = DIRECTION('',(0.,2.2E-16,-1.));
#5141 = PLANE('',#5142);
#5142 = AXIS2_PLACEMENT_3D('',#5143,#5144,#5145);
#5143 = CARTESIAN_POINT('',(-59.7514,2.392103926582,-5.194401717106));
#5144 = DIRECTION('',(-1.,0.,0.));
#5145 = DIRECTION('',(0.,1.,2.2E-16));
#5146 = ADVANCED_FACE('',(#5147),#5174,.T.);
#5147 = FACE_BOUND('',#5148,.T.);
#5148 = EDGE_LOOP('',(#5149,#5157,#5165,#5171,#5172,#5173));
#5149 = ORIENTED_EDGE('',*,*,#5150,.F.);
#5150 = EDGE_CURVE('',#5151,#5105,#5153,.T.);
#5151 = VERTEX_POINT('',#5152);
#5152 = CARTESIAN_POINT('',(-58.4214,-106.98,-1.8542));
#5153 = LINE('',#5154,#5155);
#5154 = CARTESIAN_POINT('',(-58.4214,106.98,-1.8542));
#5155 = VECTOR('',#5156,1.);
#5156 = DIRECTION('',(0.,1.,-2.2E-16));
#5157 = ORIENTED_EDGE('',*,*,#5158,.F.);
#5158 = EDGE_CURVE('',#5159,#5151,#5161,.T.);
#5159 = VERTEX_POINT('',#5160);
#5160 = CARTESIAN_POINT('',(-59.7514,-106.98,-1.8542));
#5161 = LINE('',#5162,#5163);
#5162 = CARTESIAN_POINT('',(-59.7514,-106.98,-1.8542));
#5163 = VECTOR('',#5164,1.);
#5164 = DIRECTION('',(1.,0.,0.));
#5165 = ORIENTED_EDGE('',*,*,#5166,.T.);
#5166 = EDGE_CURVE('',#5159,#3418,#5167,.T.);
#5167 = LINE('',#5168,#5169);
#5168 = CARTESIAN_POINT('',(-59.7514,106.98,-1.8542));
#5169 = VECTOR('',#5170,1.);
#5170 = DIRECTION('',(0.,1.,-2.2E-16));
#5171 = ORIENTED_EDGE('',*,*,#3425,.F.);
#5172 = ORIENTED_EDGE('',*,*,#3433,.T.);
#5173 = ORIENTED_EDGE('',*,*,#5104,.T.);
#5174 = PLANE('',#5175);
#5175 = AXIS2_PLACEMENT_3D('',#5176,#5177,#5178);
#5176 = CARTESIAN_POINT('',(-59.08639377184,2.316121314811,-1.8542));
#5177 = DIRECTION('',(0.,-2.1E-16,-1.));
#5178 = DIRECTION('',(0.,1.,-2.1E-16));
#5179 = ADVANCED_FACE('',(#5180),#5198,.T.);
#5180 = FACE_BOUND('',#5181,.T.);
#5181 = EDGE_LOOP('',(#5182,#5183,#5184,#5192));
#5182 = ORIENTED_EDGE('',*,*,#5128,.T.);
#5183 = ORIENTED_EDGE('',*,*,#3361,.F.);
#5184 = ORIENTED_EDGE('',*,*,#5185,.T.);
#5185 = EDGE_CURVE('',#3362,#5186,#5188,.T.);
#5186 = VERTEX_POINT('',#5187);
#5187 = CARTESIAN_POINT('',(-62.7486,-106.98,-5.8928));
#5188 = LINE('',#5189,#5190);
#5189 = CARTESIAN_POINT('',(-62.7486,106.98,-5.8928));
#5190 = VECTOR('',#5191,1.);
#5191 = DIRECTION('',(0.,-1.,2.2E-16));
#5192 = ORIENTED_EDGE('',*,*,#5193,.F.);
#5193 = EDGE_CURVE('',#5129,#5186,#5194,.T.);
#5194 = LINE('',#5195,#5196);
#5195 = CARTESIAN_POINT('',(-59.7514,-106.98,-5.8928));
#5196 = VECTOR('',#5197,1.);
#5197 = DIRECTION('',(-1.,0.,0.));
#5198 = PLANE('',#5199);
#5199 = AXIS2_PLACEMENT_3D('',#5200,#5201,#5202);
#5200 = CARTESIAN_POINT('',(-61.24996863408,2.405447801735,-5.8928));
#5201 = DIRECTION('',(0.,2.2E-16,1.));
#5202 = DIRECTION('',(0.,-1.,2.2E-16));
#5203 = ADVANCED_FACE('',(#5204),#5222,.T.);
#5204 = FACE_BOUND('',#5205,.T.);
#5205 = EDGE_LOOP('',(#5206,#5207,#5208,#5216));
#5206 = ORIENTED_EDGE('',*,*,#5185,.F.);
#5207 = ORIENTED_EDGE('',*,*,#3369,.F.);
#5208 = ORIENTED_EDGE('',*,*,#5209,.F.);
#5209 = EDGE_CURVE('',#5210,#3370,#5212,.T.);
#5210 = VERTEX_POINT('',#5211);
#5211 = CARTESIAN_POINT('',(-62.7486,-106.98,-4.4958));
#5212 = LINE('',#5213,#5214);
#5213 = CARTESIAN_POINT('',(-62.7486,106.98,-4.4958));
#5214 = VECTOR('',#5215,1.);
#5215 = DIRECTION('',(0.,1.,-2.2E-16));
#5216 = ORIENTED_EDGE('',*,*,#5217,.F.);
#5217 = EDGE_CURVE('',#5186,#5210,#5218,.T.);
#5218 = LINE('',#5219,#5220);
#5219 = CARTESIAN_POINT('',(-62.7486,-106.98,-5.8928));
#5220 = VECTOR('',#5221,1.);
#5221 = DIRECTION('',(0.,-2.2E-16,1.));
#5222 = PLANE('',#5223);
#5223 = AXIS2_PLACEMENT_3D('',#5224,#5225,#5226);
#5224 = CARTESIAN_POINT('',(-62.7486,2.387462288194,-5.194401721396));
#5225 = DIRECTION('',(1.,0.,0.));
#5226 = DIRECTION('',(0.,-1.,-2.2E-16));
#5227 = ADVANCED_FACE('',(#5228),#5254,.T.);
#5228 = FACE_BOUND('',#5229,.T.);
#5229 = EDGE_LOOP('',(#5230,#5240,#5246,#5247,#5248));
#5230 = ORIENTED_EDGE('',*,*,#5231,.F.);
#5231 = EDGE_CURVE('',#5232,#5234,#5236,.T.);
#5232 = VERTEX_POINT('',#5233);
#5233 = CARTESIAN_POINT('',(-59.7514,106.98,-0.));
#5234 = VERTEX_POINT('',#5235);
#5235 = CARTESIAN_POINT('',(-59.7514,-106.98,0.));
#5236 = LINE('',#5237,#5238);
#5237 = CARTESIAN_POINT('',(-59.7514,106.98,-2.375E-14));
#5238 = VECTOR('',#5239,1.);
#5239 = DIRECTION('',(0.,-1.,2.2E-16));
#5240 = ORIENTED_EDGE('',*,*,#5241,.T.);
#5241 = EDGE_CURVE('',#5232,#3410,#5242,.T.);
#5242 = LINE('',#5243,#5244);
#5243 = CARTESIAN_POINT('',(-59.7514,106.98,-2.375E-14));
#5244 = VECTOR('',#5245,1.);
#5245 = DIRECTION('',(0.,1.,-2.2E-16));
#5246 = ORIENTED_EDGE('',*,*,#3417,.F.);
#5247 = ORIENTED_EDGE('',*,*,#5166,.F.);
#5248 = ORIENTED_EDGE('',*,*,#5249,.F.);
#5249 = EDGE_CURVE('',#5234,#5159,#5250,.T.);
#5250 = LINE('',#5251,#5252);
#5251 = CARTESIAN_POINT('',(-59.7514,-106.98,-2.84217094304E-14));
#5252 = VECTOR('',#5253,1.);
#5253 = DIRECTION('',(0.,2.2E-16,-1.));
#5254 = PLANE('',#5255);
#5255 = AXIS2_PLACEMENT_3D('',#5256,#5257,#5258);
#5256 = CARTESIAN_POINT('',(-59.7514,2.294303311033,-0.927278977551));
#5257 = DIRECTION('',(-1.,0.,0.));
#5258 = DIRECTION('',(0.,1.,2.2E-16));
#5259 = ADVANCED_FACE('',(#5260),#5278,.T.);
#5260 = FACE_BOUND('',#5261,.T.);
#5261 = EDGE_LOOP('',(#5262,#5263,#5264,#5272));
#5262 = ORIENTED_EDGE('',*,*,#5209,.T.);
#5263 = ORIENTED_EDGE('',*,*,#3377,.F.);
#5264 = ORIENTED_EDGE('',*,*,#5265,.T.);
#5265 = EDGE_CURVE('',#3378,#5266,#5268,.T.);
#5266 = VERTEX_POINT('',#5267);
#5267 = CARTESIAN_POINT('',(-64.0786,-106.98,-4.4958));
#5268 = LINE('',#5269,#5270);
#5269 = CARTESIAN_POINT('',(-64.0786,106.98,-4.4958));
#5270 = VECTOR('',#5271,1.);
#5271 = DIRECTION('',(0.,-1.,2.2E-16));
#5272 = ORIENTED_EDGE('',*,*,#5273,.F.);
#5273 = EDGE_CURVE('',#5210,#5266,#5274,.T.);
#5274 = LINE('',#5275,#5276);
#5275 = CARTESIAN_POINT('',(-62.7486,-106.98,-4.4958));
#5276 = VECTOR('',#5277,1.);
#5277 = DIRECTION('',(-1.,0.,0.));
#5278 = PLANE('',#5279);
#5279 = AXIS2_PLACEMENT_3D('',#5280,#5281,#5282);
#5280 = CARTESIAN_POINT('',(-63.41359377489,2.370037678713,-4.4958));
#5281 = DIRECTION('',(0.,2.2E-16,1.));
#5282 = DIRECTION('',(0.,-1.,2.2E-16));
#5283 = ADVANCED_FACE('',(#5284),#5302,.T.);
#5284 = FACE_BOUND('',#5285,.T.);
#5285 = EDGE_LOOP('',(#5286,#5294,#5300,#5301));
#5286 = ORIENTED_EDGE('',*,*,#5287,.F.);
#5287 = EDGE_CURVE('',#5288,#5232,#5290,.T.);
#5288 = VERTEX_POINT('',#5289);
#5289 = CARTESIAN_POINT('',(-62.7486,106.98,-0.));
#5290 = LINE('',#5291,#5292);
#5291 = CARTESIAN_POINT('',(-62.7486,106.98,2.84217094304E-14));
#5292 = VECTOR('',#5293,1.);
#5293 = DIRECTION('',(1.,0.,0.));
#5294 = ORIENTED_EDGE('',*,*,#5295,.T.);
#5295 = EDGE_CURVE('',#5288,#3402,#5296,.T.);
#5296 = LINE('',#5297,#5298);
#5297 = CARTESIAN_POINT('',(-62.7486,106.98,-2.375E-14));
#5298 = VECTOR('',#5299,1.);
#5299 = DIRECTION('',(0.,1.,-2.2E-16));
#5300 = ORIENTED_EDGE('',*,*,#3409,.F.);
#5301 = ORIENTED_EDGE('',*,*,#5241,.F.);
#5302 = PLANE('',#5303);
#5303 = AXIS2_PLACEMENT_3D('',#5304,#5305,#5306);
#5304 = CARTESIAN_POINT('',(-62.7486,106.98,-2.375E-14));
#5305 = DIRECTION('',(0.,-2.2E-16,-1.));
#5306 = DIRECTION('',(1.,0.,0.));
#5307 = ADVANCED_FACE('',(#5308),#5326,.T.);
#5308 = FACE_BOUND('',#5309,.T.);
#5309 = EDGE_LOOP('',(#5310,#5311,#5312,#5320));
#5310 = ORIENTED_EDGE('',*,*,#5265,.F.);
#5311 = ORIENTED_EDGE('',*,*,#3385,.F.);
#5312 = ORIENTED_EDGE('',*,*,#5313,.T.);
#5313 = EDGE_CURVE('',#3386,#5314,#5316,.T.);
#5314 = VERTEX_POINT('',#5315);
#5315 = CARTESIAN_POINT('',(-64.0786,-106.98,-1.8542));
#5316 = LINE('',#5317,#5318);
#5317 = CARTESIAN_POINT('',(-64.0786,106.98,-1.8542));
#5318 = VECTOR('',#5319,1.);
#5319 = DIRECTION('',(0.,-1.,2.2E-16));
#5320 = ORIENTED_EDGE('',*,*,#5321,.F.);
#5321 = EDGE_CURVE('',#5266,#5314,#5322,.T.);
#5322 = LINE('',#5323,#5324);
#5323 = CARTESIAN_POINT('',(-64.0786,-106.98,-4.4958));
#5324 = VECTOR('',#5325,1.);
#5325 = DIRECTION('',(0.,-2.2E-16,1.));
#5326 = PLANE('',#5327);
#5327 = AXIS2_PLACEMENT_3D('',#5328,#5329,#5330);
#5328 = CARTESIAN_POINT('',(-64.0786,2.339392509367,-3.175361820961));
#5329 = DIRECTION('',(1.,0.,0.));
#5330 = DIRECTION('',(0.,-1.,-2.2E-16));
#5331 = ADVANCED_FACE('',(#5332),#5358,.T.);
#5332 = FACE_BOUND('',#5333,.T.);
#5333 = EDGE_LOOP('',(#5334,#5342,#5350,#5356,#5357));
#5334 = ORIENTED_EDGE('',*,*,#5335,.T.);
#5335 = EDGE_CURVE('',#5288,#5336,#5338,.T.);
#5336 = VERTEX_POINT('',#5337);
#5337 = CARTESIAN_POINT('',(-62.7486,-106.98,0.));
#5338 = LINE('',#5339,#5340);
#5339 = CARTESIAN_POINT('',(-62.7486,106.98,-2.375E-14));
#5340 = VECTOR('',#5341,1.);
#5341 = DIRECTION('',(0.,-1.,2.2E-16));
#5342 = ORIENTED_EDGE('',*,*,#5343,.T.);
#5343 = EDGE_CURVE('',#5336,#5344,#5346,.T.);
#5344 = VERTEX_POINT('',#5345);
#5345 = CARTESIAN_POINT('',(-62.7486,-106.98,-1.8542));
#5346 = LINE('',#5347,#5348);
#5347 = CARTESIAN_POINT('',(-62.7486,-106.98,-2.84217094304E-14));
#5348 = VECTOR('',#5349,1.);
#5349 = DIRECTION('',(0.,2.2E-16,-1.));
#5350 = ORIENTED_EDGE('',*,*,#5351,.T.);
#5351 = EDGE_CURVE('',#5344,#3394,#5352,.T.);
#5352 = LINE('',#5353,#5354);
#5353 = CARTESIAN_POINT('',(-62.7486,106.98,-1.8542));
#5354 = VECTOR('',#5355,1.);
#5355 = DIRECTION('',(0.,1.,-2.2E-16));
#5356 = ORIENTED_EDGE('',*,*,#3401,.F.);
#5357 = ORIENTED_EDGE('',*,*,#5295,.F.);
#5358 = PLANE('',#5359);
#5359 = AXIS2_PLACEMENT_3D('',#5360,#5361,#5362);
#5360 = CARTESIAN_POINT('',(-62.7486,2.289661672645,-0.92727898509));
#5361 = DIRECTION('',(1.,0.,0.));
#5362 = DIRECTION('',(0.,-1.,-2.2E-16));
#5363 = ADVANCED_FACE('',(#5364),#5375,.T.);
#5364 = FACE_BOUND('',#5365,.T.);
#5365 = EDGE_LOOP('',(#5366,#5372,#5373,#5374));
#5366 = ORIENTED_EDGE('',*,*,#5367,.T.);
#5367 = EDGE_CURVE('',#5344,#5314,#5368,.T.);
#5368 = LINE('',#5369,#5370);
#5369 = CARTESIAN_POINT('',(-62.7486,-106.98,-1.8542));
#5370 = VECTOR('',#5371,1.);
#5371 = DIRECTION('',(-1.,0.,0.));
#5372 = ORIENTED_EDGE('',*,*,#5313,.F.);
#5373 = ORIENTED_EDGE('',*,*,#3393,.F.);
#5374 = ORIENTED_EDGE('',*,*,#5351,.F.);
#5375 = PLANE('',#5376);
#5376 = AXIS2_PLACEMENT_3D('',#5377,#5378,#5379);
#5377 = CARTESIAN_POINT('',(-63.41359377146,2.309419961004,-1.8542));
#5378 = DIRECTION('',(0.,-2.1E-16,-1.));
#5379 = DIRECTION('',(0.,1.,-2.1E-16));
#5380 = ADVANCED_FACE('',(#5381),#5399,.T.);
#5381 = FACE_BOUND('',#5382,.F.);
#5382 = EDGE_LOOP('',(#5383,#5384,#5392,#5398));
#5383 = ORIENTED_EDGE('',*,*,#3449,.F.);
#5384 = ORIENTED_EDGE('',*,*,#5385,.T.);
#5385 = EDGE_CURVE('',#3450,#5386,#5388,.T.);
#5386 = VERTEX_POINT('',#5387);
#5387 = CARTESIAN_POINT('',(70.068876799917,106.94386030814,
    0.391488350146));
#5388 = ( BOUNDED_CURVE() B_SPLINE_CURVE(2,(#5389,#5390,#5391),
.UNSPECIFIED.,.F.,.F.) B_SPLINE_CURVE_WITH_KNOTS((3,3),(0.,
18.858282972973),.PIECEWISE_BEZIER_KNOTS.) CURVE() 
GEOMETRIC_REPRESENTATION_ITEM() RATIONAL_B_SPLINE_CURVE((1.,
0.709922256923,1.)) REPRESENTATION_ITEM('') );
#5389 = CARTESIAN_POINT('',(65.199005442921,111.93857889615,
    -0.577107595293));
#5390 = CARTESIAN_POINT('',(70.015101319407,111.89904041527,
    0.609422778799));
#5391 = CARTESIAN_POINT('',(70.068876799917,106.94386030814,
    0.391488350146));
#5392 = ORIENTED_EDGE('',*,*,#5393,.T.);
#5393 = EDGE_CURVE('',#5386,#4977,#5394,.T.);
#5394 = LINE('',#5395,#5396);
#5395 = CARTESIAN_POINT('',(70.277971655113,106.98339878902,
    -0.455904687901));
#5396 = VECTOR('',#5397,1.);
#5397 = DIRECTION('',(-0.239319979678,-4.525385586769E-02,0.969885578744
    ));
#5398 = ORIENTED_EDGE('',*,*,#4999,.T.);
#5399 = CYLINDRICAL_SURFACE('',#5400,5.);
#5400 = AXIS2_PLACEMENT_3D('',#5401,#5402,#5403);
#5401 = CARTESIAN_POINT('',(65.423570522017,106.98339878902,
    -1.653731736765));
#5402 = DIRECTION('',(-0.239319979678,-4.525385586769E-02,0.969885578744
    ));
#5403 = DIRECTION('',(-3.094044779815E-03,0.998943717602,
    4.584622068515E-02));
#5404 = ADVANCED_FACE('',(#5405),#5439,.T.);
#5405 = FACE_BOUND('',#5406,.T.);
#5406 = EDGE_LOOP('',(#5407,#5415,#5423,#5431,#5437,#5438));
#5407 = ORIENTED_EDGE('',*,*,#5408,.T.);
#5408 = EDGE_CURVE('',#3524,#5409,#5411,.T.);
#5409 = VERTEX_POINT('',#5410);
#5410 = CARTESIAN_POINT('',(62.7486,-106.98,-1.8542));
#5411 = LINE('',#5412,#5413);
#5412 = CARTESIAN_POINT('',(62.7486,106.98,-1.8542));
#5413 = VECTOR('',#5414,1.);
#5414 = DIRECTION('',(0.,-1.,2.2E-16));
#5415 = ORIENTED_EDGE('',*,*,#5416,.T.);
#5416 = EDGE_CURVE('',#5409,#5417,#5419,.T.);
#5417 = VERTEX_POINT('',#5418);
#5418 = CARTESIAN_POINT('',(62.7486,-106.98,0.));
#5419 = LINE('',#5420,#5421);
#5420 = CARTESIAN_POINT('',(62.7486,-106.98,-1.8542));
#5421 = VECTOR('',#5422,1.);
#5422 = DIRECTION('',(0.,-2.2E-16,1.));
#5423 = ORIENTED_EDGE('',*,*,#5424,.F.);
#5424 = EDGE_CURVE('',#5425,#5417,#5427,.T.);
#5425 = VERTEX_POINT('',#5426);
#5426 = CARTESIAN_POINT('',(62.7486,106.98,0.));
#5427 = LINE('',#5428,#5429);
#5428 = CARTESIAN_POINT('',(62.7486,106.98,-2.375E-14));
#5429 = VECTOR('',#5430,1.);
#5430 = DIRECTION('',(0.,-1.,2.2E-16));
#5431 = ORIENTED_EDGE('',*,*,#5432,.T.);
#5432 = EDGE_CURVE('',#5425,#3483,#5433,.T.);
#5433 = LINE('',#5434,#5435);
#5434 = CARTESIAN_POINT('',(62.7486,106.98,-2.375E-14));
#5435 = VECTOR('',#5436,1.);
#5436 = DIRECTION('',(0.,1.,-2.2E-16));
#5437 = ORIENTED_EDGE('',*,*,#3490,.F.);
#5438 = ORIENTED_EDGE('',*,*,#3532,.T.);
#5439 = PLANE('',#5440);
#5440 = AXIS2_PLACEMENT_3D('',#5441,#5442,#5443);
#5441 = CARTESIAN_POINT('',(62.7486,2.483268708441,-0.927272496494));
#5442 = DIRECTION('',(-1.,0.,0.));
#5443 = DIRECTION('',(0.,1.,2.2E-16));
#5444 = ADVANCED_FACE('',(#5445),#5463,.T.);
#5445 = FACE_BOUND('',#5446,.T.);
#5446 = EDGE_LOOP('',(#5447,#5455,#5461,#5462));
#5447 = ORIENTED_EDGE('',*,*,#5448,.F.);
#5448 = EDGE_CURVE('',#5449,#5425,#5451,.T.);
#5449 = VERTEX_POINT('',#5450);
#5450 = CARTESIAN_POINT('',(59.7514,106.98,0.));
#5451 = LINE('',#5452,#5453);
#5452 = CARTESIAN_POINT('',(59.7514,106.98,2.84217094304E-14));
#5453 = VECTOR('',#5454,1.);
#5454 = DIRECTION('',(1.,0.,0.));
#5455 = ORIENTED_EDGE('',*,*,#5456,.T.);
#5456 = EDGE_CURVE('',#5449,#3475,#5457,.T.);
#5457 = LINE('',#5458,#5459);
#5458 = CARTESIAN_POINT('',(59.7514,106.98,-2.375E-14));
#5459 = VECTOR('',#5460,1.);
#5460 = DIRECTION('',(0.,1.,-2.2E-16));
#5461 = ORIENTED_EDGE('',*,*,#3482,.F.);
#5462 = ORIENTED_EDGE('',*,*,#5432,.F.);
#5463 = PLANE('',#5464);
#5464 = AXIS2_PLACEMENT_3D('',#5465,#5466,#5467);
#5465 = CARTESIAN_POINT('',(59.7514,106.98,-2.375E-14));
#5466 = DIRECTION('',(0.,-2.2E-16,-1.));
#5467 = DIRECTION('',(1.,0.,0.));
#5468 = ADVANCED_FACE('',(#5469),#5496,.T.);
#5469 = FACE_BOUND('',#5470,.T.);
#5470 = EDGE_LOOP('',(#5471,#5479,#5487,#5493,#5494,#5495));
#5471 = ORIENTED_EDGE('',*,*,#5472,.T.);
#5472 = EDGE_CURVE('',#5449,#5473,#5475,.T.);
#5473 = VERTEX_POINT('',#5474);
#5474 = CARTESIAN_POINT('',(59.7514,-106.98,0.));
#5475 = LINE('',#5476,#5477);
#5476 = CARTESIAN_POINT('',(59.7514,106.98,-2.375E-14));
#5477 = VECTOR('',#5478,1.);
#5478 = DIRECTION('',(0.,-1.,2.2E-16));
#5479 = ORIENTED_EDGE('',*,*,#5480,.T.);
#5480 = EDGE_CURVE('',#5473,#5481,#5483,.T.);
#5481 = VERTEX_POINT('',#5482);
#5482 = CARTESIAN_POINT('',(59.7514,-106.98,-1.8542));
#5483 = LINE('',#5484,#5485);
#5484 = CARTESIAN_POINT('',(59.7514,-106.98,-2.84217094304E-14));
#5485 = VECTOR('',#5486,1.);
#5486 = DIRECTION('',(0.,2.2E-16,-1.));
#5487 = ORIENTED_EDGE('',*,*,#5488,.T.);
#5488 = EDGE_CURVE('',#5481,#3606,#5489,.T.);
#5489 = LINE('',#5490,#5491);
#5490 = CARTESIAN_POINT('',(59.7514,106.98,-1.8542));
#5491 = VECTOR('',#5492,1.);
#5492 = DIRECTION('',(0.,1.,-2.2E-16));
#5493 = ORIENTED_EDGE('',*,*,#3605,.T.);
#5494 = ORIENTED_EDGE('',*,*,#3474,.F.);
#5495 = ORIENTED_EDGE('',*,*,#5456,.F.);
#5496 = PLANE('',#5497);
#5497 = AXIS2_PLACEMENT_3D('',#5498,#5499,#5500);
#5498 = CARTESIAN_POINT('',(59.7514,2.478873727699,-0.927274531102));
#5499 = DIRECTION('',(1.,0.,0.));
#5500 = DIRECTION('',(0.,-1.,-2.2E-16));
#5501 = ADVANCED_FACE('',(#5502),#5531,.T.);
#5502 = FACE_BOUND('',#5503,.T.);
#5503 = EDGE_LOOP('',(#5504,#5514,#5520,#5521,#5522,#5523));
#5504 = ORIENTED_EDGE('',*,*,#5505,.F.);
#5505 = EDGE_CURVE('',#5506,#5508,#5510,.T.);
#5506 = VERTEX_POINT('',#5507);
#5507 = CARTESIAN_POINT('',(64.0786,-106.98,-1.8542));
#5508 = VERTEX_POINT('',#5509);
#5509 = CARTESIAN_POINT('',(64.0786,111.38988260016,-1.8542));
#5510 = LINE('',#5511,#5512);
#5511 = CARTESIAN_POINT('',(64.0786,106.98,-1.8542));
#5512 = VECTOR('',#5513,1.);
#5513 = DIRECTION('',(0.,1.,-2.2E-16));
#5514 = ORIENTED_EDGE('',*,*,#5515,.F.);
#5515 = EDGE_CURVE('',#5409,#5506,#5516,.T.);
#5516 = LINE('',#5517,#5518);
#5517 = CARTESIAN_POINT('',(62.7486,-106.98,-1.8542));
#5518 = VECTOR('',#5519,1.);
#5519 = DIRECTION('',(1.,0.,0.));
#5520 = ORIENTED_EDGE('',*,*,#5408,.F.);
#5521 = ORIENTED_EDGE('',*,*,#3523,.T.);
#5522 = ORIENTED_EDGE('',*,*,#3512,.T.);
#5523 = ORIENTED_EDGE('',*,*,#5524,.T.);
#5524 = EDGE_CURVE('',#3515,#5508,#5525,.T.);
#5525 = B_SPLINE_CURVE_WITH_KNOTS('',4,(#5526,#5527,#5528,#5529,#5530),
  .UNSPECIFIED.,.F.,.F.,(5,5),(0.,1.),.PIECEWISE_BEZIER_KNOTS.);
#5526 = CARTESIAN_POINT('',(64.678597796011,111.99199934909,-1.8542));
#5527 = CARTESIAN_POINT('',(64.528598316049,111.84147169344,-1.8542));
#5528 = CARTESIAN_POINT('',(64.378598856658,111.6909430571,-1.8542));
#5529 = CARTESIAN_POINT('',(64.22859941794,111.54041343619,-1.8542));
#5530 = CARTESIAN_POINT('',(64.0786,111.38988282682,-1.8542));
#5531 = PLANE('',#5532);
#5532 = AXIS2_PLACEMENT_3D('',#5533,#5534,#5535);
#5533 = CARTESIAN_POINT('',(63.413605490358,2.504277105173,-1.8542));
#5534 = DIRECTION('',(0.,-2.1E-16,-1.));
#5535 = DIRECTION('',(0.,1.,-2.1E-16));
#5536 = ADVANCED_FACE('',(#5537),#5561,.F.);
#5537 = FACE_BOUND('',#5538,.F.);
#5538 = EDGE_LOOP('',(#5539,#5540,#5552,#5560));
#5539 = ORIENTED_EDGE('',*,*,#5524,.T.);
#5540 = ORIENTED_EDGE('',*,*,#5541,.T.);
#5541 = EDGE_CURVE('',#5508,#5542,#5544,.T.);
#5542 = VERTEX_POINT('',#5543);
#5543 = CARTESIAN_POINT('',(64.0786,111.4804626918,-4.4958));
#5544 = B_SPLINE_CURVE_WITH_KNOTS('',6,(#5545,#5546,#5547,#5548,#5549,
    #5550,#5551),.UNSPECIFIED.,.F.,.F.,(7,7),(-1.243047620485,
    4.01760200782),.PIECEWISE_BEZIER_KNOTS.);
#5545 = CARTESIAN_POINT('',(64.0786,111.33736321555,-0.63992016626));
#5546 = CARTESIAN_POINT('',(64.0786,111.37759329899,-1.513362313029));
#5547 = CARTESIAN_POINT('',(64.0786,111.41361416785,-2.386977836314));
#5548 = CARTESIAN_POINT('',(64.078600000001,111.44535356561,
    -3.260666990819));
#5549 = CARTESIAN_POINT('',(64.0786,111.47283235099,-4.134722785581));
#5550 = CARTESIAN_POINT('',(64.0786,111.49605798453,-5.00866804125));
#5551 = CARTESIAN_POINT('',(64.0786,111.51505102115,-5.882848385677));
#5552 = ORIENTED_EDGE('',*,*,#5553,.F.);
#5553 = EDGE_CURVE('',#3697,#5542,#5554,.T.);
#5554 = B_SPLINE_CURVE_WITH_KNOTS('',4,(#5555,#5556,#5557,#5558,#5559),
  .UNSPECIFIED.,.F.,.F.,(5,5),(0.,1.),.PIECEWISE_BEZIER_KNOTS.);
#5555 = CARTESIAN_POINT('',(64.678598933311,112.08183240309,-4.4958));
#5556 = CARTESIAN_POINT('',(64.528599182245,111.93149113656,-4.4958));
#5557 = CARTESIAN_POINT('',(64.378599442967,111.78114924955,-4.4958));
#5558 = CARTESIAN_POINT('',(64.228599715533,111.6308067397,-4.4958));
#5559 = CARTESIAN_POINT('',(64.0786,111.48046360459,-4.4958));
#5560 = ORIENTED_EDGE('',*,*,#3705,.F.);
#5561 = B_SPLINE_SURFACE_WITH_KNOTS('',1,6,(
    (#5562,#5563,#5564,#5565,#5566,#5567,#5568)
    ,(#5569,#5570,#5571,#5572,#5573,#5574,#5575
  )),.UNSPECIFIED.,.F.,.F.,.F.,(2,2),(7,7),(0.,5.260649628305),(
    -1.243047620485,4.01760200782),.PIECEWISE_BEZIER_KNOTS.);
#5562 = CARTESIAN_POINT('',(64.678597138441,111.93857889615,
    -0.6122286276));
#5563 = CARTESIAN_POINT('',(64.678597583066,111.97877617825,
    -1.488087541147));
#5564 = CARTESIAN_POINT('',(64.678598124694,112.01470892726,
    -2.364142150979));
#5565 = CARTESIAN_POINT('',(64.678598498062,112.04637594436,
    -3.240364667371));
#5566 = CARTESIAN_POINT('',(64.678598821892,112.07377639503,
    -4.116735305523));
#5567 = CARTESIAN_POINT('',(64.678599116674,112.09690930884,
    -4.993218756078));
#5568 = CARTESIAN_POINT('',(64.678599376399,112.11577431081,
    -5.869796662802));
#5569 = CARTESIAN_POINT('',(64.0786,111.33736321555,-0.63992016626));
#5570 = CARTESIAN_POINT('',(64.0786,111.37759329899,-1.513362313029));
#5571 = CARTESIAN_POINT('',(64.0786,111.41361416785,-2.386977836314));
#5572 = CARTESIAN_POINT('',(64.078600000001,111.44535356561,
    -3.260666990819));
#5573 = CARTESIAN_POINT('',(64.0786,111.47283235099,-4.134722785581));
#5574 = CARTESIAN_POINT('',(64.0786,111.49605798453,-5.00866804125));
#5575 = CARTESIAN_POINT('',(64.0786,111.51505102115,-5.882848385677));
#5576 = ADVANCED_FACE('',(#5577),#5604,.T.);
#5577 = FACE_BOUND('',#5578,.T.);
#5578 = EDGE_LOOP('',(#5579,#5587,#5588,#5589,#5590,#5598));
#5579 = ORIENTED_EDGE('',*,*,#5580,.F.);
#5580 = EDGE_CURVE('',#5542,#5581,#5583,.T.);
#5581 = VERTEX_POINT('',#5582);
#5582 = CARTESIAN_POINT('',(64.0786,-106.98,-4.4958));
#5583 = LINE('',#5584,#5585);
#5584 = CARTESIAN_POINT('',(64.0786,106.98,-4.4958));
#5585 = VECTOR('',#5586,1.);
#5586 = DIRECTION('',(0.,-1.,2.2E-16));
#5587 = ORIENTED_EDGE('',*,*,#5553,.F.);
#5588 = ORIENTED_EDGE('',*,*,#3696,.F.);
#5589 = ORIENTED_EDGE('',*,*,#3687,.T.);
#5590 = ORIENTED_EDGE('',*,*,#5591,.F.);
#5591 = EDGE_CURVE('',#5592,#3679,#5594,.T.);
#5592 = VERTEX_POINT('',#5593);
#5593 = CARTESIAN_POINT('',(62.7486,-106.98,-4.4958));
#5594 = LINE('',#5595,#5596);
#5595 = CARTESIAN_POINT('',(62.7486,106.98,-4.4958));
#5596 = VECTOR('',#5597,1.);
#5597 = DIRECTION('',(0.,1.,-2.2E-16));
#5598 = ORIENTED_EDGE('',*,*,#5599,.T.);
#5599 = EDGE_CURVE('',#5592,#5581,#5600,.T.);
#5600 = LINE('',#5601,#5602);
#5601 = CARTESIAN_POINT('',(62.7486,-106.98,-4.4958));
#5602 = VECTOR('',#5603,1.);
#5603 = DIRECTION('',(1.,0.,0.));
#5604 = PLANE('',#5605);
#5605 = AXIS2_PLACEMENT_3D('',#5606,#5607,#5608);
#5606 = CARTESIAN_POINT('',(63.413603829726,2.549715730305,-4.4958));
#5607 = DIRECTION('',(0.,2.2E-16,1.));
#5608 = DIRECTION('',(0.,-1.,2.2E-16));
#5609 = ADVANCED_FACE('',(#5610),#5648,.F.);
#5610 = FACE_BOUND('',#5611,.F.);
#5611 = EDGE_LOOP('',(#5612,#5620,#5646,#5647));
#5612 = ORIENTED_EDGE('',*,*,#5613,.T.);
#5613 = EDGE_CURVE('',#3541,#5614,#5616,.T.);
#5614 = VERTEX_POINT('',#5615);
#5615 = CARTESIAN_POINT('',(74.47408031298,106.99585040497,
    -17.4613602273));
#5616 = ( BOUNDED_CURVE() B_SPLINE_CURVE(2,(#5617,#5618,#5619),
.UNSPECIFIED.,.F.,.F.) B_SPLINE_CURVE_WITH_KNOTS((3,3),(0.,
10.681800034173),.PIECEWISE_BEZIER_KNOTS.) CURVE() 
GEOMETRIC_REPRESENTATION_ITEM() RATIONAL_B_SPLINE_CURVE((1.,
0.704660264955,1.)) REPRESENTATION_ITEM('') );
#5617 = CARTESIAN_POINT('',(69.619193728939,111.99401145311,
    -18.80070838677));
#5618 = CARTESIAN_POINT('',(74.517000994329,112.02732087361,
    -17.63530370635));
#5619 = CARTESIAN_POINT('',(74.47408031298,106.99585040497,
    -17.4613602273));
#5620 = ORIENTED_EDGE('',*,*,#5621,.T.);
#5621 = EDGE_CURVE('',#5614,#5386,#5622,.T.);
#5622 = ( BOUNDED_CURVE() B_SPLINE_CURVE(8,(#5623,#5624,#5625,#5626,
    #5627,#5628,#5629,#5630,#5631,#5632,#5633,#5634,#5635,#5636,#5637,
    #5638,#5639,#5640,#5641,#5642,#5643,#5644,#5645),.UNSPECIFIED.,.F.,
.F.) B_SPLINE_CURVE_WITH_KNOTS((9,7,7,9),(29.33890618613,29.518477040984
,47.320647520676,48.197189159103),.UNSPECIFIED.) CURVE() 
GEOMETRIC_REPRESENTATION_ITEM() RATIONAL_B_SPLINE_CURVE((1.,1.,1.,1.,1.,
    1.,1.,1.,1.,1.,1.,1.,1.,1.,1.,1.,1.,1.,1.,1.,1.,1.,1.)) 
REPRESENTATION_ITEM('') );
#5623 = CARTESIAN_POINT('',(74.47408031298,106.99585040497,
    -17.4613602273));
#5624 = CARTESIAN_POINT('',(74.468840194059,106.99671447346,
    -17.44012373973));
#5625 = CARTESIAN_POINT('',(74.463600154135,106.9975760927,
    -17.41888757232));
#5626 = CARTESIAN_POINT('',(74.458360185906,106.9984352671,
    -17.39765169546));
#5627 = CARTESIAN_POINT('',(74.453120282068,106.99929200103,
    -17.37641607956));
#5628 = CARTESIAN_POINT('',(74.447880435318,107.0001462989,
    -17.35518069501));
#5629 = CARTESIAN_POINT('',(74.442640638351,107.0009981651,
    -17.33394551223));
#5630 = CARTESIAN_POINT('',(74.437400883866,107.00184760401,
    -17.3127105016));
#5631 = CARTESIAN_POINT('',(73.912709517126,107.08666550588,
    -15.18630805673));
#5632 = CARTESIAN_POINT('',(73.394351527785,107.14597834356,
    -13.08557271836));
#5633 = CARTESIAN_POINT('',(72.874505643859,107.18078175046,
    -10.97880743003));
#5634 = CARTESIAN_POINT('',(72.3553652471,107.1904146756,-8.87490125038)
  );
#5635 = CARTESIAN_POINT('',(71.835671161966,107.17552394064,
    -6.768751152893));
#5636 = CARTESIAN_POINT('',(71.316331801723,107.1356422545,
    -4.664038639331));
#5637 = CARTESIAN_POINT('',(70.797314930956,107.07113594081,
    -2.560633070106));
#5638 = CARTESIAN_POINT('',(70.252127482735,106.9772184929,
    -0.35116671275));
#5639 = CARTESIAN_POINT('',(70.225711332348,106.97259374375,
    -0.244110697867));
#5640 = CARTESIAN_POINT('',(70.199556740818,106.96795504901,
    -0.138114695459));
#5641 = CARTESIAN_POINT('',(70.173443678542,106.96326361434,
    -3.228699752764E-02));
#5642 = CARTESIAN_POINT('',(70.147278328034,106.95850114943,
    7.375260750225E-02));
#5643 = CARTESIAN_POINT('',(70.121154632414,106.95368400285,
    0.179623398899));
#5644 = CARTESIAN_POINT('',(70.095013656817,106.94880261825,
    0.285564220389));
#5645 = CARTESIAN_POINT('',(70.068876799917,106.94386030814,
    0.391488350146));
#5646 = ORIENTED_EDGE('',*,*,#5385,.F.);
#5647 = ORIENTED_EDGE('',*,*,#3540,.F.);
#5648 = ( BOUNDED_SURFACE() B_SPLINE_SURFACE(2,8,(
    (#5649,#5650,#5651,#5652,#5653,#5654,#5655,#5656,#5657,#5658,#5659
      ,#5660,#5661,#5662,#5663,#5664,#5665,#5666,#5667,#5668,#5669,#5670
      ,#5671)
    ,(#5672,#5673,#5674,#5675,#5676,#5677,#5678,#5679,#5680,#5681,#5682
      ,#5683,#5684,#5685,#5686,#5687,#5688,#5689,#5690,#5691,#5692,#5693
      ,#5694)
    ,(#5695,#5696,#5697,#5698,#5699,#5700,#5701,#5702,#5703,#5704,#5705
      ,#5706,#5707,#5708,#5709,#5710,#5711,#5712,#5713,#5714,#5715,#5716
,#5717
    )),.UNSPECIFIED.,.F.,.F.,.F.) B_SPLINE_SURFACE_WITH_KNOTS((3,3),(9,7
    ,7,9),(0.,18.858282972973),(29.33890618613,29.518477040984,
    47.320647520676,48.197189159103),.UNSPECIFIED.) 
GEOMETRIC_REPRESENTATION_ITEM() RATIONAL_B_SPLINE_SURFACE((
    (1.,1.,1.,1.,1.,1.,1.,1.,1.,1.,1.,1.,1.,1.,1.,1.,1.,1.,1.,1.,1.,1.
      ,1.)
    ,(0.704660264955,0.704666103945,0.704671956311,0.704677822489
      ,0.704683702911,0.70468959801,0.704695508221,0.704701433976
      ,0.7052964231,0.70593645262,0.706566893142,0.707185435529
      ,0.70781277212,0.708434139815,0.709056519215,0.709708278511
      ,0.709738847314,0.709769419437,0.709799990633,0.70983055912
      ,0.709861126734,0.70989169256,0.709922256923)
    ,(1.,1.,1.,1.,1.,1.,1.,1.,1.,1.,1.,1.,1.,1.,1.,1.,1.,1.,1.,1.,1.,1.
,1.))) REPRESENTATION_ITEM('') SURFACE() );
#5649 = CARTESIAN_POINT('',(69.619193728939,111.99401145311,
    -18.80070838677));
#5650 = CARTESIAN_POINT('',(69.614118082513,111.99485832312,
    -18.77982506034));
#5651 = CARTESIAN_POINT('',(69.609036760368,111.99570383634,
    -18.75891628675));
#5652 = CARTESIAN_POINT('',(69.603949589951,111.99654800872,
    -18.73798139617));
#5653 = CARTESIAN_POINT('',(69.598856398714,111.99739085618,
    -18.71701971881));
#5654 = CARTESIAN_POINT('',(69.593757014107,111.99823239464,
    -18.69603058486));
#5655 = CARTESIAN_POINT('',(69.588651263579,111.99907264005,
    -18.67501332449));
#5656 = CARTESIAN_POINT('',(69.583538974581,111.99991160833,
    -18.65396726789));
#5657 = CARTESIAN_POINT('',(69.070936112012,112.08379733668,
    -16.54352124564));
#5658 = CARTESIAN_POINT('',(68.542214573406,112.14672538887,
    -14.35871463997));
#5659 = CARTESIAN_POINT('',(68.01744993974,112.1808876352,
    -12.20146091787));
#5660 = CARTESIAN_POINT('',(67.496474717494,112.19111927746,
    -10.04692564161));
#5661 = CARTESIAN_POINT('',(66.972303266541,112.17540623582,
    -7.890050162744));
#5662 = CARTESIAN_POINT('',(66.449987349204,112.1344946979,
    -5.734713030595));
#5663 = CARTESIAN_POINT('',(65.927198335608,112.0681436532,
    -3.579530082966));
#5664 = CARTESIAN_POINT('',(65.37902582243,111.97190770913,
    -1.319351391005));
#5665 = CARTESIAN_POINT('',(65.353308303629,111.96733119538,
    -1.213315499458));
#5666 = CARTESIAN_POINT('',(65.327589650206,111.96269289761,
    -1.107274723811));
#5667 = CARTESIAN_POINT('',(65.301871305398,111.95799304083,
    -1.001235164656));
#5668 = CARTESIAN_POINT('',(65.276153980438,111.95323175443,
    -0.895199809912));
#5669 = CARTESIAN_POINT('',(65.250437069795,111.94840894586,
    -0.789166096876));
#5670 = CARTESIAN_POINT('',(65.224720932859,111.94352466554,
    -0.683135536251));
#5671 = CARTESIAN_POINT('',(65.199005442921,111.93857889615,
    -0.577107595293));
#5672 = CARTESIAN_POINT('',(74.517000994329,112.02732087361,
    -17.63530370635));
#5673 = CARTESIAN_POINT('',(74.511637128372,112.02812041835,
    -17.61356571253));
#5674 = CARTESIAN_POINT('',(74.50627341381,112.02891725392,
    -17.59182833227));
#5675 = CARTESIAN_POINT('',(74.500909844609,112.02971137851,
    -17.57009154111));
#5676 = CARTESIAN_POINT('',(74.495546414748,112.0305027903,
    -17.54835531465));
#5677 = CARTESIAN_POINT('',(74.490183118221,112.03129148748,
    -17.52661962855));
#5678 = CARTESIAN_POINT('',(74.484819949033,112.03207746822,
    -17.50488445851));
#5679 = CARTESIAN_POINT('',(74.479456901203,112.03286073071,
    -17.4831497803));
#5680 = CARTESIAN_POINT('',(73.942875818552,112.11095686615,
    -15.30856220683));
#5681 = CARTESIAN_POINT('',(73.412825808055,112.16234872462,
    -13.16044293202));
#5682 = CARTESIAN_POINT('',(72.88115734597,112.18885703058,
    -11.00576460244));
#5683 = CARTESIAN_POINT('',(72.350070899377,112.18982458667,
    -8.853444991225));
#5684 = CARTESIAN_POINT('',(71.818383295909,112.1655517679,
    -6.698689087877));
#5685 = CARTESIAN_POINT('',(71.286940230209,112.11584888858,
    -4.544924216095));
#5686 = CARTESIAN_POINT('',(70.755474609564,112.04077294046,
    -2.391067936503));
#5687 = CARTESIAN_POINT('',(70.198041657212,111.93535806237,
    -0.131974557296));
#5688 = CARTESIAN_POINT('',(70.171906383378,111.93035425816,
    -2.605684318514E-02));
#5689 = CARTESIAN_POINT('',(70.145771348114,111.92528894882,
    7.985990407423E-02));
#5690 = CARTESIAN_POINT('',(70.119636641026,111.92016216988,
    0.185775321349));
#5691 = CARTESIAN_POINT('',(70.093502301263,111.91497393739,
    0.291689249973));
#5692 = CARTESIAN_POINT('',(70.067368292334,111.9097242324,
    0.397601837837));
#5693 = CARTESIAN_POINT('',(70.041234633779,111.90441306044,
    0.503513005747));
#5694 = CARTESIAN_POINT('',(70.015101319407,111.89904041527,
    0.609422778799));
#5695 = CARTESIAN_POINT('',(74.47408031298,106.99585040497,
    -17.4613602273));
#5696 = CARTESIAN_POINT('',(74.468840194059,106.99671447346,
    -17.44012373973));
#5697 = CARTESIAN_POINT('',(74.463600154135,106.9975760927,
    -17.41888757232));
#5698 = CARTESIAN_POINT('',(74.458360185906,106.9984352671,
    -17.39765169546));
#5699 = CARTESIAN_POINT('',(74.453120282068,106.99929200103,
    -17.37641607956));
#5700 = CARTESIAN_POINT('',(74.447880435318,107.0001462989,
    -17.35518069501));
#5701 = CARTESIAN_POINT('',(74.442640638351,107.0009981651,
    -17.33394551223));
#5702 = CARTESIAN_POINT('',(74.437400883866,107.00184760401,
    -17.3127105016));
#5703 = CARTESIAN_POINT('',(73.912709517126,107.08666550588,
    -15.18630805673));
#5704 = CARTESIAN_POINT('',(73.394351527785,107.14597834356,
    -13.08557271836));
#5705 = CARTESIAN_POINT('',(72.874505643859,107.18078175046,
    -10.97880743003));
#5706 = CARTESIAN_POINT('',(72.3553652471,107.1904146756,-8.87490125038)
  );
#5707 = CARTESIAN_POINT('',(71.835671161966,107.17552394064,
    -6.768751152893));
#5708 = CARTESIAN_POINT('',(71.316331801723,107.1356422545,
    -4.664038639331));
#5709 = CARTESIAN_POINT('',(70.797314930956,107.07113594081,
    -2.560633070106));
#5710 = CARTESIAN_POINT('',(70.252127482735,106.9772184929,
    -0.35116671275));
#5711 = CARTESIAN_POINT('',(70.225711332348,106.97259374375,
    -0.244110697867));
#5712 = CARTESIAN_POINT('',(70.199556740818,106.96795504901,
    -0.138114695459));
#5713 = CARTESIAN_POINT('',(70.173443678542,106.96326361434,
    -3.228699752764E-02));
#5714 = CARTESIAN_POINT('',(70.147278328034,106.95850114943,
    7.375260750225E-02));
#5715 = CARTESIAN_POINT('',(70.121154632414,106.95368400285,
    0.179623398899));
#5716 = CARTESIAN_POINT('',(70.095013656817,106.94880261825,
    0.285564220389));
#5717 = CARTESIAN_POINT('',(70.068876799917,106.94386030814,
    0.391488350146));
#5718 = ADVANCED_FACE('',(#5719),#5737,.T.);
#5719 = FACE_BOUND('',#5720,.T.);
#5720 = EDGE_LOOP('',(#5721,#5729,#5735,#5736));
#5721 = ORIENTED_EDGE('',*,*,#5722,.T.);
#5722 = EDGE_CURVE('',#3670,#5723,#5725,.T.);
#5723 = VERTEX_POINT('',#5724);
#5724 = CARTESIAN_POINT('',(62.7486,-106.98,-5.8928));
#5725 = LINE('',#5726,#5727);
#5726 = CARTESIAN_POINT('',(62.7486,106.98,-5.8928));
#5727 = VECTOR('',#5728,1.);
#5728 = DIRECTION('',(0.,-1.,2.2E-16));
#5729 = ORIENTED_EDGE('',*,*,#5730,.T.);
#5730 = EDGE_CURVE('',#5723,#5592,#5731,.T.);
#5731 = LINE('',#5732,#5733);
#5732 = CARTESIAN_POINT('',(62.7486,-106.98,-5.8928));
#5733 = VECTOR('',#5734,1.);
#5734 = DIRECTION('',(0.,-2.2E-16,1.));
#5735 = ORIENTED_EDGE('',*,*,#5591,.T.);
#5736 = ORIENTED_EDGE('',*,*,#3678,.T.);
#5737 = PLANE('',#5738);
#5738 = AXIS2_PLACEMENT_3D('',#5739,#5740,#5741);
#5739 = CARTESIAN_POINT('',(62.7486,2.558014150978,-5.194355831028));
#5740 = DIRECTION('',(-1.,0.,0.));
#5741 = DIRECTION('',(0.,1.,2.2E-16));
#5742 = ADVANCED_FACE('',(#5743),#5773,.F.);
#5743 = FACE_BOUND('',#5744,.F.);
#5744 = EDGE_LOOP('',(#5745,#5754,#5771,#5772));
#5745 = ORIENTED_EDGE('',*,*,#5746,.T.);
#5746 = EDGE_CURVE('',#3569,#5747,#5749,.T.);
#5747 = VERTEX_POINT('',#5748);
#5748 = CARTESIAN_POINT('',(76.085094991422,106.3929611051,
    -27.79522736492));
#5749 = CIRCLE('',#5750,5.);
#5750 = AXIS2_PLACEMENT_3D('',#5751,#5752,#5753);
#5751 = CARTESIAN_POINT('',(71.096442635122,106.3929611051,
    -28.13189881898));
#5752 = DIRECTION('',(6.708662259281E-02,-8.569042006737E-02,
    -0.994060630433));
#5753 = DIRECTION('',(5.769903664654E-03,0.996321811419,
    -8.549594319629E-02));
#5754 = ORIENTED_EDGE('',*,*,#5755,.T.);
#5755 = EDGE_CURVE('',#5747,#5614,#5756,.T.);
#5756 = ( BOUNDED_CURVE() B_SPLINE_CURVE(7,(#5757,#5758,#5759,#5760,
    #5761,#5762,#5763,#5764,#5765,#5766,#5767,#5768,#5769,#5770),
.UNSPECIFIED.,.F.,.F.) B_SPLINE_CURVE_WITH_KNOTS((8,6,8),(
18.657106151957,19.083377820092,29.33890618613),.UNSPECIFIED.) CURVE() 
GEOMETRIC_REPRESENTATION_ITEM() RATIONAL_B_SPLINE_CURVE((1.,1.,1.,1.,1.,
1.,1.,1.,1.,1.,1.,1.,1.,1.)) REPRESENTATION_ITEM('') );
#5757 = CARTESIAN_POINT('',(76.085094991422,106.3929611051,
    -27.79522736492));
#5758 = CARTESIAN_POINT('',(76.081067305215,106.39767699232,
    -27.73554684836));
#5759 = CARTESIAN_POINT('',(76.076970133083,106.40237620821,
    -27.67586994215));
#5760 = CARTESIAN_POINT('',(76.072803444322,106.40705884401,
    -27.61619630836));
#5761 = CARTESIAN_POINT('',(76.068567281865,106.41172474088,
    -27.55652657859));
#5762 = CARTESIAN_POINT('',(76.064261615368,106.41637395543,
    -27.49686043092));
#5763 = CARTESIAN_POINT('',(76.059886385938,106.4210066659,
    -27.43719717888));
#5764 = CARTESIAN_POINT('',(75.948509543522,106.53667380117,
    -25.94223950947));
#5765 = CARTESIAN_POINT('',(75.801322625706,106.63804726893,
    -24.50855843719));
#5766 = CARTESIAN_POINT('',(75.613829622616,106.72950722055,
    -23.07922787094));
#5767 = CARTESIAN_POINT('',(75.386863118171,106.8109048304,
    -21.65781835157));
#5768 = CARTESIAN_POINT('',(75.120051707357,106.88245820748,
    -20.24468659144));
#5769 = CARTESIAN_POINT('',(74.816139385549,106.94368421179,
    -18.84761373614));
#5770 = CARTESIAN_POINT('',(74.47408031298,106.99585040497,
    -17.4613602273));
#5771 = ORIENTED_EDGE('',*,*,#5613,.F.);
#5772 = ORIENTED_EDGE('',*,*,#3568,.F.);
#5773 = ( BOUNDED_SURFACE() B_SPLINE_SURFACE(2,7,(
    (#5774,#5775,#5776,#5777,#5778,#5779,#5780,#5781,#5782,#5783,#5784
      ,#5785,#5786,#5787)
    ,(#5788,#5789,#5790,#5791,#5792,#5793,#5794,#5795,#5796,#5797,#5798
      ,#5799,#5800,#5801)
    ,(#5802,#5803,#5804,#5805,#5806,#5807,#5808,#5809,#5810,#5811,#5812
      ,#5813,#5814,#5815
)),.UNSPECIFIED.,.F.,.F.,.F.) B_SPLINE_SURFACE_WITH_KNOTS((3,3),(8,6,8),
  (0.,10.681800034173),(18.657106151957,19.083377820092,29.33890618613),
.UNSPECIFIED.) GEOMETRIC_REPRESENTATION_ITEM() RATIONAL_B_SPLINE_SURFACE
((
    (1.,1.,1.,1.,1.,1.,1.,1.,1.,1.,1.,1.,1.,1.)
    ,(0.707106781187,0.707076577819,0.707046604203,0.707016870232
      ,0.706987359424,0.706958077065,0.706929042313,0.706206900461
      ,0.705636615433,0.705193192766,0.704865215273,0.704687590661
      ,0.704579596742,0.704660264955)
,(1.,1.,1.,1.,1.,1.,1.,1.,1.,1.,1.,1.,1.,1.
))) REPRESENTATION_ITEM('') SURFACE() );
#5774 = CARTESIAN_POINT('',(71.125292153444,111.37457016219,
    -28.55937853495));
#5775 = CARTESIAN_POINT('',(71.121171145184,111.37983396763,
    -28.49831521247));
#5776 = CARTESIAN_POINT('',(71.116997343616,111.38505775032,
    -28.43749217653));
#5777 = CARTESIAN_POINT('',(71.112683700268,111.3903444504,
    -28.37566646649));
#5778 = CARTESIAN_POINT('',(71.108410961168,111.39547816182,
    -28.31543843817));
#5779 = CARTESIAN_POINT('',(71.104034632714,111.40063575688,
    -28.25469449919));
#5780 = CARTESIAN_POINT('',(71.099337749928,111.40607650684,
    -28.19031138684));
#5781 = CARTESIAN_POINT('',(70.99388328753,111.52468398738,
    -26.78227993238));
#5782 = CARTESIAN_POINT('',(70.85623652708,111.62791560198,
    -25.44062601158));
#5783 = CARTESIAN_POINT('',(70.680510934317,111.72131706514,
    -24.09551213996));
#5784 = CARTESIAN_POINT('',(70.472494629661,111.80467018729,
    -22.76935329953));
#5785 = CARTESIAN_POINT('',(70.218458752934,111.87735610717,
    -21.42572011997));
#5786 = CARTESIAN_POINT('',(69.9504815711,111.93873618098,-20.1637647485
    ));
#5787 = CARTESIAN_POINT('',(69.619193728939,111.99401145311,
    -18.80070838677));
#5788 = CARTESIAN_POINT('',(76.113944509744,111.37457016219,
    -28.22270708089));
#5789 = CARTESIAN_POINT('',(76.110249514367,111.37983419248,
    -28.16161238763));
#5790 = CARTESIAN_POINT('',(76.106481814095,111.3850777827,
    -28.10052159566));
#5791 = CARTESIAN_POINT('',(76.102641473773,111.39030078933,
    -28.03943551772));
#5792 = CARTESIAN_POINT('',(76.098728355572,111.39550348307,
    -27.97835245976));
#5793 = CARTESIAN_POINT('',(76.094742547966,111.4006857218,
    -27.91727359223));
#5794 = CARTESIAN_POINT('',(76.090684213955,111.40584718217,
    -27.85620099707));
#5795 = CARTESIAN_POINT('',(75.987056254224,111.53481207936,
    -26.32429947024));
#5796 = CARTESIAN_POINT('',(75.845371565404,111.64689329912,
    -24.85531933166));
#5797 = CARTESIAN_POINT('',(75.661462686944,111.7469652497,
    -23.39087364522));
#5798 = CARTESIAN_POINT('',(75.436139027696,111.83503313496,
    -21.93465034451));
#5799 = CARTESIAN_POINT('',(75.169139479875,111.91085931187,
    -20.48700600307));
#5800 = CARTESIAN_POINT('',(74.862995595029,111.9750999055,
    -19.05530555152));
#5801 = CARTESIAN_POINT('',(74.517000994329,112.02732087361,
    -17.63530370635));
#5802 = CARTESIAN_POINT('',(76.085094991422,106.3929611051,
    -27.79522736492));
#5803 = CARTESIAN_POINT('',(76.081067305215,106.39767699232,
    -27.73554684836));
#5804 = CARTESIAN_POINT('',(76.076970133083,106.40237620821,
    -27.67586994215));
#5805 = CARTESIAN_POINT('',(76.072803444322,106.40705884401,
    -27.61619630836));
#5806 = CARTESIAN_POINT('',(76.068567281865,106.41172474088,
    -27.55652657859));
#5807 = CARTESIAN_POINT('',(76.064261615368,106.41637395543,
    -27.49686043092));
#5808 = CARTESIAN_POINT('',(76.059886385938,106.4210066659,
    -27.43719717888));
#5809 = CARTESIAN_POINT('',(75.948509543522,106.53667380117,
    -25.94223950947));
#5810 = CARTESIAN_POINT('',(75.801322625706,106.63804726893,
    -24.50855843719));
#5811 = CARTESIAN_POINT('',(75.613829622616,106.72950722055,
    -23.07922787094));
#5812 = CARTESIAN_POINT('',(75.386863118171,106.8109048304,
    -21.65781835157));
#5813 = CARTESIAN_POINT('',(75.120051707357,106.88245820748,
    -20.24468659144));
#5814 = CARTESIAN_POINT('',(74.816139385549,106.94368421179,
    -18.84761373614));
#5815 = CARTESIAN_POINT('',(74.47408031298,106.99585040497,
    -17.4613602273));
#5816 = ADVANCED_FACE('',(#5817),#5835,.T.);
#5817 = FACE_BOUND('',#5818,.T.);
#5818 = EDGE_LOOP('',(#5819,#5827,#5828,#5829));
#5819 = ORIENTED_EDGE('',*,*,#5820,.T.);
#5820 = EDGE_CURVE('',#5821,#5723,#5823,.T.);
#5821 = VERTEX_POINT('',#5822);
#5822 = CARTESIAN_POINT('',(59.7514,-106.98,-5.8928));
#5823 = LINE('',#5824,#5825);
#5824 = CARTESIAN_POINT('',(59.7514,-106.98,-5.8928));
#5825 = VECTOR('',#5826,1.);
#5826 = DIRECTION('',(1.,0.,0.));
#5827 = ORIENTED_EDGE('',*,*,#5722,.F.);
#5828 = ORIENTED_EDGE('',*,*,#3669,.T.);
#5829 = ORIENTED_EDGE('',*,*,#5830,.F.);
#5830 = EDGE_CURVE('',#5821,#3661,#5831,.T.);
#5831 = LINE('',#5832,#5833);
#5832 = CARTESIAN_POINT('',(59.7514,106.98,-5.8928));
#5833 = VECTOR('',#5834,1.);
#5834 = DIRECTION('',(0.,1.,-2.2E-16));
#5835 = PLANE('',#5836);
#5836 = AXIS2_PLACEMENT_3D('',#5837,#5838,#5839);
#5837 = CARTESIAN_POINT('',(61.250015345502,2.565583659685,-5.8928));
#5838 = DIRECTION('',(0.,2.2E-16,1.));
#5839 = DIRECTION('',(0.,-1.,2.2E-16));
#5840 = ADVANCED_FACE('',(#5841),#5861,.T.);
#5841 = FACE_BOUND('',#5842,.T.);
#5842 = EDGE_LOOP('',(#5843,#5852,#5853,#5854));
#5843 = ORIENTED_EDGE('',*,*,#5844,.F.);
#5844 = EDGE_CURVE('',#3588,#5845,#5847,.T.);
#5845 = VERTEX_POINT('',#5846);
#5846 = CARTESIAN_POINT('',(77.182269616,104.34738131924,-44.05268759843
    ));
#5847 = CIRCLE('',#5848,5.);
#5848 = AXIS2_PLACEMENT_3D('',#5849,#5850,#5851);
#5849 = CARTESIAN_POINT('',(72.1936172597,104.34738131924,-44.3893590525
    ));
#5850 = DIRECTION('',(6.643108482594E-02,-0.163240896089,-0.984347154622
    ));
#5851 = DIRECTION('',(1.099170996973E-02,0.986586240449,-0.162870416184)
  );
#5852 = ORIENTED_EDGE('',*,*,#3587,.T.);
#5853 = ORIENTED_EDGE('',*,*,#5746,.T.);
#5854 = ORIENTED_EDGE('',*,*,#5855,.F.);
#5855 = EDGE_CURVE('',#5845,#5747,#5856,.T.);
#5856 = CIRCLE('',#5857,210.11400279466);
#5857 = AXIS2_PLACEMENT_3D('',#5858,#5859,#5860);
#5858 = CARTESIAN_POINT('',(74.872757436702,-102.9482027637,
    -9.831332517247));
#5859 = DIRECTION('',(0.99773047126,-8.673617379884E-18,
    6.733429081241E-02));
#5860 = DIRECTION('',(1.099170996973E-02,0.986586240449,-0.162870416184)
  );
#5861 = TOROIDAL_SURFACE('',#5862,210.11400279466,5.);
#5862 = AXIS2_PLACEMENT_3D('',#5863,#5864,#5865);
#5863 = CARTESIAN_POINT('',(69.884105080402,-102.9482027637,
    -10.1680039713));
#5864 = DIRECTION('',(0.99773047126,-1.E-17,6.733429081241E-02));
#5865 = DIRECTION('',(1.099170996973E-02,0.986586240449,-0.162870416184)
  );
#5866 = ADVANCED_FACE('',(#5867),#5885,.T.);
#5867 = FACE_BOUND('',#5868,.T.);
#5868 = EDGE_LOOP('',(#5869,#5877,#5883,#5884));
#5869 = ORIENTED_EDGE('',*,*,#5870,.T.);
#5870 = EDGE_CURVE('',#3652,#5871,#5873,.T.);
#5871 = VERTEX_POINT('',#5872);
#5872 = CARTESIAN_POINT('',(59.7514,-106.98,-4.4958));
#5873 = LINE('',#5874,#5875);
#5874 = CARTESIAN_POINT('',(59.7514,106.98,-4.4958));
#5875 = VECTOR('',#5876,1.);
#5876 = DIRECTION('',(0.,-1.,2.2E-16));
#5877 = ORIENTED_EDGE('',*,*,#5878,.T.);
#5878 = EDGE_CURVE('',#5871,#5821,#5879,.T.);
#5879 = LINE('',#5880,#5881);
#5880 = CARTESIAN_POINT('',(59.7514,-106.98,-4.4958));
#5881 = VECTOR('',#5882,1.);
#5882 = DIRECTION('',(0.,2.2E-16,-1.));
#5883 = ORIENTED_EDGE('',*,*,#5830,.T.);
#5884 = ORIENTED_EDGE('',*,*,#3660,.T.);
#5885 = PLANE('',#5886);
#5886 = AXIS2_PLACEMENT_3D('',#5887,#5888,#5889);
#5887 = CARTESIAN_POINT('',(59.7514,2.555421142024,-5.194357903924));
#5888 = DIRECTION('',(1.,0.,0.));
#5889 = DIRECTION('',(0.,-1.,-2.2E-16));
#5890 = ADVANCED_FACE('',(#5891),#5920,.T.);
#5891 = FACE_BOUND('',#5892,.T.);
#5892 = EDGE_LOOP('',(#5893,#5903,#5909,#5910,#5911,#5912));
#5893 = ORIENTED_EDGE('',*,*,#5894,.F.);
#5894 = EDGE_CURVE('',#5895,#5897,#5899,.T.);
#5895 = VERTEX_POINT('',#5896);
#5896 = CARTESIAN_POINT('',(58.4214,-106.98,-4.4958));
#5897 = VERTEX_POINT('',#5898);
#5898 = CARTESIAN_POINT('',(58.4214,111.46937696285,-4.4958));
#5899 = LINE('',#5900,#5901);
#5900 = CARTESIAN_POINT('',(58.4214,106.98,-4.4958));
#5901 = VECTOR('',#5902,1.);
#5902 = DIRECTION('',(0.,1.,-2.2E-16));
#5903 = ORIENTED_EDGE('',*,*,#5904,.T.);
#5904 = EDGE_CURVE('',#5895,#5871,#5905,.T.);
#5905 = LINE('',#5906,#5907);
#5906 = CARTESIAN_POINT('',(58.4214,-106.98,-4.4958));
#5907 = VECTOR('',#5908,1.);
#5908 = DIRECTION('',(1.,0.,0.));
#5909 = ORIENTED_EDGE('',*,*,#5870,.F.);
#5910 = ORIENTED_EDGE('',*,*,#3651,.T.);
#5911 = ORIENTED_EDGE('',*,*,#3642,.T.);
#5912 = ORIENTED_EDGE('',*,*,#5913,.T.);
#5913 = EDGE_CURVE('',#3633,#5897,#5914,.T.);
#5914 = B_SPLINE_CURVE_WITH_KNOTS('',4,(#5915,#5916,#5917,#5918,#5919),
  .UNSPECIFIED.,.F.,.F.,(5,5),(0.,1.),.PIECEWISE_BEZIER_KNOTS.);
#5915 = CARTESIAN_POINT('',(57.8214012252,112.06843160113,-4.4958));
#5916 = CARTESIAN_POINT('',(57.971400916031,111.91866680226,-4.4958));
#5917 = CARTESIAN_POINT('',(58.121400608775,111.76890244697,-4.4958));
#5918 = CARTESIAN_POINT('',(58.271400303432,111.61913853739,-4.4958));
#5919 = CARTESIAN_POINT('',(58.4214,111.46937507567,-4.4958));
#5920 = PLANE('',#5921);
#5921 = AXIS2_PLACEMENT_3D('',#5922,#5923,#5924);
#5922 = CARTESIAN_POINT('',(59.086404013116,2.545487536325,-4.4958));
#5923 = DIRECTION('',(0.,2.2E-16,1.));
#5924 = DIRECTION('',(0.,-1.,2.2E-16));
#5925 = ADVANCED_FACE('',(#5926),#5948,.F.);
#5926 = FACE_BOUND('',#5927,.F.);
#5927 = EDGE_LOOP('',(#5928,#5929,#5939,#5947));
#5928 = ORIENTED_EDGE('',*,*,#5913,.T.);
#5929 = ORIENTED_EDGE('',*,*,#5930,.T.);
#5930 = EDGE_CURVE('',#5897,#5931,#5933,.T.);
#5931 = VERTEX_POINT('',#5932);
#5932 = CARTESIAN_POINT('',(58.4214,111.37410653611,-1.8542));
#5933 = B_SPLINE_CURVE_WITH_KNOTS('',4,(#5934,#5935,#5936,#5937,#5938),
  .UNSPECIFIED.,.F.,.F.,(5,5),(-1.374526739791,3.423357845396),
  .PIECEWISE_BEZIER_KNOTS.);
#5934 = CARTESIAN_POINT('',(58.4214,111.5064507479,-5.883938769062));
#5935 = CARTESIAN_POINT('',(58.4214,111.47833872395,-4.688076951874));
#5936 = CARTESIAN_POINT('',(58.4214,111.4414731153,-3.492526333364));
#5937 = CARTESIAN_POINT('',(58.4214,111.39566503128,-2.297199235722));
#5938 = CARTESIAN_POINT('',(58.4214,111.34105961901,-1.102309323059));
#5939 = ORIENTED_EDGE('',*,*,#5940,.F.);
#5940 = EDGE_CURVE('',#3624,#5931,#5941,.T.);
#5941 = B_SPLINE_CURVE_WITH_KNOTS('',4,(#5942,#5943,#5944,#5945,#5946),
  .UNSPECIFIED.,.F.,.F.,(5,5),(0.,1.),.PIECEWISE_BEZIER_KNOTS.);
#5942 = CARTESIAN_POINT('',(57.821402433247,111.9729308396,-1.8542));
#5943 = CARTESIAN_POINT('',(57.97140182727,111.82322468794,-1.8542));
#5944 = CARTESIAN_POINT('',(58.121401219754,111.67351906517,-1.8542));
#5945 = CARTESIAN_POINT('',(58.271400610673,111.52381397384,-1.8542));
#5946 = CARTESIAN_POINT('',(58.4214,111.37410941663,-1.8542));
#5947 = ORIENTED_EDGE('',*,*,#3632,.F.);
#5948 = B_SPLINE_SURFACE_WITH_KNOTS('',1,4,(
    (#5949,#5950,#5951,#5952,#5953)
    ,(#5954,#5955,#5956,#5957,#5958
    )),.UNSPECIFIED.,.F.,.F.,.F.,(2,2),(5,5),(0.,4.797884585187),(
    -1.374526739791,3.423357845396),.PIECEWISE_BEZIER_KNOTS.);
#5949 = CARTESIAN_POINT('',(57.821400775759,112.10532046221,
    -5.869860687759));
#5950 = CARTESIAN_POINT('',(57.821401077139,112.07694407385,
    -4.670727841875));
#5951 = CARTESIAN_POINT('',(57.821401643905,112.03969308051,
    -3.471809195757));
#5952 = CARTESIAN_POINT('',(57.821402149512,111.99356980647,
    -2.273200712253));
#5953 = CARTESIAN_POINT('',(57.821402874063,111.93857889615,
    -1.075003220594));
#5954 = CARTESIAN_POINT('',(58.4214,111.5064507479,-5.883938769062));
#5955 = CARTESIAN_POINT('',(58.4214,111.47833872395,-4.688076951874));
#5956 = CARTESIAN_POINT('',(58.4214,111.4414731153,-3.492526333364));
#5957 = CARTESIAN_POINT('',(58.4214,111.39566503128,-2.297199235722));
#5958 = CARTESIAN_POINT('',(58.4214,111.34105961901,-1.102309323059));
#5959 = ADVANCED_FACE('',(#5960),#5980,.T.);
#5960 = FACE_BOUND('',#5961,.T.);
#5961 = EDGE_LOOP('',(#5962,#5970,#5971,#5972,#5973,#5974));
#5962 = ORIENTED_EDGE('',*,*,#5963,.F.);
#5963 = EDGE_CURVE('',#5931,#5964,#5966,.T.);
#5964 = VERTEX_POINT('',#5965);
#5965 = CARTESIAN_POINT('',(58.4214,-106.98,-1.8542));
#5966 = LINE('',#5967,#5968);
#5967 = CARTESIAN_POINT('',(58.4214,106.98,-1.8542));
#5968 = VECTOR('',#5969,1.);
#5969 = DIRECTION('',(0.,-1.,2.2E-16));
#5970 = ORIENTED_EDGE('',*,*,#5940,.F.);
#5971 = ORIENTED_EDGE('',*,*,#3623,.F.);
#5972 = ORIENTED_EDGE('',*,*,#3614,.T.);
#5973 = ORIENTED_EDGE('',*,*,#5488,.F.);
#5974 = ORIENTED_EDGE('',*,*,#5975,.T.);
#5975 = EDGE_CURVE('',#5481,#5964,#5976,.T.);
#5976 = LINE('',#5977,#5978);
#5977 = CARTESIAN_POINT('',(59.7514,-106.98,-1.8542));
#5978 = VECTOR('',#5979,1.);
#5979 = DIRECTION('',(-1.,0.,0.));
#5980 = PLANE('',#5981);
#5981 = AXIS2_PLACEMENT_3D('',#5982,#5983,#5984);
#5982 = CARTESIAN_POINT('',(59.086405674216,2.498260646209,-1.8542));
#5983 = DIRECTION('',(3.8E-16,-2.2E-16,-1.));
#5984 = DIRECTION('',(0.,1.,-2.2E-16));
#5985 = ADVANCED_FACE('',(#5986),#5997,.T.);
#5986 = FACE_BOUND('',#5987,.F.);
#5987 = EDGE_LOOP('',(#5988,#5989,#5995,#5996));
#5988 = ORIENTED_EDGE('',*,*,#4346,.T.);
#5989 = ORIENTED_EDGE('',*,*,#5990,.T.);
#5990 = EDGE_CURVE('',#4318,#4074,#5991,.T.);
#5991 = LINE('',#5992,#5993);
#5992 = CARTESIAN_POINT('',(-65.21288945896,1.,-22.55135299852));
#5993 = VECTOR('',#5994,1.);
#5994 = DIRECTION('',(-1.3E-16,-1.,0.));
#5995 = ORIENTED_EDGE('',*,*,#4073,.F.);
#5996 = ORIENTED_EDGE('',*,*,#3778,.F.);
#5997 = CYLINDRICAL_SURFACE('',#5998,3.);
#5998 = AXIS2_PLACEMENT_3D('',#5999,#6000,#6001);
#5999 = CARTESIAN_POINT('',(-67.78063241221,1.,-21.));
#6000 = DIRECTION('',(-1.3E-16,-1.,0.));
#6001 = DIRECTION('',(0.,0.,1.));
#6002 = ADVANCED_FACE('',(#6003),#6014,.T.);
#6003 = FACE_BOUND('',#6004,.F.);
#6004 = EDGE_LOOP('',(#6005,#6006,#6012,#6013));
#6005 = ORIENTED_EDGE('',*,*,#3898,.T.);
#6006 = ORIENTED_EDGE('',*,*,#6007,.T.);
#6007 = EDGE_CURVE('',#3870,#5845,#6008,.T.);
#6008 = LINE('',#6009,#6010);
#6009 = CARTESIAN_POINT('',(77.304482168538,104.04706879775,
    -45.86358047584));
#6010 = VECTOR('',#6011,1.);
#6011 = DIRECTION('',(-6.643108482594E-02,0.163240896089,0.984347154622)
  );
#6012 = ORIENTED_EDGE('',*,*,#5844,.F.);
#6013 = ORIENTED_EDGE('',*,*,#3827,.F.);
#6014 = CYLINDRICAL_SURFACE('',#6015,5.);
#6015 = AXIS2_PLACEMENT_3D('',#6016,#6017,#6018);
#6016 = CARTESIAN_POINT('',(72.315829812238,104.04706879775,
    -46.2002519299));
#6017 = DIRECTION('',(-6.643108482594E-02,0.163240896089,0.984347154622)
  );
#6018 = DIRECTION('',(1.099170996973E-02,0.986586240449,-0.162870416184)
  );
#6019 = ADVANCED_FACE('',(#6020),#6038,.T.);
#6020 = FACE_BOUND('',#6021,.T.);
#6021 = EDGE_LOOP('',(#6022,#6028,#6029,#6035,#6036,#6037));
#6022 = ORIENTED_EDGE('',*,*,#6023,.T.);
#6023 = EDGE_CURVE('',#5747,#4649,#6024,.T.);
#6024 = LINE('',#6025,#6026);
#6025 = CARTESIAN_POINT('',(76.085094991422,111.78729271002,
    -27.79522736492));
#6026 = VECTOR('',#6027,1.);
#6027 = DIRECTION('',(0.,-1.,2.2E-16));
#6028 = ORIENTED_EDGE('',*,*,#4720,.T.);
#6029 = ORIENTED_EDGE('',*,*,#6030,.T.);
#6030 = EDGE_CURVE('',#4721,#3872,#6031,.T.);
#6031 = LINE('',#6032,#6033);
#6032 = CARTESIAN_POINT('',(77.182269616,-104.3473813192,-44.05268759843
    ));
#6033 = VECTOR('',#6034,1.);
#6034 = DIRECTION('',(6.643108482594E-02,0.163240896089,-0.984347154622)
  );
#6035 = ORIENTED_EDGE('',*,*,#3869,.F.);
#6036 = ORIENTED_EDGE('',*,*,#6007,.T.);
#6037 = ORIENTED_EDGE('',*,*,#5855,.T.);
#6038 = PLANE('',#6039);
#6039 = AXIS2_PLACEMENT_3D('',#6040,#6041,#6042);
#6040 = CARTESIAN_POINT('',(76.536375461126,4.14E-14,-34.4821066693));
#6041 = DIRECTION('',(0.99773047126,-1.E-17,6.733429081241E-02));
#6042 = DIRECTION('',(-6.733429081241E-02,-2.2E-16,0.99773047126));
#6043 = ADVANCED_FACE('',(#6044),#6050,.T.);
#6044 = FACE_BOUND('',#6045,.T.);
#6045 = EDGE_LOOP('',(#6046,#6047,#6048,#6049));
#6046 = ORIENTED_EDGE('',*,*,#4729,.T.);
#6047 = ORIENTED_EDGE('',*,*,#3958,.T.);
#6048 = ORIENTED_EDGE('',*,*,#3879,.F.);
#6049 = ORIENTED_EDGE('',*,*,#6030,.F.);
#6050 = CYLINDRICAL_SURFACE('',#6051,5.);
#6051 = AXIS2_PLACEMENT_3D('',#6052,#6053,#6054);
#6052 = CARTESIAN_POINT('',(72.1936172597,-104.3473813192,-44.3893590525
    ));
#6053 = DIRECTION('',(6.643108482594E-02,0.163240896089,-0.984347154622)
  );
#6054 = DIRECTION('',(0.99773047126,-2.949029909161E-17,
    6.733429081241E-02));
#6055 = ADVANCED_FACE('',(#6056),#6075,.F.);
#6056 = FACE_BOUND('',#6057,.F.);
#6057 = EDGE_LOOP('',(#6058,#6066,#6073,#6074));
#6058 = ORIENTED_EDGE('',*,*,#6059,.T.);
#6059 = EDGE_CURVE('',#3908,#6060,#6062,.T.);
#6060 = VERTEX_POINT('',#6061);
#6061 = CARTESIAN_POINT('',(72.443666124708,-100.68,-46.60877579957));
#6062 = LINE('',#6063,#6064);
#6063 = CARTESIAN_POINT('',(72.470599841033,-100.68,-47.00786798808));
#6064 = VECTOR('',#6065,1.);
#6065 = DIRECTION('',(-6.733429081241E-02,0.,0.99773047126));
#6066 = ORIENTED_EDGE('',*,*,#6067,.T.);
#6067 = EDGE_CURVE('',#6060,#6060,#6068,.T.);
#6068 = CIRCLE('',#6069,6.5);
#6069 = AXIS2_PLACEMENT_3D('',#6070,#6071,#6072);
#6070 = CARTESIAN_POINT('',(65.958418061518,-100.68,-47.04644868985));
#6071 = DIRECTION('',(6.733429081241E-02,2.542464533156E-16,
    -0.99773047126));
#6072 = DIRECTION('',(0.99773047126,4.579669976579E-16,
    6.733429081241E-02));
#6073 = ORIENTED_EDGE('',*,*,#6059,.F.);
#6074 = ORIENTED_EDGE('',*,*,#3907,.F.);
#6075 = CYLINDRICAL_SURFACE('',#6076,6.5);
#6076 = AXIS2_PLACEMENT_3D('',#6077,#6078,#6079);
#6077 = CARTESIAN_POINT('',(65.985351777843,-100.68,-47.44554087836));
#6078 = DIRECTION('',(6.733429081241E-02,0.,-0.99773047126));
#6079 = DIRECTION('',(0.99773047126,0.,6.733429081241E-02));
#6080 = ADVANCED_FACE('',(#6081),#6100,.F.);
#6081 = FACE_BOUND('',#6082,.F.);
#6082 = EDGE_LOOP('',(#6083,#6091,#6098,#6099));
#6083 = ORIENTED_EDGE('',*,*,#6084,.T.);
#6084 = EDGE_CURVE('',#3919,#6085,#6087,.T.);
#6085 = VERTEX_POINT('',#6086);
#6086 = CARTESIAN_POINT('',(-57.6569342622,-100.68,-55.38893428291));
#6087 = LINE('',#6088,#6089);
#6088 = CARTESIAN_POINT('',(-57.63000054588,-100.68,-55.78802647142));
#6089 = VECTOR('',#6090,1.);
#6090 = DIRECTION('',(-6.733429081241E-02,0.,0.99773047126));
#6091 = ORIENTED_EDGE('',*,*,#6092,.T.);
#6092 = EDGE_CURVE('',#6085,#6085,#6093,.T.);
#6093 = CIRCLE('',#6094,6.5);
#6094 = AXIS2_PLACEMENT_3D('',#6095,#6096,#6097);
#6095 = CARTESIAN_POINT('',(-64.14218232539,-100.68,-55.82660717319));
#6096 = DIRECTION('',(6.733429081241E-02,2.542464533156E-16,
    -0.99773047126));
#6097 = DIRECTION('',(0.99773047126,4.579669976579E-16,
    6.733429081241E-02));
#6098 = ORIENTED_EDGE('',*,*,#6084,.F.);
#6099 = ORIENTED_EDGE('',*,*,#3918,.F.);
#6100 = CYLINDRICAL_SURFACE('',#6101,6.5);
#6101 = AXIS2_PLACEMENT_3D('',#6102,#6103,#6104);
#6102 = CARTESIAN_POINT('',(-64.11524860907,-100.68,-56.2256993617));
#6103 = DIRECTION('',(6.733429081241E-02,0.,-0.99773047126));
#6104 = DIRECTION('',(0.99773047126,0.,6.733429081241E-02));
#6105 = ADVANCED_FACE('',(#6106),#6125,.F.);
#6106 = FACE_BOUND('',#6107,.F.);
#6107 = EDGE_LOOP('',(#6108,#6116,#6123,#6124));
#6108 = ORIENTED_EDGE('',*,*,#6109,.T.);
#6109 = EDGE_CURVE('',#3930,#6110,#6112,.T.);
#6110 = VERTEX_POINT('',#6111);
#6111 = CARTESIAN_POINT('',(72.443666124708,100.68,-46.60877579957));
#6112 = LINE('',#6113,#6114);
#6113 = CARTESIAN_POINT('',(72.470599841033,100.68,-47.00786798808));
#6114 = VECTOR('',#6115,1.);
#6115 = DIRECTION('',(-6.733429081241E-02,0.,0.99773047126));
#6116 = ORIENTED_EDGE('',*,*,#6117,.T.);
#6117 = EDGE_CURVE('',#6110,#6110,#6118,.T.);
#6118 = CIRCLE('',#6119,6.5);
#6119 = AXIS2_PLACEMENT_3D('',#6120,#6121,#6122);
#6120 = CARTESIAN_POINT('',(65.958418061518,100.68,-47.04644868985));
#6121 = DIRECTION('',(6.733429081241E-02,2.542464533156E-16,
    -0.99773047126));
#6122 = DIRECTION('',(0.99773047126,4.579669976579E-16,
    6.733429081241E-02));
#6123 = ORIENTED_EDGE('',*,*,#6109,.F.);
#6124 = ORIENTED_EDGE('',*,*,#3929,.F.);
#6125 = CYLINDRICAL_SURFACE('',#6126,6.5);
#6126 = AXIS2_PLACEMENT_3D('',#6127,#6128,#6129);
#6127 = CARTESIAN_POINT('',(65.985351777843,100.68,-47.44554087836));
#6128 = DIRECTION('',(6.733429081241E-02,0.,-0.99773047126));
#6129 = DIRECTION('',(0.99773047126,0.,6.733429081241E-02));
#6130 = ADVANCED_FACE('',(#6131),#6150,.F.);
#6131 = FACE_BOUND('',#6132,.F.);
#6132 = EDGE_LOOP('',(#6133,#6141,#6148,#6149));
#6133 = ORIENTED_EDGE('',*,*,#6134,.T.);
#6134 = EDGE_CURVE('',#3941,#6135,#6137,.T.);
#6135 = VERTEX_POINT('',#6136);
#6136 = CARTESIAN_POINT('',(-57.6569342622,100.68,-55.38893428291));
#6137 = LINE('',#6138,#6139);
#6138 = CARTESIAN_POINT('',(-57.63000054588,100.68,-55.78802647142));
#6139 = VECTOR('',#6140,1.);
#6140 = DIRECTION('',(-6.733429081241E-02,0.,0.99773047126));
#6141 = ORIENTED_EDGE('',*,*,#6142,.T.);
#6142 = EDGE_CURVE('',#6135,#6135,#6143,.T.);
#6143 = CIRCLE('',#6144,6.5);
#6144 = AXIS2_PLACEMENT_3D('',#6145,#6146,#6147);
#6145 = CARTESIAN_POINT('',(-64.14218232539,100.68,-55.82660717319));
#6146 = DIRECTION('',(6.733429081241E-02,2.542464533156E-16,
    -0.99773047126));
#6147 = DIRECTION('',(0.99773047126,4.579669976579E-16,
    6.733429081241E-02));
#6148 = ORIENTED_EDGE('',*,*,#6134,.F.);
#6149 = ORIENTED_EDGE('',*,*,#3940,.F.);
#6150 = CYLINDRICAL_SURFACE('',#6151,6.5);
#6151 = AXIS2_PLACEMENT_3D('',#6152,#6153,#6154);
#6152 = CARTESIAN_POINT('',(-64.11524860907,100.68,-56.2256993617));
#6153 = DIRECTION('',(6.733429081241E-02,0.,-0.99773047126));
#6154 = DIRECTION('',(0.99773047126,0.,6.733429081241E-02));
#6155 = ADVANCED_FACE('',(#6156,#6162),#6232,.F.);
#6156 = FACE_BOUND('',#6157,.F.);
#6157 = EDGE_LOOP('',(#6158,#6159,#6160,#6161));
#6158 = ORIENTED_EDGE('',*,*,#4007,.T.);
#6159 = ORIENTED_EDGE('',*,*,#3983,.T.);
#6160 = ORIENTED_EDGE('',*,*,#4039,.T.);
#6161 = ORIENTED_EDGE('',*,*,#4057,.F.);
#6162 = FACE_BOUND('',#6163,.F.);
#6163 = EDGE_LOOP('',(#6164,#6175,#6183,#6192,#6200,#6209,#6217,#6226));
#6164 = ORIENTED_EDGE('',*,*,#6165,.F.);
#6165 = EDGE_CURVE('',#6166,#6168,#6170,.T.);
#6166 = VERTEX_POINT('',#6167);
#6167 = CARTESIAN_POINT('',(-70.4297495889,-7.,-45.82728230064));
#6168 = VERTEX_POINT('',#6169);
#6169 = CARTESIAN_POINT('',(-70.38934901441,-6.4,-46.42592058339));
#6170 = CIRCLE('',#6171,0.6);
#6171 = AXIS2_PLACEMENT_3D('',#6172,#6173,#6174);
#6172 = CARTESIAN_POINT('',(-70.4297495889,-6.4,-45.82728230064));
#6173 = DIRECTION('',(0.99773047126,0.,6.733429081241E-02));
#6174 = DIRECTION('',(-6.733429081241E-02,0.,0.99773047126));
#6175 = ORIENTED_EDGE('',*,*,#6176,.T.);
#6176 = EDGE_CURVE('',#6166,#6177,#6179,.T.);
#6177 = VERTEX_POINT('',#6178);
#6178 = CARTESIAN_POINT('',(-70.72602046847,-7.,-41.43726822709));
#6179 = LINE('',#6180,#6181);
#6180 = CARTESIAN_POINT('',(-70.65195274858,-7.,-42.53477174548));
#6181 = VECTOR('',#6182,1.);
#6182 = DIRECTION('',(-6.733429081241E-02,0.,0.99773047126));
#6183 = ORIENTED_EDGE('',*,*,#6184,.F.);
#6184 = EDGE_CURVE('',#6185,#6177,#6187,.T.);
#6185 = VERTEX_POINT('',#6186);
#6186 = CARTESIAN_POINT('',(-70.76642104296,-6.4,-40.83862994434));
#6187 = CIRCLE('',#6188,0.6);
#6188 = AXIS2_PLACEMENT_3D('',#6189,#6190,#6191);
#6189 = CARTESIAN_POINT('',(-70.72602046847,-6.4,-41.43726822709));
#6190 = DIRECTION('',(0.99773047126,0.,6.733429081241E-02));
#6191 = DIRECTION('',(-6.733429081241E-02,0.,0.99773047126));
#6192 = ORIENTED_EDGE('',*,*,#6193,.T.);
#6193 = EDGE_CURVE('',#6185,#6194,#6196,.T.);
#6194 = VERTEX_POINT('',#6195);
#6195 = CARTESIAN_POINT('',(-70.76642104296,6.4,-40.83862994434));
#6196 = LINE('',#6197,#6198);
#6197 = CARTESIAN_POINT('',(-70.76642104296,3.2,-40.83862994434));
#6198 = VECTOR('',#6199,1.);
#6199 = DIRECTION('',(4.3E-16,1.,-1.64E-15));
#6200 = ORIENTED_EDGE('',*,*,#6201,.F.);
#6201 = EDGE_CURVE('',#6202,#6194,#6204,.T.);
#6202 = VERTEX_POINT('',#6203);
#6203 = CARTESIAN_POINT('',(-70.72602046847,7.,-41.43726822709));
#6204 = CIRCLE('',#6205,0.6);
#6205 = AXIS2_PLACEMENT_3D('',#6206,#6207,#6208);
#6206 = CARTESIAN_POINT('',(-70.72602046847,6.4,-41.43726822709));
#6207 = DIRECTION('',(0.99773047126,0.,6.733429081241E-02));
#6208 = DIRECTION('',(-6.733429081241E-02,0.,0.99773047126));
#6209 = ORIENTED_EDGE('',*,*,#6210,.T.);
#6210 = EDGE_CURVE('',#6202,#6211,#6213,.T.);
#6211 = VERTEX_POINT('',#6212);
#6212 = CARTESIAN_POINT('',(-70.4297495889,7.,-45.82728230064));
#6213 = LINE('',#6214,#6215);
#6214 = CARTESIAN_POINT('',(-70.50381730879,7.,-44.72977878225));
#6215 = VECTOR('',#6216,1.);
#6216 = DIRECTION('',(6.733429081241E-02,0.,-0.99773047126));
#6217 = ORIENTED_EDGE('',*,*,#6218,.F.);
#6218 = EDGE_CURVE('',#6219,#6211,#6221,.T.);
#6219 = VERTEX_POINT('',#6220);
#6220 = CARTESIAN_POINT('',(-70.38934901441,6.4,-46.42592058339));
#6221 = CIRCLE('',#6222,0.6);
#6222 = AXIS2_PLACEMENT_3D('',#6223,#6224,#6225);
#6223 = CARTESIAN_POINT('',(-70.4297495889,6.4,-45.82728230064));
#6224 = DIRECTION('',(0.99773047126,0.,6.733429081241E-02));
#6225 = DIRECTION('',(-6.733429081241E-02,0.,0.99773047126));
#6226 = ORIENTED_EDGE('',*,*,#6227,.T.);
#6227 = EDGE_CURVE('',#6219,#6168,#6228,.T.);
#6228 = LINE('',#6229,#6230);
#6229 = CARTESIAN_POINT('',(-70.38934901441,-3.2,-46.42592058339));
#6230 = VECTOR('',#6231,1.);
#6231 = DIRECTION('',(-3.1E-16,-1.,-2.E-17));
#6232 = PLANE('',#6233);
#6233 = AXIS2_PLACEMENT_3D('',#6234,#6235,#6236);
#6234 = CARTESIAN_POINT('',(-70.57788502869,1.268E-14,-43.63227526387));
#6235 = DIRECTION('',(0.99773047126,-3.3E-16,6.733429081241E-02));
#6236 = DIRECTION('',(-6.733429081241E-02,-2.2E-16,0.99773047126));
#6237 = ADVANCED_FACE('',(#6238,#6244),#6296,.T.);
#6238 = FACE_BOUND('',#6239,.T.);
#6239 = EDGE_LOOP('',(#6240,#6241,#6242,#6243));
#6240 = ORIENTED_EDGE('',*,*,#4292,.T.);
#6241 = ORIENTED_EDGE('',*,*,#4317,.T.);
#6242 = ORIENTED_EDGE('',*,*,#5990,.T.);
#6243 = ORIENTED_EDGE('',*,*,#4082,.T.);
#6244 = FACE_BOUND('',#6245,.T.);
#6245 = EDGE_LOOP('',(#6246,#6256,#6265,#6273,#6281,#6289));
#6246 = ORIENTED_EDGE('',*,*,#6247,.F.);
#6247 = EDGE_CURVE('',#6248,#6250,#6252,.T.);
#6248 = VERTEX_POINT('',#6249);
#6249 = CARTESIAN_POINT('',(-71.31856222762,103.98,-32.65724008001));
#6250 = VERTEX_POINT('',#6251);
#6251 = CARTESIAN_POINT('',(-71.31856222762,-103.98,-32.65724008001));
#6252 = LINE('',#6253,#6254);
#6253 = CARTESIAN_POINT('',(-71.31856222762,106.98,-32.65724008001));
#6254 = VECTOR('',#6255,1.);
#6255 = DIRECTION('',(0.,-1.,2.2E-16));
#6256 = ORIENTED_EDGE('',*,*,#6257,.T.);
#6257 = EDGE_CURVE('',#6248,#6258,#6260,.T.);
#6258 = VERTEX_POINT('',#6259);
#6259 = CARTESIAN_POINT('',(-68.61386081347,106.98,-28.18051685618));
#6260 = ELLIPSE('',#6261,5.230340386863,3.);
#6261 = AXIS2_PLACEMENT_3D('',#6262,#6263,#6264);
#6262 = CARTESIAN_POINT('',(-68.61386081347,103.98,-28.18051685618));
#6263 = DIRECTION('',(0.85591431775,-1.1E-16,-0.517117666174));
#6264 = DIRECTION('',(0.517117666174,1.9E-16,0.85591431775));
#6265 = ORIENTED_EDGE('',*,*,#6266,.F.);
#6266 = EDGE_CURVE('',#6267,#6258,#6269,.T.);
#6267 = VERTEX_POINT('',#6268);
#6268 = CARTESIAN_POINT('',(-56.4214,106.98,-8.));
#6269 = LINE('',#6270,#6271);
#6270 = CARTESIAN_POINT('',(-56.4214,106.98,-8.));
#6271 = VECTOR('',#6272,1.);
#6272 = DIRECTION('',(-0.517117666174,1.9E-16,-0.85591431775));
#6273 = ORIENTED_EDGE('',*,*,#6274,.T.);
#6274 = EDGE_CURVE('',#6267,#6275,#6277,.T.);
#6275 = VERTEX_POINT('',#6276);
#6276 = CARTESIAN_POINT('',(-56.4214,-106.98,-8.));
#6277 = LINE('',#6278,#6279);
#6278 = CARTESIAN_POINT('',(-56.4214,106.98,-8.));
#6279 = VECTOR('',#6280,1.);
#6280 = DIRECTION('',(0.,-1.,2.2E-16));
#6281 = ORIENTED_EDGE('',*,*,#6282,.T.);
#6282 = EDGE_CURVE('',#6275,#6283,#6285,.T.);
#6283 = VERTEX_POINT('',#6284);
#6284 = CARTESIAN_POINT('',(-68.61386081347,-106.98,-28.18051685618));
#6285 = LINE('',#6286,#6287);
#6286 = CARTESIAN_POINT('',(-56.4214,-106.98,-8.));
#6287 = VECTOR('',#6288,1.);
#6288 = DIRECTION('',(-0.517117666174,1.9E-16,-0.85591431775));
#6289 = ORIENTED_EDGE('',*,*,#6290,.T.);
#6290 = EDGE_CURVE('',#6283,#6250,#6291,.T.);
#6291 = ELLIPSE('',#6292,5.230340386863,3.);
#6292 = AXIS2_PLACEMENT_3D('',#6293,#6294,#6295);
#6293 = CARTESIAN_POINT('',(-68.61386081347,-103.98,-28.18051685618));
#6294 = DIRECTION('',(0.85591431775,-1.1E-16,-0.517117666174));
#6295 = DIRECTION('',(0.517117666174,1.9E-16,0.85591431775));
#6296 = PLANE('',#6297);
#6297 = AXIS2_PLACEMENT_3D('',#6298,#6299,#6300);
#6298 = CARTESIAN_POINT('',(-56.4214,106.98,-8.));
#6299 = DIRECTION('',(0.85591431775,-1.1E-16,-0.517117666174));
#6300 = DIRECTION('',(-0.517117666174,-1.9E-16,-0.85591431775));
#6301 = ADVANCED_FACE('',(#6302),#6315,.T.);
#6302 = FACE_BOUND('',#6303,.T.);
#6303 = EDGE_LOOP('',(#6304,#6305,#6306,#6307,#6308,#6314));
#6304 = ORIENTED_EDGE('',*,*,#5393,.T.);
#6305 = ORIENTED_EDGE('',*,*,#4984,.F.);
#6306 = ORIENTED_EDGE('',*,*,#4799,.T.);
#6307 = ORIENTED_EDGE('',*,*,#4547,.T.);
#6308 = ORIENTED_EDGE('',*,*,#6309,.F.);
#6309 = EDGE_CURVE('',#5614,#4540,#6310,.T.);
#6310 = LINE('',#6311,#6312);
#6311 = CARTESIAN_POINT('',(74.47408031298,111.78729271002,
    -17.4613602273));
#6312 = VECTOR('',#6313,1.);
#6313 = DIRECTION('',(0.,-1.,2.2E-16));
#6314 = ORIENTED_EDGE('',*,*,#5621,.T.);
#6315 = PLANE('',#6316);
#6316 = AXIS2_PLACEMENT_3D('',#6317,#6318,#6319);
#6317 = CARTESIAN_POINT('',(72.639832991229,3.316E-14,-10.02775594734));
#6318 = DIRECTION('',(0.970880226619,-5.E-17,0.239565409773));
#6319 = DIRECTION('',(-0.239565409773,-2.2E-16,0.970880226619));
#6320 = ADVANCED_FACE('',(#6321),#6327,.T.);
#6321 = FACE_BOUND('',#6322,.F.);
#6322 = EDGE_LOOP('',(#6323,#6324,#6325,#6326));
#6323 = ORIENTED_EDGE('',*,*,#6309,.F.);
#6324 = ORIENTED_EDGE('',*,*,#5755,.F.);
#6325 = ORIENTED_EDGE('',*,*,#6023,.T.);
#6326 = ORIENTED_EDGE('',*,*,#4656,.F.);
#6327 = CYLINDRICAL_SURFACE('',#6328,60.);
#6328 = AXIS2_PLACEMENT_3D('',#6329,#6330,#6331);
#6329 = CARTESIAN_POINT('',(16.221266715819,111.78729271002,
    -31.83528481366));
#6330 = DIRECTION('',(0.,-1.,2.2E-16));
#6331 = DIRECTION('',(0.970880226619,5.270439015E-17,0.239565409773));
#6332 = ADVANCED_FACE('',(#6333,#6336),#6339,.T.);
#6333 = FACE_BOUND('',#6334,.T.);
#6334 = EDGE_LOOP('',(#6335));
#6335 = ORIENTED_EDGE('',*,*,#5045,.T.);
#6336 = FACE_BOUND('',#6337,.T.);
#6337 = EDGE_LOOP('',(#6338));
#6338 = ORIENTED_EDGE('',*,*,#4757,.F.);
#6339 = PLANE('',#6340);
#6340 = AXIS2_PLACEMENT_3D('',#6341,#6342,#6343);
#6341 = CARTESIAN_POINT('',(-100.5,82.5,-14.));
#6342 = DIRECTION('',(0.,0.,1.));
#6343 = DIRECTION('',(-1.,0.,0.));
#6344 = ADVANCED_FACE('',(#6345),#6439,.F.);
#6345 = FACE_BOUND('',#6346,.F.);
#6346 = EDGE_LOOP('',(#6347,#6348,#6356,#6362,#6363,#6371,#6377,#6378,
    #6386,#6392,#6393,#6401,#6409,#6417,#6425,#6433));
#6347 = ORIENTED_EDGE('',*,*,#6266,.F.);
#6348 = ORIENTED_EDGE('',*,*,#6349,.F.);
#6349 = EDGE_CURVE('',#6350,#6267,#6352,.T.);
#6350 = VERTEX_POINT('',#6351);
#6351 = CARTESIAN_POINT('',(-56.4214,106.98,-0.));
#6352 = LINE('',#6353,#6354);
#6353 = CARTESIAN_POINT('',(-56.4214,106.98,2.84217094304E-14));
#6354 = VECTOR('',#6355,1.);
#6355 = DIRECTION('',(0.,2.2E-16,-1.));
#6356 = ORIENTED_EDGE('',*,*,#6357,.F.);
#6357 = EDGE_CURVE('',#5232,#6350,#6358,.T.);
#6358 = LINE('',#6359,#6360);
#6359 = CARTESIAN_POINT('',(-59.7514,106.98,2.84217094304E-14));
#6360 = VECTOR('',#6361,1.);
#6361 = DIRECTION('',(1.,0.,0.));
#6362 = ORIENTED_EDGE('',*,*,#5287,.F.);
#6363 = ORIENTED_EDGE('',*,*,#6364,.T.);
#6364 = EDGE_CURVE('',#5288,#6365,#6367,.T.);
#6365 = VERTEX_POINT('',#6366);
#6366 = CARTESIAN_POINT('',(-65.1486,106.98,-0.));
#6367 = LINE('',#6368,#6369);
#6368 = CARTESIAN_POINT('',(-62.7486,106.98,2.84217094304E-14));
#6369 = VECTOR('',#6370,1.);
#6370 = DIRECTION('',(-1.,0.,0.));
#6371 = ORIENTED_EDGE('',*,*,#6372,.T.);
#6372 = EDGE_CURVE('',#6365,#4847,#6373,.T.);
#6373 = LINE('',#6374,#6375);
#6374 = CARTESIAN_POINT('',(-65.1486,106.98,2.84217094304E-14));
#6375 = VECTOR('',#6376,1.);
#6376 = DIRECTION('',(0.,-2.2E-16,1.));
#6377 = ORIENTED_EDGE('',*,*,#4863,.T.);
#6378 = ORIENTED_EDGE('',*,*,#6379,.F.);
#6379 = EDGE_CURVE('',#6380,#4856,#6382,.T.);
#6380 = VERTEX_POINT('',#6381);
#6381 = CARTESIAN_POINT('',(65.1486,106.98,0.));
#6382 = LINE('',#6383,#6384);
#6383 = CARTESIAN_POINT('',(65.1486,106.98,2.84217094304E-14));
#6384 = VECTOR('',#6385,1.);
#6385 = DIRECTION('',(0.,-2.2E-16,1.));
#6386 = ORIENTED_EDGE('',*,*,#6387,.F.);
#6387 = EDGE_CURVE('',#5425,#6380,#6388,.T.);
#6388 = LINE('',#6389,#6390);
#6389 = CARTESIAN_POINT('',(62.7486,106.98,2.84217094304E-14));
#6390 = VECTOR('',#6391,1.);
#6391 = DIRECTION('',(1.,0.,0.));
#6392 = ORIENTED_EDGE('',*,*,#5448,.F.);
#6393 = ORIENTED_EDGE('',*,*,#6394,.F.);
#6394 = EDGE_CURVE('',#6395,#5449,#6397,.T.);
#6395 = VERTEX_POINT('',#6396);
#6396 = CARTESIAN_POINT('',(56.4214,106.98,0.));
#6397 = LINE('',#6398,#6399);
#6398 = CARTESIAN_POINT('',(56.4214,106.98,2.84217094304E-14));
#6399 = VECTOR('',#6400,1.);
#6400 = DIRECTION('',(1.,0.,0.));
#6401 = ORIENTED_EDGE('',*,*,#6402,.F.);
#6402 = EDGE_CURVE('',#6403,#6395,#6405,.T.);
#6403 = VERTEX_POINT('',#6404);
#6404 = CARTESIAN_POINT('',(56.4214,106.98,-8.));
#6405 = LINE('',#6406,#6407);
#6406 = CARTESIAN_POINT('',(56.4214,106.98,-8.));
#6407 = VECTOR('',#6408,1.);
#6408 = DIRECTION('',(0.,-2.2E-16,1.));
#6409 = ORIENTED_EDGE('',*,*,#6410,.F.);
#6410 = EDGE_CURVE('',#6411,#6403,#6413,.T.);
#6411 = VERTEX_POINT('',#6412);
#6412 = CARTESIAN_POINT('',(70.74357717864,106.98,-22.9032907214));
#6413 = LINE('',#6414,#6415);
#6414 = CARTESIAN_POINT('',(73.977506241362,106.98,-26.26843446966));
#6415 = VECTOR('',#6416,1.);
#6416 = DIRECTION('',(-0.692909844041,-1.6E-16,0.721024235398));
#6417 = ORIENTED_EDGE('',*,*,#6418,.T.);
#6418 = EDGE_CURVE('',#6411,#6419,#6421,.T.);
#6419 = VERTEX_POINT('',#6420);
#6420 = CARTESIAN_POINT('',(72.034116908024,106.98,-42.02595165452));
#6421 = LINE('',#6422,#6423);
#6422 = CARTESIAN_POINT('',(70.984314827582,106.98,-26.47043734209));
#6423 = VECTOR('',#6424,1.);
#6424 = DIRECTION('',(6.733429081241E-02,-2.2E-16,-0.99773047126));
#6425 = ORIENTED_EDGE('',*,*,#6426,.F.);
#6426 = EDGE_CURVE('',#6427,#6419,#6429,.T.);
#6427 = VERTEX_POINT('',#6428);
#6428 = CARTESIAN_POINT('',(-67.04601928841,106.98,-51.41211616151));
#6429 = LINE('',#6430,#6431);
#6430 = CARTESIAN_POINT('',(-70.03921070219,106.98,-51.61411903395));
#6431 = VECTOR('',#6432,1.);
#6432 = DIRECTION('',(0.99773047126,1.E-17,6.733429081241E-02));
#6433 = ORIENTED_EDGE('',*,*,#6434,.T.);
#6434 = EDGE_CURVE('',#6427,#6258,#6435,.T.);
#6435 = LINE('',#6436,#6437);
#6436 = CARTESIAN_POINT('',(-66.84401641597,106.98,-54.40530757529));
#6437 = VECTOR('',#6438,1.);
#6438 = DIRECTION('',(-6.733429081241E-02,2.2E-16,0.99773047126));
#6439 = PLANE('',#6440);
#6440 = AXIS2_PLACEMENT_3D('',#6441,#6442,#6443);
#6441 = CARTESIAN_POINT('',(-0.288050105473,106.98,-23.01678300507));
#6442 = DIRECTION('',(0.,1.,-5.E-17));
#6443 = DIRECTION('',(0.,5.E-17,1.));
#6444 = ADVANCED_FACE('',(#6445),#6463,.F.);
#6445 = FACE_BOUND('',#6446,.F.);
#6446 = EDGE_LOOP('',(#6447,#6448,#6456,#6462));
#6447 = ORIENTED_EDGE('',*,*,#6372,.F.);
#6448 = ORIENTED_EDGE('',*,*,#6449,.T.);
#6449 = EDGE_CURVE('',#6365,#6450,#6452,.T.);
#6450 = VERTEX_POINT('',#6451);
#6451 = CARTESIAN_POINT('',(-65.1486,-106.98,0.));
#6452 = LINE('',#6453,#6454);
#6453 = CARTESIAN_POINT('',(-65.1486,106.98,-2.375E-14));
#6454 = VECTOR('',#6455,1.);
#6455 = DIRECTION('',(0.,-1.,2.2E-16));
#6456 = ORIENTED_EDGE('',*,*,#6457,.T.);
#6457 = EDGE_CURVE('',#6450,#4880,#6458,.T.);
#6458 = LINE('',#6459,#6460);
#6459 = CARTESIAN_POINT('',(-65.1486,-106.98,-2.84217094304E-14));
#6460 = VECTOR('',#6461,1.);
#6461 = DIRECTION('',(0.,-2.2E-16,1.));
#6462 = ORIENTED_EDGE('',*,*,#4887,.F.);
#6463 = PLANE('',#6464);
#6464 = AXIS2_PLACEMENT_3D('',#6465,#6466,#6467);
#6465 = CARTESIAN_POINT('',(-65.1486,106.98,-2.375E-14));
#6466 = DIRECTION('',(-1.,0.,0.));
#6467 = DIRECTION('',(0.,2.2E-16,1.));
#6468 = ADVANCED_FACE('',(#6469),#6487,.T.);
#6469 = FACE_BOUND('',#6470,.T.);
#6470 = EDGE_LOOP('',(#6471,#6472,#6480,#6486));
#6471 = ORIENTED_EDGE('',*,*,#6379,.F.);
#6472 = ORIENTED_EDGE('',*,*,#6473,.T.);
#6473 = EDGE_CURVE('',#6380,#6474,#6476,.T.);
#6474 = VERTEX_POINT('',#6475);
#6475 = CARTESIAN_POINT('',(65.1486,-106.98,0.));
#6476 = LINE('',#6477,#6478);
#6477 = CARTESIAN_POINT('',(65.1486,106.98,-2.375E-14));
#6478 = VECTOR('',#6479,1.);
#6479 = DIRECTION('',(0.,-1.,2.2E-16));
#6480 = ORIENTED_EDGE('',*,*,#6481,.T.);
#6481 = EDGE_CURVE('',#6474,#4904,#6482,.T.);
#6482 = LINE('',#6483,#6484);
#6483 = CARTESIAN_POINT('',(65.1486,-106.98,-2.84217094304E-14));
#6484 = VECTOR('',#6485,1.);
#6485 = DIRECTION('',(0.,-2.2E-16,1.));
#6486 = ORIENTED_EDGE('',*,*,#4911,.F.);
#6487 = PLANE('',#6488);
#6488 = AXIS2_PLACEMENT_3D('',#6489,#6490,#6491);
#6489 = CARTESIAN_POINT('',(65.1486,106.98,-2.375E-14));
#6490 = DIRECTION('',(-1.,0.,0.));
#6491 = DIRECTION('',(0.,2.2E-16,1.));
#6492 = ADVANCED_FACE('',(#6493),#6608,.T.);
#6493 = FACE_BOUND('',#6494,.T.);
#6494 = EDGE_LOOP('',(#6495,#6496,#6504,#6510,#6511,#6512,#6518,#6519,
    #6520,#6521,#6522,#6523,#6524,#6525,#6526,#6532,#6533,#6534,#6535,
    #6541,#6542,#6543,#6549,#6550,#6551,#6552,#6553,#6554,#6560,#6561,
    #6562,#6570,#6578,#6586,#6594,#6602));
#6495 = ORIENTED_EDGE('',*,*,#6282,.F.);
#6496 = ORIENTED_EDGE('',*,*,#6497,.F.);
#6497 = EDGE_CURVE('',#6498,#6275,#6500,.T.);
#6498 = VERTEX_POINT('',#6499);
#6499 = CARTESIAN_POINT('',(-56.4214,-106.98,0.));
#6500 = LINE('',#6501,#6502);
#6501 = CARTESIAN_POINT('',(-56.4214,-106.98,-2.84217094304E-14));
#6502 = VECTOR('',#6503,1.);
#6503 = DIRECTION('',(0.,2.2E-16,-1.));
#6504 = ORIENTED_EDGE('',*,*,#6505,.F.);
#6505 = EDGE_CURVE('',#5234,#6498,#6506,.T.);
#6506 = LINE('',#6507,#6508);
#6507 = CARTESIAN_POINT('',(-59.7514,-106.98,-2.84217094304E-14));
#6508 = VECTOR('',#6509,1.);
#6509 = DIRECTION('',(1.,0.,0.));
#6510 = ORIENTED_EDGE('',*,*,#5249,.T.);
#6511 = ORIENTED_EDGE('',*,*,#5158,.T.);
#6512 = ORIENTED_EDGE('',*,*,#6513,.T.);
#6513 = EDGE_CURVE('',#5151,#5063,#6514,.T.);
#6514 = LINE('',#6515,#6516);
#6515 = CARTESIAN_POINT('',(-58.4214,-106.98,-1.8542));
#6516 = VECTOR('',#6517,1.);
#6517 = DIRECTION('',(0.,2.2E-16,-1.));
#6518 = ORIENTED_EDGE('',*,*,#5088,.F.);
#6519 = ORIENTED_EDGE('',*,*,#5136,.T.);
#6520 = ORIENTED_EDGE('',*,*,#5193,.T.);
#6521 = ORIENTED_EDGE('',*,*,#5217,.T.);
#6522 = ORIENTED_EDGE('',*,*,#5273,.T.);
#6523 = ORIENTED_EDGE('',*,*,#5321,.T.);
#6524 = ORIENTED_EDGE('',*,*,#5367,.F.);
#6525 = ORIENTED_EDGE('',*,*,#5343,.F.);
#6526 = ORIENTED_EDGE('',*,*,#6527,.T.);
#6527 = EDGE_CURVE('',#5336,#6450,#6528,.T.);
#6528 = LINE('',#6529,#6530);
#6529 = CARTESIAN_POINT('',(-62.7486,-106.98,-2.84217094304E-14));
#6530 = VECTOR('',#6531,1.);
#6531 = DIRECTION('',(-1.,0.,0.));
#6532 = ORIENTED_EDGE('',*,*,#6457,.T.);
#6533 = ORIENTED_EDGE('',*,*,#4928,.T.);
#6534 = ORIENTED_EDGE('',*,*,#6481,.F.);
#6535 = ORIENTED_EDGE('',*,*,#6536,.F.);
#6536 = EDGE_CURVE('',#5417,#6474,#6537,.T.);
#6537 = LINE('',#6538,#6539);
#6538 = CARTESIAN_POINT('',(62.7486,-106.98,-2.84217094304E-14));
#6539 = VECTOR('',#6540,1.);
#6540 = DIRECTION('',(1.,0.,0.));
#6541 = ORIENTED_EDGE('',*,*,#5416,.F.);
#6542 = ORIENTED_EDGE('',*,*,#5515,.T.);
#6543 = ORIENTED_EDGE('',*,*,#6544,.F.);
#6544 = EDGE_CURVE('',#5581,#5506,#6545,.T.);
#6545 = LINE('',#6546,#6547);
#6546 = CARTESIAN_POINT('',(64.0786,-106.98,-4.4958));
#6547 = VECTOR('',#6548,1.);
#6548 = DIRECTION('',(0.,-2.2E-16,1.));
#6549 = ORIENTED_EDGE('',*,*,#5599,.F.);
#6550 = ORIENTED_EDGE('',*,*,#5730,.F.);
#6551 = ORIENTED_EDGE('',*,*,#5820,.F.);
#6552 = ORIENTED_EDGE('',*,*,#5878,.F.);
#6553 = ORIENTED_EDGE('',*,*,#5904,.F.);
#6554 = ORIENTED_EDGE('',*,*,#6555,.F.);
#6555 = EDGE_CURVE('',#5964,#5895,#6556,.T.);
#6556 = LINE('',#6557,#6558);
#6557 = CARTESIAN_POINT('',(58.4214,-106.98,-1.8542));
#6558 = VECTOR('',#6559,1.);
#6559 = DIRECTION('',(0.,2.2E-16,-1.));
#6560 = ORIENTED_EDGE('',*,*,#5975,.F.);
#6561 = ORIENTED_EDGE('',*,*,#5480,.F.);
#6562 = ORIENTED_EDGE('',*,*,#6563,.F.);
#6563 = EDGE_CURVE('',#6564,#5473,#6566,.T.);
#6564 = VERTEX_POINT('',#6565);
#6565 = CARTESIAN_POINT('',(56.4214,-106.98,0.));
#6566 = LINE('',#6567,#6568);
#6567 = CARTESIAN_POINT('',(56.4214,-106.98,-2.84217094304E-14));
#6568 = VECTOR('',#6569,1.);
#6569 = DIRECTION('',(1.,0.,0.));
#6570 = ORIENTED_EDGE('',*,*,#6571,.F.);
#6571 = EDGE_CURVE('',#6572,#6564,#6574,.T.);
#6572 = VERTEX_POINT('',#6573);
#6573 = CARTESIAN_POINT('',(56.4214,-106.98,-8.));
#6574 = LINE('',#6575,#6576);
#6575 = CARTESIAN_POINT('',(56.4214,-106.98,-8.));
#6576 = VECTOR('',#6577,1.);
#6577 = DIRECTION('',(0.,-2.2E-16,1.));
#6578 = ORIENTED_EDGE('',*,*,#6579,.F.);
#6579 = EDGE_CURVE('',#6580,#6572,#6582,.T.);
#6580 = VERTEX_POINT('',#6581);
#6581 = CARTESIAN_POINT('',(70.74357717864,-106.98,-22.9032907214));
#6582 = LINE('',#6583,#6584);
#6583 = CARTESIAN_POINT('',(73.977506241362,-106.98,-26.26843446966));
#6584 = VECTOR('',#6585,1.);
#6585 = DIRECTION('',(-0.692909844041,-1.6E-16,0.721024235398));
#6586 = ORIENTED_EDGE('',*,*,#6587,.T.);
#6587 = EDGE_CURVE('',#6580,#6588,#6590,.T.);
#6588 = VERTEX_POINT('',#6589);
#6589 = CARTESIAN_POINT('',(72.034116908024,-106.98,-42.02595165452));
#6590 = LINE('',#6591,#6592);
#6591 = CARTESIAN_POINT('',(70.984314827582,-106.98,-26.47043734209));
#6592 = VECTOR('',#6593,1.);
#6593 = DIRECTION('',(6.733429081241E-02,-2.2E-16,-0.99773047126));
#6594 = ORIENTED_EDGE('',*,*,#6595,.F.);
#6595 = EDGE_CURVE('',#6596,#6588,#6598,.T.);
#6596 = VERTEX_POINT('',#6597);
#6597 = CARTESIAN_POINT('',(-67.04601928841,-106.98,-51.41211616151));
#6598 = LINE('',#6599,#6600);
#6599 = CARTESIAN_POINT('',(-70.03921070219,-106.98,-51.61411903395));
#6600 = VECTOR('',#6601,1.);
#6601 = DIRECTION('',(0.99773047126,1.E-17,6.733429081241E-02));
#6602 = ORIENTED_EDGE('',*,*,#6603,.T.);
#6603 = EDGE_CURVE('',#6596,#6283,#6604,.T.);
#6604 = LINE('',#6605,#6606);
#6605 = CARTESIAN_POINT('',(-66.84401641597,-106.98,-54.40530757529));
#6606 = VECTOR('',#6607,1.);
#6607 = DIRECTION('',(-6.733429081241E-02,2.2E-16,0.99773047126));
#6608 = PLANE('',#6609);
#6609 = AXIS2_PLACEMENT_3D('',#6610,#6611,#6612);
#6610 = CARTESIAN_POINT('',(-0.321489352621,-106.98,-25.34060792227));
#6611 = DIRECTION('',(0.,1.,-4.E-17));
#6612 = DIRECTION('',(0.,4.E-17,1.));
#6613 = ADVANCED_FACE('',(#6614),#6620,.T.);
#6614 = FACE_BOUND('',#6615,.T.);
#6615 = EDGE_LOOP('',(#6616,#6617,#6618,#6619));
#6616 = ORIENTED_EDGE('',*,*,#5150,.T.);
#6617 = ORIENTED_EDGE('',*,*,#5112,.F.);
#6618 = ORIENTED_EDGE('',*,*,#5062,.F.);
#6619 = ORIENTED_EDGE('',*,*,#6513,.F.);
#6620 = PLANE('',#6621);
#6621 = AXIS2_PLACEMENT_3D('',#6622,#6623,#6624);
#6622 = CARTESIAN_POINT('',(-58.4214,2.348153578595,-3.175361792312));
#6623 = DIRECTION('',(-1.,0.,0.));
#6624 = DIRECTION('',(0.,1.,2.2E-16));
#6625 = ADVANCED_FACE('',(#6626),#6637,.T.);
#6626 = FACE_BOUND('',#6627,.T.);
#6627 = EDGE_LOOP('',(#6628,#6629,#6630,#6636));
#6628 = ORIENTED_EDGE('',*,*,#5231,.T.);
#6629 = ORIENTED_EDGE('',*,*,#6505,.T.);
#6630 = ORIENTED_EDGE('',*,*,#6631,.F.);
#6631 = EDGE_CURVE('',#6350,#6498,#6632,.T.);
#6632 = LINE('',#6633,#6634);
#6633 = CARTESIAN_POINT('',(-56.4214,106.98,-2.375E-14));
#6634 = VECTOR('',#6635,1.);
#6635 = DIRECTION('',(0.,-1.,2.2E-16));
#6636 = ORIENTED_EDGE('',*,*,#6357,.F.);
#6637 = PLANE('',#6638);
#6638 = AXIS2_PLACEMENT_3D('',#6639,#6640,#6641);
#6639 = CARTESIAN_POINT('',(-59.7514,106.98,-2.375E-14));
#6640 = DIRECTION('',(0.,2.2E-16,1.));
#6641 = DIRECTION('',(1.,0.,0.));
#6642 = ADVANCED_FACE('',(#6643),#6649,.F.);
#6643 = FACE_BOUND('',#6644,.F.);
#6644 = EDGE_LOOP('',(#6645,#6646,#6647,#6648));
#6645 = ORIENTED_EDGE('',*,*,#5335,.T.);
#6646 = ORIENTED_EDGE('',*,*,#6527,.T.);
#6647 = ORIENTED_EDGE('',*,*,#6449,.F.);
#6648 = ORIENTED_EDGE('',*,*,#6364,.F.);
#6649 = PLANE('',#6650);
#6650 = AXIS2_PLACEMENT_3D('',#6651,#6652,#6653);
#6651 = CARTESIAN_POINT('',(-62.7486,106.98,-2.375E-14));
#6652 = DIRECTION('',(0.,-2.2E-16,-1.));
#6653 = DIRECTION('',(-1.,0.,0.));
#6654 = ADVANCED_FACE('',(#6655),#6661,.T.);
#6655 = FACE_BOUND('',#6656,.T.);
#6656 = EDGE_LOOP('',(#6657,#6658,#6659,#6660));
#6657 = ORIENTED_EDGE('',*,*,#5424,.T.);
#6658 = ORIENTED_EDGE('',*,*,#6536,.T.);
#6659 = ORIENTED_EDGE('',*,*,#6473,.F.);
#6660 = ORIENTED_EDGE('',*,*,#6387,.F.);
#6661 = PLANE('',#6662);
#6662 = AXIS2_PLACEMENT_3D('',#6663,#6664,#6665);
#6663 = CARTESIAN_POINT('',(62.7486,106.98,-2.375E-14));
#6664 = DIRECTION('',(0.,2.2E-16,1.));
#6665 = DIRECTION('',(1.,0.,0.));
#6666 = ADVANCED_FACE('',(#6667),#6678,.T.);
#6667 = FACE_BOUND('',#6668,.T.);
#6668 = EDGE_LOOP('',(#6669,#6675,#6676,#6677));
#6669 = ORIENTED_EDGE('',*,*,#6670,.T.);
#6670 = EDGE_CURVE('',#6395,#6564,#6671,.T.);
#6671 = LINE('',#6672,#6673);
#6672 = CARTESIAN_POINT('',(56.4214,106.98,-2.375E-14));
#6673 = VECTOR('',#6674,1.);
#6674 = DIRECTION('',(0.,-1.,2.2E-16));
#6675 = ORIENTED_EDGE('',*,*,#6563,.T.);
#6676 = ORIENTED_EDGE('',*,*,#5472,.F.);
#6677 = ORIENTED_EDGE('',*,*,#6394,.F.);
#6678 = PLANE('',#6679);
#6679 = AXIS2_PLACEMENT_3D('',#6680,#6681,#6682);
#6680 = CARTESIAN_POINT('',(56.4214,106.98,-2.375E-14));
#6681 = DIRECTION('',(0.,2.2E-16,1.));
#6682 = DIRECTION('',(1.,0.,0.));
#6683 = ADVANCED_FACE('',(#6684),#6690,.T.);
#6684 = FACE_BOUND('',#6685,.T.);
#6685 = EDGE_LOOP('',(#6686,#6687,#6688,#6689));
#6686 = ORIENTED_EDGE('',*,*,#5580,.T.);
#6687 = ORIENTED_EDGE('',*,*,#6544,.T.);
#6688 = ORIENTED_EDGE('',*,*,#5505,.T.);
#6689 = ORIENTED_EDGE('',*,*,#5541,.T.);
#6690 = PLANE('',#6691);
#6691 = AXIS2_PLACEMENT_3D('',#6692,#6693,#6694);
#6692 = CARTESIAN_POINT('',(64.0786,2.5281713713,-3.175268634926));
#6693 = DIRECTION('',(-1.,0.,0.));
#6694 = DIRECTION('',(0.,1.,2.2E-16));
#6695 = ADVANCED_FACE('',(#6696),#6702,.T.);
#6696 = FACE_BOUND('',#6697,.T.);
#6697 = EDGE_LOOP('',(#6698,#6699,#6700,#6701));
#6698 = ORIENTED_EDGE('',*,*,#5963,.T.);
#6699 = ORIENTED_EDGE('',*,*,#6555,.T.);
#6700 = ORIENTED_EDGE('',*,*,#5894,.T.);
#6701 = ORIENTED_EDGE('',*,*,#5930,.T.);
#6702 = PLANE('',#6703);
#6703 = AXIS2_PLACEMENT_3D('',#6704,#6705,#6706);
#6704 = CARTESIAN_POINT('',(58.4214,2.521515546826,-3.175282557704));
#6705 = DIRECTION('',(1.,0.,0.));
#6706 = DIRECTION('',(0.,-1.,-2.2E-16));
#6707 = ADVANCED_FACE('',(#6708),#6711,.F.);
#6708 = FACE_BOUND('',#6709,.T.);
#6709 = EDGE_LOOP('',(#6710));
#6710 = ORIENTED_EDGE('',*,*,#6067,.T.);
#6711 = PLANE('',#6712);
#6712 = AXIS2_PLACEMENT_3D('',#6713,#6714,#6715);
#6713 = CARTESIAN_POINT('',(0.90811786806,-3.497202527569E-15,
    -51.43652793152));
#6714 = DIRECTION('',(-6.733429081241E-02,-2.2E-16,0.99773047126));
#6715 = DIRECTION('',(0.99773047126,-1.E-17,6.733429081241E-02));
#6716 = ADVANCED_FACE('',(#6717),#6720,.F.);
#6717 = FACE_BOUND('',#6718,.T.);
#6718 = EDGE_LOOP('',(#6719));
#6719 = ORIENTED_EDGE('',*,*,#6092,.T.);
#6720 = PLANE('',#6721);
#6721 = AXIS2_PLACEMENT_3D('',#6722,#6723,#6724);
#6722 = CARTESIAN_POINT('',(0.90811786806,-3.497202527569E-15,
    -51.43652793152));
#6723 = DIRECTION('',(-6.733429081241E-02,-2.2E-16,0.99773047126));
#6724 = DIRECTION('',(0.99773047126,-1.E-17,6.733429081241E-02));
#6725 = ADVANCED_FACE('',(#6726),#6729,.F.);
#6726 = FACE_BOUND('',#6727,.T.);
#6727 = EDGE_LOOP('',(#6728));
#6728 = ORIENTED_EDGE('',*,*,#6117,.T.);
#6729 = PLANE('',#6730);
#6730 = AXIS2_PLACEMENT_3D('',#6731,#6732,#6733);
#6731 = CARTESIAN_POINT('',(0.90811786806,-3.497202527569E-15,
    -51.43652793152));
#6732 = DIRECTION('',(-6.733429081241E-02,-2.2E-16,0.99773047126));
#6733 = DIRECTION('',(0.99773047126,-1.E-17,6.733429081241E-02));
#6734 = ADVANCED_FACE('',(#6735),#6738,.F.);
#6735 = FACE_BOUND('',#6736,.T.);
#6736 = EDGE_LOOP('',(#6737));
#6737 = ORIENTED_EDGE('',*,*,#6142,.T.);
#6738 = PLANE('',#6739);
#6739 = AXIS2_PLACEMENT_3D('',#6740,#6741,#6742);
#6740 = CARTESIAN_POINT('',(0.90811786806,-3.497202527569E-15,
    -51.43652793152));
#6741 = DIRECTION('',(-6.733429081241E-02,-2.2E-16,0.99773047126));
#6742 = DIRECTION('',(0.99773047126,-1.E-17,6.733429081241E-02));
#6743 = ADVANCED_FACE('',(#6744),#6770,.F.);
#6744 = FACE_BOUND('',#6745,.F.);
#6745 = EDGE_LOOP('',(#6746,#6754,#6763,#6769));
#6746 = ORIENTED_EDGE('',*,*,#6747,.F.);
#6747 = EDGE_CURVE('',#6748,#6168,#6750,.T.);
#6748 = VERTEX_POINT('',#6749);
#6749 = CARTESIAN_POINT('',(-69.1920724489,-6.4,-46.34511943442));
#6750 = LINE('',#6751,#6752);
#6751 = CARTESIAN_POINT('',(-65.40069665811,-6.4,-46.08924912933));
#6752 = VECTOR('',#6753,1.);
#6753 = DIRECTION('',(-0.99773047126,0.,-6.733429081241E-02));
#6754 = ORIENTED_EDGE('',*,*,#6755,.F.);
#6755 = EDGE_CURVE('',#6756,#6748,#6758,.T.);
#6756 = VERTEX_POINT('',#6757);
#6757 = CARTESIAN_POINT('',(-69.23247302339,-7.,-45.74648115166));
#6758 = CIRCLE('',#6759,0.6);
#6759 = AXIS2_PLACEMENT_3D('',#6760,#6761,#6762);
#6760 = CARTESIAN_POINT('',(-69.23247302339,-6.4,-45.74648115166));
#6761 = DIRECTION('',(0.99773047126,0.,6.733429081241E-02));
#6762 = DIRECTION('',(-7.808260979989E-16,-1.,1.156994424875E-14));
#6763 = ORIENTED_EDGE('',*,*,#6764,.T.);
#6764 = EDGE_CURVE('',#6756,#6166,#6765,.T.);
#6765 = LINE('',#6766,#6767);
#6766 = CARTESIAN_POINT('',(-65.4410972326,-7.,-45.49061084658));
#6767 = VECTOR('',#6768,1.);
#6768 = DIRECTION('',(-0.99773047126,0.,-6.733429081241E-02));
#6769 = ORIENTED_EDGE('',*,*,#6165,.T.);
#6770 = CYLINDRICAL_SURFACE('',#6771,0.6);
#6771 = AXIS2_PLACEMENT_3D('',#6772,#6773,#6774);
#6772 = CARTESIAN_POINT('',(-65.4410972326,-6.4,-45.49061084658));
#6773 = DIRECTION('',(0.99773047126,0.,6.733429081241E-02));
#6774 = DIRECTION('',(-6.733429081241E-02,0.,0.99773047126));
#6775 = ADVANCED_FACE('',(#6776),#6794,.F.);
#6776 = FACE_BOUND('',#6777,.F.);
#6777 = EDGE_LOOP('',(#6778,#6786,#6792,#6793));
#6778 = ORIENTED_EDGE('',*,*,#6779,.F.);
#6779 = EDGE_CURVE('',#6780,#6219,#6782,.T.);
#6780 = VERTEX_POINT('',#6781);
#6781 = CARTESIAN_POINT('',(-69.1920724489,6.4,-46.34511943442));
#6782 = LINE('',#6783,#6784);
#6783 = CARTESIAN_POINT('',(-65.40069665811,6.4,-46.08924912933));
#6784 = VECTOR('',#6785,1.);
#6785 = DIRECTION('',(-0.99773047126,0.,-6.733429081241E-02));
#6786 = ORIENTED_EDGE('',*,*,#6787,.F.);
#6787 = EDGE_CURVE('',#6748,#6780,#6788,.T.);
#6788 = LINE('',#6789,#6790);
#6789 = CARTESIAN_POINT('',(-69.1920724489,-6.4,-46.34511943442));
#6790 = VECTOR('',#6791,1.);
#6791 = DIRECTION('',(0.,1.,0.));
#6792 = ORIENTED_EDGE('',*,*,#6747,.T.);
#6793 = ORIENTED_EDGE('',*,*,#6227,.F.);
#6794 = PLANE('',#6795);
#6795 = AXIS2_PLACEMENT_3D('',#6796,#6797,#6798);
#6796 = CARTESIAN_POINT('',(-65.40069665811,-6.4,-46.08924912933));
#6797 = DIRECTION('',(6.733429081241E-02,0.,-0.99773047126));
#6798 = DIRECTION('',(0.,1.,0.));
#6799 = ADVANCED_FACE('',(#6800),#6819,.F.);
#6800 = FACE_BOUND('',#6801,.F.);
#6801 = EDGE_LOOP('',(#6802,#6810,#6817,#6818));
#6802 = ORIENTED_EDGE('',*,*,#6803,.F.);
#6803 = EDGE_CURVE('',#6804,#6211,#6806,.T.);
#6804 = VERTEX_POINT('',#6805);
#6805 = CARTESIAN_POINT('',(-69.23247302339,7.,-45.74648115166));
#6806 = LINE('',#6807,#6808);
#6807 = CARTESIAN_POINT('',(-65.4410972326,7.,-45.49061084658));
#6808 = VECTOR('',#6809,1.);
#6809 = DIRECTION('',(-0.99773047126,0.,-6.733429081241E-02));
#6810 = ORIENTED_EDGE('',*,*,#6811,.F.);
#6811 = EDGE_CURVE('',#6780,#6804,#6812,.T.);
#6812 = CIRCLE('',#6813,0.6);
#6813 = AXIS2_PLACEMENT_3D('',#6814,#6815,#6816);
#6814 = CARTESIAN_POINT('',(-69.23247302339,6.4,-45.74648115166));
#6815 = DIRECTION('',(0.99773047126,0.,6.733429081241E-02));
#6816 = DIRECTION('',(6.733429081241E-02,2.2E-16,-0.99773047126));
#6817 = ORIENTED_EDGE('',*,*,#6779,.T.);
#6818 = ORIENTED_EDGE('',*,*,#6218,.T.);
#6819 = CYLINDRICAL_SURFACE('',#6820,0.6);
#6820 = AXIS2_PLACEMENT_3D('',#6821,#6822,#6823);
#6821 = CARTESIAN_POINT('',(-65.4410972326,6.4,-45.49061084658));
#6822 = DIRECTION('',(0.99773047126,0.,6.733429081241E-02));
#6823 = DIRECTION('',(-6.733429081241E-02,0.,0.99773047126));
#6824 = ADVANCED_FACE('',(#6825),#6843,.F.);
#6825 = FACE_BOUND('',#6826,.F.);
#6826 = EDGE_LOOP('',(#6827,#6835,#6841,#6842));
#6827 = ORIENTED_EDGE('',*,*,#6828,.F.);
#6828 = EDGE_CURVE('',#6829,#6202,#6831,.T.);
#6829 = VERTEX_POINT('',#6830);
#6830 = CARTESIAN_POINT('',(-69.52874390296,7.,-41.35646707812));
#6831 = LINE('',#6832,#6833);
#6832 = CARTESIAN_POINT('',(-65.73736811217,7.,-41.10059677303));
#6833 = VECTOR('',#6834,1.);
#6834 = DIRECTION('',(-0.99773047126,0.,-6.733429081241E-02));
#6835 = ORIENTED_EDGE('',*,*,#6836,.F.);
#6836 = EDGE_CURVE('',#6804,#6829,#6837,.T.);
#6837 = LINE('',#6838,#6839);
#6838 = CARTESIAN_POINT('',(-69.23247302339,7.,-45.74648115166));
#6839 = VECTOR('',#6840,1.);
#6840 = DIRECTION('',(-6.733429081241E-02,0.,0.99773047126));
#6841 = ORIENTED_EDGE('',*,*,#6803,.T.);
#6842 = ORIENTED_EDGE('',*,*,#6210,.F.);
#6843 = PLANE('',#6844);
#6844 = AXIS2_PLACEMENT_3D('',#6845,#6846,#6847);
#6845 = CARTESIAN_POINT('',(-65.4410972326,7.,-45.49061084658));
#6846 = DIRECTION('',(0.,1.,0.));
#6847 = DIRECTION('',(-6.733429081241E-02,0.,0.99773047126));
#6848 = ADVANCED_FACE('',(#6849),#6868,.F.);
#6849 = FACE_BOUND('',#6850,.F.);
#6850 = EDGE_LOOP('',(#6851,#6859,#6866,#6867));
#6851 = ORIENTED_EDGE('',*,*,#6852,.F.);
#6852 = EDGE_CURVE('',#6853,#6194,#6855,.T.);
#6853 = VERTEX_POINT('',#6854);
#6854 = CARTESIAN_POINT('',(-69.56914447745,6.4,-40.75782879536));
#6855 = LINE('',#6856,#6857);
#6856 = CARTESIAN_POINT('',(-65.77776868666,6.4,-40.50195849028));
#6857 = VECTOR('',#6858,1.);
#6858 = DIRECTION('',(-0.99773047126,0.,-6.733429081241E-02));
#6859 = ORIENTED_EDGE('',*,*,#6860,.F.);
#6860 = EDGE_CURVE('',#6829,#6853,#6861,.T.);
#6861 = CIRCLE('',#6862,0.6);
#6862 = AXIS2_PLACEMENT_3D('',#6863,#6864,#6865);
#6863 = CARTESIAN_POINT('',(-69.52874390296,6.4,-41.35646707812));
#6864 = DIRECTION('',(0.99773047126,0.,6.733429081241E-02));
#6865 = DIRECTION('',(-5.682374562401E-14,1.,8.419897472174E-13));
#6866 = ORIENTED_EDGE('',*,*,#6828,.T.);
#6867 = ORIENTED_EDGE('',*,*,#6201,.T.);
#6868 = CYLINDRICAL_SURFACE('',#6869,0.6);
#6869 = AXIS2_PLACEMENT_3D('',#6870,#6871,#6872);
#6870 = CARTESIAN_POINT('',(-65.73736811217,6.4,-41.10059677303));
#6871 = DIRECTION('',(0.99773047126,0.,6.733429081241E-02));
#6872 = DIRECTION('',(-6.733429081241E-02,0.,0.99773047126));
#6873 = ADVANCED_FACE('',(#6874),#6892,.F.);
#6874 = FACE_BOUND('',#6875,.F.);
#6875 = EDGE_LOOP('',(#6876,#6884,#6890,#6891));
#6876 = ORIENTED_EDGE('',*,*,#6877,.F.);
#6877 = EDGE_CURVE('',#6878,#6185,#6880,.T.);
#6878 = VERTEX_POINT('',#6879);
#6879 = CARTESIAN_POINT('',(-69.56914447745,-6.4,-40.75782879536));
#6880 = LINE('',#6881,#6882);
#6881 = CARTESIAN_POINT('',(-65.77776868666,-6.4,-40.50195849028));
#6882 = VECTOR('',#6883,1.);
#6883 = DIRECTION('',(-0.99773047126,0.,-6.733429081241E-02));
#6884 = ORIENTED_EDGE('',*,*,#6885,.F.);
#6885 = EDGE_CURVE('',#6853,#6878,#6886,.T.);
#6886 = LINE('',#6887,#6888);
#6887 = CARTESIAN_POINT('',(-69.56914447745,6.4,-40.75782879536));
#6888 = VECTOR('',#6889,1.);
#6889 = DIRECTION('',(-1.1E-16,-1.,1.66E-15));
#6890 = ORIENTED_EDGE('',*,*,#6852,.T.);
#6891 = ORIENTED_EDGE('',*,*,#6193,.F.);
#6892 = PLANE('',#6893);
#6893 = AXIS2_PLACEMENT_3D('',#6894,#6895,#6896);
#6894 = CARTESIAN_POINT('',(-65.77776868666,6.4,-40.50195849028));
#6895 = DIRECTION('',(-6.733429081241E-02,1.67E-15,0.99773047126));
#6896 = DIRECTION('',(-1.104282895686E-16,-1.,1.666346210051E-15));
#6897 = ADVANCED_FACE('',(#6898),#6917,.F.);
#6898 = FACE_BOUND('',#6899,.F.);
#6899 = EDGE_LOOP('',(#6900,#6908,#6915,#6916));
#6900 = ORIENTED_EDGE('',*,*,#6901,.F.);
#6901 = EDGE_CURVE('',#6902,#6177,#6904,.T.);
#6902 = VERTEX_POINT('',#6903);
#6903 = CARTESIAN_POINT('',(-69.52874390296,-7.,-41.35646707812));
#6904 = LINE('',#6905,#6906);
#6905 = CARTESIAN_POINT('',(-65.73736811217,-7.,-41.10059677303));
#6906 = VECTOR('',#6907,1.);
#6907 = DIRECTION('',(-0.99773047126,0.,-6.733429081241E-02));
#6908 = ORIENTED_EDGE('',*,*,#6909,.F.);
#6909 = EDGE_CURVE('',#6878,#6902,#6910,.T.);
#6910 = CIRCLE('',#6911,0.6);
#6911 = AXIS2_PLACEMENT_3D('',#6912,#6913,#6914);
#6912 = CARTESIAN_POINT('',(-69.52874390296,-6.4,-41.35646707812));
#6913 = DIRECTION('',(0.99773047126,0.,6.733429081241E-02));
#6914 = DIRECTION('',(-6.733429081241E-02,1.26E-15,0.99773047126));
#6915 = ORIENTED_EDGE('',*,*,#6877,.T.);
#6916 = ORIENTED_EDGE('',*,*,#6184,.T.);
#6917 = CYLINDRICAL_SURFACE('',#6918,0.6);
#6918 = AXIS2_PLACEMENT_3D('',#6919,#6920,#6921);
#6919 = CARTESIAN_POINT('',(-65.73736811217,-6.4,-41.10059677303));
#6920 = DIRECTION('',(0.99773047126,0.,6.733429081241E-02));
#6921 = DIRECTION('',(-6.733429081241E-02,0.,0.99773047126));
#6922 = ADVANCED_FACE('',(#6923),#6934,.F.);
#6923 = FACE_BOUND('',#6924,.F.);
#6924 = EDGE_LOOP('',(#6925,#6926,#6932,#6933));
#6925 = ORIENTED_EDGE('',*,*,#6764,.F.);
#6926 = ORIENTED_EDGE('',*,*,#6927,.F.);
#6927 = EDGE_CURVE('',#6902,#6756,#6928,.T.);
#6928 = LINE('',#6929,#6930);
#6929 = CARTESIAN_POINT('',(-69.52874390296,-7.,-41.35646707812));
#6930 = VECTOR('',#6931,1.);
#6931 = DIRECTION('',(6.733429081241E-02,0.,-0.99773047126));
#6932 = ORIENTED_EDGE('',*,*,#6901,.T.);
#6933 = ORIENTED_EDGE('',*,*,#6176,.F.);
#6934 = PLANE('',#6935);
#6935 = AXIS2_PLACEMENT_3D('',#6936,#6937,#6938);
#6936 = CARTESIAN_POINT('',(-65.73736811217,-7.,-41.10059677303));
#6937 = DIRECTION('',(0.,-1.,0.));
#6938 = DIRECTION('',(6.733429081241E-02,0.,-0.99773047126));
#6939 = ADVANCED_FACE('',(#6940),#6999,.F.);
#6940 = FACE_BOUND('',#6941,.F.);
#6941 = EDGE_LOOP('',(#6942,#6953,#6961,#6967,#6968,#6976,#6984,#6993));
#6942 = ORIENTED_EDGE('',*,*,#6943,.F.);
#6943 = EDGE_CURVE('',#6944,#6946,#6948,.T.);
#6944 = VERTEX_POINT('',#6945);
#6945 = CARTESIAN_POINT('',(-70.03921070219,-7.866060555962,
    -51.61411903395));
#6946 = VERTEX_POINT('',#6947);
#6947 = CARTESIAN_POINT('',(-71.17042678784,-4.200000000006,
    -34.85224711678));
#6948 = CIRCLE('',#6949,8.799999999996);
#6949 = AXIS2_PLACEMENT_3D('',#6950,#6951,#6952);
#6950 = CARTESIAN_POINT('',(-70.57788502869,-4.200000000006,
    -43.63227526387));
#6951 = DIRECTION('',(-0.99773047126,-1.000000000002E-17,
    -6.733429081241E-02));
#6952 = DIRECTION('',(6.733429081241E-02,1.320008E-11,-0.99773047126));
#6953 = ORIENTED_EDGE('',*,*,#6954,.T.);
#6954 = EDGE_CURVE('',#6944,#6955,#6957,.T.);
#6955 = VERTEX_POINT('',#6956);
#6956 = CARTESIAN_POINT('',(-70.03921070219,-103.98,-51.61411903395));
#6957 = LINE('',#6958,#6959);
#6958 = CARTESIAN_POINT('',(-70.03921070219,106.98,-51.61411903395));
#6959 = VECTOR('',#6960,1.);
#6960 = DIRECTION('',(0.,-1.,2.2E-16));
#6961 = ORIENTED_EDGE('',*,*,#6962,.T.);
#6962 = EDGE_CURVE('',#6955,#6250,#6963,.T.);
#6963 = LINE('',#6964,#6965);
#6964 = CARTESIAN_POINT('',(-69.83720782975,-103.98,-54.60731044773));
#6965 = VECTOR('',#6966,1.);
#6966 = DIRECTION('',(-6.733429081241E-02,2.2E-16,0.99773047126));
#6967 = ORIENTED_EDGE('',*,*,#6247,.F.);
#6968 = ORIENTED_EDGE('',*,*,#6969,.F.);
#6969 = EDGE_CURVE('',#6970,#6248,#6972,.T.);
#6970 = VERTEX_POINT('',#6971);
#6971 = CARTESIAN_POINT('',(-70.03921070219,103.98,-51.61411903395));
#6972 = LINE('',#6973,#6974);
#6973 = CARTESIAN_POINT('',(-69.83720782975,103.98,-54.60731044773));
#6974 = VECTOR('',#6975,1.);
#6975 = DIRECTION('',(-6.733429081241E-02,2.2E-16,0.99773047126));
#6976 = ORIENTED_EDGE('',*,*,#6977,.T.);
#6977 = EDGE_CURVE('',#6970,#6978,#6980,.T.);
#6978 = VERTEX_POINT('',#6979);
#6979 = CARTESIAN_POINT('',(-70.03921070219,7.866060555956,
    -51.61411903395));
#6980 = LINE('',#6981,#6982);
#6981 = CARTESIAN_POINT('',(-70.03921070219,106.98,-51.61411903395));
#6982 = VECTOR('',#6983,1.);
#6983 = DIRECTION('',(0.,-1.,2.2E-16));
#6984 = ORIENTED_EDGE('',*,*,#6985,.F.);
#6985 = EDGE_CURVE('',#6986,#6978,#6988,.T.);
#6986 = VERTEX_POINT('',#6987);
#6987 = CARTESIAN_POINT('',(-71.17042678784,4.2,-34.85224711678));
#6988 = CIRCLE('',#6989,8.799999999996);
#6989 = AXIS2_PLACEMENT_3D('',#6990,#6991,#6992);
#6990 = CARTESIAN_POINT('',(-70.57788502869,4.2,-43.63227526387));
#6991 = DIRECTION('',(-0.99773047126,-1.E-17,-6.733429081241E-02));
#6992 = DIRECTION('',(-6.733429081241E-02,4.241E-14,0.99773047126));
#6993 = ORIENTED_EDGE('',*,*,#6994,.F.);
#6994 = EDGE_CURVE('',#6946,#6986,#6995,.T.);
#6995 = LINE('',#6996,#6997);
#6996 = CARTESIAN_POINT('',(-71.17042678784,-4.200000000006,
    -34.85224711678));
#6997 = VECTOR('',#6998,1.);
#6998 = DIRECTION('',(0.,1.,0.));
#6999 = PLANE('',#7000);
#7000 = AXIS2_PLACEMENT_3D('',#7001,#7002,#7003);
#7001 = CARTESIAN_POINT('',(-69.83720782975,106.98,-54.60731044773));
#7002 = DIRECTION('',(-0.99773047126,-1.E-17,-6.733429081241E-02));
#7003 = DIRECTION('',(-6.733429081241E-02,2.2E-16,0.99773047126));
#7004 = ADVANCED_FACE('',(#7005),#7017,.F.);
#7005 = FACE_BOUND('',#7006,.T.);
#7006 = EDGE_LOOP('',(#7007,#7008,#7015,#7016));
#7007 = ORIENTED_EDGE('',*,*,#6969,.F.);
#7008 = ORIENTED_EDGE('',*,*,#7009,.T.);
#7009 = EDGE_CURVE('',#6970,#6427,#7010,.T.);
#7010 = CIRCLE('',#7011,3.);
#7011 = AXIS2_PLACEMENT_3D('',#7012,#7013,#7014);
#7012 = CARTESIAN_POINT('',(-67.04601928841,103.98,-51.41211616151));
#7013 = DIRECTION('',(6.733429081241E-02,-2.2E-16,-0.99773047126));
#7014 = DIRECTION('',(-0.99773047126,1.E-17,-6.733429081241E-02));
#7015 = ORIENTED_EDGE('',*,*,#6434,.T.);
#7016 = ORIENTED_EDGE('',*,*,#6257,.F.);
#7017 = CYLINDRICAL_SURFACE('',#7018,3.);
#7018 = AXIS2_PLACEMENT_3D('',#7019,#7020,#7021);
#7019 = CARTESIAN_POINT('',(-66.84401641597,103.98,-54.40530757529));
#7020 = DIRECTION('',(-6.733429081241E-02,2.2E-16,0.99773047126));
#7021 = DIRECTION('',(-0.99773047126,-1.E-17,-6.733429081241E-02));
#7022 = ADVANCED_FACE('',(#7023),#7035,.F.);
#7023 = FACE_BOUND('',#7024,.T.);
#7024 = EDGE_LOOP('',(#7025,#7032,#7033,#7034));
#7025 = ORIENTED_EDGE('',*,*,#7026,.T.);
#7026 = EDGE_CURVE('',#6596,#6955,#7027,.T.);
#7027 = CIRCLE('',#7028,3.);
#7028 = AXIS2_PLACEMENT_3D('',#7029,#7030,#7031);
#7029 = CARTESIAN_POINT('',(-67.04601928841,-103.98,-51.41211616151));
#7030 = DIRECTION('',(6.733429081241E-02,-2.6E-16,-0.99773047126));
#7031 = DIRECTION('',(-0.99773047126,-2.E-17,-6.733429081241E-02));
#7032 = ORIENTED_EDGE('',*,*,#6962,.T.);
#7033 = ORIENTED_EDGE('',*,*,#6290,.F.);
#7034 = ORIENTED_EDGE('',*,*,#6603,.F.);
#7035 = CYLINDRICAL_SURFACE('',#7036,3.);
#7036 = AXIS2_PLACEMENT_3D('',#7037,#7038,#7039);
#7037 = CARTESIAN_POINT('',(-66.84401641597,-103.98,-54.40530757529));
#7038 = DIRECTION('',(-6.733429081241E-02,2.2E-16,0.99773047126));
#7039 = DIRECTION('',(-3.361976380033E-20,-1.,2.204981631554E-16));
#7040 = ADVANCED_FACE('',(#7041),#7047,.T.);
#7041 = FACE_BOUND('',#7042,.T.);
#7042 = EDGE_LOOP('',(#7043,#7044,#7045,#7046));
#7043 = ORIENTED_EDGE('',*,*,#6631,.T.);
#7044 = ORIENTED_EDGE('',*,*,#6497,.T.);
#7045 = ORIENTED_EDGE('',*,*,#6274,.F.);
#7046 = ORIENTED_EDGE('',*,*,#6349,.F.);
#7047 = PLANE('',#7048);
#7048 = AXIS2_PLACEMENT_3D('',#7049,#7050,#7051);
#7049 = CARTESIAN_POINT('',(-56.4214,106.98,-2.375E-14));
#7050 = DIRECTION('',(1.,0.,0.));
#7051 = DIRECTION('',(0.,-2.2E-16,-1.));
#7052 = ADVANCED_FACE('',(#7053),#7080,.F.);
#7053 = FACE_BOUND('',#7054,.F.);
#7054 = EDGE_LOOP('',(#7055,#7064,#7065,#7074));
#7055 = ORIENTED_EDGE('',*,*,#7056,.T.);
#7056 = EDGE_CURVE('',#7057,#6427,#7059,.T.);
#7057 = VERTEX_POINT('',#7058);
#7058 = CARTESIAN_POINT('',(-66.84401641597,103.98,-54.40530757529));
#7059 = CIRCLE('',#7060,3.);
#7060 = AXIS2_PLACEMENT_3D('',#7061,#7062,#7063);
#7061 = CARTESIAN_POINT('',(-67.04601928841,103.98,-51.41211616151));
#7062 = DIRECTION('',(0.99773047126,4.49E-15,6.733429081241E-02));
#7063 = DIRECTION('',(-4.465096673599E-15,1.,-5.203439615329E-16));
#7064 = ORIENTED_EDGE('',*,*,#6426,.T.);
#7065 = ORIENTED_EDGE('',*,*,#7066,.F.);
#7066 = EDGE_CURVE('',#7067,#6419,#7069,.T.);
#7067 = VERTEX_POINT('',#7068);
#7068 = CARTESIAN_POINT('',(72.236119780461,103.98,-45.0191430683));
#7069 = CIRCLE('',#7070,3.);
#7070 = AXIS2_PLACEMENT_3D('',#7071,#7072,#7073);
#7071 = CARTESIAN_POINT('',(72.034116908024,103.98,-42.02595165452));
#7072 = DIRECTION('',(0.99773047126,1.E-17,6.733429081241E-02));
#7073 = DIRECTION('',(6.733429081241E-02,2.2E-16,-0.99773047126));
#7074 = ORIENTED_EDGE('',*,*,#7075,.F.);
#7075 = EDGE_CURVE('',#7057,#7067,#7076,.T.);
#7076 = LINE('',#7077,#7078);
#7077 = CARTESIAN_POINT('',(-69.83720782975,103.98,-54.60731044773));
#7078 = VECTOR('',#7079,1.);
#7079 = DIRECTION('',(0.99773047126,1.E-17,6.733429081241E-02));
#7080 = CYLINDRICAL_SURFACE('',#7081,3.);
#7081 = AXIS2_PLACEMENT_3D('',#7082,#7083,#7084);
#7082 = CARTESIAN_POINT('',(-70.03921070219,103.98,-51.61411903395));
#7083 = DIRECTION('',(0.99773047126,1.E-17,6.733429081241E-02));
#7084 = DIRECTION('',(6.733429081241E-02,-2.2E-16,-0.99773047126));
#7085 = ADVANCED_FACE('',(#7086),#7113,.F.);
#7086 = FACE_BOUND('',#7087,.T.);
#7087 = EDGE_LOOP('',(#7088,#7097,#7098,#7107));
#7088 = ORIENTED_EDGE('',*,*,#7089,.T.);
#7089 = EDGE_CURVE('',#7090,#6411,#7092,.T.);
#7090 = VERTEX_POINT('',#7091);
#7091 = CARTESIAN_POINT('',(73.977506241362,103.98,-26.26843446966));
#7092 = ELLIPSE('',#7093,4.667171480581,3.);
#7093 = AXIS2_PLACEMENT_3D('',#7094,#7095,#7096);
#7094 = CARTESIAN_POINT('',(70.74357717864,103.98,-22.9032907214));
#7095 = DIRECTION('',(0.721024235398,1.5E-16,0.692909844041));
#7096 = DIRECTION('',(0.692909844041,-1.6E-16,-0.721024235398));
#7097 = ORIENTED_EDGE('',*,*,#6418,.T.);
#7098 = ORIENTED_EDGE('',*,*,#7099,.F.);
#7099 = EDGE_CURVE('',#7100,#6419,#7102,.T.);
#7100 = VERTEX_POINT('',#7101);
#7101 = CARTESIAN_POINT('',(75.027308321804,103.98,-41.82394878209));
#7102 = CIRCLE('',#7103,3.);
#7103 = AXIS2_PLACEMENT_3D('',#7104,#7105,#7106);
#7104 = CARTESIAN_POINT('',(72.034116908024,103.98,-42.02595165452));
#7105 = DIRECTION('',(-6.733429081241E-02,-4.16E-15,0.99773047126));
#7106 = DIRECTION('',(-2.899927009585E-16,1.,4.149891845952E-15));
#7107 = ORIENTED_EDGE('',*,*,#7108,.F.);
#7108 = EDGE_CURVE('',#7090,#7100,#7109,.T.);
#7109 = LINE('',#7110,#7111);
#7110 = CARTESIAN_POINT('',(73.977506241362,103.98,-26.26843446966));
#7111 = VECTOR('',#7112,1.);
#7112 = DIRECTION('',(6.733429081241E-02,-2.2E-16,-0.99773047126));
#7113 = CYLINDRICAL_SURFACE('',#7114,3.);
#7114 = AXIS2_PLACEMENT_3D('',#7115,#7116,#7117);
#7115 = CARTESIAN_POINT('',(70.984314827582,103.98,-26.47043734209));
#7116 = DIRECTION('',(6.733429081241E-02,-2.2E-16,-0.99773047126));
#7117 = DIRECTION('',(0.99773047126,1.E-17,6.733429081241E-02));
#7118 = ADVANCED_FACE('',(#7119),#7145,.T.);
#7119 = FACE_BOUND('',#7120,.T.);
#7120 = EDGE_LOOP('',(#7121,#7129,#7136,#7137,#7143,#7144));
#7121 = ORIENTED_EDGE('',*,*,#7122,.T.);
#7122 = EDGE_CURVE('',#7090,#7123,#7125,.T.);
#7123 = VERTEX_POINT('',#7124);
#7124 = CARTESIAN_POINT('',(73.977506241362,-103.98,-26.26843446966));
#7125 = LINE('',#7126,#7127);
#7126 = CARTESIAN_POINT('',(73.977506241362,106.98,-26.26843446966));
#7127 = VECTOR('',#7128,1.);
#7128 = DIRECTION('',(0.,-1.,2.2E-16));
#7129 = ORIENTED_EDGE('',*,*,#7130,.F.);
#7130 = EDGE_CURVE('',#6580,#7123,#7131,.T.);
#7131 = ELLIPSE('',#7132,4.667171480581,3.);
#7132 = AXIS2_PLACEMENT_3D('',#7133,#7134,#7135);
#7133 = CARTESIAN_POINT('',(70.74357717864,-103.98,-22.9032907214));
#7134 = DIRECTION('',(0.721024235398,1.5E-16,0.692909844041));
#7135 = DIRECTION('',(0.692909844041,-1.6E-16,-0.721024235398));
#7136 = ORIENTED_EDGE('',*,*,#6579,.T.);
#7137 = ORIENTED_EDGE('',*,*,#7138,.F.);
#7138 = EDGE_CURVE('',#6403,#6572,#7139,.T.);
#7139 = LINE('',#7140,#7141);
#7140 = CARTESIAN_POINT('',(56.4214,106.98,-8.));
#7141 = VECTOR('',#7142,1.);
#7142 = DIRECTION('',(0.,-1.,2.2E-16));
#7143 = ORIENTED_EDGE('',*,*,#6410,.F.);
#7144 = ORIENTED_EDGE('',*,*,#7089,.F.);
#7145 = PLANE('',#7146);
#7146 = AXIS2_PLACEMENT_3D('',#7147,#7148,#7149);
#7147 = CARTESIAN_POINT('',(73.977506241362,106.98,-26.26843446966));
#7148 = DIRECTION('',(-0.721024235398,-1.5E-16,-0.692909844041));
#7149 = DIRECTION('',(-0.692909844041,1.6E-16,0.721024235398));
#7150 = ADVANCED_FACE('',(#7151),#7157,.T.);
#7151 = FACE_BOUND('',#7152,.T.);
#7152 = EDGE_LOOP('',(#7153,#7154,#7155,#7156));
#7153 = ORIENTED_EDGE('',*,*,#7138,.T.);
#7154 = ORIENTED_EDGE('',*,*,#6571,.T.);
#7155 = ORIENTED_EDGE('',*,*,#6670,.F.);
#7156 = ORIENTED_EDGE('',*,*,#6402,.F.);
#7157 = PLANE('',#7158);
#7158 = AXIS2_PLACEMENT_3D('',#7159,#7160,#7161);
#7159 = CARTESIAN_POINT('',(56.4214,106.98,-8.));
#7160 = DIRECTION('',(-1.,0.,0.));
#7161 = DIRECTION('',(0.,2.2E-16,1.));
#7162 = ADVANCED_FACE('',(#7163),#7190,.F.);
#7163 = FACE_BOUND('',#7164,.F.);
#7164 = EDGE_LOOP('',(#7165,#7174,#7182,#7189));
#7165 = ORIENTED_EDGE('',*,*,#7166,.T.);
#7166 = EDGE_CURVE('',#6596,#7167,#7169,.T.);
#7167 = VERTEX_POINT('',#7168);
#7168 = CARTESIAN_POINT('',(-66.84401641597,-103.98,-54.40530757529));
#7169 = CIRCLE('',#7170,3.);
#7170 = AXIS2_PLACEMENT_3D('',#7171,#7172,#7173);
#7171 = CARTESIAN_POINT('',(-67.04601928841,-103.98,-51.41211616151));
#7172 = DIRECTION('',(0.99773047126,2.E-17,6.733429081242E-02));
#7173 = DIRECTION('',(6.733429081242E-02,-2.6E-16,-0.99773047126));
#7174 = ORIENTED_EDGE('',*,*,#7175,.T.);
#7175 = EDGE_CURVE('',#7167,#7176,#7178,.T.);
#7176 = VERTEX_POINT('',#7177);
#7177 = CARTESIAN_POINT('',(72.236119780461,-103.98,-45.0191430683));
#7178 = LINE('',#7179,#7180);
#7179 = CARTESIAN_POINT('',(-69.83720782975,-103.98,-54.60731044773));
#7180 = VECTOR('',#7181,1.);
#7181 = DIRECTION('',(0.99773047126,1.E-17,6.733429081241E-02));
#7182 = ORIENTED_EDGE('',*,*,#7183,.T.);
#7183 = EDGE_CURVE('',#7176,#6588,#7184,.T.);
#7184 = CIRCLE('',#7185,3.);
#7185 = AXIS2_PLACEMENT_3D('',#7186,#7187,#7188);
#7186 = CARTESIAN_POINT('',(72.034116908024,-103.98,-42.02595165452));
#7187 = DIRECTION('',(-0.99773047126,-1.E-17,-6.733429081241E-02));
#7188 = DIRECTION('',(6.733429081241E-02,-4.52E-15,-0.99773047126));
#7189 = ORIENTED_EDGE('',*,*,#6595,.F.);
#7190 = CYLINDRICAL_SURFACE('',#7191,3.);
#7191 = AXIS2_PLACEMENT_3D('',#7192,#7193,#7194);
#7192 = CARTESIAN_POINT('',(-70.03921070219,-103.98,-51.61411903395));
#7193 = DIRECTION('',(0.99773047126,1.E-17,6.733429081241E-02));
#7194 = DIRECTION('',(-7.489878450498E-18,-1.,2.594945271611E-16));
#7195 = ADVANCED_FACE('',(#7196),#7215,.F.);
#7196 = FACE_BOUND('',#7197,.T.);
#7197 = EDGE_LOOP('',(#7198,#7199,#7207,#7214));
#7198 = ORIENTED_EDGE('',*,*,#7130,.T.);
#7199 = ORIENTED_EDGE('',*,*,#7200,.T.);
#7200 = EDGE_CURVE('',#7123,#7201,#7203,.T.);
#7201 = VERTEX_POINT('',#7202);
#7202 = CARTESIAN_POINT('',(75.027308321804,-103.98,-41.82394878209));
#7203 = LINE('',#7204,#7205);
#7204 = CARTESIAN_POINT('',(73.977506241362,-103.98,-26.26843446966));
#7205 = VECTOR('',#7206,1.);
#7206 = DIRECTION('',(6.733429081241E-02,-2.2E-16,-0.99773047126));
#7207 = ORIENTED_EDGE('',*,*,#7208,.T.);
#7208 = EDGE_CURVE('',#7201,#6588,#7209,.T.);
#7209 = CIRCLE('',#7210,3.);
#7210 = AXIS2_PLACEMENT_3D('',#7211,#7212,#7213);
#7211 = CARTESIAN_POINT('',(72.034116908024,-103.98,-42.02595165452));
#7212 = DIRECTION('',(6.733429081241E-02,-6.8E-16,-0.99773047126));
#7213 = DIRECTION('',(-2.996789843199E-17,-1.,6.795243328148E-16));
#7214 = ORIENTED_EDGE('',*,*,#6587,.F.);
#7215 = CYLINDRICAL_SURFACE('',#7216,3.);
#7216 = AXIS2_PLACEMENT_3D('',#7217,#7218,#7219);
#7217 = CARTESIAN_POINT('',(70.984314827582,-103.98,-26.47043734209));
#7218 = DIRECTION('',(6.733429081241E-02,-2.2E-16,-0.99773047126));
#7219 = DIRECTION('',(-3.361976380032E-20,-1.,2.204981631554E-16));
#7220 = ADVANCED_FACE('',(#7221),#7247,.F.);
#7221 = FACE_BOUND('',#7222,.T.);
#7222 = EDGE_LOOP('',(#7223,#7231,#7240,#7246));
#7223 = ORIENTED_EDGE('',*,*,#7224,.F.);
#7224 = EDGE_CURVE('',#7225,#6756,#7227,.T.);
#7225 = VERTEX_POINT('',#7226);
#7226 = CARTESIAN_POINT('',(-68.43428864638,-7.8,-45.69261371901));
#7227 = LINE('',#7228,#7229);
#7228 = CARTESIAN_POINT('',(-68.83338083488,-7.4,-45.71954743534));
#7229 = VECTOR('',#7230,1.);
#7230 = DIRECTION('',(-0.705501982024,0.707106781187,-4.761253363984E-02
    ));
#7231 = ORIENTED_EDGE('',*,*,#7232,.T.);
#7232 = EDGE_CURVE('',#7225,#7233,#7235,.T.);
#7233 = VERTEX_POINT('',#7234);
#7234 = CARTESIAN_POINT('',(-68.34002063924,-6.4,-47.08943637878));
#7235 = CIRCLE('',#7236,1.4);
#7236 = AXIS2_PLACEMENT_3D('',#7237,#7238,#7239);
#7237 = CARTESIAN_POINT('',(-68.43428864638,-6.4,-45.69261371901));
#7238 = DIRECTION('',(0.99773047126,0.,6.733429081241E-02));
#7239 = DIRECTION('',(-7.808260979989E-16,-1.,1.156994424875E-14));
#7240 = ORIENTED_EDGE('',*,*,#7241,.T.);
#7241 = EDGE_CURVE('',#7233,#6748,#7242,.T.);
#7242 = LINE('',#7243,#7244);
#7243 = CARTESIAN_POINT('',(-68.76604654407,-6.4,-46.7172779066));
#7244 = VECTOR('',#7245,1.);
#7245 = DIRECTION('',(-0.753114515664,0.,0.657889448385));
#7246 = ORIENTED_EDGE('',*,*,#6755,.F.);
#7247 = CONICAL_SURFACE('',#7248,0.6,0.785398163397);
#7248 = AXIS2_PLACEMENT_3D('',#7249,#7250,#7251);
#7249 = CARTESIAN_POINT('',(-69.23247302339,-6.4,-45.74648115166));
#7250 = DIRECTION('',(0.99773047126,0.,6.733429081241E-02));
#7251 = DIRECTION('',(-7.808260979989E-16,-1.,1.156994424875E-14));
#7252 = ADVANCED_FACE('',(#7253),#7271,.F.);
#7253 = FACE_BOUND('',#7254,.T.);
#7254 = EDGE_LOOP('',(#7255,#7256,#7264,#7270));
#7255 = ORIENTED_EDGE('',*,*,#7241,.F.);
#7256 = ORIENTED_EDGE('',*,*,#7257,.T.);
#7257 = EDGE_CURVE('',#7233,#7258,#7260,.T.);
#7258 = VERTEX_POINT('',#7259);
#7259 = CARTESIAN_POINT('',(-68.34002063924,6.4,-47.08943637878));
#7260 = LINE('',#7261,#7262);
#7261 = CARTESIAN_POINT('',(-68.34002063924,-6.4,-47.08943637878));
#7262 = VECTOR('',#7263,1.);
#7263 = DIRECTION('',(0.,1.,0.));
#7264 = ORIENTED_EDGE('',*,*,#7265,.T.);
#7265 = EDGE_CURVE('',#7258,#6780,#7266,.T.);
#7266 = LINE('',#7267,#7268);
#7267 = CARTESIAN_POINT('',(-68.76604654407,6.4,-46.7172779066));
#7268 = VECTOR('',#7269,1.);
#7269 = DIRECTION('',(-0.753114515664,0.,0.657889448385));
#7270 = ORIENTED_EDGE('',*,*,#6787,.F.);
#7271 = PLANE('',#7272);
#7272 = AXIS2_PLACEMENT_3D('',#7273,#7274,#7275);
#7273 = CARTESIAN_POINT('',(-68.76604654407,-6.4,-46.7172779066));
#7274 = DIRECTION('',(-0.657889448385,1.6E-16,-0.753114515664));
#7275 = DIRECTION('',(-1.081963426553E-16,-1.,-1.179352754009E-16));
#7276 = ADVANCED_FACE('',(#7277),#7296,.F.);
#7277 = FACE_BOUND('',#7278,.T.);
#7278 = EDGE_LOOP('',(#7279,#7280,#7289,#7295));
#7279 = ORIENTED_EDGE('',*,*,#7265,.F.);
#7280 = ORIENTED_EDGE('',*,*,#7281,.T.);
#7281 = EDGE_CURVE('',#7258,#7282,#7284,.T.);
#7282 = VERTEX_POINT('',#7283);
#7283 = CARTESIAN_POINT('',(-68.43428864638,7.8,-45.69261371901));
#7284 = CIRCLE('',#7285,1.4);
#7285 = AXIS2_PLACEMENT_3D('',#7286,#7287,#7288);
#7286 = CARTESIAN_POINT('',(-68.43428864638,6.4,-45.69261371901));
#7287 = DIRECTION('',(0.99773047126,0.,6.733429081241E-02));
#7288 = DIRECTION('',(6.733429081241E-02,2.2E-16,-0.99773047126));
#7289 = ORIENTED_EDGE('',*,*,#7290,.T.);
#7290 = EDGE_CURVE('',#7282,#6804,#7291,.T.);
#7291 = LINE('',#7292,#7293);
#7292 = CARTESIAN_POINT('',(-69.23247302339,7.,-45.74648115166));
#7293 = VECTOR('',#7294,1.);
#7294 = DIRECTION('',(-0.705501982024,-0.707106781187,
    -4.761253363984E-02));
#7295 = ORIENTED_EDGE('',*,*,#6811,.F.);
#7296 = CONICAL_SURFACE('',#7297,0.6,0.785398163397);
#7297 = AXIS2_PLACEMENT_3D('',#7298,#7299,#7300);
#7298 = CARTESIAN_POINT('',(-69.23247302339,6.4,-45.74648115166));
#7299 = DIRECTION('',(0.99773047126,0.,6.733429081241E-02));
#7300 = DIRECTION('',(6.733429081241E-02,2.2E-16,-0.99773047126));
#7301 = ADVANCED_FACE('',(#7302),#7320,.F.);
#7302 = FACE_BOUND('',#7303,.T.);
#7303 = EDGE_LOOP('',(#7304,#7305,#7313,#7319));
#7304 = ORIENTED_EDGE('',*,*,#7290,.F.);
#7305 = ORIENTED_EDGE('',*,*,#7306,.T.);
#7306 = EDGE_CURVE('',#7282,#7307,#7309,.T.);
#7307 = VERTEX_POINT('',#7308);
#7308 = CARTESIAN_POINT('',(-68.73055952595,7.8,-41.30259964547));
#7309 = LINE('',#7310,#7311);
#7310 = CARTESIAN_POINT('',(-68.43428864638,7.8,-45.69261371901));
#7311 = VECTOR('',#7312,1.);
#7312 = DIRECTION('',(-6.733429081241E-02,0.,0.99773047126));
#7313 = ORIENTED_EDGE('',*,*,#7314,.T.);
#7314 = EDGE_CURVE('',#7307,#6829,#7315,.T.);
#7315 = LINE('',#7316,#7317);
#7316 = CARTESIAN_POINT('',(-69.12965171446,7.4,-41.32953336179));
#7317 = VECTOR('',#7318,1.);
#7318 = DIRECTION('',(-0.705501982024,-0.707106781187,
    -4.761253363984E-02));
#7319 = ORIENTED_EDGE('',*,*,#6836,.F.);
#7320 = PLANE('',#7321);
#7321 = AXIS2_PLACEMENT_3D('',#7322,#7323,#7324);
#7322 = CARTESIAN_POINT('',(-68.83338083488,7.4,-45.71954743534));
#7323 = DIRECTION('',(-0.705501982024,0.707106781187,-4.761253363984E-02
    ));
#7324 = DIRECTION('',(6.733429081241E-02,-4.579669976579E-16,
    -0.99773047126));
#7325 = ADVANCED_FACE('',(#7326),#7345,.F.);
#7326 = FACE_BOUND('',#7327,.T.);
#7327 = EDGE_LOOP('',(#7328,#7329,#7338,#7344));
#7328 = ORIENTED_EDGE('',*,*,#7314,.F.);
#7329 = ORIENTED_EDGE('',*,*,#7330,.T.);
#7330 = EDGE_CURVE('',#7307,#7331,#7333,.T.);
#7331 = VERTEX_POINT('',#7332);
#7332 = CARTESIAN_POINT('',(-68.82482753309,6.4,-39.90577698571));
#7333 = CIRCLE('',#7334,1.4);
#7334 = AXIS2_PLACEMENT_3D('',#7335,#7336,#7337);
#7335 = CARTESIAN_POINT('',(-68.73055952595,6.4,-41.30259964547));
#7336 = DIRECTION('',(0.99773047126,0.,6.733429081241E-02));
#7337 = DIRECTION('',(-5.682374562401E-14,1.,8.419897472174E-13));
#7338 = ORIENTED_EDGE('',*,*,#7339,.T.);
#7339 = EDGE_CURVE('',#7331,#6853,#7340,.T.);
#7340 = LINE('',#7341,#7342);
#7341 = CARTESIAN_POINT('',(-69.56914447745,6.4,-40.75782879536));
#7342 = VECTOR('',#7343,1.);
#7343 = DIRECTION('',(-0.657889448385,9.47E-15,-0.753114515664));
#7344 = ORIENTED_EDGE('',*,*,#6860,.F.);
#7345 = CONICAL_SURFACE('',#7346,0.6,0.785398163397);
#7346 = AXIS2_PLACEMENT_3D('',#7347,#7348,#7349);
#7347 = CARTESIAN_POINT('',(-69.52874390296,6.4,-41.35646707812));
#7348 = DIRECTION('',(0.99773047126,0.,6.733429081241E-02));
#7349 = DIRECTION('',(-5.682374562401E-14,1.,8.419897472174E-13));
#7350 = ADVANCED_FACE('',(#7351),#7369,.F.);
#7351 = FACE_BOUND('',#7352,.T.);
#7352 = EDGE_LOOP('',(#7353,#7354,#7362,#7368));
#7353 = ORIENTED_EDGE('',*,*,#7339,.F.);
#7354 = ORIENTED_EDGE('',*,*,#7355,.T.);
#7355 = EDGE_CURVE('',#7331,#7356,#7358,.T.);
#7356 = VERTEX_POINT('',#7357);
#7357 = CARTESIAN_POINT('',(-68.82482753309,-6.4,-39.90577698571));
#7358 = LINE('',#7359,#7360);
#7359 = CARTESIAN_POINT('',(-68.82482753309,6.4,-39.90577698571));
#7360 = VECTOR('',#7361,1.);
#7361 = DIRECTION('',(-1.1E-16,-1.,1.66E-15));
#7362 = ORIENTED_EDGE('',*,*,#7363,.T.);
#7363 = EDGE_CURVE('',#7356,#6878,#7364,.T.);
#7364 = LINE('',#7365,#7366);
#7365 = CARTESIAN_POINT('',(-69.19698600527,-6.4,-40.33180289053));
#7366 = VECTOR('',#7367,1.);
#7367 = DIRECTION('',(-0.657889448385,-1.18E-15,-0.753114515664));
#7368 = ORIENTED_EDGE('',*,*,#6885,.F.);
#7369 = PLANE('',#7370);
#7370 = AXIS2_PLACEMENT_3D('',#7371,#7372,#7373);
#7371 = CARTESIAN_POINT('',(-69.19698600527,6.4,-40.33180289053));
#7372 = DIRECTION('',(-0.753114515664,1.26E-15,0.657889448385));
#7373 = DIRECTION('',(1.752564196971E-16,1.,-1.714591789141E-15));
#7374 = ADVANCED_FACE('',(#7375),#7394,.F.);
#7375 = FACE_BOUND('',#7376,.T.);
#7376 = EDGE_LOOP('',(#7377,#7378,#7387,#7393));
#7377 = ORIENTED_EDGE('',*,*,#7363,.F.);
#7378 = ORIENTED_EDGE('',*,*,#7379,.T.);
#7379 = EDGE_CURVE('',#7356,#7380,#7382,.T.);
#7380 = VERTEX_POINT('',#7381);
#7381 = CARTESIAN_POINT('',(-68.73055952595,-7.8,-41.30259964547));
#7382 = CIRCLE('',#7383,1.4);
#7383 = AXIS2_PLACEMENT_3D('',#7384,#7385,#7386);
#7384 = CARTESIAN_POINT('',(-68.73055952595,-6.4,-41.30259964547));
#7385 = DIRECTION('',(0.99773047126,0.,6.733429081241E-02));
#7386 = DIRECTION('',(-6.733429081241E-02,1.26E-15,0.99773047126));
#7387 = ORIENTED_EDGE('',*,*,#7388,.T.);
#7388 = EDGE_CURVE('',#7380,#6902,#7389,.T.);
#7389 = LINE('',#7390,#7391);
#7390 = CARTESIAN_POINT('',(-69.52874390296,-7.,-41.35646707812));
#7391 = VECTOR('',#7392,1.);
#7392 = DIRECTION('',(-0.705501982024,0.707106781187,-4.761253363984E-02
    ));
#7393 = ORIENTED_EDGE('',*,*,#6909,.F.);
#7394 = CONICAL_SURFACE('',#7395,0.6,0.785398163397);
#7395 = AXIS2_PLACEMENT_3D('',#7396,#7397,#7398);
#7396 = CARTESIAN_POINT('',(-69.52874390296,-6.4,-41.35646707812));
#7397 = DIRECTION('',(0.99773047126,0.,6.733429081241E-02));
#7398 = DIRECTION('',(-6.733429081241E-02,1.26E-15,0.99773047126));
#7399 = ADVANCED_FACE('',(#7400),#7411,.F.);
#7400 = FACE_BOUND('',#7401,.T.);
#7401 = EDGE_LOOP('',(#7402,#7403,#7409,#7410));
#7402 = ORIENTED_EDGE('',*,*,#7388,.F.);
#7403 = ORIENTED_EDGE('',*,*,#7404,.T.);
#7404 = EDGE_CURVE('',#7380,#7225,#7405,.T.);
#7405 = LINE('',#7406,#7407);
#7406 = CARTESIAN_POINT('',(-68.73055952595,-7.8,-41.30259964547));
#7407 = VECTOR('',#7408,1.);
#7408 = DIRECTION('',(6.733429081241E-02,0.,-0.99773047126));
#7409 = ORIENTED_EDGE('',*,*,#7224,.T.);
#7410 = ORIENTED_EDGE('',*,*,#6927,.F.);
#7411 = PLANE('',#7412);
#7412 = AXIS2_PLACEMENT_3D('',#7413,#7414,#7415);
#7413 = CARTESIAN_POINT('',(-69.12965171446,-7.4,-41.32953336179));
#7414 = DIRECTION('',(-0.705501982024,-0.707106781187,
    -4.761253363984E-02));
#7415 = DIRECTION('',(-6.733429081241E-02,-5.065392549852E-16,
    0.99773047126));
#7416 = ADVANCED_FACE('',(#7417),#7455,.T.);
#7417 = FACE_BOUND('',#7418,.T.);
#7418 = EDGE_LOOP('',(#7419,#7420,#7432,#7440,#7449));
#7419 = ORIENTED_EDGE('',*,*,#6943,.F.);
#7420 = ORIENTED_EDGE('',*,*,#7421,.F.);
#7421 = EDGE_CURVE('',#7422,#6944,#7424,.T.);
#7422 = VERTEX_POINT('',#7423);
#7423 = CARTESIAN_POINT('',(-69.98534326954,-4.199999999957,
    -52.41230341096));
#7424 = ( BOUNDED_CURVE() B_SPLINE_CURVE(6,(#7425,#7426,#7427,#7428,
#7429,#7430,#7431),.UNSPECIFIED.,.F.,.F.) B_SPLINE_CURVE_WITH_KNOTS((7,7
),(111.17999999989,114.84606055596),.PIECEWISE_BEZIER_KNOTS.) CURVE() 
GEOMETRIC_REPRESENTATION_ITEM() RATIONAL_B_SPLINE_CURVE((1.,1.,1.,1.,1.,
1.,1.)) REPRESENTATION_ITEM('') );
#7425 = CARTESIAN_POINT('',(-69.98534326954,-4.19999999989,
    -52.41230341095));
#7426 = CARTESIAN_POINT('',(-69.98534326954,-4.811010092569,
    -52.41230341096));
#7427 = CARTESIAN_POINT('',(-69.98877199908,-5.422020185247,
    -52.36149797581));
#7428 = CARTESIAN_POINT('',(-69.99562424956,-6.033030277926,
    -52.25996428448));
#7429 = CARTESIAN_POINT('',(-70.00606489139,-6.644040370605,
    -52.10525935829));
#7430 = CARTESIAN_POINT('',(-70.02035710076,-7.255050463284,
    -51.89348356591));
#7431 = CARTESIAN_POINT('',(-70.03921070219,-7.866060555962,
    -51.61411903395));
#7432 = ORIENTED_EDGE('',*,*,#7433,.F.);
#7433 = EDGE_CURVE('',#7434,#7422,#7436,.T.);
#7434 = VERTEX_POINT('',#7435);
#7435 = CARTESIAN_POINT('',(-68.31063014473,-4.199999999957,
    -50.49518683922));
#7436 = LINE('',#7437,#7438);
#7437 = CARTESIAN_POINT('',(-69.14798670713,-4.199999999957,
    -51.45374512509));
#7438 = VECTOR('',#7439,1.);
#7439 = DIRECTION('',(-0.657889448385,2.632E-14,-0.753114515664));
#7440 = ORIENTED_EDGE('',*,*,#7441,.T.);
#7441 = EDGE_CURVE('',#7434,#7442,#7444,.T.);
#7442 = VERTEX_POINT('',#7443);
#7443 = CARTESIAN_POINT('',(-69.25331021611,-4.200000000006,
    -36.52696024159));
#7444 = CIRCLE('',#7445,6.999999999996);
#7445 = AXIS2_PLACEMENT_3D('',#7446,#7447,#7448);
#7446 = CARTESIAN_POINT('',(-68.78197018042,-4.200000000006,
    -43.5110735404));
#7447 = DIRECTION('',(-0.99773047126,-1.000000000002E-17,
    -6.733429081241E-02));
#7448 = DIRECTION('',(6.733429081241E-02,1.320008E-11,-0.99773047126));
#7449 = ORIENTED_EDGE('',*,*,#7450,.T.);
#7450 = EDGE_CURVE('',#7442,#6946,#7451,.T.);
#7451 = LINE('',#7452,#7453);
#7452 = CARTESIAN_POINT('',(-70.21186850197,-4.200000000006,
    -35.68960367918));
#7453 = VECTOR('',#7454,1.);
#7454 = DIRECTION('',(-0.753114515664,0.,0.657889448385));
#7455 = CONICAL_SURFACE('',#7456,6.999999999996,0.785398163397);
#7456 = AXIS2_PLACEMENT_3D('',#7457,#7458,#7459);
#7457 = CARTESIAN_POINT('',(-68.78197018042,-4.200000000006,
    -43.5110735404));
#7458 = DIRECTION('',(-0.99773047126,-1.E-17,-6.733429081241E-02));
#7459 = DIRECTION('',(6.733429081241E-02,1.320008E-11,-0.99773047126));
#7460 = ADVANCED_FACE('',(#7461),#7485,.F.);
#7461 = FACE_BOUND('',#7462,.F.);
#7462 = EDGE_LOOP('',(#7463,#7471,#7477,#7484));
#7463 = ORIENTED_EDGE('',*,*,#7464,.T.);
#7464 = EDGE_CURVE('',#6944,#7465,#7467,.T.);
#7465 = VERTEX_POINT('',#7466);
#7466 = CARTESIAN_POINT('',(-66.84401641597,-7.866060555962,
    -54.40530757529));
#7467 = ( BOUNDED_CURVE() B_SPLINE_CURVE(2,(#7468,#7469,#7470),
.UNSPECIFIED.,.F.,.F.) B_SPLINE_CURVE_WITH_KNOTS((3,3),(0.,
3.666060556072),.PIECEWISE_BEZIER_KNOTS.) CURVE() 
GEOMETRIC_REPRESENTATION_ITEM() RATIONAL_B_SPLINE_CURVE((1.,
0.707106781187,1.)) REPRESENTATION_ITEM('') );
#7468 = CARTESIAN_POINT('',(-70.03921070219,-7.866060555962,
    -51.61411903395));
#7469 = CARTESIAN_POINT('',(-69.83720782975,-7.866060555962,
    -54.60731044773));
#7470 = CARTESIAN_POINT('',(-66.84401641597,-7.866060555962,
    -54.40530757529));
#7471 = ORIENTED_EDGE('',*,*,#7472,.T.);
#7472 = EDGE_CURVE('',#7465,#7167,#7473,.T.);
#7473 = LINE('',#7474,#7475);
#7474 = CARTESIAN_POINT('',(-66.84401641597,106.98,-54.40530757529));
#7475 = VECTOR('',#7476,1.);
#7476 = DIRECTION('',(0.,-1.,2.2E-16));
#7477 = ORIENTED_EDGE('',*,*,#7478,.F.);
#7478 = EDGE_CURVE('',#6955,#7167,#7479,.T.);
#7479 = CIRCLE('',#7480,3.);
#7480 = AXIS2_PLACEMENT_3D('',#7481,#7482,#7483);
#7481 = CARTESIAN_POINT('',(-67.04601928841,-103.98,-51.41211616151));
#7482 = DIRECTION('',(0.,-1.,2.6E-16));
#7483 = DIRECTION('',(-0.99773047126,-1.750691561123E-17,
    -6.733429081241E-02));
#7484 = ORIENTED_EDGE('',*,*,#6954,.F.);
#7485 = CYLINDRICAL_SURFACE('',#7486,3.);
#7486 = AXIS2_PLACEMENT_3D('',#7487,#7488,#7489);
#7487 = CARTESIAN_POINT('',(-67.04601928841,106.98,-51.41211616151));
#7488 = DIRECTION('',(0.,-1.,2.2E-16));
#7489 = DIRECTION('',(-0.99773047126,-1.481354397873E-17,
    -6.733429081241E-02));
#7490 = ADVANCED_FACE('',(#7491),#7509,.T.);
#7491 = FACE_BOUND('',#7492,.T.);
#7492 = EDGE_LOOP('',(#7493,#7494,#7502,#7508));
#7493 = ORIENTED_EDGE('',*,*,#7450,.F.);
#7494 = ORIENTED_EDGE('',*,*,#7495,.T.);
#7495 = EDGE_CURVE('',#7442,#7496,#7498,.T.);
#7496 = VERTEX_POINT('',#7497);
#7497 = CARTESIAN_POINT('',(-69.25331021611,4.2,-36.52696024159));
#7498 = LINE('',#7499,#7500);
#7499 = CARTESIAN_POINT('',(-69.25331021611,-4.200000000006,
    -36.52696024159));
#7500 = VECTOR('',#7501,1.);
#7501 = DIRECTION('',(0.,1.,0.));
#7502 = ORIENTED_EDGE('',*,*,#7503,.T.);
#7503 = EDGE_CURVE('',#7496,#6986,#7504,.T.);
#7504 = LINE('',#7505,#7506);
#7505 = CARTESIAN_POINT('',(-70.21186850197,4.2,-35.68960367918));
#7506 = VECTOR('',#7507,1.);
#7507 = DIRECTION('',(-0.753114515664,0.,0.657889448385));
#7508 = ORIENTED_EDGE('',*,*,#6994,.F.);
#7509 = PLANE('',#7510);
#7510 = AXIS2_PLACEMENT_3D('',#7511,#7512,#7513);
#7511 = CARTESIAN_POINT('',(-70.21186850197,-4.200000000006,
    -35.68960367918));
#7512 = DIRECTION('',(0.657889448385,-1.8E-16,0.753114515664));
#7513 = DIRECTION('',(1.171166244944E-16,1.,1.366992753073E-16));
#7514 = ADVANCED_FACE('',(#7515),#7546,.T.);
#7515 = FACE_BOUND('',#7516,.T.);
#7516 = EDGE_LOOP('',(#7517,#7518,#7519,#7528,#7536));
#7517 = ORIENTED_EDGE('',*,*,#6985,.F.);
#7518 = ORIENTED_EDGE('',*,*,#7503,.F.);
#7519 = ORIENTED_EDGE('',*,*,#7520,.T.);
#7520 = EDGE_CURVE('',#7496,#7521,#7523,.T.);
#7521 = VERTEX_POINT('',#7522);
#7522 = CARTESIAN_POINT('',(-68.31063014473,4.200000000097,
    -50.49518683922));
#7523 = CIRCLE('',#7524,6.999999999996);
#7524 = AXIS2_PLACEMENT_3D('',#7525,#7526,#7527);
#7525 = CARTESIAN_POINT('',(-68.78197018042,4.2,-43.5110735404));
#7526 = DIRECTION('',(-0.99773047126,-1.E-17,-6.733429081241E-02));
#7527 = DIRECTION('',(-6.733429081241E-02,4.241E-14,0.99773047126));
#7528 = ORIENTED_EDGE('',*,*,#7529,.T.);
#7529 = EDGE_CURVE('',#7521,#7530,#7532,.T.);
#7530 = VERTEX_POINT('',#7531);
#7531 = CARTESIAN_POINT('',(-69.98534326954,4.200000000122,
    -52.41230341095));
#7532 = LINE('',#7533,#7534);
#7533 = CARTESIAN_POINT('',(-68.31063014473,4.200000000097,
    -50.49518683922));
#7534 = VECTOR('',#7535,1.);
#7535 = DIRECTION('',(-0.657889448385,9.80263E-12,-0.753114515664));
#7536 = ORIENTED_EDGE('',*,*,#7537,.F.);
#7537 = EDGE_CURVE('',#6978,#7530,#7538,.T.);
#7538 = ( BOUNDED_CURVE() B_SPLINE_CURVE(6,(#7539,#7540,#7541,#7542,
#7543,#7544,#7545),.UNSPECIFIED.,.F.,.F.) B_SPLINE_CURVE_WITH_KNOTS((7,7
),(99.113939444044,102.77999999987),.PIECEWISE_BEZIER_KNOTS.) CURVE() 
GEOMETRIC_REPRESENTATION_ITEM() RATIONAL_B_SPLINE_CURVE((1.,1.,1.,1.,1.,
1.,1.)) REPRESENTATION_ITEM('') );
#7539 = CARTESIAN_POINT('',(-70.03921070219,7.866060555956,
    -51.61411903395));
#7540 = CARTESIAN_POINT('',(-70.02035710076,7.255050463317,
    -51.89348356589));
#7541 = CARTESIAN_POINT('',(-70.00606489139,6.644040370678,
    -52.10525935826));
#7542 = CARTESIAN_POINT('',(-69.99562424956,6.033030278039,
    -52.25996428445));
#7543 = CARTESIAN_POINT('',(-69.98877199908,5.4220201854,-52.36149797578
    ));
#7544 = CARTESIAN_POINT('',(-69.98534326954,4.811010092761,
    -52.41230341094));
#7545 = CARTESIAN_POINT('',(-69.98534326954,4.200000000122,
    -52.41230341095));
#7546 = CONICAL_SURFACE('',#7547,6.999999999996,0.785398163397);
#7547 = AXIS2_PLACEMENT_3D('',#7548,#7549,#7550);
#7548 = CARTESIAN_POINT('',(-68.78197018042,4.2,-43.5110735404));
#7549 = DIRECTION('',(-0.99773047126,-1.E-17,-6.733429081241E-02));
#7550 = DIRECTION('',(-6.733429081241E-02,4.241E-14,0.99773047126));
#7551 = ADVANCED_FACE('',(#7552),#7577,.F.);
#7552 = FACE_BOUND('',#7553,.F.);
#7553 = EDGE_LOOP('',(#7554,#7561,#7569,#7576));
#7554 = ORIENTED_EDGE('',*,*,#7555,.F.);
#7555 = EDGE_CURVE('',#7057,#6970,#7556,.T.);
#7556 = CIRCLE('',#7557,3.);
#7557 = AXIS2_PLACEMENT_3D('',#7558,#7559,#7560);
#7558 = CARTESIAN_POINT('',(-67.04601928841,103.98,-51.41211616151));
#7559 = DIRECTION('',(3.E-17,1.,-2.2E-16));
#7560 = DIRECTION('',(-0.99773047126,1.511837015907E-17,
    -6.733429081241E-02));
#7561 = ORIENTED_EDGE('',*,*,#7562,.T.);
#7562 = EDGE_CURVE('',#7057,#7563,#7565,.T.);
#7563 = VERTEX_POINT('',#7564);
#7564 = CARTESIAN_POINT('',(-66.84401641597,7.866060555956,
    -54.40530757529));
#7565 = LINE('',#7566,#7567);
#7566 = CARTESIAN_POINT('',(-66.84401641597,106.98,-54.40530757529));
#7567 = VECTOR('',#7568,1.);
#7568 = DIRECTION('',(0.,-1.,2.2E-16));
#7569 = ORIENTED_EDGE('',*,*,#7570,.F.);
#7570 = EDGE_CURVE('',#6978,#7563,#7571,.T.);
#7571 = CIRCLE('',#7572,3.);
#7572 = AXIS2_PLACEMENT_3D('',#7573,#7574,#7575);
#7573 = CARTESIAN_POINT('',(-67.04601928841,7.866060555956,
    -51.41211616151));
#7574 = DIRECTION('',(0.,-1.,2.2E-16));
#7575 = DIRECTION('',(-0.99773047126,-1.481354397873E-17,
    -6.733429081241E-02));
#7576 = ORIENTED_EDGE('',*,*,#6977,.F.);
#7577 = CYLINDRICAL_SURFACE('',#7578,3.);
#7578 = AXIS2_PLACEMENT_3D('',#7579,#7580,#7581);
#7579 = CARTESIAN_POINT('',(-67.04601928841,106.98,-51.41211616151));
#7580 = DIRECTION('',(0.,-1.,2.2E-16));
#7581 = DIRECTION('',(-0.99773047126,-1.481354397873E-17,
    -6.733429081241E-02));
#7582 = ADVANCED_FACE('',(#7583),#7588,.F.);
#7583 = FACE_BOUND('',#7584,.T.);
#7584 = EDGE_LOOP('',(#7585,#7586,#7587));
#7585 = ORIENTED_EDGE('',*,*,#7555,.F.);
#7586 = ORIENTED_EDGE('',*,*,#7056,.T.);
#7587 = ORIENTED_EDGE('',*,*,#7009,.F.);
#7588 = SPHERICAL_SURFACE('',#7589,3.);
#7589 = AXIS2_PLACEMENT_3D('',#7590,#7591,#7592);
#7590 = CARTESIAN_POINT('',(-67.04601928841,103.98,-51.41211616151));
#7591 = DIRECTION('',(-6.733429081241E-02,2.2E-16,0.99773047126));
#7592 = DIRECTION('',(-0.99773047126,1.E-17,-6.733429081241E-02));
#7593 = ADVANCED_FACE('',(#7594),#7599,.F.);
#7594 = FACE_BOUND('',#7595,.T.);
#7595 = EDGE_LOOP('',(#7596,#7597,#7598));
#7596 = ORIENTED_EDGE('',*,*,#7026,.F.);
#7597 = ORIENTED_EDGE('',*,*,#7166,.T.);
#7598 = ORIENTED_EDGE('',*,*,#7478,.F.);
#7599 = SPHERICAL_SURFACE('',#7600,3.);
#7600 = AXIS2_PLACEMENT_3D('',#7601,#7602,#7603);
#7601 = CARTESIAN_POINT('',(-67.04601928841,-103.98,-51.41211616151));
#7602 = DIRECTION('',(0.,1.,-2.6E-16));
#7603 = DIRECTION('',(-0.99773047126,-1.750691561123E-17,
    -6.733429081241E-02));
#7604 = ADVANCED_FACE('',(#7605),#7646,.T.);
#7605 = FACE_BOUND('',#7606,.T.);
#7606 = EDGE_LOOP('',(#7607,#7608,#7620,#7627,#7637,#7638,#7639,#7645));
#7607 = ORIENTED_EDGE('',*,*,#7562,.T.);
#7608 = ORIENTED_EDGE('',*,*,#7609,.T.);
#7609 = EDGE_CURVE('',#7563,#7610,#7612,.T.);
#7610 = VERTEX_POINT('',#7611);
#7611 = CARTESIAN_POINT('',(-66.95240340994,4.200000000122,
    -54.41262233773));
#7612 = ( BOUNDED_CURVE() B_SPLINE_CURVE(6,(#7613,#7614,#7615,#7616,
#7617,#7618,#7619),.UNSPECIFIED.,.F.,.F.) B_SPLINE_CURVE_WITH_KNOTS((7,7
),(99.113939444044,102.77999999987),.PIECEWISE_BEZIER_KNOTS.) CURVE() 
GEOMETRIC_REPRESENTATION_ITEM() RATIONAL_B_SPLINE_CURVE((1.,1.,1.,1.,1.,
1.,1.)) REPRESENTATION_ITEM('') );
#7613 = CARTESIAN_POINT('',(-66.84401641597,7.866060555956,
    -54.40530757529));
#7614 = CARTESIAN_POINT('',(-66.84401641597,7.255050463317,
    -54.40530757529));
#7615 = CARTESIAN_POINT('',(-66.87519601474,6.644040370678,
    -54.40741180708));
#7616 = CARTESIAN_POINT('',(-66.90998141463,6.033030278039,
    -54.4097593852));
#7617 = CARTESIAN_POINT('',(-66.9384235437,5.4220201854,-54.41167887212)
  );
#7618 = CARTESIAN_POINT('',(-66.95240341006,4.811010092761,
    -54.41262233773));
#7619 = CARTESIAN_POINT('',(-66.95240340994,4.200000000122,
    -54.41262233773));
#7620 = ORIENTED_EDGE('',*,*,#7621,.T.);
#7621 = EDGE_CURVE('',#7610,#7622,#7624,.T.);
#7622 = VERTEX_POINT('',#7623);
#7623 = CARTESIAN_POINT('',(-66.95240340999,-4.199999999957,
    -54.41262233773));
#7624 = B_SPLINE_CURVE_WITH_KNOTS('',1,(#7625,#7626),.UNSPECIFIED.,.F.,
  .F.,(2,2),(102.77999999994,111.17999999995),.PIECEWISE_BEZIER_KNOTS.);
#7625 = CARTESIAN_POINT('',(-66.95240341007,4.200000000056,
    -54.41262233773));
#7626 = CARTESIAN_POINT('',(-66.95240340999,-4.199999999957,
    -54.41262233773));
#7627 = ORIENTED_EDGE('',*,*,#7628,.T.);
#7628 = EDGE_CURVE('',#7622,#7465,#7629,.T.);
#7629 = ( BOUNDED_CURVE() B_SPLINE_CURVE(6,(#7630,#7631,#7632,#7633,
#7634,#7635,#7636),.UNSPECIFIED.,.F.,.F.) B_SPLINE_CURVE_WITH_KNOTS((7,7
),(111.17999999989,114.84606055596),.PIECEWISE_BEZIER_KNOTS.) CURVE() 
GEOMETRIC_REPRESENTATION_ITEM() RATIONAL_B_SPLINE_CURVE((1.,1.,1.,1.,1.,
1.,1.)) REPRESENTATION_ITEM('') );
#7630 = CARTESIAN_POINT('',(-66.95240341007,-4.19999999989,
    -54.41262233773));
#7631 = CARTESIAN_POINT('',(-66.95240341007,-4.811010092569,
    -54.41262233773));
#7632 = CARTESIAN_POINT('',(-66.9384235437,-5.422020185247,
    -54.41167887212));
#7633 = CARTESIAN_POINT('',(-66.90998141464,-6.033030277926,
    -54.4097593852));
#7634 = CARTESIAN_POINT('',(-66.87519601474,-6.644040370605,
    -54.40741180708));
#7635 = CARTESIAN_POINT('',(-66.84401641597,-7.255050463284,
    -54.40530757529));
#7636 = CARTESIAN_POINT('',(-66.84401641597,-7.866060555962,
    -54.40530757529));
#7637 = ORIENTED_EDGE('',*,*,#7472,.T.);
#7638 = ORIENTED_EDGE('',*,*,#7175,.T.);
#7639 = ORIENTED_EDGE('',*,*,#7640,.F.);
#7640 = EDGE_CURVE('',#7067,#7176,#7641,.T.);
#7641 = LINE('',#7642,#7643);
#7642 = CARTESIAN_POINT('',(72.236119780461,106.98,-45.0191430683));
#7643 = VECTOR('',#7644,1.);
#7644 = DIRECTION('',(0.,-1.,2.2E-16));
#7645 = ORIENTED_EDGE('',*,*,#7075,.F.);
#7646 = PLANE('',#7647);
#7647 = AXIS2_PLACEMENT_3D('',#7648,#7649,#7650);
#7648 = CARTESIAN_POINT('',(-69.83720782975,106.98,-54.60731044773));
#7649 = DIRECTION('',(-6.733429081241E-02,2.2E-16,0.99773047126));
#7650 = DIRECTION('',(0.99773047126,1.E-17,6.733429081241E-02));
#7651 = ADVANCED_FACE('',(#7652),#7663,.F.);
#7652 = FACE_BOUND('',#7653,.T.);
#7653 = EDGE_LOOP('',(#7654,#7661,#7662));
#7654 = ORIENTED_EDGE('',*,*,#7655,.F.);
#7655 = EDGE_CURVE('',#7100,#7067,#7656,.T.);
#7656 = CIRCLE('',#7657,3.);
#7657 = AXIS2_PLACEMENT_3D('',#7658,#7659,#7660);
#7658 = CARTESIAN_POINT('',(72.034116908024,103.98,-42.02595165452));
#7659 = DIRECTION('',(-3.E-17,1.,2.2E-16));
#7660 = DIRECTION('',(6.733429081241E-02,2.215207324016E-16,
    -0.99773047126));
#7661 = ORIENTED_EDGE('',*,*,#7099,.T.);
#7662 = ORIENTED_EDGE('',*,*,#7066,.F.);
#7663 = SPHERICAL_SURFACE('',#7664,3.);
#7664 = AXIS2_PLACEMENT_3D('',#7665,#7666,#7667);
#7665 = CARTESIAN_POINT('',(72.034116908024,103.98,-42.02595165452));
#7666 = DIRECTION('',(-0.99773047126,-1.E-17,-6.733429081241E-02));
#7667 = DIRECTION('',(6.733429081241E-02,2.2E-16,-0.99773047126));
#7668 = ADVANCED_FACE('',(#7669),#7680,.F.);
#7669 = FACE_BOUND('',#7670,.F.);
#7670 = EDGE_LOOP('',(#7671,#7672,#7673,#7679));
#7671 = ORIENTED_EDGE('',*,*,#7122,.T.);
#7672 = ORIENTED_EDGE('',*,*,#7200,.T.);
#7673 = ORIENTED_EDGE('',*,*,#7674,.F.);
#7674 = EDGE_CURVE('',#7100,#7201,#7675,.T.);
#7675 = LINE('',#7676,#7677);
#7676 = CARTESIAN_POINT('',(75.027308321804,106.98,-41.82394878209));
#7677 = VECTOR('',#7678,1.);
#7678 = DIRECTION('',(0.,-1.,2.2E-16));
#7679 = ORIENTED_EDGE('',*,*,#7108,.F.);
#7680 = PLANE('',#7681);
#7681 = AXIS2_PLACEMENT_3D('',#7682,#7683,#7684);
#7682 = CARTESIAN_POINT('',(73.977506241362,106.98,-26.26843446966));
#7683 = DIRECTION('',(0.99773047126,1.E-17,6.733429081241E-02));
#7684 = DIRECTION('',(6.733429081241E-02,-2.2E-16,-0.99773047126));
#7685 = ADVANCED_FACE('',(#7686),#7697,.F.);
#7686 = FACE_BOUND('',#7687,.F.);
#7687 = EDGE_LOOP('',(#7688,#7695,#7696));
#7688 = ORIENTED_EDGE('',*,*,#7689,.F.);
#7689 = EDGE_CURVE('',#7201,#7176,#7690,.T.);
#7690 = CIRCLE('',#7691,3.);
#7691 = AXIS2_PLACEMENT_3D('',#7692,#7693,#7694);
#7692 = CARTESIAN_POINT('',(72.034116908024,-103.98,-42.02595165452));
#7693 = DIRECTION('',(2.9E-16,1.,-4.51E-15));
#7694 = DIRECTION('',(6.733429081241E-02,-4.519291369718E-15,
    -0.99773047126));
#7695 = ORIENTED_EDGE('',*,*,#7208,.T.);
#7696 = ORIENTED_EDGE('',*,*,#7183,.F.);
#7697 = SPHERICAL_SURFACE('',#7698,3.);
#7698 = AXIS2_PLACEMENT_3D('',#7699,#7700,#7701);
#7699 = CARTESIAN_POINT('',(72.034116908024,-103.98,-42.02595165452));
#7700 = DIRECTION('',(-0.99773047126,-1.E-17,-6.733429081241E-02));
#7701 = DIRECTION('',(6.733429081241E-02,-4.52E-15,-0.99773047126));
#7702 = ADVANCED_FACE('',(#7703,#7713),#7749,.T.);
#7703 = FACE_BOUND('',#7704,.T.);
#7704 = EDGE_LOOP('',(#7705,#7706,#7707,#7708,#7709,#7710,#7711,#7712));
#7705 = ORIENTED_EDGE('',*,*,#7257,.F.);
#7706 = ORIENTED_EDGE('',*,*,#7232,.F.);
#7707 = ORIENTED_EDGE('',*,*,#7404,.F.);
#7708 = ORIENTED_EDGE('',*,*,#7379,.F.);
#7709 = ORIENTED_EDGE('',*,*,#7355,.F.);
#7710 = ORIENTED_EDGE('',*,*,#7330,.F.);
#7711 = ORIENTED_EDGE('',*,*,#7306,.F.);
#7712 = ORIENTED_EDGE('',*,*,#7281,.F.);
#7713 = FACE_BOUND('',#7714,.T.);
#7714 = EDGE_LOOP('',(#7715,#7726,#7734,#7743));
#7715 = ORIENTED_EDGE('',*,*,#7716,.T.);
#7716 = EDGE_CURVE('',#7717,#7719,#7721,.T.);
#7717 = VERTEX_POINT('',#7718);
#7718 = CARTESIAN_POINT('',(-69.05376412185,-4.200000000006,
    -36.51349338343));
#7719 = VERTEX_POINT('',#7720);
#7720 = CARTESIAN_POINT('',(-68.11108405048,-4.199999999957,
    -50.48171998106));
#7721 = CIRCLE('',#7722,6.999999999996);
#7722 = AXIS2_PLACEMENT_3D('',#7723,#7724,#7725);
#7723 = CARTESIAN_POINT('',(-68.58242408617,-4.200000000006,
    -43.49760668224));
#7724 = DIRECTION('',(0.99773047126,-2.365502875015E-16,
    6.733429081241E-02));
#7725 = DIRECTION('',(-6.733429081241E-02,-2.072994553792E-16,
    0.99773047126));
#7726 = ORIENTED_EDGE('',*,*,#7727,.T.);
#7727 = EDGE_CURVE('',#7719,#7728,#7730,.T.);
#7728 = VERTEX_POINT('',#7729);
#7729 = CARTESIAN_POINT('',(-68.11108405048,4.200000000056,
    -50.48171998106));
#7730 = LINE('',#7731,#7732);
#7731 = CARTESIAN_POINT('',(-68.11108405048,-4.2,-50.48171998106));
#7732 = VECTOR('',#7733,1.);
#7733 = DIRECTION('',(-2.262079412674E-15,1.,3.736E-14));
#7734 = ORIENTED_EDGE('',*,*,#7735,.T.);
#7735 = EDGE_CURVE('',#7728,#7736,#7738,.T.);
#7736 = VERTEX_POINT('',#7737);
#7737 = CARTESIAN_POINT('',(-69.05376412185,4.2,-36.51349338343));
#7738 = CIRCLE('',#7739,6.999999999996);
#7739 = AXIS2_PLACEMENT_3D('',#7740,#7741,#7742);
#7740 = CARTESIAN_POINT('',(-68.58242408617,4.2,-43.49760668224));
#7741 = DIRECTION('',(0.99773047126,-2.365502875015E-16,
    6.733429081241E-02));
#7742 = DIRECTION('',(-6.733429081241E-02,-2.072994553792E-16,
    0.99773047126));
#7743 = ORIENTED_EDGE('',*,*,#7744,.F.);
#7744 = EDGE_CURVE('',#7717,#7736,#7745,.T.);
#7745 = LINE('',#7746,#7747);
#7746 = CARTESIAN_POINT('',(-69.05376412185,-4.200000000006,
    -36.51349338343));
#7747 = VECTOR('',#7748,1.);
#7748 = DIRECTION('',(2.498001805407E-16,1.,2.2E-16));
#7749 = PLANE('',#7750);
#7750 = AXIS2_PLACEMENT_3D('',#7751,#7752,#7753);
#7751 = CARTESIAN_POINT('',(-68.58242408617,-9.54966661304E-12,
    -43.49760668224));
#7752 = DIRECTION('',(0.99773047126,-1.E-17,6.733429081241E-02));
#7753 = DIRECTION('',(-6.733429081241E-02,-2.2E-16,0.99773047126));
#7754 = ADVANCED_FACE('',(#7755),#7766,.T.);
#7755 = FACE_BOUND('',#7756,.T.);
#7756 = EDGE_LOOP('',(#7757,#7763,#7764,#7765));
#7757 = ORIENTED_EDGE('',*,*,#7758,.F.);
#7758 = EDGE_CURVE('',#7422,#7622,#7759,.T.);
#7759 = ( BOUNDED_CURVE() B_SPLINE_CURVE(2,(#7760,#7761,#7762),
.UNSPECIFIED.,.F.,.F.) B_SPLINE_CURVE_WITH_KNOTS((3,3),(0.,
8.400000000013),.PIECEWISE_BEZIER_KNOTS.) CURVE() 
GEOMETRIC_REPRESENTATION_ITEM() RATIONAL_B_SPLINE_CURVE((1.,
0.795822425754,1.)) REPRESENTATION_ITEM('') );
#7760 = CARTESIAN_POINT('',(-69.98534326954,-4.199999999957,
    -52.41230341096));
#7761 = CARTESIAN_POINT('',(-69.2298805835,-4.199999999957,
    -54.5663234772));
#7762 = CARTESIAN_POINT('',(-66.95240340999,-4.199999999957,
    -54.41262233773));
#7763 = ORIENTED_EDGE('',*,*,#7421,.T.);
#7764 = ORIENTED_EDGE('',*,*,#7464,.T.);
#7765 = ORIENTED_EDGE('',*,*,#7628,.F.);
#7766 = ( BOUNDED_SURFACE() B_SPLINE_SURFACE(2,6,(
    (#7767,#7768,#7769,#7770,#7771,#7772,#7773)
    ,(#7774,#7775,#7776,#7777,#7778,#7779,#7780)
    ,(#7781,#7782,#7783,#7784,#7785,#7786,#7787
)),.UNSPECIFIED.,.F.,.F.,.F.) B_SPLINE_SURFACE_WITH_KNOTS((3,3),(7,7),(
    0.,3.666060556072),(111.17999999989,114.84606055596),
.PIECEWISE_BEZIER_KNOTS.) GEOMETRIC_REPRESENTATION_ITEM() 
RATIONAL_B_SPLINE_SURFACE((
    (1.,1.,1.,1.,1.,1.,1.)
    ,(0.795822425754,0.795822425755,0.79048292471,0.779859439282
      ,0.763283857398,0.740105097643,0.707106781187)
,(1.,1.,1.,1.,1.,1.,1.))) REPRESENTATION_ITEM('') SURFACE() );
#7767 = CARTESIAN_POINT('',(-66.95240341007,-4.19999999989,
    -54.41262233773));
#7768 = CARTESIAN_POINT('',(-66.95240341007,-4.811010092569,
    -54.41262233773));
#7769 = CARTESIAN_POINT('',(-66.9384235437,-5.422020185247,
    -54.41167887212));
#7770 = CARTESIAN_POINT('',(-66.90998141464,-6.033030277926,
    -54.4097593852));
#7771 = CARTESIAN_POINT('',(-66.87519601474,-6.644040370605,
    -54.40741180708));
#7772 = CARTESIAN_POINT('',(-66.84401641597,-7.255050463284,
    -54.40530757529));
#7773 = CARTESIAN_POINT('',(-66.84401641597,-7.866060555962,
    -54.40530757529));
#7774 = CARTESIAN_POINT('',(-69.2298805835,-4.19999999989,-54.5663234772
    ));
#7775 = CARTESIAN_POINT('',(-69.2298805835,-4.811010092568,
    -54.5663234772));
#7776 = CARTESIAN_POINT('',(-69.2576524249,-5.430170844038,
    -54.56819772811));
#7777 = CARTESIAN_POINT('',(-69.3141103878,-6.052124831276,
    -54.57200793237));
#7778 = CARTESIAN_POINT('',(-69.41116372361,-6.670680724478,
    -54.57855781506));
#7779 = CARTESIAN_POINT('',(-69.57029904125,-7.282292951493,
    -54.58929745273));
#7780 = CARTESIAN_POINT('',(-69.83720782975,-7.866060555962,
    -54.60731044773));
#7781 = CARTESIAN_POINT('',(-69.98534326954,-4.19999999989,
    -52.41230341095));
#7782 = CARTESIAN_POINT('',(-69.98534326954,-4.811010092569,
    -52.41230341096));
#7783 = CARTESIAN_POINT('',(-69.98877199908,-5.422020185247,
    -52.36149797581));
#7784 = CARTESIAN_POINT('',(-69.99562424956,-6.033030277926,
    -52.25996428448));
#7785 = CARTESIAN_POINT('',(-70.00606489139,-6.644040370605,
    -52.10525935829));
#7786 = CARTESIAN_POINT('',(-70.02035710076,-7.255050463284,
    -51.89348356591));
#7787 = CARTESIAN_POINT('',(-70.03921070219,-7.866060555962,
    -51.61411903395));
#7788 = ADVANCED_FACE('',(#7789),#7804,.F.);
#7789 = FACE_BOUND('',#7790,.T.);
#7790 = EDGE_LOOP('',(#7791,#7796,#7797,#7803));
#7791 = ORIENTED_EDGE('',*,*,#7792,.F.);
#7792 = EDGE_CURVE('',#7530,#7422,#7793,.T.);
#7793 = B_SPLINE_CURVE_WITH_KNOTS('',1,(#7794,#7795),.UNSPECIFIED.,.F.,
  .F.,(2,2),(102.77999999994,111.17999999995),.PIECEWISE_BEZIER_KNOTS.);
#7794 = CARTESIAN_POINT('',(-69.98534326954,4.200000000056,
    -52.41230341095));
#7795 = CARTESIAN_POINT('',(-69.98534326954,-4.199999999957,
    -52.41230341096));
#7796 = ORIENTED_EDGE('',*,*,#7529,.F.);
#7797 = ORIENTED_EDGE('',*,*,#7798,.T.);
#7798 = EDGE_CURVE('',#7521,#7434,#7799,.T.);
#7799 = LINE('',#7800,#7801);
#7800 = CARTESIAN_POINT('',(-68.31063014473,4.200000000015,
    -50.49518683922));
#7801 = VECTOR('',#7802,1.);
#7802 = DIRECTION('',(2.51E-15,-1.,-3.713E-14));
#7803 = ORIENTED_EDGE('',*,*,#7433,.T.);
#7804 = PLANE('',#7805);
#7805 = AXIS2_PLACEMENT_3D('',#7806,#7807,#7808);
#7806 = CARTESIAN_POINT('',(-69.14798670713,4.200000000015,
    -51.45374512509));
#7807 = DIRECTION('',(-0.753114515664,-2.658E-14,0.657889448385));
#7808 = DIRECTION('',(-2.700553907049E-15,1.,3.731048387011E-14));
#7809 = ADVANCED_FACE('',(#7810),#7826,.T.);
#7810 = FACE_BOUND('',#7811,.F.);
#7811 = EDGE_LOOP('',(#7812,#7818,#7819,#7825));
#7812 = ORIENTED_EDGE('',*,*,#7813,.T.);
#7813 = EDGE_CURVE('',#7442,#7717,#7814,.T.);
#7814 = LINE('',#7815,#7816);
#7815 = CARTESIAN_POINT('',(-71.04922506437,-4.200000000006,
    -36.64816196505));
#7816 = VECTOR('',#7817,1.);
#7817 = DIRECTION('',(0.99773047126,0.,6.733429081241E-02));
#7818 = ORIENTED_EDGE('',*,*,#7716,.T.);
#7819 = ORIENTED_EDGE('',*,*,#7820,.F.);
#7820 = EDGE_CURVE('',#7434,#7719,#7821,.T.);
#7821 = LINE('',#7822,#7823);
#7822 = CARTESIAN_POINT('',(-70.106544993,-4.199999999957,
    -50.61638856269));
#7823 = VECTOR('',#7824,1.);
#7824 = DIRECTION('',(0.99773047126,0.,6.733429081241E-02));
#7825 = ORIENTED_EDGE('',*,*,#7441,.T.);
#7826 = CYLINDRICAL_SURFACE('',#7827,6.999999999996);
#7827 = AXIS2_PLACEMENT_3D('',#7828,#7829,#7830);
#7828 = CARTESIAN_POINT('',(-70.57788502869,-4.200000000006,
    -43.63227526387));
#7829 = DIRECTION('',(-0.99773047126,0.,-6.733429081241E-02));
#7830 = DIRECTION('',(-6.733429081241E-02,0.,0.99773047126));
#7831 = ADVANCED_FACE('',(#7832),#7843,.T.);
#7832 = FACE_BOUND('',#7833,.T.);
#7833 = EDGE_LOOP('',(#7834,#7835,#7836,#7842));
#7834 = ORIENTED_EDGE('',*,*,#7813,.T.);
#7835 = ORIENTED_EDGE('',*,*,#7744,.T.);
#7836 = ORIENTED_EDGE('',*,*,#7837,.F.);
#7837 = EDGE_CURVE('',#7496,#7736,#7838,.T.);
#7838 = LINE('',#7839,#7840);
#7839 = CARTESIAN_POINT('',(-71.04922506437,4.2,-36.64816196505));
#7840 = VECTOR('',#7841,1.);
#7841 = DIRECTION('',(0.99773047126,0.,6.733429081241E-02));
#7842 = ORIENTED_EDGE('',*,*,#7495,.F.);
#7843 = PLANE('',#7844);
#7844 = AXIS2_PLACEMENT_3D('',#7845,#7846,#7847);
#7845 = CARTESIAN_POINT('',(-71.04922506437,-4.200000000006,
    -36.64816196505));
#7846 = DIRECTION('',(-6.733429081241E-02,0.,0.99773047126));
#7847 = DIRECTION('',(0.,1.,0.));
#7848 = ADVANCED_FACE('',(#7849),#7860,.T.);
#7849 = FACE_BOUND('',#7850,.T.);
#7850 = EDGE_LOOP('',(#7851,#7852,#7853,#7859));
#7851 = ORIENTED_EDGE('',*,*,#7570,.F.);
#7852 = ORIENTED_EDGE('',*,*,#7537,.T.);
#7853 = ORIENTED_EDGE('',*,*,#7854,.T.);
#7854 = EDGE_CURVE('',#7530,#7610,#7855,.T.);
#7855 = ( BOUNDED_CURVE() B_SPLINE_CURVE(2,(#7856,#7857,#7858),
.UNSPECIFIED.,.F.,.F.) B_SPLINE_CURVE_WITH_KNOTS((3,3),(0.,
3.666060555834),.PIECEWISE_BEZIER_KNOTS.) CURVE() 
GEOMETRIC_REPRESENTATION_ITEM() RATIONAL_B_SPLINE_CURVE((1.,
0.795822425754,1.)) REPRESENTATION_ITEM('') );
#7856 = CARTESIAN_POINT('',(-69.98534326954,4.200000000122,
    -52.41230341095));
#7857 = CARTESIAN_POINT('',(-69.2298805835,4.200000000122,-54.5663234772
    ));
#7858 = CARTESIAN_POINT('',(-66.95240340994,4.200000000122,
    -54.41262233773));
#7859 = ORIENTED_EDGE('',*,*,#7609,.F.);
#7860 = ( BOUNDED_SURFACE() B_SPLINE_SURFACE(2,6,(
    (#7861,#7862,#7863,#7864,#7865,#7866,#7867)
    ,(#7868,#7869,#7870,#7871,#7872,#7873,#7874)
    ,(#7875,#7876,#7877,#7878,#7879,#7880,#7881
)),.UNSPECIFIED.,.F.,.F.,.F.) B_SPLINE_SURFACE_WITH_KNOTS((3,3),(7,7),(
    0.,3.666060555834),(99.113939444044,102.77999999987),
.PIECEWISE_BEZIER_KNOTS.) GEOMETRIC_REPRESENTATION_ITEM() 
RATIONAL_B_SPLINE_SURFACE((
    (1.,1.,1.,1.,1.,1.,1.)
    ,(0.707106781187,0.740105097641,0.763283857395,0.779859439279
      ,0.790482924707,0.795822425753,0.795822425754)
,(1.,1.,1.,1.,1.,1.,1.))) REPRESENTATION_ITEM('') SURFACE() );
#7861 = CARTESIAN_POINT('',(-66.84401641597,7.866060555956,
    -54.40530757529));
#7862 = CARTESIAN_POINT('',(-66.84401641597,7.255050463317,
    -54.40530757529));
#7863 = CARTESIAN_POINT('',(-66.87519601474,6.644040370678,
    -54.40741180708));
#7864 = CARTESIAN_POINT('',(-66.90998141463,6.033030278039,
    -54.4097593852));
#7865 = CARTESIAN_POINT('',(-66.9384235437,5.4220201854,-54.41167887212)
  );
#7866 = CARTESIAN_POINT('',(-66.95240341006,4.811010092761,
    -54.41262233773));
#7867 = CARTESIAN_POINT('',(-66.95240340994,4.200000000122,
    -54.41262233773));
#7868 = CARTESIAN_POINT('',(-69.83720782975,7.866060555956,
    -54.60731044773));
#7869 = CARTESIAN_POINT('',(-69.57029904127,7.282292951523,
    -54.58929745273));
#7870 = CARTESIAN_POINT('',(-69.41116372363,6.670680724549,
    -54.57855781506));
#7871 = CARTESIAN_POINT('',(-69.31411038781,6.052124831388,
    -54.57200793238));
#7872 = CARTESIAN_POINT('',(-69.25765242491,5.430170844191,
    -54.56819772811));
#7873 = CARTESIAN_POINT('',(-69.22988058351,4.811010092762,
    -54.5663234772));
#7874 = CARTESIAN_POINT('',(-69.2298805835,4.200000000122,-54.5663234772
    ));
#7875 = CARTESIAN_POINT('',(-70.03921070219,7.866060555956,
    -51.61411903395));
#7876 = CARTESIAN_POINT('',(-70.02035710076,7.255050463317,
    -51.89348356589));
#7877 = CARTESIAN_POINT('',(-70.00606489139,6.644040370678,
    -52.10525935826));
#7878 = CARTESIAN_POINT('',(-69.99562424956,6.033030278039,
    -52.25996428445));
#7879 = CARTESIAN_POINT('',(-69.98877199908,5.4220201854,-52.36149797578
    ));
#7880 = CARTESIAN_POINT('',(-69.98534326954,4.811010092761,
    -52.41230341094));
#7881 = CARTESIAN_POINT('',(-69.98534326954,4.200000000122,
    -52.41230341095));
#7882 = ADVANCED_FACE('',(#7883),#7894,.T.);
#7883 = FACE_BOUND('',#7884,.F.);
#7884 = EDGE_LOOP('',(#7885,#7891,#7892,#7893));
#7885 = ORIENTED_EDGE('',*,*,#7886,.T.);
#7886 = EDGE_CURVE('',#7521,#7728,#7887,.T.);
#7887 = LINE('',#7888,#7889);
#7888 = CARTESIAN_POINT('',(-70.106544993,4.200000000056,-50.61638856269
    ));
#7889 = VECTOR('',#7890,1.);
#7890 = DIRECTION('',(0.99773047126,0.,6.733429081241E-02));
#7891 = ORIENTED_EDGE('',*,*,#7735,.T.);
#7892 = ORIENTED_EDGE('',*,*,#7837,.F.);
#7893 = ORIENTED_EDGE('',*,*,#7520,.T.);
#7894 = CYLINDRICAL_SURFACE('',#7895,6.999999999996);
#7895 = AXIS2_PLACEMENT_3D('',#7896,#7897,#7898);
#7896 = CARTESIAN_POINT('',(-70.57788502869,4.2,-43.63227526387));
#7897 = DIRECTION('',(-0.99773047126,0.,-6.733429081241E-02));
#7898 = DIRECTION('',(-6.733429081241E-02,0.,0.99773047126));
#7899 = ADVANCED_FACE('',(#7900),#7906,.F.);
#7900 = FACE_BOUND('',#7901,.F.);
#7901 = EDGE_LOOP('',(#7902,#7903,#7904,#7905));
#7902 = ORIENTED_EDGE('',*,*,#7655,.F.);
#7903 = ORIENTED_EDGE('',*,*,#7674,.T.);
#7904 = ORIENTED_EDGE('',*,*,#7689,.T.);
#7905 = ORIENTED_EDGE('',*,*,#7640,.F.);
#7906 = CYLINDRICAL_SURFACE('',#7907,3.);
#7907 = AXIS2_PLACEMENT_3D('',#7908,#7909,#7910);
#7908 = CARTESIAN_POINT('',(72.034116908024,106.98,-42.02595165452));
#7909 = DIRECTION('',(0.,-1.,2.2E-16));
#7910 = DIRECTION('',(6.733429081241E-02,-2.195007036772E-16,
    -0.99773047126));
#7911 = ADVANCED_FACE('',(#7912),#7918,.T.);
#7912 = FACE_BOUND('',#7913,.T.);
#7913 = EDGE_LOOP('',(#7914,#7915,#7916,#7917));
#7914 = ORIENTED_EDGE('',*,*,#7854,.F.);
#7915 = ORIENTED_EDGE('',*,*,#7792,.T.);
#7916 = ORIENTED_EDGE('',*,*,#7758,.T.);
#7917 = ORIENTED_EDGE('',*,*,#7621,.F.);
#7918 = ( BOUNDED_SURFACE() B_SPLINE_SURFACE(2,1,(
    (#7919,#7920)
    ,(#7921,#7922)
    ,(#7923,#7924
)),.UNSPECIFIED.,.F.,.F.,.F.) B_SPLINE_SURFACE_WITH_KNOTS((3,3),(2,2),(
    0.,8.400000000013),(102.77999999994,111.17999999995),
.PIECEWISE_BEZIER_KNOTS.) GEOMETRIC_REPRESENTATION_ITEM() 
RATIONAL_B_SPLINE_SURFACE((
    (1.,1.)
    ,(0.795822425754,0.795822425754)
,(1.,1.))) REPRESENTATION_ITEM('') SURFACE() );
#7919 = CARTESIAN_POINT('',(-66.95240341007,4.200000000056,
    -54.41262233773));
#7920 = CARTESIAN_POINT('',(-66.95240340999,-4.199999999957,
    -54.41262233773));
#7921 = CARTESIAN_POINT('',(-69.2298805835,4.200000000056,-54.5663234772
    ));
#7922 = CARTESIAN_POINT('',(-69.2298805835,-4.199999999957,
    -54.5663234772));
#7923 = CARTESIAN_POINT('',(-69.98534326954,4.200000000056,
    -52.41230341095));
#7924 = CARTESIAN_POINT('',(-69.98534326954,-4.199999999957,
    -52.41230341096));
#7925 = ADVANCED_FACE('',(#7926),#7932,.F.);
#7926 = FACE_BOUND('',#7927,.F.);
#7927 = EDGE_LOOP('',(#7928,#7929,#7930,#7931));
#7928 = ORIENTED_EDGE('',*,*,#7820,.T.);
#7929 = ORIENTED_EDGE('',*,*,#7727,.T.);
#7930 = ORIENTED_EDGE('',*,*,#7886,.F.);
#7931 = ORIENTED_EDGE('',*,*,#7798,.T.);
#7932 = PLANE('',#7933);
#7933 = AXIS2_PLACEMENT_3D('',#7934,#7935,#7936);
#7934 = CARTESIAN_POINT('',(-70.106544993,-4.2,-50.61638856269));
#7935 = DIRECTION('',(-6.733429081241E-02,-3.722E-14,0.99773047126));
#7936 = DIRECTION('',(-2.510354079535E-15,1.,3.713524659779E-14));
#7937 = ( GEOMETRIC_REPRESENTATION_CONTEXT(3) 
GLOBAL_UNCERTAINTY_ASSIGNED_CONTEXT((#7941)) 
GLOBAL_UNIT_ASSIGNED_CONTEXT((#7938,#7939,#7940)) REPRESENTATION_CONTEXT
('Context #1','3D Context with UNIT and UNCERTAINTY') );
#7938 = ( LENGTH_UNIT() NAMED_UNIT(*) SI_UNIT(.MILLI.,.METRE.) );
#7939 = ( NAMED_UNIT(*) PLANE_ANGLE_UNIT() SI_UNIT($,.RADIAN.) );
#7940 = ( NAMED_UNIT(*) SI_UNIT($,.STERADIAN.) SOLID_ANGLE_UNIT() );
#7941 = UNCERTAINTY_MEASURE_WITH_UNIT(LENGTH_MEASURE(5.E-05),#7938,
  'distance_accuracy_value','confusion accuracy');
#7942 = CONTEXT_DEPENDENT_SHAPE_REPRESENTATION(#7943,#7945);
#7943 = ( REPRESENTATION_RELATIONSHIP('','',#48,#10) 
REPRESENTATION_RELATIONSHIP_WITH_TRANSFORMATION(#7944) 
SHAPE_REPRESENTATION_RELATIONSHIP() );
#7944 = ITEM_DEFINED_TRANSFORMATION('','',#11,#15);
#7945 = PRODUCT_DEFINITION_SHAPE('Placement','Placement of an item',
  #7946);
#7946 = NEXT_ASSEMBLY_USAGE_OCCURRENCE('1','Body','',#5,#43,$);
#7947 = PRODUCT_RELATED_PRODUCT_CATEGORY('part',$,(#45));
#7948 = SHAPE_DEFINITION_REPRESENTATION(#7949,#7955);
#7949 = PRODUCT_DEFINITION_SHAPE('','',#7950);
#7950 = PRODUCT_DEFINITION('design','',#7951,#7954);
#7951 = PRODUCT_DEFINITION_FORMATION('','',#7952);
#7952 = PRODUCT('Sup','Sup','',(#7953));
#7953 = PRODUCT_CONTEXT('',#2,'mechanical');
#7954 = PRODUCT_DEFINITION_CONTEXT('part definition',#2,'design');
#7955 = ADVANCED_BREP_SHAPE_REPRESENTATION('',(#11,#7956),#8298);
#7956 = MANIFOLD_SOLID_BREP('',#7957);
#7957 = CLOSED_SHELL('',(#7958,#7998,#8029,#8060,#8091,#8122,#8146,#8170
    ,#8192,#8216,#8233,#8257,#8274,#8286));
#7958 = ADVANCED_FACE('',(#7959),#7993,.F.);
#7959 = FACE_BOUND('',#7960,.F.);
#7960 = EDGE_LOOP('',(#7961,#7971,#7979,#7987));
#7961 = ORIENTED_EDGE('',*,*,#7962,.F.);
#7962 = EDGE_CURVE('',#7963,#7965,#7967,.T.);
#7963 = VERTEX_POINT('',#7964);
#7964 = CARTESIAN_POINT('',(-63.5486,111.68,-2.2042));
#7965 = VERTEX_POINT('',#7966);
#7966 = CARTESIAN_POINT('',(-63.5486,111.68,-4.0958));
#7967 = LINE('',#7968,#7969);
#7968 = CARTESIAN_POINT('',(-63.5486,111.68,-1.9042));
#7969 = VECTOR('',#7970,1.);
#7970 = DIRECTION('',(0.,2.2E-16,-1.));
#7971 = ORIENTED_EDGE('',*,*,#7972,.T.);
#7972 = EDGE_CURVE('',#7963,#7973,#7975,.T.);
#7973 = VERTEX_POINT('',#7974);
#7974 = CARTESIAN_POINT('',(-63.5486,-106.68,-2.2042));
#7975 = LINE('',#7976,#7977);
#7976 = CARTESIAN_POINT('',(-63.5486,111.68,-2.2042));
#7977 = VECTOR('',#7978,1.);
#7978 = DIRECTION('',(0.,-1.,2.2E-16));
#7979 = ORIENTED_EDGE('',*,*,#7980,.T.);
#7980 = EDGE_CURVE('',#7973,#7981,#7983,.T.);
#7981 = VERTEX_POINT('',#7982);
#7982 = CARTESIAN_POINT('',(-63.5486,-106.68,-4.0958));
#7983 = LINE('',#7984,#7985);
#7984 = CARTESIAN_POINT('',(-63.5486,-106.68,-1.9042));
#7985 = VECTOR('',#7986,1.);
#7986 = DIRECTION('',(0.,2.2E-16,-1.));
#7987 = ORIENTED_EDGE('',*,*,#7988,.F.);
#7988 = EDGE_CURVE('',#7965,#7981,#7989,.T.);
#7989 = LINE('',#7990,#7991);
#7990 = CARTESIAN_POINT('',(-63.5486,111.68,-4.0958));
#7991 = VECTOR('',#7992,1.);
#7992 = DIRECTION('',(0.,-1.,2.2E-16));
#7993 = PLANE('',#7994);
#7994 = AXIS2_PLACEMENT_3D('',#7995,#7996,#7997);
#7995 = CARTESIAN_POINT('',(-63.5486,111.68,-1.9042));
#7996 = DIRECTION('',(1.,0.,0.));
#7997 = DIRECTION('',(0.,-2.2E-16,-1.));
#7998 = ADVANCED_FACE('',(#7999),#8024,.T.);
#7999 = FACE_BOUND('',#8000,.T.);
#8000 = EDGE_LOOP('',(#8001,#8002,#8010,#8018));
#8001 = ORIENTED_EDGE('',*,*,#7962,.F.);
#8002 = ORIENTED_EDGE('',*,*,#8003,.F.);
#8003 = EDGE_CURVE('',#8004,#7963,#8006,.T.);
#8004 = VERTEX_POINT('',#8005);
#8005 = CARTESIAN_POINT('',(-62.7486,111.68,-2.2042));
#8006 = LINE('',#8007,#8008);
#8007 = CARTESIAN_POINT('',(-62.7486,111.68,-2.2042));
#8008 = VECTOR('',#8009,1.);
#8009 = DIRECTION('',(-1.,-0.,0.));
#8010 = ORIENTED_EDGE('',*,*,#8011,.F.);
#8011 = EDGE_CURVE('',#8012,#8004,#8014,.T.);
#8012 = VERTEX_POINT('',#8013);
#8013 = CARTESIAN_POINT('',(-62.7486,111.68,-4.0958));
#8014 = LINE('',#8015,#8016);
#8015 = CARTESIAN_POINT('',(-62.7486,111.68,-4.3958));
#8016 = VECTOR('',#8017,1.);
#8017 = DIRECTION('',(0.,-2.2E-16,1.));
#8018 = ORIENTED_EDGE('',*,*,#8019,.F.);
#8019 = EDGE_CURVE('',#7965,#8012,#8020,.T.);
#8020 = LINE('',#8021,#8022);
#8021 = CARTESIAN_POINT('',(-63.5486,111.68,-4.0958));
#8022 = VECTOR('',#8023,1.);
#8023 = DIRECTION('',(1.,0.,0.));
#8024 = PLANE('',#8025);
#8025 = AXIS2_PLACEMENT_3D('',#8026,#8027,#8028);
#8026 = CARTESIAN_POINT('',(-63.1486,111.68,-3.15));
#8027 = DIRECTION('',(0.,1.,2.2E-16));
#8028 = DIRECTION('',(0.,-2.2E-16,1.));
#8029 = ADVANCED_FACE('',(#8030),#8055,.T.);
#8030 = FACE_BOUND('',#8031,.T.);
#8031 = EDGE_LOOP('',(#8032,#8040,#8041,#8049));
#8032 = ORIENTED_EDGE('',*,*,#8033,.F.);
#8033 = EDGE_CURVE('',#7963,#8034,#8036,.T.);
#8034 = VERTEX_POINT('',#8035);
#8035 = CARTESIAN_POINT('',(-63.2486,111.38,-1.9042));
#8036 = LINE('',#8037,#8038);
#8037 = CARTESIAN_POINT('',(-63.31526666666,111.44666666666,
    -1.970866666667));
#8038 = VECTOR('',#8039,1.);
#8039 = DIRECTION('',(0.57735026919,-0.57735026919,0.57735026919));
#8040 = ORIENTED_EDGE('',*,*,#7972,.T.);
#8041 = ORIENTED_EDGE('',*,*,#8042,.T.);
#8042 = EDGE_CURVE('',#7973,#8043,#8045,.T.);
#8043 = VERTEX_POINT('',#8044);
#8044 = CARTESIAN_POINT('',(-63.2486,-106.38,-1.9042));
#8045 = LINE('',#8046,#8047);
#8046 = CARTESIAN_POINT('',(-26.92193333333,-70.05333333333,
    34.422466666667));
#8047 = VECTOR('',#8048,1.);
#8048 = DIRECTION('',(0.57735026919,0.57735026919,0.57735026919));
#8049 = ORIENTED_EDGE('',*,*,#8050,.F.);
#8050 = EDGE_CURVE('',#8034,#8043,#8051,.T.);
#8051 = LINE('',#8052,#8053);
#8052 = CARTESIAN_POINT('',(-63.2486,111.68,-1.9042));
#8053 = VECTOR('',#8054,1.);
#8054 = DIRECTION('',(0.,-1.,2.2E-16));
#8055 = PLANE('',#8056);
#8056 = AXIS2_PLACEMENT_3D('',#8057,#8058,#8059);
#8057 = CARTESIAN_POINT('',(-63.3986,111.68,-2.0542));
#8058 = DIRECTION('',(-0.707106781187,1.6E-16,0.707106781187));
#8059 = DIRECTION('',(-3.137084989848E-18,-1.,2.231370849898E-16));
#8060 = ADVANCED_FACE('',(#8061),#8086,.T.);
#8061 = FACE_BOUND('',#8062,.F.);
#8062 = EDGE_LOOP('',(#8063,#8071,#8072,#8080));
#8063 = ORIENTED_EDGE('',*,*,#8064,.F.);
#8064 = EDGE_CURVE('',#7965,#8065,#8067,.T.);
#8065 = VERTEX_POINT('',#8066);
#8066 = CARTESIAN_POINT('',(-63.2486,111.38,-4.3958));
#8067 = LINE('',#8068,#8069);
#8068 = CARTESIAN_POINT('',(-63.4486,111.58,-4.1958));
#8069 = VECTOR('',#8070,1.);
#8070 = DIRECTION('',(0.57735026919,-0.57735026919,-0.57735026919));
#8071 = ORIENTED_EDGE('',*,*,#7988,.T.);
#8072 = ORIENTED_EDGE('',*,*,#8073,.T.);
#8073 = EDGE_CURVE('',#7981,#8074,#8076,.T.);
#8074 = VERTEX_POINT('',#8075);
#8075 = CARTESIAN_POINT('',(-63.2486,-106.38,-4.3958));
#8076 = LINE('',#8077,#8078);
#8077 = CARTESIAN_POINT('',(-27.05526666666,-70.18666666666,
    -40.58913333333));
#8078 = VECTOR('',#8079,1.);
#8079 = DIRECTION('',(0.57735026919,0.57735026919,-0.57735026919));
#8080 = ORIENTED_EDGE('',*,*,#8081,.F.);
#8081 = EDGE_CURVE('',#8065,#8074,#8082,.T.);
#8082 = LINE('',#8083,#8084);
#8083 = CARTESIAN_POINT('',(-63.2486,111.68,-4.3958));
#8084 = VECTOR('',#8085,1.);
#8085 = DIRECTION('',(0.,-1.,2.2E-16));
#8086 = PLANE('',#8087);
#8087 = AXIS2_PLACEMENT_3D('',#8088,#8089,#8090);
#8088 = CARTESIAN_POINT('',(-63.3986,111.68,-4.2458));
#8089 = DIRECTION('',(-0.707106781187,-1.6E-16,-0.707106781187));
#8090 = DIRECTION('',(-3.137084989848E-18,1.,-2.231370849898E-16));
#8091 = ADVANCED_FACE('',(#8092),#8117,.F.);
#8092 = FACE_BOUND('',#8093,.F.);
#8093 = EDGE_LOOP('',(#8094,#8095,#8103,#8111));
#8094 = ORIENTED_EDGE('',*,*,#7980,.F.);
#8095 = ORIENTED_EDGE('',*,*,#8096,.F.);
#8096 = EDGE_CURVE('',#8097,#7973,#8099,.T.);
#8097 = VERTEX_POINT('',#8098);
#8098 = CARTESIAN_POINT('',(-62.7486,-106.68,-2.2042));
#8099 = LINE('',#8100,#8101);
#8100 = CARTESIAN_POINT('',(-62.7486,-106.68,-2.2042));
#8101 = VECTOR('',#8102,1.);
#8102 = DIRECTION('',(-1.,-0.,0.));
#8103 = ORIENTED_EDGE('',*,*,#8104,.F.);
#8104 = EDGE_CURVE('',#8105,#8097,#8107,.T.);
#8105 = VERTEX_POINT('',#8106);
#8106 = CARTESIAN_POINT('',(-62.7486,-106.68,-4.0958));
#8107 = LINE('',#8108,#8109);
#8108 = CARTESIAN_POINT('',(-62.7486,-106.68,-4.3958));
#8109 = VECTOR('',#8110,1.);
#8110 = DIRECTION('',(0.,-2.2E-16,1.));
#8111 = ORIENTED_EDGE('',*,*,#8112,.F.);
#8112 = EDGE_CURVE('',#7981,#8105,#8113,.T.);
#8113 = LINE('',#8114,#8115);
#8114 = CARTESIAN_POINT('',(-63.5486,-106.68,-4.0958));
#8115 = VECTOR('',#8116,1.);
#8116 = DIRECTION('',(1.,0.,0.));
#8117 = PLANE('',#8118);
#8118 = AXIS2_PLACEMENT_3D('',#8119,#8120,#8121);
#8119 = CARTESIAN_POINT('',(-63.1486,-106.68,-3.15));
#8120 = DIRECTION('',(0.,1.,2.2E-16));
#8121 = DIRECTION('',(0.,-2.2E-16,1.));
#8122 = ADVANCED_FACE('',(#8123),#8141,.F.);
#8123 = FACE_BOUND('',#8124,.F.);
#8124 = EDGE_LOOP('',(#8125,#8133,#8139,#8140));
#8125 = ORIENTED_EDGE('',*,*,#8126,.T.);
#8126 = EDGE_CURVE('',#8004,#8127,#8129,.T.);
#8127 = VERTEX_POINT('',#8128);
#8128 = CARTESIAN_POINT('',(-63.0486,111.38,-1.9042));
#8129 = LINE('',#8130,#8131);
#8130 = CARTESIAN_POINT('',(-62.8486,111.58,-2.1042));
#8131 = VECTOR('',#8132,1.);
#8132 = DIRECTION('',(-0.57735026919,-0.57735026919,0.57735026919));
#8133 = ORIENTED_EDGE('',*,*,#8134,.T.);
#8134 = EDGE_CURVE('',#8127,#8034,#8135,.T.);
#8135 = LINE('',#8136,#8137);
#8136 = CARTESIAN_POINT('',(-62.7486,111.38,-1.9042));
#8137 = VECTOR('',#8138,1.);
#8138 = DIRECTION('',(-1.,-0.,0.));
#8139 = ORIENTED_EDGE('',*,*,#8033,.F.);
#8140 = ORIENTED_EDGE('',*,*,#8003,.F.);
#8141 = PLANE('',#8142);
#8142 = AXIS2_PLACEMENT_3D('',#8143,#8144,#8145);
#8143 = CARTESIAN_POINT('',(-62.7486,111.53,-2.0542));
#8144 = DIRECTION('',(0.,-0.707106781187,-0.707106781187));
#8145 = DIRECTION('',(-1.,-0.,0.));
#8146 = ADVANCED_FACE('',(#8147),#8165,.F.);
#8147 = FACE_BOUND('',#8148,.F.);
#8148 = EDGE_LOOP('',(#8149,#8150,#8158,#8164));
#8149 = ORIENTED_EDGE('',*,*,#8064,.T.);
#8150 = ORIENTED_EDGE('',*,*,#8151,.T.);
#8151 = EDGE_CURVE('',#8065,#8152,#8154,.T.);
#8152 = VERTEX_POINT('',#8153);
#8153 = CARTESIAN_POINT('',(-63.0486,111.38,-4.3958));
#8154 = LINE('',#8155,#8156);
#8155 = CARTESIAN_POINT('',(-63.5486,111.38,-4.3958));
#8156 = VECTOR('',#8157,1.);
#8157 = DIRECTION('',(1.,0.,0.));
#8158 = ORIENTED_EDGE('',*,*,#8159,.T.);
#8159 = EDGE_CURVE('',#8152,#8012,#8160,.T.);
#8160 = LINE('',#8161,#8162);
#8161 = CARTESIAN_POINT('',(-62.98193333333,111.44666666666,
    -4.329133333333));
#8162 = VECTOR('',#8163,1.);
#8163 = DIRECTION('',(0.57735026919,0.57735026919,0.57735026919));
#8164 = ORIENTED_EDGE('',*,*,#8019,.F.);
#8165 = PLANE('',#8166);
#8166 = AXIS2_PLACEMENT_3D('',#8167,#8168,#8169);
#8167 = CARTESIAN_POINT('',(-63.5486,111.53,-4.2458));
#8168 = DIRECTION('',(-0.,-0.707106781187,0.707106781187));
#8169 = DIRECTION('',(1.,0.,0.));
#8170 = ADVANCED_FACE('',(#8171),#8187,.F.);
#8171 = FACE_BOUND('',#8172,.F.);
#8172 = EDGE_LOOP('',(#8173,#8174,#8180,#8181));
#8173 = ORIENTED_EDGE('',*,*,#8011,.F.);
#8174 = ORIENTED_EDGE('',*,*,#8175,.T.);
#8175 = EDGE_CURVE('',#8012,#8105,#8176,.T.);
#8176 = LINE('',#8177,#8178);
#8177 = CARTESIAN_POINT('',(-62.7486,111.68,-4.0958));
#8178 = VECTOR('',#8179,1.);
#8179 = DIRECTION('',(0.,-1.,2.2E-16));
#8180 = ORIENTED_EDGE('',*,*,#8104,.T.);
#8181 = ORIENTED_EDGE('',*,*,#8182,.F.);
#8182 = EDGE_CURVE('',#8004,#8097,#8183,.T.);
#8183 = LINE('',#8184,#8185);
#8184 = CARTESIAN_POINT('',(-62.7486,111.68,-2.2042));
#8185 = VECTOR('',#8186,1.);
#8186 = DIRECTION('',(0.,-1.,2.2E-16));
#8187 = PLANE('',#8188);
#8188 = AXIS2_PLACEMENT_3D('',#8189,#8190,#8191);
#8189 = CARTESIAN_POINT('',(-62.7486,111.68,-4.3958));
#8190 = DIRECTION('',(-1.,0.,0.));
#8191 = DIRECTION('',(0.,2.2E-16,1.));
#8192 = ADVANCED_FACE('',(#8193),#8211,.F.);
#8193 = FACE_BOUND('',#8194,.F.);
#8194 = EDGE_LOOP('',(#8195,#8203,#8209,#8210));
#8195 = ORIENTED_EDGE('',*,*,#8196,.T.);
#8196 = EDGE_CURVE('',#8127,#8197,#8199,.T.);
#8197 = VERTEX_POINT('',#8198);
#8198 = CARTESIAN_POINT('',(-63.0486,-106.38,-1.9042));
#8199 = LINE('',#8200,#8201);
#8200 = CARTESIAN_POINT('',(-63.0486,111.68,-1.9042));
#8201 = VECTOR('',#8202,1.);
#8202 = DIRECTION('',(0.,-1.,2.2E-16));
#8203 = ORIENTED_EDGE('',*,*,#8204,.T.);
#8204 = EDGE_CURVE('',#8197,#8043,#8205,.T.);
#8205 = LINE('',#8206,#8207);
#8206 = CARTESIAN_POINT('',(-62.7486,-106.38,-1.9042));
#8207 = VECTOR('',#8208,1.);
#8208 = DIRECTION('',(-1.,-0.,0.));
#8209 = ORIENTED_EDGE('',*,*,#8050,.F.);
#8210 = ORIENTED_EDGE('',*,*,#8134,.F.);
#8211 = PLANE('',#8212);
#8212 = AXIS2_PLACEMENT_3D('',#8213,#8214,#8215);
#8213 = CARTESIAN_POINT('',(-62.7486,111.68,-1.9042));
#8214 = DIRECTION('',(0.,-2.2E-16,-1.));
#8215 = DIRECTION('',(-1.,0.,0.));
#8216 = ADVANCED_FACE('',(#8217),#8228,.T.);
#8217 = FACE_BOUND('',#8218,.T.);
#8218 = EDGE_LOOP('',(#8219,#8225,#8226,#8227));
#8219 = ORIENTED_EDGE('',*,*,#8220,.T.);
#8220 = EDGE_CURVE('',#8097,#8197,#8221,.T.);
#8221 = LINE('',#8222,#8223);
#8222 = CARTESIAN_POINT('',(-99.24193333333,-70.18666666666,
    34.289133333333));
#8223 = VECTOR('',#8224,1.);
#8224 = DIRECTION('',(-0.57735026919,0.57735026919,0.57735026919));
#8225 = ORIENTED_EDGE('',*,*,#8204,.T.);
#8226 = ORIENTED_EDGE('',*,*,#8042,.F.);
#8227 = ORIENTED_EDGE('',*,*,#8096,.F.);
#8228 = PLANE('',#8229);
#8229 = AXIS2_PLACEMENT_3D('',#8230,#8231,#8232);
#8230 = CARTESIAN_POINT('',(-62.7486,-106.53,-2.0542));
#8231 = DIRECTION('',(0.,-0.707106781187,0.707106781187));
#8232 = DIRECTION('',(-1.,0.,0.));
#8233 = ADVANCED_FACE('',(#8234),#8252,.F.);
#8234 = FACE_BOUND('',#8235,.F.);
#8235 = EDGE_LOOP('',(#8236,#8237,#8245,#8251));
#8236 = ORIENTED_EDGE('',*,*,#8081,.T.);
#8237 = ORIENTED_EDGE('',*,*,#8238,.T.);
#8238 = EDGE_CURVE('',#8074,#8239,#8241,.T.);
#8239 = VERTEX_POINT('',#8240);
#8240 = CARTESIAN_POINT('',(-63.0486,-106.38,-4.3958));
#8241 = LINE('',#8242,#8243);
#8242 = CARTESIAN_POINT('',(-63.5486,-106.38,-4.3958));
#8243 = VECTOR('',#8244,1.);
#8244 = DIRECTION('',(1.,0.,0.));
#8245 = ORIENTED_EDGE('',*,*,#8246,.F.);
#8246 = EDGE_CURVE('',#8152,#8239,#8247,.T.);
#8247 = LINE('',#8248,#8249);
#8248 = CARTESIAN_POINT('',(-63.0486,111.68,-4.3958));
#8249 = VECTOR('',#8250,1.);
#8250 = DIRECTION('',(0.,-1.,2.2E-16));
#8251 = ORIENTED_EDGE('',*,*,#8151,.F.);
#8252 = PLANE('',#8253);
#8253 = AXIS2_PLACEMENT_3D('',#8254,#8255,#8256);
#8254 = CARTESIAN_POINT('',(-63.5486,111.68,-4.3958));
#8255 = DIRECTION('',(0.,2.2E-16,1.));
#8256 = DIRECTION('',(1.,0.,0.));
#8257 = ADVANCED_FACE('',(#8258),#8269,.T.);
#8258 = FACE_BOUND('',#8259,.T.);
#8259 = EDGE_LOOP('',(#8260,#8261,#8262,#8268));
#8260 = ORIENTED_EDGE('',*,*,#8073,.T.);
#8261 = ORIENTED_EDGE('',*,*,#8238,.T.);
#8262 = ORIENTED_EDGE('',*,*,#8263,.T.);
#8263 = EDGE_CURVE('',#8239,#8105,#8264,.T.);
#8264 = LINE('',#8265,#8266);
#8265 = CARTESIAN_POINT('',(-99.37526666666,-70.05333333333,
    -40.72246666666));
#8266 = VECTOR('',#8267,1.);
#8267 = DIRECTION('',(0.57735026919,-0.57735026919,0.57735026919));
#8268 = ORIENTED_EDGE('',*,*,#8112,.F.);
#8269 = PLANE('',#8270);
#8270 = AXIS2_PLACEMENT_3D('',#8271,#8272,#8273);
#8271 = CARTESIAN_POINT('',(-63.5486,-106.53,-4.2458));
#8272 = DIRECTION('',(0.,-0.707106781187,-0.707106781187));
#8273 = DIRECTION('',(1.,0.,0.));
#8274 = ADVANCED_FACE('',(#8275),#8281,.T.);
#8275 = FACE_BOUND('',#8276,.F.);
#8276 = EDGE_LOOP('',(#8277,#8278,#8279,#8280));
#8277 = ORIENTED_EDGE('',*,*,#8126,.F.);
#8278 = ORIENTED_EDGE('',*,*,#8182,.T.);
#8279 = ORIENTED_EDGE('',*,*,#8220,.T.);
#8280 = ORIENTED_EDGE('',*,*,#8196,.F.);
#8281 = PLANE('',#8282);
#8282 = AXIS2_PLACEMENT_3D('',#8283,#8284,#8285);
#8283 = CARTESIAN_POINT('',(-62.8986,111.68,-2.0542));
#8284 = DIRECTION('',(0.707106781187,1.5E-16,0.707106781187));
#8285 = DIRECTION('',(3.933982822017E-18,1.,-2.16066017178E-16));
#8286 = ADVANCED_FACE('',(#8287),#8293,.T.);
#8287 = FACE_BOUND('',#8288,.F.);
#8288 = EDGE_LOOP('',(#8289,#8290,#8291,#8292));
#8289 = ORIENTED_EDGE('',*,*,#8159,.F.);
#8290 = ORIENTED_EDGE('',*,*,#8246,.T.);
#8291 = ORIENTED_EDGE('',*,*,#8263,.T.);
#8292 = ORIENTED_EDGE('',*,*,#8175,.F.);
#8293 = PLANE('',#8294);
#8294 = AXIS2_PLACEMENT_3D('',#8295,#8296,#8297);
#8295 = CARTESIAN_POINT('',(-62.8986,111.68,-4.2458));
#8296 = DIRECTION('',(0.707106781187,-1.5E-16,-0.707106781187));
#8297 = DIRECTION('',(-3.933982822017E-18,1.,-2.16066017178E-16));
#8298 = ( GEOMETRIC_REPRESENTATION_CONTEXT(3) 
GLOBAL_UNCERTAINTY_ASSIGNED_CONTEXT((#8302)) 
GLOBAL_UNIT_ASSIGNED_CONTEXT((#8299,#8300,#8301)) REPRESENTATION_CONTEXT
('Context #1','3D Context with UNIT and UNCERTAINTY') );
#8299 = ( LENGTH_UNIT() NAMED_UNIT(*) SI_UNIT(.MILLI.,.METRE.) );
#8300 = ( NAMED_UNIT(*) PLANE_ANGLE_UNIT() SI_UNIT($,.RADIAN.) );
#8301 = ( NAMED_UNIT(*) SI_UNIT($,.STERADIAN.) SOLID_ANGLE_UNIT() );
#8302 = UNCERTAINTY_MEASURE_WITH_UNIT(LENGTH_MEASURE(1.E-07),#8299,
  'distance_accuracy_value','confusion accuracy');
#8303 = CONTEXT_DEPENDENT_SHAPE_REPRESENTATION(#8304,#8306);
#8304 = ( REPRESENTATION_RELATIONSHIP('','',#7955,#10) 
REPRESENTATION_RELATIONSHIP_WITH_TRANSFORMATION(#8305) 
SHAPE_REPRESENTATION_RELATIONSHIP() );
#8305 = ITEM_DEFINED_TRANSFORMATION('','',#11,#19);
#8306 = PRODUCT_DEFINITION_SHAPE('Placement','Placement of an item',
  #8307);
#8307 = NEXT_ASSEMBLY_USAGE_OCCURRENCE('2','Sup','',#5,#7950,$);
#8308 = PRODUCT_RELATED_PRODUCT_CATEGORY('part',$,(#7952));
#8309 = SHAPE_DEFINITION_REPRESENTATION(#8310,#8316);
#8310 = PRODUCT_DEFINITION_SHAPE('','',#8311);
#8311 = PRODUCT_DEFINITION('design','',#8312,#8315);
#8312 = PRODUCT_DEFINITION_FORMATION('','',#8313);
#8313 = PRODUCT('Body002','Body002','',(#8314));
#8314 = PRODUCT_CONTEXT('',#2,'mechanical');
#8315 = PRODUCT_DEFINITION_CONTEXT('part definition',#2,'design');
#8316 = ADVANCED_BREP_SHAPE_REPRESENTATION('',(#11,#8317),#8659);
#8317 = MANIFOLD_SOLID_BREP('',#8318);
#8318 = CLOSED_SHELL('',(#8319,#8359,#8390,#8421,#8452,#8483,#8507,#8531
    ,#8553,#8577,#8594,#8618,#8635,#8647));
#8319 = ADVANCED_FACE('',(#8320),#8354,.F.);
#8320 = FACE_BOUND('',#8321,.F.);
#8321 = EDGE_LOOP('',(#8322,#8332,#8340,#8348));
#8322 = ORIENTED_EDGE('',*,*,#8323,.F.);
#8323 = EDGE_CURVE('',#8324,#8326,#8328,.T.);
#8324 = VERTEX_POINT('',#8325);
#8325 = CARTESIAN_POINT('',(-63.5486,111.68,-2.2042));
#8326 = VERTEX_POINT('',#8327);
#8327 = CARTESIAN_POINT('',(-63.5486,111.68,-4.0958));
#8328 = LINE('',#8329,#8330);
#8329 = CARTESIAN_POINT('',(-63.5486,111.68,-1.9042));
#8330 = VECTOR('',#8331,1.);
#8331 = DIRECTION('',(0.,2.2E-16,-1.));
#8332 = ORIENTED_EDGE('',*,*,#8333,.T.);
#8333 = EDGE_CURVE('',#8324,#8334,#8336,.T.);
#8334 = VERTEX_POINT('',#8335);
#8335 = CARTESIAN_POINT('',(-63.5486,-106.68,-2.2042));
#8336 = LINE('',#8337,#8338);
#8337 = CARTESIAN_POINT('',(-63.5486,111.68,-2.2042));
#8338 = VECTOR('',#8339,1.);
#8339 = DIRECTION('',(0.,-1.,2.2E-16));
#8340 = ORIENTED_EDGE('',*,*,#8341,.T.);
#8341 = EDGE_CURVE('',#8334,#8342,#8344,.T.);
#8342 = VERTEX_POINT('',#8343);
#8343 = CARTESIAN_POINT('',(-63.5486,-106.68,-4.0958));
#8344 = LINE('',#8345,#8346);
#8345 = CARTESIAN_POINT('',(-63.5486,-106.68,-1.9042));
#8346 = VECTOR('',#8347,1.);
#8347 = DIRECTION('',(0.,2.2E-16,-1.));
#8348 = ORIENTED_EDGE('',*,*,#8349,.F.);
#8349 = EDGE_CURVE('',#8326,#8342,#8350,.T.);
#8350 = LINE('',#8351,#8352);
#8351 = CARTESIAN_POINT('',(-63.5486,111.68,-4.0958));
#8352 = VECTOR('',#8353,1.);
#8353 = DIRECTION('',(0.,-1.,2.2E-16));
#8354 = PLANE('',#8355);
#8355 = AXIS2_PLACEMENT_3D('',#8356,#8357,#8358);
#8356 = CARTESIAN_POINT('',(-63.5486,111.68,-1.9042));
#8357 = DIRECTION('',(1.,0.,0.));
#8358 = DIRECTION('',(0.,-2.2E-16,-1.));
#8359 = ADVANCED_FACE('',(#8360),#8385,.T.);
#8360 = FACE_BOUND('',#8361,.T.);
#8361 = EDGE_LOOP('',(#8362,#8363,#8371,#8379));
#8362 = ORIENTED_EDGE('',*,*,#8323,.F.);
#8363 = ORIENTED_EDGE('',*,*,#8364,.F.);
#8364 = EDGE_CURVE('',#8365,#8324,#8367,.T.);
#8365 = VERTEX_POINT('',#8366);
#8366 = CARTESIAN_POINT('',(-62.7486,111.68,-2.2042));
#8367 = LINE('',#8368,#8369);
#8368 = CARTESIAN_POINT('',(-62.7486,111.68,-2.2042));
#8369 = VECTOR('',#8370,1.);
#8370 = DIRECTION('',(-1.,0.,0.));
#8371 = ORIENTED_EDGE('',*,*,#8372,.F.);
#8372 = EDGE_CURVE('',#8373,#8365,#8375,.T.);
#8373 = VERTEX_POINT('',#8374);
#8374 = CARTESIAN_POINT('',(-62.7486,111.68,-4.0958));
#8375 = LINE('',#8376,#8377);
#8376 = CARTESIAN_POINT('',(-62.7486,111.68,-4.3958));
#8377 = VECTOR('',#8378,1.);
#8378 = DIRECTION('',(0.,-2.2E-16,1.));
#8379 = ORIENTED_EDGE('',*,*,#8380,.F.);
#8380 = EDGE_CURVE('',#8326,#8373,#8381,.T.);
#8381 = LINE('',#8382,#8383);
#8382 = CARTESIAN_POINT('',(-63.5486,111.68,-4.0958));
#8383 = VECTOR('',#8384,1.);
#8384 = DIRECTION('',(1.,0.,0.));
#8385 = PLANE('',#8386);
#8386 = AXIS2_PLACEMENT_3D('',#8387,#8388,#8389);
#8387 = CARTESIAN_POINT('',(-63.1486,111.68,-3.15));
#8388 = DIRECTION('',(0.,1.,2.2E-16));
#8389 = DIRECTION('',(0.,-2.2E-16,1.));
#8390 = ADVANCED_FACE('',(#8391),#8416,.T.);
#8391 = FACE_BOUND('',#8392,.T.);
#8392 = EDGE_LOOP('',(#8393,#8401,#8402,#8410));
#8393 = ORIENTED_EDGE('',*,*,#8394,.F.);
#8394 = EDGE_CURVE('',#8324,#8395,#8397,.T.);
#8395 = VERTEX_POINT('',#8396);
#8396 = CARTESIAN_POINT('',(-63.2486,111.38,-1.9042));
#8397 = LINE('',#8398,#8399);
#8398 = CARTESIAN_POINT('',(-63.31526666666,111.44666666666,
    -1.970866666667));
#8399 = VECTOR('',#8400,1.);
#8400 = DIRECTION('',(0.57735026919,-0.57735026919,0.57735026919));
#8401 = ORIENTED_EDGE('',*,*,#8333,.T.);
#8402 = ORIENTED_EDGE('',*,*,#8403,.T.);
#8403 = EDGE_CURVE('',#8334,#8404,#8406,.T.);
#8404 = VERTEX_POINT('',#8405);
#8405 = CARTESIAN_POINT('',(-63.2486,-106.38,-1.9042));
#8406 = LINE('',#8407,#8408);
#8407 = CARTESIAN_POINT('',(-26.92193333333,-70.05333333333,
    34.422466666667));
#8408 = VECTOR('',#8409,1.);
#8409 = DIRECTION('',(0.57735026919,0.57735026919,0.57735026919));
#8410 = ORIENTED_EDGE('',*,*,#8411,.F.);
#8411 = EDGE_CURVE('',#8395,#8404,#8412,.T.);
#8412 = LINE('',#8413,#8414);
#8413 = CARTESIAN_POINT('',(-63.2486,111.68,-1.9042));
#8414 = VECTOR('',#8415,1.);
#8415 = DIRECTION('',(0.,-1.,2.2E-16));
#8416 = PLANE('',#8417);
#8417 = AXIS2_PLACEMENT_3D('',#8418,#8419,#8420);
#8418 = CARTESIAN_POINT('',(-63.3986,111.68,-2.0542));
#8419 = DIRECTION('',(-0.707106781187,1.6E-16,0.707106781187));
#8420 = DIRECTION('',(-3.137084989848E-18,-1.,2.231370849898E-16));
#8421 = ADVANCED_FACE('',(#8422),#8447,.T.);
#8422 = FACE_BOUND('',#8423,.F.);
#8423 = EDGE_LOOP('',(#8424,#8432,#8433,#8441));
#8424 = ORIENTED_EDGE('',*,*,#8425,.F.);
#8425 = EDGE_CURVE('',#8326,#8426,#8428,.T.);
#8426 = VERTEX_POINT('',#8427);
#8427 = CARTESIAN_POINT('',(-63.2486,111.38,-4.3958));
#8428 = LINE('',#8429,#8430);
#8429 = CARTESIAN_POINT('',(-63.4486,111.58,-4.1958));
#8430 = VECTOR('',#8431,1.);
#8431 = DIRECTION('',(0.57735026919,-0.57735026919,-0.57735026919));
#8432 = ORIENTED_EDGE('',*,*,#8349,.T.);
#8433 = ORIENTED_EDGE('',*,*,#8434,.T.);
#8434 = EDGE_CURVE('',#8342,#8435,#8437,.T.);
#8435 = VERTEX_POINT('',#8436);
#8436 = CARTESIAN_POINT('',(-63.2486,-106.38,-4.3958));
#8437 = LINE('',#8438,#8439);
#8438 = CARTESIAN_POINT('',(-27.05526666666,-70.18666666666,
    -40.58913333333));
#8439 = VECTOR('',#8440,1.);
#8440 = DIRECTION('',(0.57735026919,0.57735026919,-0.57735026919));
#8441 = ORIENTED_EDGE('',*,*,#8442,.F.);
#8442 = EDGE_CURVE('',#8426,#8435,#8443,.T.);
#8443 = LINE('',#8444,#8445);
#8444 = CARTESIAN_POINT('',(-63.2486,111.68,-4.3958));
#8445 = VECTOR('',#8446,1.);
#8446 = DIRECTION('',(0.,-1.,2.2E-16));
#8447 = PLANE('',#8448);
#8448 = AXIS2_PLACEMENT_3D('',#8449,#8450,#8451);
#8449 = CARTESIAN_POINT('',(-63.3986,111.68,-4.2458));
#8450 = DIRECTION('',(-0.707106781187,-1.6E-16,-0.707106781187));
#8451 = DIRECTION('',(-3.137084989848E-18,1.,-2.231370849898E-16));
#8452 = ADVANCED_FACE('',(#8453),#8478,.F.);
#8453 = FACE_BOUND('',#8454,.F.);
#8454 = EDGE_LOOP('',(#8455,#8456,#8464,#8472));
#8455 = ORIENTED_EDGE('',*,*,#8341,.F.);
#8456 = ORIENTED_EDGE('',*,*,#8457,.F.);
#8457 = EDGE_CURVE('',#8458,#8334,#8460,.T.);
#8458 = VERTEX_POINT('',#8459);
#8459 = CARTESIAN_POINT('',(-62.7486,-106.68,-2.2042));
#8460 = LINE('',#8461,#8462);
#8461 = CARTESIAN_POINT('',(-62.7486,-106.68,-2.2042));
#8462 = VECTOR('',#8463,1.);
#8463 = DIRECTION('',(-1.,0.,0.));
#8464 = ORIENTED_EDGE('',*,*,#8465,.F.);
#8465 = EDGE_CURVE('',#8466,#8458,#8468,.T.);
#8466 = VERTEX_POINT('',#8467);
#8467 = CARTESIAN_POINT('',(-62.7486,-106.68,-4.0958));
#8468 = LINE('',#8469,#8470);
#8469 = CARTESIAN_POINT('',(-62.7486,-106.68,-4.3958));
#8470 = VECTOR('',#8471,1.);
#8471 = DIRECTION('',(0.,-2.2E-16,1.));
#8472 = ORIENTED_EDGE('',*,*,#8473,.F.);
#8473 = EDGE_CURVE('',#8342,#8466,#8474,.T.);
#8474 = LINE('',#8475,#8476);
#8475 = CARTESIAN_POINT('',(-63.5486,-106.68,-4.0958));
#8476 = VECTOR('',#8477,1.);
#8477 = DIRECTION('',(1.,0.,0.));
#8478 = PLANE('',#8479);
#8479 = AXIS2_PLACEMENT_3D('',#8480,#8481,#8482);
#8480 = CARTESIAN_POINT('',(-63.1486,-106.68,-3.15));
#8481 = DIRECTION('',(0.,1.,2.2E-16));
#8482 = DIRECTION('',(0.,-2.2E-16,1.));
#8483 = ADVANCED_FACE('',(#8484),#8502,.F.);
#8484 = FACE_BOUND('',#8485,.F.);
#8485 = EDGE_LOOP('',(#8486,#8494,#8500,#8501));
#8486 = ORIENTED_EDGE('',*,*,#8487,.T.);
#8487 = EDGE_CURVE('',#8365,#8488,#8490,.T.);
#8488 = VERTEX_POINT('',#8489);
#8489 = CARTESIAN_POINT('',(-63.0486,111.38,-1.9042));
#8490 = LINE('',#8491,#8492);
#8491 = CARTESIAN_POINT('',(-62.8486,111.58,-2.1042));
#8492 = VECTOR('',#8493,1.);
#8493 = DIRECTION('',(-0.57735026919,-0.57735026919,0.57735026919));
#8494 = ORIENTED_EDGE('',*,*,#8495,.T.);
#8495 = EDGE_CURVE('',#8488,#8395,#8496,.T.);
#8496 = LINE('',#8497,#8498);
#8497 = CARTESIAN_POINT('',(-62.7486,111.38,-1.9042));
#8498 = VECTOR('',#8499,1.);
#8499 = DIRECTION('',(-1.,0.,0.));
#8500 = ORIENTED_EDGE('',*,*,#8394,.F.);
#8501 = ORIENTED_EDGE('',*,*,#8364,.F.);
#8502 = PLANE('',#8503);
#8503 = AXIS2_PLACEMENT_3D('',#8504,#8505,#8506);
#8504 = CARTESIAN_POINT('',(-62.7486,111.53,-2.0542));
#8505 = DIRECTION('',(0.,-0.707106781187,-0.707106781187));
#8506 = DIRECTION('',(-1.,-0.,0.));
#8507 = ADVANCED_FACE('',(#8508),#8526,.F.);
#8508 = FACE_BOUND('',#8509,.F.);
#8509 = EDGE_LOOP('',(#8510,#8511,#8519,#8525));
#8510 = ORIENTED_EDGE('',*,*,#8425,.T.);
#8511 = ORIENTED_EDGE('',*,*,#8512,.T.);
#8512 = EDGE_CURVE('',#8426,#8513,#8515,.T.);
#8513 = VERTEX_POINT('',#8514);
#8514 = CARTESIAN_POINT('',(-63.0486,111.38,-4.3958));
#8515 = LINE('',#8516,#8517);
#8516 = CARTESIAN_POINT('',(-63.5486,111.38,-4.3958));
#8517 = VECTOR('',#8518,1.);
#8518 = DIRECTION('',(1.,0.,0.));
#8519 = ORIENTED_EDGE('',*,*,#8520,.T.);
#8520 = EDGE_CURVE('',#8513,#8373,#8521,.T.);
#8521 = LINE('',#8522,#8523);
#8522 = CARTESIAN_POINT('',(-62.98193333333,111.44666666666,
    -4.329133333333));
#8523 = VECTOR('',#8524,1.);
#8524 = DIRECTION('',(0.57735026919,0.57735026919,0.57735026919));
#8525 = ORIENTED_EDGE('',*,*,#8380,.F.);
#8526 = PLANE('',#8527);
#8527 = AXIS2_PLACEMENT_3D('',#8528,#8529,#8530);
#8528 = CARTESIAN_POINT('',(-63.5486,111.53,-4.2458));
#8529 = DIRECTION('',(-0.,-0.707106781187,0.707106781187));
#8530 = DIRECTION('',(1.,0.,0.));
#8531 = ADVANCED_FACE('',(#8532),#8548,.F.);
#8532 = FACE_BOUND('',#8533,.F.);
#8533 = EDGE_LOOP('',(#8534,#8535,#8541,#8542));
#8534 = ORIENTED_EDGE('',*,*,#8372,.F.);
#8535 = ORIENTED_EDGE('',*,*,#8536,.T.);
#8536 = EDGE_CURVE('',#8373,#8466,#8537,.T.);
#8537 = LINE('',#8538,#8539);
#8538 = CARTESIAN_POINT('',(-62.7486,111.68,-4.0958));
#8539 = VECTOR('',#8540,1.);
#8540 = DIRECTION('',(0.,-1.,2.2E-16));
#8541 = ORIENTED_EDGE('',*,*,#8465,.T.);
#8542 = ORIENTED_EDGE('',*,*,#8543,.F.);
#8543 = EDGE_CURVE('',#8365,#8458,#8544,.T.);
#8544 = LINE('',#8545,#8546);
#8545 = CARTESIAN_POINT('',(-62.7486,111.68,-2.2042));
#8546 = VECTOR('',#8547,1.);
#8547 = DIRECTION('',(0.,-1.,2.2E-16));
#8548 = PLANE('',#8549);
#8549 = AXIS2_PLACEMENT_3D('',#8550,#8551,#8552);
#8550 = CARTESIAN_POINT('',(-62.7486,111.68,-4.3958));
#8551 = DIRECTION('',(-1.,0.,0.));
#8552 = DIRECTION('',(0.,2.2E-16,1.));
#8553 = ADVANCED_FACE('',(#8554),#8572,.F.);
#8554 = FACE_BOUND('',#8555,.F.);
#8555 = EDGE_LOOP('',(#8556,#8564,#8570,#8571));
#8556 = ORIENTED_EDGE('',*,*,#8557,.T.);
#8557 = EDGE_CURVE('',#8488,#8558,#8560,.T.);
#8558 = VERTEX_POINT('',#8559);
#8559 = CARTESIAN_POINT('',(-63.0486,-106.38,-1.9042));
#8560 = LINE('',#8561,#8562);
#8561 = CARTESIAN_POINT('',(-63.0486,111.68,-1.9042));
#8562 = VECTOR('',#8563,1.);
#8563 = DIRECTION('',(0.,-1.,2.2E-16));
#8564 = ORIENTED_EDGE('',*,*,#8565,.T.);
#8565 = EDGE_CURVE('',#8558,#8404,#8566,.T.);
#8566 = LINE('',#8567,#8568);
#8567 = CARTESIAN_POINT('',(-62.7486,-106.38,-1.9042));
#8568 = VECTOR('',#8569,1.);
#8569 = DIRECTION('',(-1.,0.,0.));
#8570 = ORIENTED_EDGE('',*,*,#8411,.F.);
#8571 = ORIENTED_EDGE('',*,*,#8495,.F.);
#8572 = PLANE('',#8573);
#8573 = AXIS2_PLACEMENT_3D('',#8574,#8575,#8576);
#8574 = CARTESIAN_POINT('',(-62.7486,111.68,-1.9042));
#8575 = DIRECTION('',(0.,-2.2E-16,-1.));
#8576 = DIRECTION('',(-1.,0.,0.));
#8577 = ADVANCED_FACE('',(#8578),#8589,.T.);
#8578 = FACE_BOUND('',#8579,.T.);
#8579 = EDGE_LOOP('',(#8580,#8586,#8587,#8588));
#8580 = ORIENTED_EDGE('',*,*,#8581,.T.);
#8581 = EDGE_CURVE('',#8458,#8558,#8582,.T.);
#8582 = LINE('',#8583,#8584);
#8583 = CARTESIAN_POINT('',(-99.24193333333,-70.18666666666,
    34.289133333333));
#8584 = VECTOR('',#8585,1.);
#8585 = DIRECTION('',(-0.57735026919,0.57735026919,0.57735026919));
#8586 = ORIENTED_EDGE('',*,*,#8565,.T.);
#8587 = ORIENTED_EDGE('',*,*,#8403,.F.);
#8588 = ORIENTED_EDGE('',*,*,#8457,.F.);
#8589 = PLANE('',#8590);
#8590 = AXIS2_PLACEMENT_3D('',#8591,#8592,#8593);
#8591 = CARTESIAN_POINT('',(-62.7486,-106.53,-2.0542));
#8592 = DIRECTION('',(0.,-0.707106781187,0.707106781187));
#8593 = DIRECTION('',(-1.,0.,0.));
#8594 = ADVANCED_FACE('',(#8595),#8613,.F.);
#8595 = FACE_BOUND('',#8596,.F.);
#8596 = EDGE_LOOP('',(#8597,#8598,#8606,#8612));
#8597 = ORIENTED_EDGE('',*,*,#8442,.T.);
#8598 = ORIENTED_EDGE('',*,*,#8599,.T.);
#8599 = EDGE_CURVE('',#8435,#8600,#8602,.T.);
#8600 = VERTEX_POINT('',#8601);
#8601 = CARTESIAN_POINT('',(-63.0486,-106.38,-4.3958));
#8602 = LINE('',#8603,#8604);
#8603 = CARTESIAN_POINT('',(-63.5486,-106.38,-4.3958));
#8604 = VECTOR('',#8605,1.);
#8605 = DIRECTION('',(1.,0.,0.));
#8606 = ORIENTED_EDGE('',*,*,#8607,.F.);
#8607 = EDGE_CURVE('',#8513,#8600,#8608,.T.);
#8608 = LINE('',#8609,#8610);
#8609 = CARTESIAN_POINT('',(-63.0486,111.68,-4.3958));
#8610 = VECTOR('',#8611,1.);
#8611 = DIRECTION('',(0.,-1.,2.2E-16));
#8612 = ORIENTED_EDGE('',*,*,#8512,.F.);
#8613 = PLANE('',#8614);
#8614 = AXIS2_PLACEMENT_3D('',#8615,#8616,#8617);
#8615 = CARTESIAN_POINT('',(-63.5486,111.68,-4.3958));
#8616 = DIRECTION('',(0.,2.2E-16,1.));
#8617 = DIRECTION('',(1.,0.,0.));
#8618 = ADVANCED_FACE('',(#8619),#8630,.T.);
#8619 = FACE_BOUND('',#8620,.T.);
#8620 = EDGE_LOOP('',(#8621,#8622,#8623,#8629));
#8621 = ORIENTED_EDGE('',*,*,#8434,.T.);
#8622 = ORIENTED_EDGE('',*,*,#8599,.T.);
#8623 = ORIENTED_EDGE('',*,*,#8624,.T.);
#8624 = EDGE_CURVE('',#8600,#8466,#8625,.T.);
#8625 = LINE('',#8626,#8627);
#8626 = CARTESIAN_POINT('',(-99.37526666666,-70.05333333333,
    -40.72246666666));
#8627 = VECTOR('',#8628,1.);
#8628 = DIRECTION('',(0.57735026919,-0.57735026919,0.57735026919));
#8629 = ORIENTED_EDGE('',*,*,#8473,.F.);
#8630 = PLANE('',#8631);
#8631 = AXIS2_PLACEMENT_3D('',#8632,#8633,#8634);
#8632 = CARTESIAN_POINT('',(-63.5486,-106.53,-4.2458));
#8633 = DIRECTION('',(0.,-0.707106781187,-0.707106781187));
#8634 = DIRECTION('',(1.,0.,0.));
#8635 = ADVANCED_FACE('',(#8636),#8642,.T.);
#8636 = FACE_BOUND('',#8637,.F.);
#8637 = EDGE_LOOP('',(#8638,#8639,#8640,#8641));
#8638 = ORIENTED_EDGE('',*,*,#8487,.F.);
#8639 = ORIENTED_EDGE('',*,*,#8543,.T.);
#8640 = ORIENTED_EDGE('',*,*,#8581,.T.);
#8641 = ORIENTED_EDGE('',*,*,#8557,.F.);
#8642 = PLANE('',#8643);
#8643 = AXIS2_PLACEMENT_3D('',#8644,#8645,#8646);
#8644 = CARTESIAN_POINT('',(-62.8986,111.68,-2.0542));
#8645 = DIRECTION('',(0.707106781187,1.5E-16,0.707106781187));
#8646 = DIRECTION('',(3.933982822017E-18,1.,-2.16066017178E-16));
#8647 = ADVANCED_FACE('',(#8648),#8654,.T.);
#8648 = FACE_BOUND('',#8649,.F.);
#8649 = EDGE_LOOP('',(#8650,#8651,#8652,#8653));
#8650 = ORIENTED_EDGE('',*,*,#8520,.F.);
#8651 = ORIENTED_EDGE('',*,*,#8607,.T.);
#8652 = ORIENTED_EDGE('',*,*,#8624,.T.);
#8653 = ORIENTED_EDGE('',*,*,#8536,.F.);
#8654 = PLANE('',#8655);
#8655 = AXIS2_PLACEMENT_3D('',#8656,#8657,#8658);
#8656 = CARTESIAN_POINT('',(-62.8986,111.68,-4.2458));
#8657 = DIRECTION('',(0.707106781187,-1.5E-16,-0.707106781187));
#8658 = DIRECTION('',(-3.933982822017E-18,1.,-2.16066017178E-16));
#8659 = ( GEOMETRIC_REPRESENTATION_CONTEXT(3) 
GLOBAL_UNCERTAINTY_ASSIGNED_CONTEXT((#8663)) 
GLOBAL_UNIT_ASSIGNED_CONTEXT((#8660,#8661,#8662)) REPRESENTATION_CONTEXT
('Context #1','3D Context with UNIT and UNCERTAINTY') );
#8660 = ( LENGTH_UNIT() NAMED_UNIT(*) SI_UNIT(.MILLI.,.METRE.) );
#8661 = ( NAMED_UNIT(*) PLANE_ANGLE_UNIT() SI_UNIT($,.RADIAN.) );
#8662 = ( NAMED_UNIT(*) SI_UNIT($,.STERADIAN.) SOLID_ANGLE_UNIT() );
#8663 = UNCERTAINTY_MEASURE_WITH_UNIT(LENGTH_MEASURE(1.E-07),#8660,
  'distance_accuracy_value','confusion accuracy');
#8664 = CONTEXT_DEPENDENT_SHAPE_REPRESENTATION(#8665,#8667);
#8665 = ( REPRESENTATION_RELATIONSHIP('','',#8316,#10) 
REPRESENTATION_RELATIONSHIP_WITH_TRANSFORMATION(#8666) 
SHAPE_REPRESENTATION_RELATIONSHIP() );
#8666 = ITEM_DEFINED_TRANSFORMATION('','',#11,#23);
#8667 = PRODUCT_DEFINITION_SHAPE('Placement','Placement of an item',
  #8668);
#8668 = NEXT_ASSEMBLY_USAGE_OCCURRENCE('3','Body002','',#5,#8311,$);
#8669 = PRODUCT_RELATED_PRODUCT_CATEGORY('part',$,(#8313));
#8670 = SHAPE_DEFINITION_REPRESENTATION(#8671,#8677);
#8671 = PRODUCT_DEFINITION_SHAPE('','',#8672);
#8672 = PRODUCT_DEFINITION('design','',#8673,#8676);
#8673 = PRODUCT_DEFINITION_FORMATION('','',#8674);
#8674 = PRODUCT('Body003','Body003','',(#8675));
#8675 = PRODUCT_CONTEXT('',#2,'mechanical');
#8676 = PRODUCT_DEFINITION_CONTEXT('part definition',#2,'design');
#8677 = ADVANCED_BREP_SHAPE_REPRESENTATION('',(#11,#8678),#9020);
#8678 = MANIFOLD_SOLID_BREP('',#8679);
#8679 = CLOSED_SHELL('',(#8680,#8720,#8751,#8782,#8813,#8844,#8868,#8892
    ,#8914,#8938,#8955,#8979,#8996,#9008));
#8680 = ADVANCED_FACE('',(#8681),#8715,.F.);
#8681 = FACE_BOUND('',#8682,.F.);
#8682 = EDGE_LOOP('',(#8683,#8693,#8701,#8709));
#8683 = ORIENTED_EDGE('',*,*,#8684,.F.);
#8684 = EDGE_CURVE('',#8685,#8687,#8689,.T.);
#8685 = VERTEX_POINT('',#8686);
#8686 = CARTESIAN_POINT('',(-63.5486,111.68,-2.2042));
#8687 = VERTEX_POINT('',#8688);
#8688 = CARTESIAN_POINT('',(-63.5486,111.68,-4.0958));
#8689 = LINE('',#8690,#8691);
#8690 = CARTESIAN_POINT('',(-63.5486,111.68,-1.9042));
#8691 = VECTOR('',#8692,1.);
#8692 = DIRECTION('',(0.,2.2E-16,-1.));
#8693 = ORIENTED_EDGE('',*,*,#8694,.T.);
#8694 = EDGE_CURVE('',#8685,#8695,#8697,.T.);
#8695 = VERTEX_POINT('',#8696);
#8696 = CARTESIAN_POINT('',(-63.5486,-106.68,-2.2042));
#8697 = LINE('',#8698,#8699);
#8698 = CARTESIAN_POINT('',(-63.5486,111.68,-2.2042));
#8699 = VECTOR('',#8700,1.);
#8700 = DIRECTION('',(0.,-1.,2.2E-16));
#8701 = ORIENTED_EDGE('',*,*,#8702,.T.);
#8702 = EDGE_CURVE('',#8695,#8703,#8705,.T.);
#8703 = VERTEX_POINT('',#8704);
#8704 = CARTESIAN_POINT('',(-63.5486,-106.68,-4.0958));
#8705 = LINE('',#8706,#8707);
#8706 = CARTESIAN_POINT('',(-63.5486,-106.68,-1.9042));
#8707 = VECTOR('',#8708,1.);
#8708 = DIRECTION('',(0.,2.2E-16,-1.));
#8709 = ORIENTED_EDGE('',*,*,#8710,.F.);
#8710 = EDGE_CURVE('',#8687,#8703,#8711,.T.);
#8711 = LINE('',#8712,#8713);
#8712 = CARTESIAN_POINT('',(-63.5486,111.68,-4.0958));
#8713 = VECTOR('',#8714,1.);
#8714 = DIRECTION('',(0.,-1.,2.2E-16));
#8715 = PLANE('',#8716);
#8716 = AXIS2_PLACEMENT_3D('',#8717,#8718,#8719);
#8717 = CARTESIAN_POINT('',(-63.5486,111.68,-1.9042));
#8718 = DIRECTION('',(1.,0.,0.));
#8719 = DIRECTION('',(0.,-2.2E-16,-1.));
#8720 = ADVANCED_FACE('',(#8721),#8746,.T.);
#8721 = FACE_BOUND('',#8722,.T.);
#8722 = EDGE_LOOP('',(#8723,#8724,#8732,#8740));
#8723 = ORIENTED_EDGE('',*,*,#8684,.F.);
#8724 = ORIENTED_EDGE('',*,*,#8725,.F.);
#8725 = EDGE_CURVE('',#8726,#8685,#8728,.T.);
#8726 = VERTEX_POINT('',#8727);
#8727 = CARTESIAN_POINT('',(-62.7486,111.68,-2.2042));
#8728 = LINE('',#8729,#8730);
#8729 = CARTESIAN_POINT('',(-62.7486,111.68,-2.2042));
#8730 = VECTOR('',#8731,1.);
#8731 = DIRECTION('',(-1.,0.,0.));
#8732 = ORIENTED_EDGE('',*,*,#8733,.F.);
#8733 = EDGE_CURVE('',#8734,#8726,#8736,.T.);
#8734 = VERTEX_POINT('',#8735);
#8735 = CARTESIAN_POINT('',(-62.7486,111.68,-4.0958));
#8736 = LINE('',#8737,#8738);
#8737 = CARTESIAN_POINT('',(-62.7486,111.68,-4.3958));
#8738 = VECTOR('',#8739,1.);
#8739 = DIRECTION('',(0.,-2.2E-16,1.));
#8740 = ORIENTED_EDGE('',*,*,#8741,.F.);
#8741 = EDGE_CURVE('',#8687,#8734,#8742,.T.);
#8742 = LINE('',#8743,#8744);
#8743 = CARTESIAN_POINT('',(-63.5486,111.68,-4.0958));
#8744 = VECTOR('',#8745,1.);
#8745 = DIRECTION('',(1.,0.,0.));
#8746 = PLANE('',#8747);
#8747 = AXIS2_PLACEMENT_3D('',#8748,#8749,#8750);
#8748 = CARTESIAN_POINT('',(-63.1486,111.68,-3.15));
#8749 = DIRECTION('',(0.,1.,2.2E-16));
#8750 = DIRECTION('',(0.,-2.2E-16,1.));
#8751 = ADVANCED_FACE('',(#8752),#8777,.T.);
#8752 = FACE_BOUND('',#8753,.T.);
#8753 = EDGE_LOOP('',(#8754,#8762,#8763,#8771));
#8754 = ORIENTED_EDGE('',*,*,#8755,.F.);
#8755 = EDGE_CURVE('',#8685,#8756,#8758,.T.);
#8756 = VERTEX_POINT('',#8757);
#8757 = CARTESIAN_POINT('',(-63.2486,111.38,-1.9042));
#8758 = LINE('',#8759,#8760);
#8759 = CARTESIAN_POINT('',(-63.31526666666,111.44666666666,
    -1.970866666667));
#8760 = VECTOR('',#8761,1.);
#8761 = DIRECTION('',(0.57735026919,-0.57735026919,0.57735026919));
#8762 = ORIENTED_EDGE('',*,*,#8694,.T.);
#8763 = ORIENTED_EDGE('',*,*,#8764,.T.);
#8764 = EDGE_CURVE('',#8695,#8765,#8767,.T.);
#8765 = VERTEX_POINT('',#8766);
#8766 = CARTESIAN_POINT('',(-63.2486,-106.38,-1.9042));
#8767 = LINE('',#8768,#8769);
#8768 = CARTESIAN_POINT('',(-26.92193333333,-70.05333333333,
    34.422466666667));
#8769 = VECTOR('',#8770,1.);
#8770 = DIRECTION('',(0.57735026919,0.57735026919,0.57735026919));
#8771 = ORIENTED_EDGE('',*,*,#8772,.F.);
#8772 = EDGE_CURVE('',#8756,#8765,#8773,.T.);
#8773 = LINE('',#8774,#8775);
#8774 = CARTESIAN_POINT('',(-63.2486,111.68,-1.9042));
#8775 = VECTOR('',#8776,1.);
#8776 = DIRECTION('',(0.,-1.,2.2E-16));
#8777 = PLANE('',#8778);
#8778 = AXIS2_PLACEMENT_3D('',#8779,#8780,#8781);
#8779 = CARTESIAN_POINT('',(-63.3986,111.68,-2.0542));
#8780 = DIRECTION('',(-0.707106781187,1.6E-16,0.707106781187));
#8781 = DIRECTION('',(-3.137084989848E-18,-1.,2.231370849898E-16));
#8782 = ADVANCED_FACE('',(#8783),#8808,.T.);
#8783 = FACE_BOUND('',#8784,.F.);
#8784 = EDGE_LOOP('',(#8785,#8793,#8794,#8802));
#8785 = ORIENTED_EDGE('',*,*,#8786,.F.);
#8786 = EDGE_CURVE('',#8687,#8787,#8789,.T.);
#8787 = VERTEX_POINT('',#8788);
#8788 = CARTESIAN_POINT('',(-63.2486,111.38,-4.3958));
#8789 = LINE('',#8790,#8791);
#8790 = CARTESIAN_POINT('',(-63.4486,111.58,-4.1958));
#8791 = VECTOR('',#8792,1.);
#8792 = DIRECTION('',(0.57735026919,-0.57735026919,-0.57735026919));
#8793 = ORIENTED_EDGE('',*,*,#8710,.T.);
#8794 = ORIENTED_EDGE('',*,*,#8795,.T.);
#8795 = EDGE_CURVE('',#8703,#8796,#8798,.T.);
#8796 = VERTEX_POINT('',#8797);
#8797 = CARTESIAN_POINT('',(-63.2486,-106.38,-4.3958));
#8798 = LINE('',#8799,#8800);
#8799 = CARTESIAN_POINT('',(-27.05526666666,-70.18666666666,
    -40.58913333333));
#8800 = VECTOR('',#8801,1.);
#8801 = DIRECTION('',(0.57735026919,0.57735026919,-0.57735026919));
#8802 = ORIENTED_EDGE('',*,*,#8803,.F.);
#8803 = EDGE_CURVE('',#8787,#8796,#8804,.T.);
#8804 = LINE('',#8805,#8806);
#8805 = CARTESIAN_POINT('',(-63.2486,111.68,-4.3958));
#8806 = VECTOR('',#8807,1.);
#8807 = DIRECTION('',(0.,-1.,2.2E-16));
#8808 = PLANE('',#8809);
#8809 = AXIS2_PLACEMENT_3D('',#8810,#8811,#8812);
#8810 = CARTESIAN_POINT('',(-63.3986,111.68,-4.2458));
#8811 = DIRECTION('',(-0.707106781187,-1.6E-16,-0.707106781187));
#8812 = DIRECTION('',(-3.137084989848E-18,1.,-2.231370849898E-16));
#8813 = ADVANCED_FACE('',(#8814),#8839,.F.);
#8814 = FACE_BOUND('',#8815,.F.);
#8815 = EDGE_LOOP('',(#8816,#8817,#8825,#8833));
#8816 = ORIENTED_EDGE('',*,*,#8702,.F.);
#8817 = ORIENTED_EDGE('',*,*,#8818,.F.);
#8818 = EDGE_CURVE('',#8819,#8695,#8821,.T.);
#8819 = VERTEX_POINT('',#8820);
#8820 = CARTESIAN_POINT('',(-62.7486,-106.68,-2.2042));
#8821 = LINE('',#8822,#8823);
#8822 = CARTESIAN_POINT('',(-62.7486,-106.68,-2.2042));
#8823 = VECTOR('',#8824,1.);
#8824 = DIRECTION('',(-1.,0.,0.));
#8825 = ORIENTED_EDGE('',*,*,#8826,.F.);
#8826 = EDGE_CURVE('',#8827,#8819,#8829,.T.);
#8827 = VERTEX_POINT('',#8828);
#8828 = CARTESIAN_POINT('',(-62.7486,-106.68,-4.0958));
#8829 = LINE('',#8830,#8831);
#8830 = CARTESIAN_POINT('',(-62.7486,-106.68,-4.3958));
#8831 = VECTOR('',#8832,1.);
#8832 = DIRECTION('',(0.,-2.2E-16,1.));
#8833 = ORIENTED_EDGE('',*,*,#8834,.F.);
#8834 = EDGE_CURVE('',#8703,#8827,#8835,.T.);
#8835 = LINE('',#8836,#8837);
#8836 = CARTESIAN_POINT('',(-63.5486,-106.68,-4.0958));
#8837 = VECTOR('',#8838,1.);
#8838 = DIRECTION('',(1.,0.,0.));
#8839 = PLANE('',#8840);
#8840 = AXIS2_PLACEMENT_3D('',#8841,#8842,#8843);
#8841 = CARTESIAN_POINT('',(-63.1486,-106.68,-3.15));
#8842 = DIRECTION('',(0.,1.,2.2E-16));
#8843 = DIRECTION('',(0.,-2.2E-16,1.));
#8844 = ADVANCED_FACE('',(#8845),#8863,.F.);
#8845 = FACE_BOUND('',#8846,.F.);
#8846 = EDGE_LOOP('',(#8847,#8855,#8861,#8862));
#8847 = ORIENTED_EDGE('',*,*,#8848,.T.);
#8848 = EDGE_CURVE('',#8726,#8849,#8851,.T.);
#8849 = VERTEX_POINT('',#8850);
#8850 = CARTESIAN_POINT('',(-63.0486,111.38,-1.9042));
#8851 = LINE('',#8852,#8853);
#8852 = CARTESIAN_POINT('',(-62.8486,111.58,-2.1042));
#8853 = VECTOR('',#8854,1.);
#8854 = DIRECTION('',(-0.57735026919,-0.57735026919,0.57735026919));
#8855 = ORIENTED_EDGE('',*,*,#8856,.T.);
#8856 = EDGE_CURVE('',#8849,#8756,#8857,.T.);
#8857 = LINE('',#8858,#8859);
#8858 = CARTESIAN_POINT('',(-62.7486,111.38,-1.9042));
#8859 = VECTOR('',#8860,1.);
#8860 = DIRECTION('',(-1.,0.,0.));
#8861 = ORIENTED_EDGE('',*,*,#8755,.F.);
#8862 = ORIENTED_EDGE('',*,*,#8725,.F.);
#8863 = PLANE('',#8864);
#8864 = AXIS2_PLACEMENT_3D('',#8865,#8866,#8867);
#8865 = CARTESIAN_POINT('',(-62.7486,111.53,-2.0542));
#8866 = DIRECTION('',(0.,-0.707106781187,-0.707106781187));
#8867 = DIRECTION('',(-1.,-0.,0.));
#8868 = ADVANCED_FACE('',(#8869),#8887,.F.);
#8869 = FACE_BOUND('',#8870,.F.);
#8870 = EDGE_LOOP('',(#8871,#8872,#8880,#8886));
#8871 = ORIENTED_EDGE('',*,*,#8786,.T.);
#8872 = ORIENTED_EDGE('',*,*,#8873,.T.);
#8873 = EDGE_CURVE('',#8787,#8874,#8876,.T.);
#8874 = VERTEX_POINT('',#8875);
#8875 = CARTESIAN_POINT('',(-63.0486,111.38,-4.3958));
#8876 = LINE('',#8877,#8878);
#8877 = CARTESIAN_POINT('',(-63.5486,111.38,-4.3958));
#8878 = VECTOR('',#8879,1.);
#8879 = DIRECTION('',(1.,0.,0.));
#8880 = ORIENTED_EDGE('',*,*,#8881,.T.);
#8881 = EDGE_CURVE('',#8874,#8734,#8882,.T.);
#8882 = LINE('',#8883,#8884);
#8883 = CARTESIAN_POINT('',(-62.98193333333,111.44666666666,
    -4.329133333333));
#8884 = VECTOR('',#8885,1.);
#8885 = DIRECTION('',(0.57735026919,0.57735026919,0.57735026919));
#8886 = ORIENTED_EDGE('',*,*,#8741,.F.);
#8887 = PLANE('',#8888);
#8888 = AXIS2_PLACEMENT_3D('',#8889,#8890,#8891);
#8889 = CARTESIAN_POINT('',(-63.5486,111.53,-4.2458));
#8890 = DIRECTION('',(-0.,-0.707106781187,0.707106781187));
#8891 = DIRECTION('',(1.,0.,0.));
#8892 = ADVANCED_FACE('',(#8893),#8909,.F.);
#8893 = FACE_BOUND('',#8894,.F.);
#8894 = EDGE_LOOP('',(#8895,#8896,#8902,#8903));
#8895 = ORIENTED_EDGE('',*,*,#8733,.F.);
#8896 = ORIENTED_EDGE('',*,*,#8897,.T.);
#8897 = EDGE_CURVE('',#8734,#8827,#8898,.T.);
#8898 = LINE('',#8899,#8900);
#8899 = CARTESIAN_POINT('',(-62.7486,111.68,-4.0958));
#8900 = VECTOR('',#8901,1.);
#8901 = DIRECTION('',(0.,-1.,2.2E-16));
#8902 = ORIENTED_EDGE('',*,*,#8826,.T.);
#8903 = ORIENTED_EDGE('',*,*,#8904,.F.);
#8904 = EDGE_CURVE('',#8726,#8819,#8905,.T.);
#8905 = LINE('',#8906,#8907);
#8906 = CARTESIAN_POINT('',(-62.7486,111.68,-2.2042));
#8907 = VECTOR('',#8908,1.);
#8908 = DIRECTION('',(0.,-1.,2.2E-16));
#8909 = PLANE('',#8910);
#8910 = AXIS2_PLACEMENT_3D('',#8911,#8912,#8913);
#8911 = CARTESIAN_POINT('',(-62.7486,111.68,-4.3958));
#8912 = DIRECTION('',(-1.,0.,0.));
#8913 = DIRECTION('',(0.,2.2E-16,1.));
#8914 = ADVANCED_FACE('',(#8915),#8933,.F.);
#8915 = FACE_BOUND('',#8916,.F.);
#8916 = EDGE_LOOP('',(#8917,#8925,#8931,#8932));
#8917 = ORIENTED_EDGE('',*,*,#8918,.T.);
#8918 = EDGE_CURVE('',#8849,#8919,#8921,.T.);
#8919 = VERTEX_POINT('',#8920);
#8920 = CARTESIAN_POINT('',(-63.0486,-106.38,-1.9042));
#8921 = LINE('',#8922,#8923);
#8922 = CARTESIAN_POINT('',(-63.0486,111.68,-1.9042));
#8923 = VECTOR('',#8924,1.);
#8924 = DIRECTION('',(0.,-1.,2.2E-16));
#8925 = ORIENTED_EDGE('',*,*,#8926,.T.);
#8926 = EDGE_CURVE('',#8919,#8765,#8927,.T.);
#8927 = LINE('',#8928,#8929);
#8928 = CARTESIAN_POINT('',(-62.7486,-106.38,-1.9042));
#8929 = VECTOR('',#8930,1.);
#8930 = DIRECTION('',(-1.,0.,0.));
#8931 = ORIENTED_EDGE('',*,*,#8772,.F.);
#8932 = ORIENTED_EDGE('',*,*,#8856,.F.);
#8933 = PLANE('',#8934);
#8934 = AXIS2_PLACEMENT_3D('',#8935,#8936,#8937);
#8935 = CARTESIAN_POINT('',(-62.7486,111.68,-1.9042));
#8936 = DIRECTION('',(0.,-2.2E-16,-1.));
#8937 = DIRECTION('',(-1.,0.,0.));
#8938 = ADVANCED_FACE('',(#8939),#8950,.T.);
#8939 = FACE_BOUND('',#8940,.T.);
#8940 = EDGE_LOOP('',(#8941,#8947,#8948,#8949));
#8941 = ORIENTED_EDGE('',*,*,#8942,.T.);
#8942 = EDGE_CURVE('',#8819,#8919,#8943,.T.);
#8943 = LINE('',#8944,#8945);
#8944 = CARTESIAN_POINT('',(-99.24193333333,-70.18666666666,
    34.289133333333));
#8945 = VECTOR('',#8946,1.);
#8946 = DIRECTION('',(-0.57735026919,0.57735026919,0.57735026919));
#8947 = ORIENTED_EDGE('',*,*,#8926,.T.);
#8948 = ORIENTED_EDGE('',*,*,#8764,.F.);
#8949 = ORIENTED_EDGE('',*,*,#8818,.F.);
#8950 = PLANE('',#8951);
#8951 = AXIS2_PLACEMENT_3D('',#8952,#8953,#8954);
#8952 = CARTESIAN_POINT('',(-62.7486,-106.53,-2.0542));
#8953 = DIRECTION('',(0.,-0.707106781187,0.707106781187));
#8954 = DIRECTION('',(-1.,0.,0.));
#8955 = ADVANCED_FACE('',(#8956),#8974,.F.);
#8956 = FACE_BOUND('',#8957,.F.);
#8957 = EDGE_LOOP('',(#8958,#8959,#8967,#8973));
#8958 = ORIENTED_EDGE('',*,*,#8803,.T.);
#8959 = ORIENTED_EDGE('',*,*,#8960,.T.);
#8960 = EDGE_CURVE('',#8796,#8961,#8963,.T.);
#8961 = VERTEX_POINT('',#8962);
#8962 = CARTESIAN_POINT('',(-63.0486,-106.38,-4.3958));
#8963 = LINE('',#8964,#8965);
#8964 = CARTESIAN_POINT('',(-63.5486,-106.38,-4.3958));
#8965 = VECTOR('',#8966,1.);
#8966 = DIRECTION('',(1.,0.,0.));
#8967 = ORIENTED_EDGE('',*,*,#8968,.F.);
#8968 = EDGE_CURVE('',#8874,#8961,#8969,.T.);
#8969 = LINE('',#8970,#8971);
#8970 = CARTESIAN_POINT('',(-63.0486,111.68,-4.3958));
#8971 = VECTOR('',#8972,1.);
#8972 = DIRECTION('',(0.,-1.,2.2E-16));
#8973 = ORIENTED_EDGE('',*,*,#8873,.F.);
#8974 = PLANE('',#8975);
#8975 = AXIS2_PLACEMENT_3D('',#8976,#8977,#8978);
#8976 = CARTESIAN_POINT('',(-63.5486,111.68,-4.3958));
#8977 = DIRECTION('',(0.,2.2E-16,1.));
#8978 = DIRECTION('',(1.,0.,0.));
#8979 = ADVANCED_FACE('',(#8980),#8991,.T.);
#8980 = FACE_BOUND('',#8981,.T.);
#8981 = EDGE_LOOP('',(#8982,#8983,#8984,#8990));
#8982 = ORIENTED_EDGE('',*,*,#8795,.T.);
#8983 = ORIENTED_EDGE('',*,*,#8960,.T.);
#8984 = ORIENTED_EDGE('',*,*,#8985,.T.);
#8985 = EDGE_CURVE('',#8961,#8827,#8986,.T.);
#8986 = LINE('',#8987,#8988);
#8987 = CARTESIAN_POINT('',(-99.37526666666,-70.05333333333,
    -40.72246666666));
#8988 = VECTOR('',#8989,1.);
#8989 = DIRECTION('',(0.57735026919,-0.57735026919,0.57735026919));
#8990 = ORIENTED_EDGE('',*,*,#8834,.F.);
#8991 = PLANE('',#8992);
#8992 = AXIS2_PLACEMENT_3D('',#8993,#8994,#8995);
#8993 = CARTESIAN_POINT('',(-63.5486,-106.53,-4.2458));
#8994 = DIRECTION('',(0.,-0.707106781187,-0.707106781187));
#8995 = DIRECTION('',(1.,0.,0.));
#8996 = ADVANCED_FACE('',(#8997),#9003,.T.);
#8997 = FACE_BOUND('',#8998,.F.);
#8998 = EDGE_LOOP('',(#8999,#9000,#9001,#9002));
#8999 = ORIENTED_EDGE('',*,*,#8848,.F.);
#9000 = ORIENTED_EDGE('',*,*,#8904,.T.);
#9001 = ORIENTED_EDGE('',*,*,#8942,.T.);
#9002 = ORIENTED_EDGE('',*,*,#8918,.F.);
#9003 = PLANE('',#9004);
#9004 = AXIS2_PLACEMENT_3D('',#9005,#9006,#9007);
#9005 = CARTESIAN_POINT('',(-62.8986,111.68,-2.0542));
#9006 = DIRECTION('',(0.707106781187,1.5E-16,0.707106781187));
#9007 = DIRECTION('',(3.933982822017E-18,1.,-2.16066017178E-16));
#9008 = ADVANCED_FACE('',(#9009),#9015,.T.);
#9009 = FACE_BOUND('',#9010,.F.);
#9010 = EDGE_LOOP('',(#9011,#9012,#9013,#9014));
#9011 = ORIENTED_EDGE('',*,*,#8881,.F.);
#9012 = ORIENTED_EDGE('',*,*,#8968,.T.);
#9013 = ORIENTED_EDGE('',*,*,#8985,.T.);
#9014 = ORIENTED_EDGE('',*,*,#8897,.F.);
#9015 = PLANE('',#9016);
#9016 = AXIS2_PLACEMENT_3D('',#9017,#9018,#9019);
#9017 = CARTESIAN_POINT('',(-62.8986,111.68,-4.2458));
#9018 = DIRECTION('',(0.707106781187,-1.5E-16,-0.707106781187));
#9019 = DIRECTION('',(-3.933982822017E-18,1.,-2.16066017178E-16));
#9020 = ( GEOMETRIC_REPRESENTATION_CONTEXT(3) 
GLOBAL_UNCERTAINTY_ASSIGNED_CONTEXT((#9024)) 
GLOBAL_UNIT_ASSIGNED_CONTEXT((#9021,#9022,#9023)) REPRESENTATION_CONTEXT
('Context #1','3D Context with UNIT and UNCERTAINTY') );
#9021 = ( LENGTH_UNIT() NAMED_UNIT(*) SI_UNIT(.MILLI.,.METRE.) );
#9022 = ( NAMED_UNIT(*) PLANE_ANGLE_UNIT() SI_UNIT($,.RADIAN.) );
#9023 = ( NAMED_UNIT(*) SI_UNIT($,.STERADIAN.) SOLID_ANGLE_UNIT() );
#9024 = UNCERTAINTY_MEASURE_WITH_UNIT(LENGTH_MEASURE(1.E-07),#9021,
  'distance_accuracy_value','confusion accuracy');
#9025 = CONTEXT_DEPENDENT_SHAPE_REPRESENTATION(#9026,#9028);
#9026 = ( REPRESENTATION_RELATIONSHIP('','',#8677,#10) 
REPRESENTATION_RELATIONSHIP_WITH_TRANSFORMATION(#9027) 
SHAPE_REPRESENTATION_RELATIONSHIP() );
#9027 = ITEM_DEFINED_TRANSFORMATION('','',#11,#27);
#9028 = PRODUCT_DEFINITION_SHAPE('Placement','Placement of an item',
  #9029);
#9029 = NEXT_ASSEMBLY_USAGE_OCCURRENCE('4','Body003','',#5,#8672,$);
#9030 = PRODUCT_RELATED_PRODUCT_CATEGORY('part',$,(#8674));
#9031 = SHAPE_DEFINITION_REPRESENTATION(#9032,#9038);
#9032 = PRODUCT_DEFINITION_SHAPE('','',#9033);
#9033 = PRODUCT_DEFINITION('design','',#9034,#9037);
#9034 = PRODUCT_DEFINITION_FORMATION('','',#9035);
#9035 = PRODUCT('Body004','Body004','',(#9036));
#9036 = PRODUCT_CONTEXT('',#2,'mechanical');
#9037 = PRODUCT_DEFINITION_CONTEXT('part definition',#2,'design');
#9038 = ADVANCED_BREP_SHAPE_REPRESENTATION('',(#11,#9039),#9381);
#9039 = MANIFOLD_SOLID_BREP('',#9040);
#9040 = CLOSED_SHELL('',(#9041,#9081,#9112,#9143,#9174,#9205,#9229,#9253
    ,#9275,#9299,#9316,#9340,#9357,#9369));
#9041 = ADVANCED_FACE('',(#9042),#9076,.F.);
#9042 = FACE_BOUND('',#9043,.F.);
#9043 = EDGE_LOOP('',(#9044,#9054,#9062,#9070));
#9044 = ORIENTED_EDGE('',*,*,#9045,.F.);
#9045 = EDGE_CURVE('',#9046,#9048,#9050,.T.);
#9046 = VERTEX_POINT('',#9047);
#9047 = CARTESIAN_POINT('',(-29.7486,111.68,-2.2042));
#9048 = VERTEX_POINT('',#9049);
#9049 = CARTESIAN_POINT('',(-29.7486,111.68,-4.0958));
#9050 = LINE('',#9051,#9052);
#9051 = CARTESIAN_POINT('',(-29.7486,111.68,-1.9042));
#9052 = VECTOR('',#9053,1.);
#9053 = DIRECTION('',(0.,2.2E-16,-1.));
#9054 = ORIENTED_EDGE('',*,*,#9055,.T.);
#9055 = EDGE_CURVE('',#9046,#9056,#9058,.T.);
#9056 = VERTEX_POINT('',#9057);
#9057 = CARTESIAN_POINT('',(-29.7486,-106.68,-2.2042));
#9058 = LINE('',#9059,#9060);
#9059 = CARTESIAN_POINT('',(-29.7486,111.68,-2.2042));
#9060 = VECTOR('',#9061,1.);
#9061 = DIRECTION('',(0.,-1.,2.2E-16));
#9062 = ORIENTED_EDGE('',*,*,#9063,.T.);
#9063 = EDGE_CURVE('',#9056,#9064,#9066,.T.);
#9064 = VERTEX_POINT('',#9065);
#9065 = CARTESIAN_POINT('',(-29.7486,-106.68,-4.0958));
#9066 = LINE('',#9067,#9068);
#9067 = CARTESIAN_POINT('',(-29.7486,-106.68,-1.9042));
#9068 = VECTOR('',#9069,1.);
#9069 = DIRECTION('',(0.,2.2E-16,-1.));
#9070 = ORIENTED_EDGE('',*,*,#9071,.F.);
#9071 = EDGE_CURVE('',#9048,#9064,#9072,.T.);
#9072 = LINE('',#9073,#9074);
#9073 = CARTESIAN_POINT('',(-29.7486,111.68,-4.0958));
#9074 = VECTOR('',#9075,1.);
#9075 = DIRECTION('',(0.,-1.,2.2E-16));
#9076 = PLANE('',#9077);
#9077 = AXIS2_PLACEMENT_3D('',#9078,#9079,#9080);
#9078 = CARTESIAN_POINT('',(-29.7486,111.68,-1.9042));
#9079 = DIRECTION('',(1.,0.,0.));
#9080 = DIRECTION('',(0.,-2.2E-16,-1.));
#9081 = ADVANCED_FACE('',(#9082),#9107,.T.);
#9082 = FACE_BOUND('',#9083,.T.);
#9083 = EDGE_LOOP('',(#9084,#9085,#9093,#9101));
#9084 = ORIENTED_EDGE('',*,*,#9045,.F.);
#9085 = ORIENTED_EDGE('',*,*,#9086,.F.);
#9086 = EDGE_CURVE('',#9087,#9046,#9089,.T.);
#9087 = VERTEX_POINT('',#9088);
#9088 = CARTESIAN_POINT('',(-28.9486,111.68,-2.2042));
#9089 = LINE('',#9090,#9091);
#9090 = CARTESIAN_POINT('',(-28.9486,111.68,-2.2042));
#9091 = VECTOR('',#9092,1.);
#9092 = DIRECTION('',(-1.,0.,0.));
#9093 = ORIENTED_EDGE('',*,*,#9094,.F.);
#9094 = EDGE_CURVE('',#9095,#9087,#9097,.T.);
#9095 = VERTEX_POINT('',#9096);
#9096 = CARTESIAN_POINT('',(-28.9486,111.68,-4.0958));
#9097 = LINE('',#9098,#9099);
#9098 = CARTESIAN_POINT('',(-28.9486,111.68,-4.3958));
#9099 = VECTOR('',#9100,1.);
#9100 = DIRECTION('',(0.,-2.2E-16,1.));
#9101 = ORIENTED_EDGE('',*,*,#9102,.F.);
#9102 = EDGE_CURVE('',#9048,#9095,#9103,.T.);
#9103 = LINE('',#9104,#9105);
#9104 = CARTESIAN_POINT('',(-29.7486,111.68,-4.0958));
#9105 = VECTOR('',#9106,1.);
#9106 = DIRECTION('',(1.,0.,0.));
#9107 = PLANE('',#9108);
#9108 = AXIS2_PLACEMENT_3D('',#9109,#9110,#9111);
#9109 = CARTESIAN_POINT('',(-29.3486,111.68,-3.15));
#9110 = DIRECTION('',(0.,1.,2.2E-16));
#9111 = DIRECTION('',(0.,-2.2E-16,1.));
#9112 = ADVANCED_FACE('',(#9113),#9138,.T.);
#9113 = FACE_BOUND('',#9114,.T.);
#9114 = EDGE_LOOP('',(#9115,#9123,#9124,#9132));
#9115 = ORIENTED_EDGE('',*,*,#9116,.F.);
#9116 = EDGE_CURVE('',#9046,#9117,#9119,.T.);
#9117 = VERTEX_POINT('',#9118);
#9118 = CARTESIAN_POINT('',(-29.4486,111.38,-1.9042));
#9119 = LINE('',#9120,#9121);
#9120 = CARTESIAN_POINT('',(-29.51526666666,111.44666666666,
    -1.970866666667));
#9121 = VECTOR('',#9122,1.);
#9122 = DIRECTION('',(0.57735026919,-0.57735026919,0.57735026919));
#9123 = ORIENTED_EDGE('',*,*,#9055,.T.);
#9124 = ORIENTED_EDGE('',*,*,#9125,.T.);
#9125 = EDGE_CURVE('',#9056,#9126,#9128,.T.);
#9126 = VERTEX_POINT('',#9127);
#9127 = CARTESIAN_POINT('',(-29.4486,-106.38,-1.9042));
#9128 = LINE('',#9129,#9130);
#9129 = CARTESIAN_POINT('',(6.878066666666,-70.05333333333,
    34.422466666667));
#9130 = VECTOR('',#9131,1.);
#9131 = DIRECTION('',(0.57735026919,0.57735026919,0.57735026919));
#9132 = ORIENTED_EDGE('',*,*,#9133,.F.);
#9133 = EDGE_CURVE('',#9117,#9126,#9134,.T.);
#9134 = LINE('',#9135,#9136);
#9135 = CARTESIAN_POINT('',(-29.4486,111.68,-1.9042));
#9136 = VECTOR('',#9137,1.);
#9137 = DIRECTION('',(0.,-1.,2.2E-16));
#9138 = PLANE('',#9139);
#9139 = AXIS2_PLACEMENT_3D('',#9140,#9141,#9142);
#9140 = CARTESIAN_POINT('',(-29.5986,111.68,-2.0542));
#9141 = DIRECTION('',(-0.707106781187,1.6E-16,0.707106781187));
#9142 = DIRECTION('',(-3.137084989848E-18,-1.,2.231370849898E-16));
#9143 = ADVANCED_FACE('',(#9144),#9169,.T.);
#9144 = FACE_BOUND('',#9145,.F.);
#9145 = EDGE_LOOP('',(#9146,#9154,#9155,#9163));
#9146 = ORIENTED_EDGE('',*,*,#9147,.F.);
#9147 = EDGE_CURVE('',#9048,#9148,#9150,.T.);
#9148 = VERTEX_POINT('',#9149);
#9149 = CARTESIAN_POINT('',(-29.4486,111.38,-4.3958));
#9150 = LINE('',#9151,#9152);
#9151 = CARTESIAN_POINT('',(-29.6486,111.58,-4.1958));
#9152 = VECTOR('',#9153,1.);
#9153 = DIRECTION('',(0.57735026919,-0.57735026919,-0.57735026919));
#9154 = ORIENTED_EDGE('',*,*,#9071,.T.);
#9155 = ORIENTED_EDGE('',*,*,#9156,.T.);
#9156 = EDGE_CURVE('',#9064,#9157,#9159,.T.);
#9157 = VERTEX_POINT('',#9158);
#9158 = CARTESIAN_POINT('',(-29.4486,-106.38,-4.3958));
#9159 = LINE('',#9160,#9161);
#9160 = CARTESIAN_POINT('',(6.744733333333,-70.18666666666,
    -40.58913333333));
#9161 = VECTOR('',#9162,1.);
#9162 = DIRECTION('',(0.57735026919,0.57735026919,-0.57735026919));
#9163 = ORIENTED_EDGE('',*,*,#9164,.F.);
#9164 = EDGE_CURVE('',#9148,#9157,#9165,.T.);
#9165 = LINE('',#9166,#9167);
#9166 = CARTESIAN_POINT('',(-29.4486,111.68,-4.3958));
#9167 = VECTOR('',#9168,1.);
#9168 = DIRECTION('',(0.,-1.,2.2E-16));
#9169 = PLANE('',#9170);
#9170 = AXIS2_PLACEMENT_3D('',#9171,#9172,#9173);
#9171 = CARTESIAN_POINT('',(-29.5986,111.68,-4.2458));
#9172 = DIRECTION('',(-0.707106781187,-1.6E-16,-0.707106781187));
#9173 = DIRECTION('',(-3.137084989848E-18,1.,-2.231370849898E-16));
#9174 = ADVANCED_FACE('',(#9175),#9200,.F.);
#9175 = FACE_BOUND('',#9176,.F.);
#9176 = EDGE_LOOP('',(#9177,#9178,#9186,#9194));
#9177 = ORIENTED_EDGE('',*,*,#9063,.F.);
#9178 = ORIENTED_EDGE('',*,*,#9179,.F.);
#9179 = EDGE_CURVE('',#9180,#9056,#9182,.T.);
#9180 = VERTEX_POINT('',#9181);
#9181 = CARTESIAN_POINT('',(-28.9486,-106.68,-2.2042));
#9182 = LINE('',#9183,#9184);
#9183 = CARTESIAN_POINT('',(-28.9486,-106.68,-2.2042));
#9184 = VECTOR('',#9185,1.);
#9185 = DIRECTION('',(-1.,0.,0.));
#9186 = ORIENTED_EDGE('',*,*,#9187,.F.);
#9187 = EDGE_CURVE('',#9188,#9180,#9190,.T.);
#9188 = VERTEX_POINT('',#9189);
#9189 = CARTESIAN_POINT('',(-28.9486,-106.68,-4.0958));
#9190 = LINE('',#9191,#9192);
#9191 = CARTESIAN_POINT('',(-28.9486,-106.68,-4.3958));
#9192 = VECTOR('',#9193,1.);
#9193 = DIRECTION('',(0.,-2.2E-16,1.));
#9194 = ORIENTED_EDGE('',*,*,#9195,.F.);
#9195 = EDGE_CURVE('',#9064,#9188,#9196,.T.);
#9196 = LINE('',#9197,#9198);
#9197 = CARTESIAN_POINT('',(-29.7486,-106.68,-4.0958));
#9198 = VECTOR('',#9199,1.);
#9199 = DIRECTION('',(1.,0.,0.));
#9200 = PLANE('',#9201);
#9201 = AXIS2_PLACEMENT_3D('',#9202,#9203,#9204);
#9202 = CARTESIAN_POINT('',(-29.3486,-106.68,-3.15));
#9203 = DIRECTION('',(0.,1.,2.2E-16));
#9204 = DIRECTION('',(0.,-2.2E-16,1.));
#9205 = ADVANCED_FACE('',(#9206),#9224,.F.);
#9206 = FACE_BOUND('',#9207,.F.);
#9207 = EDGE_LOOP('',(#9208,#9216,#9222,#9223));
#9208 = ORIENTED_EDGE('',*,*,#9209,.T.);
#9209 = EDGE_CURVE('',#9087,#9210,#9212,.T.);
#9210 = VERTEX_POINT('',#9211);
#9211 = CARTESIAN_POINT('',(-29.2486,111.38,-1.9042));
#9212 = LINE('',#9213,#9214);
#9213 = CARTESIAN_POINT('',(-29.0486,111.58,-2.1042));
#9214 = VECTOR('',#9215,1.);
#9215 = DIRECTION('',(-0.57735026919,-0.57735026919,0.57735026919));
#9216 = ORIENTED_EDGE('',*,*,#9217,.T.);
#9217 = EDGE_CURVE('',#9210,#9117,#9218,.T.);
#9218 = LINE('',#9219,#9220);
#9219 = CARTESIAN_POINT('',(-28.9486,111.38,-1.9042));
#9220 = VECTOR('',#9221,1.);
#9221 = DIRECTION('',(-1.,0.,0.));
#9222 = ORIENTED_EDGE('',*,*,#9116,.F.);
#9223 = ORIENTED_EDGE('',*,*,#9086,.F.);
#9224 = PLANE('',#9225);
#9225 = AXIS2_PLACEMENT_3D('',#9226,#9227,#9228);
#9226 = CARTESIAN_POINT('',(-28.9486,111.53,-2.0542));
#9227 = DIRECTION('',(0.,-0.707106781187,-0.707106781187));
#9228 = DIRECTION('',(-1.,-0.,0.));
#9229 = ADVANCED_FACE('',(#9230),#9248,.F.);
#9230 = FACE_BOUND('',#9231,.F.);
#9231 = EDGE_LOOP('',(#9232,#9233,#9241,#9247));
#9232 = ORIENTED_EDGE('',*,*,#9147,.T.);
#9233 = ORIENTED_EDGE('',*,*,#9234,.T.);
#9234 = EDGE_CURVE('',#9148,#9235,#9237,.T.);
#9235 = VERTEX_POINT('',#9236);
#9236 = CARTESIAN_POINT('',(-29.2486,111.38,-4.3958));
#9237 = LINE('',#9238,#9239);
#9238 = CARTESIAN_POINT('',(-29.7486,111.38,-4.3958));
#9239 = VECTOR('',#9240,1.);
#9240 = DIRECTION('',(1.,0.,0.));
#9241 = ORIENTED_EDGE('',*,*,#9242,.T.);
#9242 = EDGE_CURVE('',#9235,#9095,#9243,.T.);
#9243 = LINE('',#9244,#9245);
#9244 = CARTESIAN_POINT('',(-29.18193333333,111.44666666666,
    -4.329133333333));
#9245 = VECTOR('',#9246,1.);
#9246 = DIRECTION('',(0.57735026919,0.57735026919,0.57735026919));
#9247 = ORIENTED_EDGE('',*,*,#9102,.F.);
#9248 = PLANE('',#9249);
#9249 = AXIS2_PLACEMENT_3D('',#9250,#9251,#9252);
#9250 = CARTESIAN_POINT('',(-29.7486,111.53,-4.2458));
#9251 = DIRECTION('',(-0.,-0.707106781187,0.707106781187));
#9252 = DIRECTION('',(1.,0.,0.));
#9253 = ADVANCED_FACE('',(#9254),#9270,.F.);
#9254 = FACE_BOUND('',#9255,.F.);
#9255 = EDGE_LOOP('',(#9256,#9257,#9263,#9264));
#9256 = ORIENTED_EDGE('',*,*,#9094,.F.);
#9257 = ORIENTED_EDGE('',*,*,#9258,.T.);
#9258 = EDGE_CURVE('',#9095,#9188,#9259,.T.);
#9259 = LINE('',#9260,#9261);
#9260 = CARTESIAN_POINT('',(-28.9486,111.68,-4.0958));
#9261 = VECTOR('',#9262,1.);
#9262 = DIRECTION('',(0.,-1.,2.2E-16));
#9263 = ORIENTED_EDGE('',*,*,#9187,.T.);
#9264 = ORIENTED_EDGE('',*,*,#9265,.F.);
#9265 = EDGE_CURVE('',#9087,#9180,#9266,.T.);
#9266 = LINE('',#9267,#9268);
#9267 = CARTESIAN_POINT('',(-28.9486,111.68,-2.2042));
#9268 = VECTOR('',#9269,1.);
#9269 = DIRECTION('',(0.,-1.,2.2E-16));
#9270 = PLANE('',#9271);
#9271 = AXIS2_PLACEMENT_3D('',#9272,#9273,#9274);
#9272 = CARTESIAN_POINT('',(-28.9486,111.68,-4.3958));
#9273 = DIRECTION('',(-1.,0.,0.));
#9274 = DIRECTION('',(0.,2.2E-16,1.));
#9275 = ADVANCED_FACE('',(#9276),#9294,.F.);
#9276 = FACE_BOUND('',#9277,.F.);
#9277 = EDGE_LOOP('',(#9278,#9286,#9292,#9293));
#9278 = ORIENTED_EDGE('',*,*,#9279,.T.);
#9279 = EDGE_CURVE('',#9210,#9280,#9282,.T.);
#9280 = VERTEX_POINT('',#9281);
#9281 = CARTESIAN_POINT('',(-29.2486,-106.38,-1.9042));
#9282 = LINE('',#9283,#9284);
#9283 = CARTESIAN_POINT('',(-29.2486,111.68,-1.9042));
#9284 = VECTOR('',#9285,1.);
#9285 = DIRECTION('',(0.,-1.,2.2E-16));
#9286 = ORIENTED_EDGE('',*,*,#9287,.T.);
#9287 = EDGE_CURVE('',#9280,#9126,#9288,.T.);
#9288 = LINE('',#9289,#9290);
#9289 = CARTESIAN_POINT('',(-28.9486,-106.38,-1.9042));
#9290 = VECTOR('',#9291,1.);
#9291 = DIRECTION('',(-1.,0.,0.));
#9292 = ORIENTED_EDGE('',*,*,#9133,.F.);
#9293 = ORIENTED_EDGE('',*,*,#9217,.F.);
#9294 = PLANE('',#9295);
#9295 = AXIS2_PLACEMENT_3D('',#9296,#9297,#9298);
#9296 = CARTESIAN_POINT('',(-28.9486,111.68,-1.9042));
#9297 = DIRECTION('',(0.,-2.2E-16,-1.));
#9298 = DIRECTION('',(-1.,0.,0.));
#9299 = ADVANCED_FACE('',(#9300),#9311,.T.);
#9300 = FACE_BOUND('',#9301,.T.);
#9301 = EDGE_LOOP('',(#9302,#9308,#9309,#9310));
#9302 = ORIENTED_EDGE('',*,*,#9303,.T.);
#9303 = EDGE_CURVE('',#9180,#9280,#9304,.T.);
#9304 = LINE('',#9305,#9306);
#9305 = CARTESIAN_POINT('',(-65.44193333333,-70.18666666666,
    34.289133333333));
#9306 = VECTOR('',#9307,1.);
#9307 = DIRECTION('',(-0.57735026919,0.57735026919,0.57735026919));
#9308 = ORIENTED_EDGE('',*,*,#9287,.T.);
#9309 = ORIENTED_EDGE('',*,*,#9125,.F.);
#9310 = ORIENTED_EDGE('',*,*,#9179,.F.);
#9311 = PLANE('',#9312);
#9312 = AXIS2_PLACEMENT_3D('',#9313,#9314,#9315);
#9313 = CARTESIAN_POINT('',(-28.9486,-106.53,-2.0542));
#9314 = DIRECTION('',(0.,-0.707106781187,0.707106781187));
#9315 = DIRECTION('',(-1.,0.,0.));
#9316 = ADVANCED_FACE('',(#9317),#9335,.F.);
#9317 = FACE_BOUND('',#9318,.F.);
#9318 = EDGE_LOOP('',(#9319,#9320,#9328,#9334));
#9319 = ORIENTED_EDGE('',*,*,#9164,.T.);
#9320 = ORIENTED_EDGE('',*,*,#9321,.T.);
#9321 = EDGE_CURVE('',#9157,#9322,#9324,.T.);
#9322 = VERTEX_POINT('',#9323);
#9323 = CARTESIAN_POINT('',(-29.2486,-106.38,-4.3958));
#9324 = LINE('',#9325,#9326);
#9325 = CARTESIAN_POINT('',(-29.7486,-106.38,-4.3958));
#9326 = VECTOR('',#9327,1.);
#9327 = DIRECTION('',(1.,0.,0.));
#9328 = ORIENTED_EDGE('',*,*,#9329,.F.);
#9329 = EDGE_CURVE('',#9235,#9322,#9330,.T.);
#9330 = LINE('',#9331,#9332);
#9331 = CARTESIAN_POINT('',(-29.2486,111.68,-4.3958));
#9332 = VECTOR('',#9333,1.);
#9333 = DIRECTION('',(0.,-1.,2.2E-16));
#9334 = ORIENTED_EDGE('',*,*,#9234,.F.);
#9335 = PLANE('',#9336);
#9336 = AXIS2_PLACEMENT_3D('',#9337,#9338,#9339);
#9337 = CARTESIAN_POINT('',(-29.7486,111.68,-4.3958));
#9338 = DIRECTION('',(0.,2.2E-16,1.));
#9339 = DIRECTION('',(1.,0.,0.));
#9340 = ADVANCED_FACE('',(#9341),#9352,.T.);
#9341 = FACE_BOUND('',#9342,.T.);
#9342 = EDGE_LOOP('',(#9343,#9344,#9345,#9351));
#9343 = ORIENTED_EDGE('',*,*,#9156,.T.);
#9344 = ORIENTED_EDGE('',*,*,#9321,.T.);
#9345 = ORIENTED_EDGE('',*,*,#9346,.T.);
#9346 = EDGE_CURVE('',#9322,#9188,#9347,.T.);
#9347 = LINE('',#9348,#9349);
#9348 = CARTESIAN_POINT('',(-65.57526666666,-70.05333333333,
    -40.72246666666));
#9349 = VECTOR('',#9350,1.);
#9350 = DIRECTION('',(0.57735026919,-0.57735026919,0.57735026919));
#9351 = ORIENTED_EDGE('',*,*,#9195,.F.);
#9352 = PLANE('',#9353);
#9353 = AXIS2_PLACEMENT_3D('',#9354,#9355,#9356);
#9354 = CARTESIAN_POINT('',(-29.7486,-106.53,-4.2458));
#9355 = DIRECTION('',(0.,-0.707106781187,-0.707106781187));
#9356 = DIRECTION('',(1.,0.,0.));
#9357 = ADVANCED_FACE('',(#9358),#9364,.T.);
#9358 = FACE_BOUND('',#9359,.F.);
#9359 = EDGE_LOOP('',(#9360,#9361,#9362,#9363));
#9360 = ORIENTED_EDGE('',*,*,#9209,.F.);
#9361 = ORIENTED_EDGE('',*,*,#9265,.T.);
#9362 = ORIENTED_EDGE('',*,*,#9303,.T.);
#9363 = ORIENTED_EDGE('',*,*,#9279,.F.);
#9364 = PLANE('',#9365);
#9365 = AXIS2_PLACEMENT_3D('',#9366,#9367,#9368);
#9366 = CARTESIAN_POINT('',(-29.0986,111.68,-2.0542));
#9367 = DIRECTION('',(0.707106781187,1.5E-16,0.707106781187));
#9368 = DIRECTION('',(3.933982822017E-18,1.,-2.16066017178E-16));
#9369 = ADVANCED_FACE('',(#9370),#9376,.T.);
#9370 = FACE_BOUND('',#9371,.F.);
#9371 = EDGE_LOOP('',(#9372,#9373,#9374,#9375));
#9372 = ORIENTED_EDGE('',*,*,#9242,.F.);
#9373 = ORIENTED_EDGE('',*,*,#9329,.T.);
#9374 = ORIENTED_EDGE('',*,*,#9346,.T.);
#9375 = ORIENTED_EDGE('',*,*,#9258,.F.);
#9376 = PLANE('',#9377);
#9377 = AXIS2_PLACEMENT_3D('',#9378,#9379,#9380);
#9378 = CARTESIAN_POINT('',(-29.0986,111.68,-4.2458));
#9379 = DIRECTION('',(0.707106781187,-1.5E-16,-0.707106781187));
#9380 = DIRECTION('',(-3.933982822017E-18,1.,-2.16066017178E-16));
#9381 = ( GEOMETRIC_REPRESENTATION_CONTEXT(3) 
GLOBAL_UNCERTAINTY_ASSIGNED_CONTEXT((#9385)) 
GLOBAL_UNIT_ASSIGNED_CONTEXT((#9382,#9383,#9384)) REPRESENTATION_CONTEXT
('Context #1','3D Context with UNIT and UNCERTAINTY') );
#9382 = ( LENGTH_UNIT() NAMED_UNIT(*) SI_UNIT(.MILLI.,.METRE.) );
#9383 = ( NAMED_UNIT(*) PLANE_ANGLE_UNIT() SI_UNIT($,.RADIAN.) );
#9384 = ( NAMED_UNIT(*) SI_UNIT($,.STERADIAN.) SOLID_ANGLE_UNIT() );
#9385 = UNCERTAINTY_MEASURE_WITH_UNIT(LENGTH_MEASURE(1.E-07),#9382,
  'distance_accuracy_value','confusion accuracy');
#9386 = CONTEXT_DEPENDENT_SHAPE_REPRESENTATION(#9387,#9389);
#9387 = ( REPRESENTATION_RELATIONSHIP('','',#9038,#10) 
REPRESENTATION_RELATIONSHIP_WITH_TRANSFORMATION(#9388) 
SHAPE_REPRESENTATION_RELATIONSHIP() );
#9388 = ITEM_DEFINED_TRANSFORMATION('','',#11,#31);
#9389 = PRODUCT_DEFINITION_SHAPE('Placement','Placement of an item',
  #9390);
#9390 = NEXT_ASSEMBLY_USAGE_OCCURRENCE('5','Body004','',#5,#9033,$);
#9391 = PRODUCT_RELATED_PRODUCT_CATEGORY('part',$,(#9035));
#9392 = MECHANICAL_DESIGN_GEOMETRIC_PRESENTATION_REPRESENTATION('',(
    #9393),#7937);
#9393 = STYLED_ITEM('color',(#9394),#49);
#9394 = PRESENTATION_STYLE_ASSIGNMENT((#9395,#9401));
#9395 = SURFACE_STYLE_USAGE(.BOTH.,#9396);
#9396 = SURFACE_SIDE_STYLE('',(#9397));
#9397 = SURFACE_STYLE_FILL_AREA(#9398);
#9398 = FILL_AREA_STYLE('',(#9399));
#9399 = FILL_AREA_STYLE_COLOUR('',#9400);
#9400 = COLOUR_RGB('',0.800000010877,0.800000010877,0.800000010877);
#9401 = CURVE_STYLE('',#9402,POSITIVE_LENGTH_MEASURE(0.1),#9403);
#9402 = DRAUGHTING_PRE_DEFINED_CURVE_FONT('continuous');
#9403 = COLOUR_RGB('',9.803921802644E-02,9.803921802644E-02,
  9.803921802644E-02);
#9404 = MECHANICAL_DESIGN_GEOMETRIC_PRESENTATION_REPRESENTATION('',(
    #9405),#8659);
#9405 = STYLED_ITEM('color',(#9406),#8317);
#9406 = PRESENTATION_STYLE_ASSIGNMENT((#9407,#9412));
#9407 = SURFACE_STYLE_USAGE(.BOTH.,#9408);
#9408 = SURFACE_SIDE_STYLE('',(#9409));
#9409 = SURFACE_STYLE_FILL_AREA(#9410);
#9410 = FILL_AREA_STYLE('',(#9411));
#9411 = FILL_AREA_STYLE_COLOUR('',#9400);
#9412 = CURVE_STYLE('',#9413,POSITIVE_LENGTH_MEASURE(0.1),#9403);
#9413 = DRAUGHTING_PRE_DEFINED_CURVE_FONT('continuous');
#9414 = MECHANICAL_DESIGN_GEOMETRIC_PRESENTATION_REPRESENTATION('',(
    #9415),#8298);
#9415 = STYLED_ITEM('color',(#9416),#7956);
#9416 = PRESENTATION_STYLE_ASSIGNMENT((#9417,#9422));
#9417 = SURFACE_STYLE_USAGE(.BOTH.,#9418);
#9418 = SURFACE_SIDE_STYLE('',(#9419));
#9419 = SURFACE_STYLE_FILL_AREA(#9420);
#9420 = FILL_AREA_STYLE('',(#9421));
#9421 = FILL_AREA_STYLE_COLOUR('',#9400);
#9422 = CURVE_STYLE('',#9423,POSITIVE_LENGTH_MEASURE(0.1),#9403);
#9423 = DRAUGHTING_PRE_DEFINED_CURVE_FONT('continuous');
#9424 = MECHANICAL_DESIGN_GEOMETRIC_PRESENTATION_REPRESENTATION('',(
    #9425),#9020);
#9425 = STYLED_ITEM('color',(#9426),#8678);
#9426 = PRESENTATION_STYLE_ASSIGNMENT((#9427,#9432));
#9427 = SURFACE_STYLE_USAGE(.BOTH.,#9428);
#9428 = SURFACE_SIDE_STYLE('',(#9429));
#9429 = SURFACE_STYLE_FILL_AREA(#9430);
#9430 = FILL_AREA_STYLE('',(#9431));
#9431 = FILL_AREA_STYLE_COLOUR('',#9400);
#9432 = CURVE_STYLE('',#9433,POSITIVE_LENGTH_MEASURE(0.1),#9403);
#9433 = DRAUGHTING_PRE_DEFINED_CURVE_FONT('continuous');
#9434 = MECHANICAL_DESIGN_GEOMETRIC_PRESENTATION_REPRESENTATION('',(
    #9435),#9381);
#9435 = STYLED_ITEM('color',(#9436),#9039);
#9436 = PRESENTATION_STYLE_ASSIGNMENT((#9437,#9442));
#9437 = SURFACE_STYLE_USAGE(.BOTH.,#9438);
#9438 = SURFACE_SIDE_STYLE('',(#9439));
#9439 = SURFACE_STYLE_FILL_AREA(#9440);
#9440 = FILL_AREA_STYLE('',(#9441));
#9441 = FILL_AREA_STYLE_COLOUR('',#9400);
#9442 = CURVE_STYLE('',#9443,POSITIVE_LENGTH_MEASURE(0.1),#9403);
#9443 = DRAUGHTING_PRE_DEFINED_CURVE_FONT('continuous');
ENDSEC;
END-ISO-10303-21;
